solid OBJECT
  facet normal 0.6546536769373652 -0.37796448710578884 -0.65465365633993522
    outer loop
      vertex 5.25 -3.8971142768859863 -2.5
      vertex 6.125 -4.546633243560791 -1.25
      vertex 5.25 -6.0621776580810547 -1.25
    endloop
  endfacet
  facet normal 0.65465363770416307 -0.37796450409426374 -0.65465368576483507
    outer loop
      vertex 5.25 -3.8971142768859863 -2.5
      vertex 5.25 -6.0621776580810547 -1.25
      vertex 4.5 -5.1961522102355957 -2.5
    endloop
  endfacet
  facet normal 0.6546536636961604 -0.3779644794609755 -0.65465367399487517
    outer loop
      vertex 6 -2.5980761051177979 -2.5
      vertex 7 -3.0310888290405273 -1.25
      vertex 6.125 -4.546633243560791 -1.25
    endloop
  endfacet
  facet normal 0.65465369091419146 -0.37796446544548506 -0.65465365486869109
    outer loop
      vertex 6 -2.5980761051177979 -2.5
      vertex 6.125 -4.546633243560791 -1.25
      vertex 5.25 -3.8971142768859863 -2.5
    endloop
  endfacet
  facet normal 0.65465366590302776 -0.37796448073511102 -0.65465367105238514
    outer loop
      vertex 6.75 -1.2990380525588989 -2.5
      vertex 7.875 -1.5155444145202637 -1.25
      vertex 7 -3.0310888290405273 -1.25
    endloop
  endfacet
  facet normal 0.65465366173450035 -0.37796448328338217 -0.65465367374966765
    outer loop
      vertex 6.75 -1.2990380525588989 -2.5
      vertex 7 -3.0310888290405273 -1.25
      vertex 6 -2.5980761051177979 -2.5
    endloop
  endfacet
  facet normal 0.65465365830159372 -0.37796451598619746 -0.65465365830159372
    outer loop
      vertex 4.375 -3.2475953102111816 -3.75
      vertex 5.25 -3.8971142768859863 -2.5
      vertex 4.5 -5.1961522102355957 -2.5
    endloop
  endfacet
  facet normal 0.65465375991557262 -0.37796446366169273 -0.6546535868971719
    outer loop
      vertex 4.375 -3.2475953102111816 -3.75
      vertex 4.5 -5.1961522102355957 -2.5
      vertex 3.75 -4.3301272392272949 -3.75
    endloop
  endfacet
  facet normal 0.65465370636226305 -0.37796447436443292 -0.65465363427126078
    outer loop
      vertex 5 -2.1650636196136475 -3.75
      vertex 6 -2.5980761051177979 -2.5
      vertex 5.25 -3.8971142768859863 -2.5
    endloop
  endfacet
  facet normal 0.65465367134663399 -0.37796449576991098 -0.6546536569284328
    outer loop
      vertex 5 -2.1650636196136475 -3.75
      vertex 5.25 -3.8971142768859863 -2.5
      vertex 4.375 -3.2475953102111816 -3.75
    endloop
  endfacet
  facet normal 0.65465367975725131 -0.37796449368882273 -0.65465364971933215
    outer loop
      vertex 5.625 -1.0825318098068237 -3.75
      vertex 6.75 -1.2990380525588989 -2.5
      vertex 6 -2.5980761051177979 -2.5
    endloop
  endfacet
  facet normal 0.65465370636226317 -0.37796447436443303 -0.65465363427126089
    outer loop
      vertex 5.625 -1.0825318098068237 -3.75
      vertex 6 -2.5980761051177979 -2.5
      vertex 5 -2.1650636196136475 -3.75
    endloop
  endfacet
  facet normal 0.65465360512459314 -0.37796440476233145 -0.65465377569370964
    outer loop
      vertex 4.375 -7.5777220726013184 -1.25
      vertex 5.8333334922790527 -7.2168784141540527 0
      vertex 5 -8.6602544784545898 0
    endloop
  endfacet
  facet normal 0.65465368517331213 -0.37796435957073188 -0.65465372173637626
    outer loop
      vertex 6.6666665077209473 -5.7735028266906738 0
      vertex 5.8333334922790527 -7.2168784141540527 0
      vertex 5.25 -6.0621776580810547 -1.25
    endloop
  endfacet
  facet normal 0.65465366553331972 -0.37796448052165993 -0.65465367154532961
    outer loop
      vertex 6.6666665077209473 -5.7735028266906738 0
      vertex 5.25 -6.0621776580810547 -1.25
      vertex 6.125 -4.546633243560791 -1.25
    endloop
  endfacet
  facet normal 0.65465360006671514 -0.37796444272449714 -0.65465375883412591
    outer loop
      vertex 5.8333334922790527 -7.2168784141540527 0
      vertex 4.375 -7.5777220726013184 -1.25
      vertex 5.25 -6.0621776580810547 -1.25
    endloop
  endfacet
  facet normal 0.65465360942626738 -0.37796453211116809 -0.65465369786715943
    outer loop
      vertex 7.5 -4.3301272392272949 0
      vertex 6.6666665077209473 -5.7735028266906738 0
      vertex 6.125 -4.546633243560791 -1.25
    endloop
  endfacet
  facet normal 0.65465375888040866 -0.37796433969290932 -0.65465365950573817
    outer loop
      vertex 7 -3.0310888290405273 -1.25
      vertex 8.3333330154418945 -2.8867514133453369 0
      vertex 7.5 -4.3301272392272949 0
    endloop
  endfacet
  facet normal 0.65465366707921901 -0.37796475045379707 -0.65465351415396045
    outer loop
      vertex 9.1666669845581055 -1.4433757066726685 0
      vertex 8.3333330154418945 -2.8867514133453369 0
      vertex 7 -3.0310888290405273 -1.25
    endloop
  endfacet
  facet normal 0.6546535871952196 -0.3779644352931355 -0.65465377599611552
    outer loop
      vertex 9.1666669845581055 -1.4433757066726685 0
      vertex 7 -3.0310888290405273 -1.25
      vertex 7.875 -1.5155444145202637 -1.25
    endloop
  endfacet
  facet normal 0.6546535871952196 -0.3779644352931355 -0.65465377599611552
    outer loop
      vertex 7.875 -1.5155444145202637 -1.25
      vertex 8.75 0 -1.25
      vertex 9.1666669845581055 -1.4433757066726685 0
    endloop
  endfacet
  facet normal 0.65465366430917904 -0.37796448476987365 -0.65465367031676269
    outer loop
      vertex 7.875 -1.5155444145202637 -1.25
      vertex 6.75 -1.2990380525588989 -2.5
      vertex 7.5 0 -2.5
    endloop
  endfacet
  facet normal 0.65465366810989523 -0.37796448200924659 -0.65465366810989523
    outer loop
      vertex 7.875 -1.5155444145202637 -1.25
      vertex 7.5 0 -2.5
      vertex 8.75 0 -1.25
    endloop
  endfacet
  facet normal 0.65465370856722993 -0.37796434186090161 -0.65465370856722993
    outer loop
      vertex 8.75 0 -1.25
      vertex 10 0 0
      vertex 9.1666669845581055 -1.4433757066726685 0
    endloop
  endfacet
  facet normal 0.65465362397254734 -0.37796445652653621 -0.65465372695968871
    outer loop
      vertex 7 -3.0310888290405273 -1.25
      vertex 7.5 -4.3301272392272949 0
      vertex 6.125 -4.546633243560791 -1.25
    endloop
  endfacet
  facet normal 0.65465365928242547 -0.37796447691270441 -0.6546536798798549
    outer loop
      vertex 4.5 -5.1961522102355957 -2.5
      vertex 5.25 -6.0621776580810547 -1.25
      vertex 4.375 -7.5777220726013184 -1.25
    endloop
  endfacet
  facet normal 0.65465376472163295 -0.37796443868863983 -0.65465359650930999
    outer loop
      vertex 4.5 -5.1961522102355957 -2.5
      vertex 4.375 -7.5777220726013184 -1.25
      vertex 3.75 -6.4951906204223633 -2.5
    endloop
  endfacet
  facet normal 0.65465370292935099 -0.37796440301285761 -0.65465367889902137
    outer loop
      vertex 4.5 -5.1961522102355957 -2.5
      vertex 3.75 -6.4951906204223633 -2.5
      vertex 3.125 -5.41265869140625 -3.75
    endloop
  endfacet
  facet normal 0.65465366928688629 -0.3779645778242619 -0.65465361161406865
    outer loop
      vertex 4.5 -5.1961522102355957 -2.5
      vertex 3.125 -5.41265869140625 -3.75
      vertex 3.75 -4.3301272392272949 -3.75
    endloop
  endfacet
  facet normal 0.65465368953442282 -0.37796440779250001 -0.65465368953442282
    outer loop
      vertex 2.5 -4.3301272392272949 -5
      vertex 3.3333332538604736 -2.8867514133453369 -5
      vertex 3.75 -4.3301272392272949 -3.75
    endloop
  endfacet
  facet normal 0.654653644569967 -0.37796456355393793 -0.654653644569967
    outer loop
      vertex 2.5 -4.3301272392272949 -5
      vertex 3.75 -4.3301272392272949 -3.75
      vertex 3.125 -5.41265869140625 -3.75
    endloop
  endfacet
  facet normal 0.6546536473295077 -0.37796441464179725 -0.65465372778489239
    outer loop
      vertex 3.3333332538604736 -2.8867514133453369 -5
      vertex 4.1666665077209473 -1.4433757066726685 -5
      vertex 5 -2.1650636196136475 -3.75
    endloop
  endfacet
  facet normal 0.65465364732950893 -0.37796448190361648 -0.65465368895126685
    outer loop
      vertex 3.3333332538604736 -2.8867514133453369 -5
      vertex 5 -2.1650636196136475 -3.75
      vertex 4.375 -3.2475953102111816 -3.75
    endloop
  endfacet
  facet normal 0.65465367822564702 -0.37796441649799978 -0.65465369581707655
    outer loop
      vertex 3.75 -4.3301272392272949 -3.75
      vertex 3.3333332538604736 -2.8867514133453369 -5
      vertex 4.375 -3.2475953102111816 -3.75
    endloop
  endfacet
  facet normal 0.65465367975725142 -0.37796449368882273 -0.65465364971933226
    outer loop
      vertex 7.5 0 -2.5
      vertex 6.75 -1.2990380525588989 -2.5
      vertex 5.625 -1.0825318098068237 -3.75
    endloop
  endfacet
  facet normal 0.65465367546611974 -0.37796445652653721 -0.65465367546611974
    outer loop
      vertex 7.5 0 -2.5
      vertex 5.625 -1.0825318098068237 -3.75
      vertex 6.25 0 -3.75
    endloop
  endfacet
  facet normal 0.65465365505354423 -0.3779645272377693 -0.65465365505354423
    outer loop
      vertex 4.1666665077209473 -1.4433757066726685 -5
      vertex 5 0 -5
      vertex 6.25 0 -3.75
    endloop
  endfacet
  facet normal 0.65465363464096893 -0.37796443295612653 -0.65465372989964898
    outer loop
      vertex 4.1666665077209473 -1.4433757066726685 -5
      vertex 6.25 0 -3.75
      vertex 5.625 -1.0825318098068237 -3.75
    endloop
  endfacet
  facet normal 0.65465363464096893 -0.37796443295612653 -0.65465372989964898
    outer loop
      vertex 5 -2.1650636196136475 -3.75
      vertex 4.1666665077209473 -1.4433757066726685 -5
      vertex 5.625 -1.0825318098068237 -3.75
    endloop
  endfacet
  facet normal 0.65465368576483507 0.37796449220233114 -0.65465364456997466
    outer loop
      vertex 5.625 3.2475953102111816 -2.5
      vertex 6.5625 3.7888610363006592 -1.25
      vertex 7.65625 1.8944305181503296 -1.25
    endloop
  endfacet
  facet normal 0.65465368233192978 0.37796447436443342 -0.65465365830159561
    outer loop
      vertex 5.625 3.2475953102111816 -2.5
      vertex 7.65625 1.8944305181503296 -1.25
      vertex 6.5625 1.6237976551055908 -2.5
    endloop
  endfacet
  facet normal 0.65465365486869109 0.37796440301285722 -0.65465372695967983
    outer loop
      vertex 4.6875 4.8713927268981934 -2.5
      vertex 5.46875 5.6832919120788574 -1.25
      vertex 6.5625 3.7888610363006592 -1.25
    endloop
  endfacet
  facet normal 0.65465366860030905 0.37796452193216429 -0.65465364456997188
    outer loop
      vertex 4.6875 4.8713927268981934 -2.5
      vertex 6.5625 3.7888610363006592 -1.25
      vertex 5.625 3.2475953102111816 -2.5
    endloop
  endfacet
  facet normal 0.65465366173450079 0.37796446247250243 -0.65465368576483418
    outer loop
      vertex 4.6875 2.706329345703125 -3.75
      vertex 5.625 3.2475953102111816 -2.5
      vertex 6.5625 1.6237976551055908 -2.5
    endloop
  endfacet
  facet normal 0.65465366310766249 0.37796447436443337 -0.65465367752586301
    outer loop
      vertex 4.6875 2.706329345703125 -3.75
      vertex 6.5625 1.6237976551055908 -2.5
      vertex 5.46875 1.3531646728515625 -3.75
    endloop
  endfacet
  facet normal 0.65465365830159372 0.3779645159861974 -0.65465365830159372
    outer loop
      vertex 3.90625 4.0594940185546875 -3.75
      vertex 4.6875 4.8713927268981934 -2.5
      vertex 5.625 3.2475953102111816 -2.5
    endloop
  endfacet
  facet normal 0.6546536569284338 0.37796447079685397 -0.6546536857648344
    outer loop
      vertex 3.90625 4.0594940185546875 -3.75
      vertex 5.625 3.2475953102111816 -2.5
      vertex 4.6875 2.706329345703125 -3.75
    endloop
  endfacet
  facet normal 0.65465366902942346 0.37796447882390777 -0.65465366902942346
    outer loop
      vertex 8.75 0 -1.25
      vertex 9 1.7320507764816284 0
      vertex 10 0 0
    endloop
  endfacet
  facet normal 0.65465366661566216 0.37796447743032202 -0.65465367224777182
    outer loop
      vertex 8 3.4641015529632568 0
      vertex 9 1.7320507764816284 0
      vertex 7.65625 1.8944305181503296 -1.25
    endloop
  endfacet
  facet normal 0.65465366369616051 0.37796447946097556 -0.65465367399487528
    outer loop
      vertex 8 3.4641015529632568 0
      vertex 7.65625 1.8944305181503296 -1.25
      vertex 6.5625 3.7888610363006592 -1.25
    endloop
  endfacet
  facet normal 0.65465367203321523 0.37796446841846792 -0.65465367203321523
    outer loop
      vertex 8.75 0 -1.25
      vertex 7.5 0 -2.5
      vertex 6.5625 1.6237976551055908 -2.5
    endloop
  endfacet
  facet normal 0.65465367693736509 0.37796448710578884 -0.65465365633993511
    outer loop
      vertex 8.75 0 -1.25
      vertex 6.5625 1.6237976551055908 -2.5
      vertex 7.65625 1.8944305181503296 -1.25
    endloop
  endfacet
  facet normal 0.65465366590302776 0.37796448073511102 -0.65465367105238514
    outer loop
      vertex 9 1.7320507764816284 0
      vertex 8.75 0 -1.25
      vertex 7.65625 1.8944305181503296 -1.25
    endloop
  endfacet
  facet normal 0.65465372567235325 0.37796448551311812 -0.65465360852447096
    outer loop
      vertex 5.46875 5.6832919120788574 -1.25
      vertex 6 6.9282031059265137 0
      vertex 7 5.1961522102355957 0
    endloop
  endfacet
  facet normal 0.65465366259272206 0.37796434503971976 -0.6546537527064441
    outer loop
      vertex 4.375 7.5777220726013184 -1.25
      vertex 5 8.6602544784545898 0
      vertex 6 6.9282031059265137 0
    endloop
  endfacet
  facet normal 0.6546536548686912 0.37796440301285722 -0.65465372695967994
    outer loop
      vertex 5.46875 5.6832919120788574 -1.25
      vertex 4.6875 4.8713927268981934 -2.5
      vertex 3.75 6.4951906204223633 -2.5
    endloop
  endfacet
  facet normal 0.65465365928242114 0.37796454826430576 -0.65465363868498794
    outer loop
      vertex 5.46875 5.6832919120788574 -1.25
      vertex 3.75 6.4951906204223633 -2.5
      vertex 4.375 7.5777220726013184 -1.25
    endloop
  endfacet
  facet normal 0.65465365751692706 0.37796454724499701 -0.65465364103898049
    outer loop
      vertex 6 6.9282031059265137 0
      vertex 5.46875 5.6832919120788574 -1.25
      vertex 4.375 7.5777220726013184 -1.25
    endloop
  endfacet
  facet normal 0.65465372901942986 0.37796444582379923 -0.6546536280920342
    outer loop
      vertex 7 5.1961522102355957 0
      vertex 6.5625 3.7888610363006592 -1.25
      vertex 5.46875 5.6832919120788574 -1.25
    endloop
  endfacet
  facet normal 0.65465366066171693 0.37796450000641202 -0.65465366516740486
    outer loop
      vertex 6.5625 3.7888610363006592 -1.25
      vertex 7 5.1961522102355957 0
      vertex 8 3.4641015529632568 0
    endloop
  endfacet
  facet normal 0.65465366688385795 0.37796446544548512 -0.6546536788990247
    outer loop
      vertex 5.46875 1.3531646728515625 -3.75
      vertex 6.5625 1.6237976551055908 -2.5
      vertex 7.5 0 -2.5
    endloop
  endfacet
  facet normal 0.65465366928689139 0.37796447793201293 -0.65465366928689139
    outer loop
      vertex 5.46875 1.3531646728515625 -3.75
      vertex 7.5 0 -2.5
      vertex 6.25 0 -3.75
    endloop
  endfacet
  facet normal 0.65465366928689139 0.37796447793201293 -0.65465366928689139
    outer loop
      vertex 5.46875 1.3531646728515625 -3.75
      vertex 6.25 0 -3.75
      vertex 5 0 -5
    endloop
  endfacet
  facet normal 0.65465362836602226 0.37796451182971874 -0.65465369063690793
    outer loop
      vertex 5.46875 1.3531646728515625 -3.75
      vertex 5 0 -5
      vertex 4.1666665077209473 1.4433757066726685 -5
    endloop
  endfacet
  facet normal 0.65465364082019839 0.37796446149675983 -0.65465370724248018
    outer loop
      vertex 4.6875 2.706329345703125 -3.75
      vertex 5.46875 1.3531646728515625 -3.75
      vertex 4.1666665077209473 1.4433757066726685 -5
    endloop
  endfacet
  facet normal 0.65465367525981621 0.37796443076736652 -0.65465369054448608
    outer loop
      vertex 3.3333332538604736 2.8867514133453369 -5
      vertex 4.6875 2.706329345703125 -3.75
      vertex 4.1666665077209473 1.4433757066726685 -5
    endloop
  endfacet
  facet normal 0.65465371666097294 0.37796443868864199 -0.65465364456997732
    outer loop
      vertex 3.75 6.4951906204223633 -2.5
      vertex 4.6875 4.8713927268981934 -2.5
      vertex 3.90625 4.0594940185546875 -3.75
    endloop
  endfacet
  facet normal 0.65465364456997643 0.37796446366169523 -0.65465370224277664
    outer loop
      vertex 3.75 6.4951906204223633 -2.5
      vertex 3.90625 4.0594940185546875 -3.75
      vertex 3.125 5.41265869140625 -3.75
    endloop
  endfacet
  facet normal 0.65465366586719509 0.37796447595765031 -0.65465367384648632
    outer loop
      vertex 3.125 5.41265869140625 -3.75
      vertex 3.90625 4.0594940185546875 -3.75
      vertex 3.3333332538604736 2.8867514133453369 -5
    endloop
  endfacet
  facet normal 0.65465375698109429 0.37796444673284607 -0.65465359960552572
    outer loop
      vertex 3.125 5.41265869140625 -3.75
      vertex 3.3333332538604736 2.8867514133453369 -5
      vertex 2.5 4.3301272392272949 -5
    endloop
  endfacet
  facet normal 0.65465366586719509 0.37796447595765031 -0.65465367384648632
    outer loop
      vertex 3.90625 4.0594940185546875 -3.75
      vertex 4.6875 2.706329345703125 -3.75
      vertex 3.3333332538604736 2.8867514133453369 -5
    endloop
  endfacet
  facet normal 0 0.7559290365631488 -0.65465356615595516
    outer loop
      vertex -8.3266726846886741e-17 6.4951906204223633 -2.5
      vertex 1.4224732503009818e-16 7.5777220726013184 -1.25
      vertex 2.1875 7.5777220726013184 -1.25
    endloop
  endfacet
  facet normal 0 0.7559290365631488 -0.65465356615595516
    outer loop
      vertex -8.3266726846886741e-17 6.4951906204223633 -2.5
      vertex 2.1875 7.5777220726013184 -1.25
      vertex 1.875 6.4951906204223633 -2.5
    endloop
  endfacet
  facet normal 0 0.7559290365631488 -0.65465356615595516
    outer loop
      vertex -1.875 6.4951906204223633 -2.5
      vertex -2.1875 7.5777220726013184 -1.25
      vertex 1.4224732503009818e-16 7.5777220726013184 -1.25
    endloop
  endfacet
  facet normal 0 0.75592903656314892 -0.65465356615595527
    outer loop
      vertex -1.875 6.4951906204223633 -2.5
      vertex 1.4224732503009818e-16 7.5777220726013184 -1.25
      vertex -8.3266726846886741e-17 6.4951906204223633 -2.5
    endloop
  endfacet
  facet normal -0 0.75592889385997108 -0.65465373093540102
    outer loop
      vertex 1.1102230246251565e-16 5.41265869140625 -3.75
      vertex -8.3266726846886741e-17 6.4951906204223633 -2.5
      vertex 1.875 6.4951906204223633 -2.5
    endloop
  endfacet
  facet normal 0 0.75592889385997108 -0.65465373093540102
    outer loop
      vertex 1.1102230246251565e-16 5.41265869140625 -3.75
      vertex 1.875 6.4951906204223633 -2.5
      vertex 1.5625 5.41265869140625 -3.75
    endloop
  endfacet
  facet normal -0 0.75592889385997108 -0.65465373093540102
    outer loop
      vertex -1.5625 5.41265869140625 -3.75
      vertex -1.875 6.4951906204223633 -2.5
      vertex -8.3266726846886741e-17 6.4951906204223633 -2.5
    endloop
  endfacet
  facet normal 0 0.75592889385997108 -0.65465373093540102
    outer loop
      vertex -1.5625 5.41265869140625 -3.75
      vertex -8.3266726846886741e-17 6.4951906204223633 -2.5
      vertex 1.1102230246251565e-16 5.41265869140625 -3.75
    endloop
  endfacet
  facet normal -0 0.75592875115681135 -0.65465389571475363
    outer loop
      vertex 4.375 7.5777220726013184 -1.25
      vertex 3 8.6602544784545898 0
      vertex 5 8.6602544784545898 0
    endloop
  endfacet
  facet normal -0 0.75592875115681135 -0.65465389571475363
    outer loop
      vertex 1 8.6602544784545898 0
      vertex 3 8.6602544784545898 0
      vertex 2.1875 7.5777220726013184 -1.25
    endloop
  endfacet
  facet normal 0 0.75592875115681135 -0.65465389571475352
    outer loop
      vertex 1 8.6602544784545898 0
      vertex 2.1875 7.5777220726013184 -1.25
      vertex 1.4224732503009818e-16 7.5777220726013184 -1.25
    endloop
  endfacet
  facet normal 0 0.7559290365631488 -0.65465356615595516
    outer loop
      vertex 1.875 6.4951906204223633 -2.5
      vertex 2.1875 7.5777220726013184 -1.25
      vertex 4.375 7.5777220726013184 -1.25
    endloop
  endfacet
  facet normal 0 0.75592903656314892 -0.65465356615595527
    outer loop
      vertex 1.875 6.4951906204223633 -2.5
      vertex 4.375 7.5777220726013184 -1.25
      vertex 3.75 6.4951906204223633 -2.5
    endloop
  endfacet
  facet normal 0 0.75592875115681135 -0.65465389571475352
    outer loop
      vertex 3 8.6602544784545898 0
      vertex 4.375 7.5777220726013184 -1.25
      vertex 2.1875 7.5777220726013184 -1.25
    endloop
  endfacet
  facet normal 0 0.75592875115681135 -0.65465389571475363
    outer loop
      vertex -3 8.6602544784545898 0
      vertex -1 8.6602544784545898 0
      vertex 1.4224732503009818e-16 7.5777220726013184 -1.25
    endloop
  endfacet
  facet normal 0 0.75592875115681135 -0.65465389571475352
    outer loop
      vertex -3 8.6602544784545898 0
      vertex 1.4224732503009818e-16 7.5777220726013184 -1.25
      vertex -2.1875 7.5777220726013184 -1.25
    endloop
  endfacet
  facet normal 0 0.75592875115681135 -0.65465389571475363
    outer loop
      vertex -5 8.6602544784545898 0
      vertex -3 8.6602544784545898 0
      vertex -2.1875 7.5777220726013184 -1.25
    endloop
  endfacet
  facet normal 0 0.75592875115681135 -0.65465389571475352
    outer loop
      vertex -5 8.6602544784545898 0
      vertex -2.1875 7.5777220726013184 -1.25
      vertex -4.375 7.5777220726013184 -1.25
    endloop
  endfacet
  facet normal 0 0.7559290365631488 -0.65465356615595516
    outer loop
      vertex -4.375 7.5777220726013184 -1.25
      vertex -2.1875 7.5777220726013184 -1.25
      vertex -1.875 6.4951906204223633 -2.5
    endloop
  endfacet
  facet normal 0 0.75592903656314892 -0.65465356615595527
    outer loop
      vertex -4.375 7.5777220726013184 -1.25
      vertex -1.875 6.4951906204223633 -2.5
      vertex -3.75 6.4951906204223633 -2.5
    endloop
  endfacet
  facet normal -0 0.75592875115681135 -0.65465389571475363
    outer loop
      vertex 1.4224732503009818e-16 7.5777220726013184 -1.25
      vertex -1 8.6602544784545898 0
      vertex 1 8.6602544784545898 0
    endloop
  endfacet
  facet normal 0 0.75592889385997108 -0.65465373093540102
    outer loop
      vertex 3.125 5.41265869140625 -3.75
      vertex 1.5625 5.41265869140625 -3.75
      vertex 1.875 6.4951906204223633 -2.5
    endloop
  endfacet
  facet normal -0 0.75592889385997108 -0.65465373093540102
    outer loop
      vertex 3.125 5.41265869140625 -3.75
      vertex 1.875 6.4951906204223633 -2.5
      vertex 3.75 6.4951906204223633 -2.5
    endloop
  endfacet
  facet normal -0 0.75592903656314892 -0.65465356615595516
    outer loop
      vertex 1.5625 5.41265869140625 -3.75
      vertex 3.125 5.41265869140625 -3.75
      vertex 2.5 4.3301272392272949 -5
    endloop
  endfacet
  facet normal 0 0.75592903656314892 -0.65465356615595516
    outer loop
      vertex 1.5625 5.41265869140625 -3.75
      vertex 2.5 4.3301272392272949 -5
      vertex 0.83333331346511841 4.3301272392272949 -5
    endloop
  endfacet
  facet normal 0 0.7559290365631488 -0.65465356615595516
    outer loop
      vertex 1.1102230246251565e-16 5.41265869140625 -3.75
      vertex 1.5625 5.41265869140625 -3.75
      vertex 0.83333331346511841 4.3301272392272949 -5
    endloop
  endfacet
  facet normal 0 0.75592903656314892 -0.65465356615595516
    outer loop
      vertex -0.83333331346511841 4.3301272392272949 -5
      vertex 1.1102230246251565e-16 5.41265869140625 -3.75
      vertex 0.83333331346511841 4.3301272392272949 -5
    endloop
  endfacet
  facet normal 0 0.75592889385997108 -0.65465373093540102
    outer loop
      vertex -1.875 6.4951906204223633 -2.5
      vertex -1.5625 5.41265869140625 -3.75
      vertex -3.125 5.41265869140625 -3.75
    endloop
  endfacet
  facet normal -0 0.75592889385997108 -0.65465373093540102
    outer loop
      vertex -1.875 6.4951906204223633 -2.5
      vertex -3.125 5.41265869140625 -3.75
      vertex -3.75 6.4951906204223633 -2.5
    endloop
  endfacet
  facet normal -0 0.75592903656314892 -0.65465356615595516
    outer loop
      vertex -3.125 5.41265869140625 -3.75
      vertex -1.5625 5.41265869140625 -3.75
      vertex -2.5 4.3301272392272949 -5
    endloop
  endfacet
  facet normal 0 0.75592903656314892 -0.65465356615595516
    outer loop
      vertex -0.83333331346511841 4.3301272392272949 -5
      vertex -2.5 4.3301272392272949 -5
      vertex -1.5625 5.41265869140625 -3.75
    endloop
  endfacet
  facet normal -0 0.75592903656314892 -0.65465356615595516
    outer loop
      vertex -1.5625 5.41265869140625 -3.75
      vertex 1.1102230246251565e-16 5.41265869140625 -3.75
      vertex -0.83333331346511841 4.3301272392272949 -5
    endloop
  endfacet
  facet normal -0.65465371666097294 0.37796443868864199 -0.65465364456997732
    outer loop
      vertex -5.625 3.2475953102111816 -2.5
      vertex -6.5625 3.7888610363006592 -1.25
      vertex -5.46875 5.6832919120788574 -1.25
    endloop
  endfacet
  facet normal -0.65465359650930355 0.37796448031039731 -0.65465374069131044
    outer loop
      vertex -5.625 3.2475953102111816 -2.5
      vertex -5.46875 5.6832919120788574 -1.25
      vertex -4.6875 4.8713927268981934 -2.5
    endloop
  endfacet
  facet normal -0.65465367693736509 0.37796448710578884 -0.65465365633993511
    outer loop
      vertex -6.5625 1.6237976551055908 -2.5
      vertex -7.65625 1.8944305181503296 -1.25
      vertex -6.5625 3.7888610363006592 -1.25
    endloop
  endfacet
  facet normal -0.65465369263064455 0.37796448031039903 -0.65465364456997555
    outer loop
      vertex -6.5625 1.6237976551055908 -2.5
      vertex -6.5625 3.7888610363006592 -1.25
      vertex -5.625 3.2475953102111816 -2.5
    endloop
  endfacet
  facet normal -0.65465363770416296 0.37796450409426374 -0.65465368576483507
    outer loop
      vertex -4.6875 2.706329345703125 -3.75
      vertex -5.625 3.2475953102111816 -2.5
      vertex -4.6875 4.8713927268981934 -2.5
    endloop
  endfacet
  facet normal -0.65465368164534909 0.3779644850671719 -0.65465365280894738
    outer loop
      vertex -4.6875 2.706329345703125 -3.75
      vertex -4.6875 4.8713927268981934 -2.5
      vertex -3.90625 4.0594940185546875 -3.75
    endloop
  endfacet
  facet normal -0.65465366688385795 0.37796446544548512 -0.6546536788990247
    outer loop
      vertex -5.46875 1.3531646728515625 -3.75
      vertex -6.5625 1.6237976551055908 -2.5
      vertex -5.625 3.2475953102111816 -2.5
    endloop
  endfacet
  facet normal -0.65465365692843369 0.37796447079685397 -0.6546536857648344
    outer loop
      vertex -5.46875 1.3531646728515625 -3.75
      vertex -5.625 3.2475953102111816 -2.5
      vertex -4.6875 2.706329345703125 -3.75
    endloop
  endfacet
  facet normal -0.65465366259272206 0.37796434503971976 -0.6546537527064441
    outer loop
      vertex -6 6.9282031059265137 0
      vertex -5 8.6602544784545898 0
      vertex -4.375 7.5777220726013184 -1.25
    endloop
  endfacet
  facet normal -0.65465365751692706 0.37796454724499701 -0.65465364103898049
    outer loop
      vertex -6 6.9282031059265137 0
      vertex -4.375 7.5777220726013184 -1.25
      vertex -5.46875 5.6832919120788574 -1.25
    endloop
  endfacet
  facet normal -0.65465372567235325 0.37796448551311812 -0.65465360852447096
    outer loop
      vertex -7 5.1961522102355957 0
      vertex -6 6.9282031059265137 0
      vertex -5.46875 5.6832919120788574 -1.25
    endloop
  endfacet
  facet normal -0.65465372901942986 0.37796444582379923 -0.6546536280920342
    outer loop
      vertex -7 5.1961522102355957 0
      vertex -5.46875 5.6832919120788574 -1.25
      vertex -6.5625 3.7888610363006592 -1.25
    endloop
  endfacet
  facet normal -0.65465365928242114 0.37796454826430576 -0.65465363868498794
    outer loop
      vertex -5.46875 5.6832919120788574 -1.25
      vertex -4.375 7.5777220726013184 -1.25
      vertex -3.75 6.4951906204223633 -2.5
    endloop
  endfacet
  facet normal -0.6546536548686912 0.37796440301285722 -0.65465372695967994
    outer loop
      vertex -5.46875 5.6832919120788574 -1.25
      vertex -3.75 6.4951906204223633 -2.5
      vertex -4.6875 4.8713927268981934 -2.5
    endloop
  endfacet
  facet normal -0.65465366420190085 0.37796447603673627 -0.65465367546612008
    outer loop
      vertex -9 1.7320507764816284 0
      vertex -8 3.4641015529632568 0
      vertex -6.5625 3.7888610363006592 -1.25
    endloop
  endfacet
  facet normal -0.65465366590302776 0.37796448073511102 -0.65465367105238514
    outer loop
      vertex -9 1.7320507764816284 0
      vertex -6.5625 3.7888610363006592 -1.25
      vertex -7.65625 1.8944305181503296 -1.25
    endloop
  endfacet
  facet normal -0.65465366661566216 0.37796447743032224 -0.65465367224777171
    outer loop
      vertex -10 1.2246467996456087e-15 0
      vertex -9 1.7320507764816284 0
      vertex -7.65625 1.8944305181503296 -1.25
    endloop
  endfacet
  facet normal -0.65465366810989523 0.37796448200924682 -0.65465366810989523
    outer loop
      vertex -10 1.2246467996456087e-15 0
      vertex -7.65625 1.8944305181503296 -1.25
      vertex -8.75 1.071565923220128e-15 -1.25
    endloop
  endfacet
  facet normal -0.65465367693736498 0.377964487105789 -0.654653656339935
    outer loop
      vertex -8.75 1.071565923220128e-15 -1.25
      vertex -7.65625 1.8944305181503296 -1.25
      vertex -6.5625 1.6237976551055908 -2.5
    endloop
  endfacet
  facet normal -0.65465367203321512 0.37796446841846804 -0.65465367203321512
    outer loop
      vertex -8.75 1.071565923220128e-15 -1.25
      vertex -6.5625 1.6237976551055908 -2.5
      vertex -7.5 9.1848504679464728e-16 -2.5
    endloop
  endfacet
  facet normal -0.65465366066171693 0.37796450000641202 -0.65465366516740486
    outer loop
      vertex -6.5625 3.7888610363006592 -1.25
      vertex -8 3.4641015529632568 0
      vertex -7 5.1961522102355957 0
    endloop
  endfacet
  facet normal -0.65465368164534909 0.3779644850671719 -0.65465365280894738
    outer loop
      vertex -3.125 5.41265869140625 -3.75
      vertex -3.90625 4.0594940185546875 -3.75
      vertex -4.6875 4.8713927268981934 -2.5
    endloop
  endfacet
  facet normal -0.65465368576483163 0.37796442085074938 -0.65465368576483163
    outer loop
      vertex -3.125 5.41265869140625 -3.75
      vertex -4.6875 4.8713927268981934 -2.5
      vertex -3.75 6.4951906204223633 -2.5
    endloop
  endfacet
  facet normal -0.65465370636226483 0.3779644993374901 -0.65465361985305626
    outer loop
      vertex -3.90625 4.0594940185546875 -3.75
      vertex -3.125 5.41265869140625 -3.75
      vertex -2.5 4.3301272392272949 -5
    endloop
  endfacet
  facet normal -0.65465371901696612 0.37796442481425091 -0.65465365022436661
    outer loop
      vertex -3.90625 4.0594940185546875 -3.75
      vertex -2.5 4.3301272392272949 -5
      vertex -3.3333332538604736 2.8867514133453369 -5
    endloop
  endfacet
  facet normal -0.65465366586719509 0.37796447595765031 -0.65465367384648632
    outer loop
      vertex -4.6875 2.706329345703125 -3.75
      vertex -3.90625 4.0594940185546875 -3.75
      vertex -3.3333332538604736 2.8867514133453369 -5
    endloop
  endfacet
  facet normal -0.65465367525981621 0.37796443076736652 -0.65465369054448608
    outer loop
      vertex -4.1666665077209473 1.4433757066726685 -5
      vertex -4.6875 2.706329345703125 -3.75
      vertex -3.3333332538604736 2.8867514133453369 -5
    endloop
  endfacet
  facet normal -0.65465366688385795 0.37796446544548529 -0.65465367889902482
    outer loop
      vertex -7.5 9.1848504679464728e-16 -2.5
      vertex -6.5625 1.6237976551055908 -2.5
      vertex -5.46875 1.3531646728515625 -3.75
    endloop
  endfacet
  facet normal -0.65465366928689128 0.3779644779320131 -0.65465366928689128
    outer loop
      vertex -7.5 9.1848504679464728e-16 -2.5
      vertex -5.46875 1.3531646728515625 -3.75
      vertex -6.25 7.6540422330872581e-16 -3.75
    endloop
  endfacet
  facet normal -0.65465364082019828 0.37796446149676 -0.65465370724248007
    outer loop
      vertex -6.25 7.6540422330872581e-16 -3.75
      vertex -5.46875 1.3531646728515625 -3.75
      vertex -4.1666665077209473 1.4433757066726685 -5
    endloop
  endfacet
  facet normal -0.65465365505354411 0.37796452723776941 -0.65465365505354411
    outer loop
      vertex -6.25 7.6540422330872581e-16 -3.75
      vertex -4.1666665077209473 1.4433757066726685 -5
      vertex -5 6.1232339982280433e-16 -5
    endloop
  endfacet
  facet normal -0.65465364082019839 0.37796446149675983 -0.65465370724248018
    outer loop
      vertex -5.46875 1.3531646728515625 -3.75
      vertex -4.6875 2.706329345703125 -3.75
      vertex -4.1666665077209473 1.4433757066726685 -5
    endloop
  endfacet
  facet normal -0.65465368576483507 -0.37796449220233114 -0.65465364456997466
    outer loop
      vertex -5.625 -3.2475953102111816 -2.5
      vertex -6.5625 -3.7888610363006592 -1.25
      vertex -7.65625 -1.8944305181503296 -1.25
    endloop
  endfacet
  facet normal -0.65465368233192978 -0.37796447436443342 -0.65465365830159561
    outer loop
      vertex -5.625 -3.2475953102111816 -2.5
      vertex -7.65625 -1.8944305181503296 -1.25
      vertex -6.5625 -1.6237976551055908 -2.5
    endloop
  endfacet
  facet normal -0.65465365486869109 -0.37796440301285722 -0.65465372695967983
    outer loop
      vertex -4.6875 -4.8713927268981934 -2.5
      vertex -5.46875 -5.6832919120788574 -1.25
      vertex -6.5625 -3.7888610363006592 -1.25
    endloop
  endfacet
  facet normal -0.65465366860030905 -0.37796452193216429 -0.65465364456997188
    outer loop
      vertex -4.6875 -4.8713927268981934 -2.5
      vertex -6.5625 -3.7888610363006592 -1.25
      vertex -5.625 -3.2475953102111816 -2.5
    endloop
  endfacet
  facet normal -0.65465366173450079 -0.37796446247250243 -0.65465368576483418
    outer loop
      vertex -4.6875 -2.706329345703125 -3.75
      vertex -5.625 -3.2475953102111816 -2.5
      vertex -6.5625 -1.6237976551055908 -2.5
    endloop
  endfacet
  facet normal -0.65465366310766249 -0.37796447436443337 -0.65465367752586301
    outer loop
      vertex -4.6875 -2.706329345703125 -3.75
      vertex -6.5625 -1.6237976551055908 -2.5
      vertex -5.46875 -1.3531646728515625 -3.75
    endloop
  endfacet
  facet normal -0.65465365830159372 -0.3779645159861974 -0.65465365830159372
    outer loop
      vertex -3.90625 -4.0594940185546875 -3.75
      vertex -4.6875 -4.8713927268981934 -2.5
      vertex -5.625 -3.2475953102111816 -2.5
    endloop
  endfacet
  facet normal -0.6546536569284338 -0.37796447079685397 -0.6546536857648344
    outer loop
      vertex -3.90625 -4.0594940185546875 -3.75
      vertex -5.625 -3.2475953102111816 -2.5
      vertex -4.6875 -2.706329345703125 -3.75
    endloop
  endfacet
  facet normal -0.65465366902942357 -0.37796447882390755 -0.65465366902942346
    outer loop
      vertex -8.75 1.071565923220128e-15 -1.25
      vertex -9 -1.7320507764816284 0
      vertex -10 1.2246467996456087e-15 0
    endloop
  endfacet
  facet normal -0.65465366661566216 -0.37796447743032202 -0.65465367224777182
    outer loop
      vertex -8 -3.4641015529632568 0
      vertex -9 -1.7320507764816284 0
      vertex -7.65625 -1.8944305181503296 -1.25
    endloop
  endfacet
  facet normal -0.65465366369616051 -0.37796447946097556 -0.65465367399487528
    outer loop
      vertex -8 -3.4641015529632568 0
      vertex -7.65625 -1.8944305181503296 -1.25
      vertex -6.5625 -3.7888610363006592 -1.25
    endloop
  endfacet
  facet normal -0.6546536769373652 -0.37796448710578867 -0.65465365633993533
    outer loop
      vertex -6.5625 -1.6237976551055908 -2.5
      vertex -7.65625 -1.8944305181503296 -1.25
      vertex -8.75 1.071565923220128e-15 -1.25
    endloop
  endfacet
  facet normal -0.65465367203321534 -0.37796446841846776 -0.65465367203321523
    outer loop
      vertex -6.5625 -1.6237976551055908 -2.5
      vertex -8.75 1.071565923220128e-15 -1.25
      vertex -7.5 9.1848504679464728e-16 -2.5
    endloop
  endfacet
  facet normal -0.65465366590302787 -0.37796448073511085 -0.65465367105238526
    outer loop
      vertex -9 -1.7320507764816284 0
      vertex -8.75 1.071565923220128e-15 -1.25
      vertex -7.65625 -1.8944305181503296 -1.25
    endloop
  endfacet
  facet normal -0.65465369863822731 -0.37796446990495902 -0.65465364456997621
    outer loop
      vertex -6 -6.9282031059265137 0
      vertex -7 -5.1961522102355957 0
      vertex -6.5625 -3.7888610363006592 -1.25
    endloop
  endfacet
  facet normal -0.65465375373634394 -0.377964460094114 -0.65465359513614474
    outer loop
      vertex -6 -6.9282031059265137 0
      vertex -6.5625 -3.7888610363006592 -1.25
      vertex -5.46875 -5.6832919120788574 -1.25
    endloop
  endfacet
  facet normal -0.65465366259272206 -0.37796434503971976 -0.6546537527064441
    outer loop
      vertex -4.375 -7.5777220726013184 -1.25
      vertex -5 -8.6602544784545898 0
      vertex -6 -6.9282031059265137 0
    endloop
  endfacet
  facet normal -0.6546536548686912 -0.37796440301285722 -0.65465372695967994
    outer loop
      vertex -5.46875 -5.6832919120788574 -1.25
      vertex -4.6875 -4.8713927268981934 -2.5
      vertex -3.75 -6.4951906204223633 -2.5
    endloop
  endfacet
  facet normal -0.65465365928242114 -0.37796454826430576 -0.65465363868498794
    outer loop
      vertex -5.46875 -5.6832919120788574 -1.25
      vertex -3.75 -6.4951906204223633 -2.5
      vertex -4.375 -7.5777220726013184 -1.25
    endloop
  endfacet
  facet normal -0.65465365751692706 -0.37796454724499701 -0.65465364103898049
    outer loop
      vertex -6 -6.9282031059265137 0
      vertex -5.46875 -5.6832919120788574 -1.25
      vertex -4.375 -7.5777220726013184 -1.25
    endloop
  endfacet
  facet normal -0.65465366066171693 -0.37796450000641202 -0.65465366516740486
    outer loop
      vertex -6.5625 -3.7888610363006592 -1.25
      vertex -7 -5.1961522102355957 0
      vertex -8 -3.4641015529632568 0
    endloop
  endfacet
  facet normal -0.65465366310766271 -0.37796447436443331 -0.65465367752586301
    outer loop
      vertex -6.25 7.6540422330872581e-16 -3.75
      vertex -5.46875 -1.3531646728515625 -3.75
      vertex -6.5625 -1.6237976551055908 -2.5
    endloop
  endfacet
  facet normal -0.65465367203321534 -0.37796446841846776 -0.65465367203321534
    outer loop
      vertex -6.25 7.6540422330872581e-16 -3.75
      vertex -6.5625 -1.6237976551055908 -2.5
      vertex -7.5 9.1848504679464728e-16 -2.5
    endloop
  endfacet
  facet normal -0.65465366928689139 -0.37796447793201277 -0.65465366928689139
    outer loop
      vertex -5.46875 -1.3531646728515625 -3.75
      vertex -6.25 7.6540422330872581e-16 -3.75
      vertex -5 6.1232339982280433e-16 -5
    endloop
  endfacet
  facet normal -0.65465362836602237 -0.37796451182971863 -0.65465369063690804
    outer loop
      vertex -5.46875 -1.3531646728515625 -3.75
      vertex -5 6.1232339982280433e-16 -5
      vertex -4.1666665077209473 -1.4433757066726685 -5
    endloop
  endfacet
  facet normal -0.65465364082019839 -0.37796446149675983 -0.65465370724248018
    outer loop
      vertex -4.6875 -2.706329345703125 -3.75
      vertex -5.46875 -1.3531646728515625 -3.75
      vertex -4.1666665077209473 -1.4433757066726685 -5
    endloop
  endfacet
  facet normal -0.65465369874137647 -0.37796444432445003 -0.65465365923574015
    outer loop
      vertex -4.1666665077209473 -1.4433757066726685 -5
      vertex -3.3333332538604736 -2.8867514133453369 -5
      vertex -3.90625 -4.0594940185546875 -3.75
    endloop
  endfacet
  facet normal -0.65465364082019839 -0.37796446149675983 -0.65465370724248018
    outer loop
      vertex -4.1666665077209473 -1.4433757066726685 -5
      vertex -3.90625 -4.0594940185546875 -3.75
      vertex -4.6875 -2.706329345703125 -3.75
    endloop
  endfacet
  facet normal -0.65465371666097294 -0.37796443868864199 -0.65465364456997732
    outer loop
      vertex -3.75 -6.4951906204223633 -2.5
      vertex -4.6875 -4.8713927268981934 -2.5
      vertex -3.90625 -4.0594940185546875 -3.75
    endloop
  endfacet
  facet normal -0.65465364456997643 -0.37796446366169523 -0.65465370224277664
    outer loop
      vertex -3.75 -6.4951906204223633 -2.5
      vertex -3.90625 -4.0594940185546875 -3.75
      vertex -3.125 -5.41265869140625 -3.75
    endloop
  endfacet
  facet normal -0.65465366586719509 -0.37796447595765031 -0.65465367384648632
    outer loop
      vertex -3.125 -5.41265869140625 -3.75
      vertex -3.90625 -4.0594940185546875 -3.75
      vertex -3.3333332538604736 -2.8867514133453369 -5
    endloop
  endfacet
  facet normal -0.65465375698109429 -0.37796444673284607 -0.65465359960552572
    outer loop
      vertex -3.125 -5.41265869140625 -3.75
      vertex -3.3333332538604736 -2.8867514133453369 -5
      vertex -2.5 -4.3301272392272949 -5
    endloop
  endfacet
  facet normal -0 -0.75592903656314869 -0.65465356615595505
    outer loop
      vertex -4.3576253716537394e-15 -6.4951906204223633 -2.5
      vertex -5.0411064211886014e-15 -7.5777220726013184 -1.25
      vertex -2.1875 -7.5777220726013184 -1.25
    endloop
  endfacet
  facet normal 0 -0.75592903656314892 -0.65465356615595516
    outer loop
      vertex -4.3576253716537394e-15 -6.4951906204223633 -2.5
      vertex -2.1875 -7.5777220726013184 -1.25
      vertex -1.875 -6.4951906204223633 -2.5
    endloop
  endfacet
  facet normal -0 -0.7559290365631488 -0.65465356615595516
    outer loop
      vertex 1.875 -6.4951906204223633 -2.5
      vertex 2.1875 -7.5777220726013184 -1.25
      vertex -5.0411064211886014e-15 -7.5777220726013184 -1.25
    endloop
  endfacet
  facet normal 0 -0.75592903656314892 -0.65465356615595516
    outer loop
      vertex 1.875 -6.4951906204223633 -2.5
      vertex -5.0411064211886014e-15 -7.5777220726013184 -1.25
      vertex -4.3576253716537394e-15 -6.4951906204223633 -2.5
    endloop
  endfacet
  facet normal -0 -0.7559288938599712 -0.65465373093540102
    outer loop
      vertex -3.7747582837255322e-15 -5.41265869140625 -3.75
      vertex -4.3576253716537394e-15 -6.4951906204223633 -2.5
      vertex -1.875 -6.4951906204223633 -2.5
    endloop
  endfacet
  facet normal 8.3924966294276602e-17 -0.75592889385997108 -0.65465373093540102
    outer loop
      vertex -3.7747582837255322e-15 -5.41265869140625 -3.75
      vertex -1.875 -6.4951906204223633 -2.5
      vertex -1.5625 -5.41265869140625 -3.75
    endloop
  endfacet
  facet normal -0 -0.75592889385997108 -0.65465373093540102
    outer loop
      vertex 1.5625 -5.41265869140625 -3.75
      vertex 1.875 -6.4951906204223633 -2.5
      vertex -4.3576253716537394e-15 -6.4951906204223633 -2.5
    endloop
  endfacet
  facet normal 0 -0.75592889385997108 -0.65465373093540102
    outer loop
      vertex 1.5625 -5.41265869140625 -3.75
      vertex -4.3576253716537394e-15 -6.4951906204223633 -2.5
      vertex -3.7747582837255322e-15 -5.41265869140625 -3.75
    endloop
  endfacet
  facet normal -0 -0.75592875115681135 -0.65465389571475363
    outer loop
      vertex -4.375 -7.5777220726013184 -1.25
      vertex -3 -8.6602544784545898 0
      vertex -5 -8.6602544784545898 0
    endloop
  endfacet
  facet normal -0 -0.75592875115681135 -0.65465389571475363
    outer loop
      vertex -1 -8.6602544784545898 0
      vertex -3 -8.6602544784545898 0
      vertex -2.1875 -7.5777220726013184 -1.25
    endloop
  endfacet
  facet normal 0 -0.75592875115681146 -0.65465389571475363
    outer loop
      vertex -1 -8.6602544784545898 0
      vertex -2.1875 -7.5777220726013184 -1.25
      vertex -5.0411064211886014e-15 -7.5777220726013184 -1.25
    endloop
  endfacet
  facet normal -0 -0.7559290365631488 -0.65465356615595516
    outer loop
      vertex -1.875 -6.4951906204223633 -2.5
      vertex -2.1875 -7.5777220726013184 -1.25
      vertex -4.375 -7.5777220726013184 -1.25
    endloop
  endfacet
  facet normal 0 -0.75592903656314892 -0.65465356615595527
    outer loop
      vertex -1.875 -6.4951906204223633 -2.5
      vertex -4.375 -7.5777220726013184 -1.25
      vertex -3.75 -6.4951906204223633 -2.5
    endloop
  endfacet
  facet normal 0 -0.75592875115681135 -0.65465389571475352
    outer loop
      vertex -3 -8.6602544784545898 0
      vertex -4.375 -7.5777220726013184 -1.25
      vertex -2.1875 -7.5777220726013184 -1.25
    endloop
  endfacet
  facet normal 0 -0.75592875115681135 -0.65465389571475363
    outer loop
      vertex 3 -8.6602544784545898 0
      vertex 1 -8.6602544784545898 0
      vertex -5.0411064211886014e-15 -7.5777220726013184 -1.25
    endloop
  endfacet
  facet normal -4.196247522552162e-17 -0.75592875115681135 -0.65465389571475352
    outer loop
      vertex 3 -8.6602544784545898 0
      vertex -5.0411064211886014e-15 -7.5777220726013184 -1.25
      vertex 2.1875 -7.5777220726013184 -1.25
    endloop
  endfacet
  facet normal -0 -0.75592875115681135 -0.65465389571475363
    outer loop
      vertex 4.375 -7.5777220726013184 -1.25
      vertex 5 -8.6602544784545898 0
      vertex 3 -8.6602544784545898 0
    endloop
  endfacet
  facet normal 0 -0.75592903656314892 -0.65465356615595527
    outer loop
      vertex 2.1875 -7.5777220726013184 -1.25
      vertex 1.875 -6.4951906204223633 -2.5
      vertex 3.75 -6.4951906204223633 -2.5
    endloop
  endfacet
  facet normal -0 -0.7559290365631488 -0.65465356615595516
    outer loop
      vertex 2.1875 -7.5777220726013184 -1.25
      vertex 3.75 -6.4951906204223633 -2.5
      vertex 4.375 -7.5777220726013184 -1.25
    endloop
  endfacet
  facet normal 0 -0.75592875115681135 -0.65465389571475352
    outer loop
      vertex 3 -8.6602544784545898 0
      vertex 2.1875 -7.5777220726013184 -1.25
      vertex 4.375 -7.5777220726013184 -1.25
    endloop
  endfacet
  facet normal -0 -0.75592875115681135 -0.65465389571475363
    outer loop
      vertex -5.0411064211886014e-15 -7.5777220726013184 -1.25
      vertex 1 -8.6602544784545898 0
      vertex -1 -8.6602544784545898 0
    endloop
  endfacet
  facet normal 0 -0.75592889385997108 -0.65465373093540102
    outer loop
      vertex -3.125 -5.41265869140625 -3.75
      vertex -1.5625 -5.41265869140625 -3.75
      vertex -1.875 -6.4951906204223633 -2.5
    endloop
  endfacet
  facet normal -0 -0.75592889385997108 -0.65465373093540102
    outer loop
      vertex -3.125 -5.41265869140625 -3.75
      vertex -1.875 -6.4951906204223633 -2.5
      vertex -3.75 -6.4951906204223633 -2.5
    endloop
  endfacet
  facet normal -0 -0.75592903656314892 -0.65465356615595516
    outer loop
      vertex -1.5625 -5.41265869140625 -3.75
      vertex -3.125 -5.41265869140625 -3.75
      vertex -2.5 -4.3301272392272949 -5
    endloop
  endfacet
  facet normal 0 -0.75592903656314892 -0.65465356615595516
    outer loop
      vertex -1.5625 -5.41265869140625 -3.75
      vertex -2.5 -4.3301272392272949 -5
      vertex -0.83333331346511841 -4.3301272392272949 -5
    endloop
  endfacet
  facet normal 0 -0.7559290365631488 -0.65465356615595516
    outer loop
      vertex -3.7747582837255322e-15 -5.41265869140625 -3.75
      vertex -1.5625 -5.41265869140625 -3.75
      vertex -0.83333331346511841 -4.3301272392272949 -5
    endloop
  endfacet
  facet normal 0 -0.75592903656314892 -0.65465356615595516
    outer loop
      vertex 0.83333331346511841 -4.3301272392272949 -5
      vertex -3.7747582837255322e-15 -5.41265869140625 -3.75
      vertex -0.83333331346511841 -4.3301272392272949 -5
    endloop
  endfacet
  facet normal 0 -0.75592889385997108 -0.65465373093540102
    outer loop
      vertex 3.75 -6.4951906204223633 -2.5
      vertex 1.875 -6.4951906204223633 -2.5
      vertex 1.5625 -5.41265869140625 -3.75
    endloop
  endfacet
  facet normal 0 -0.75592889385997108 -0.65465373093540102
    outer loop
      vertex 3.75 -6.4951906204223633 -2.5
      vertex 1.5625 -5.41265869140625 -3.75
      vertex 3.125 -5.41265869140625 -3.75
    endloop
  endfacet
  facet normal 0 -0.75592903656314892 -0.65465356615595516
    outer loop
      vertex 3.125 -5.41265869140625 -3.75
      vertex 1.5625 -5.41265869140625 -3.75
      vertex 0.83333331346511841 -4.3301272392272949 -5
    endloop
  endfacet
  facet normal 0 -0.75592903656314903 -0.65465356615595527
    outer loop
      vertex 3.125 -5.41265869140625 -3.75
      vertex 0.83333331346511841 -4.3301272392272949 -5
      vertex 2.5 -4.3301272392272949 -5
    endloop
  endfacet
  facet normal -0 -0.75592903656314892 -0.65465356615595516
    outer loop
      vertex 1.5625 -5.41265869140625 -3.75
      vertex -3.7747582837255322e-15 -5.41265869140625 -3.75
      vertex 0.83333331346511841 -4.3301272392272949 -5
    endloop
  endfacet
  facet normal 0 -0 -1
    outer loop
      vertex -1.4432899320127035e-15 -2.1650636196136475 -5
      vertex -2.1094237467877974e-15 -3.2475953102111816 -5
      vertex -1.5625 -3.2475953102111816 -5
    endloop
  endfacet
  facet normal 0 -0 -1
    outer loop
      vertex -1.4432899320127035e-15 -2.1650636196136475 -5
      vertex -1.5625 -3.2475953102111816 -5
      vertex -1.875 -2.1650636196136475 -5
    endloop
  endfacet
  facet normal 0 -0 -1
    outer loop
      vertex 1.875 -2.1650636196136475 -5
      vertex 1.5625 -3.2475953102111816 -5
      vertex -2.1094237467877974e-15 -3.2475953102111816 -5
    endloop
  endfacet
  facet normal 0 -0 -1
    outer loop
      vertex 1.875 -2.1650636196136475 -5
      vertex -2.1094237467877974e-15 -3.2475953102111816 -5
      vertex -1.4432899320127035e-15 -2.1650636196136475 -5
    endloop
  endfacet
  facet normal 0 -0 -1
    outer loop
      vertex -8.8817841970012523e-16 -1.0825318098068237 -5
      vertex -1.4432899320127035e-15 -2.1650636196136475 -5
      vertex -1.875 -2.1650636196136475 -5
    endloop
  endfacet
  facet normal 0 -0 -1
    outer loop
      vertex -8.8817841970012523e-16 -1.0825318098068237 -5
      vertex -1.875 -2.1650636196136475 -5
      vertex -2.1875 -1.0825318098068237 -5
    endloop
  endfacet
  facet normal 0 -0 -1
    outer loop
      vertex 2.1875 -1.0825318098068237 -5
      vertex 1.875 -2.1650636196136475 -5
      vertex -1.4432899320127035e-15 -2.1650636196136475 -5
    endloop
  endfacet
  facet normal 0 -0 -1
    outer loop
      vertex 2.1875 -1.0825318098068237 -5
      vertex -1.4432899320127035e-15 -2.1650636196136475 -5
      vertex -8.8817841970012523e-16 -1.0825318098068237 -5
    endloop
  endfacet
  facet normal -0 0 -1
    outer loop
      vertex -1.5625 -3.2475953102111816 -5
      vertex -0.83333331346511841 -4.3301272392272949 -5
      vertex -2.5 -4.3301272392272949 -5
    endloop
  endfacet
  facet normal 0 0 -1
    outer loop
      vertex -1.875 -2.1650636196136475 -5
      vertex -1.5625 -3.2475953102111816 -5
      vertex -3.3333332538604736 -2.8867514133453369 -5
    endloop
  endfacet
  facet normal 0 -0 -1
    outer loop
      vertex -2.5 -4.3301272392272949 -5
      vertex -3.3333332538604736 -2.8867514133453369 -5
      vertex -1.5625 -3.2475953102111816 -5
    endloop
  endfacet
  facet normal 0 0 -1
    outer loop
      vertex -4.1666665077209473 -1.4433757066726685 -5
      vertex -1.875 -2.1650636196136475 -5
      vertex -3.3333332538604736 -2.8867514133453369 -5
    endloop
  endfacet
  facet normal 0 -0 -1
    outer loop
      vertex -2.1094237467877974e-15 -3.2475953102111816 -5
      vertex -0.83333331346511841 -4.3301272392272949 -5
      vertex -1.5625 -3.2475953102111816 -5
    endloop
  endfacet
  facet normal -0 0 -1
    outer loop
      vertex 1.5625 -3.2475953102111816 -5
      vertex 2.5 -4.3301272392272949 -5
      vertex 0.83333331346511841 -4.3301272392272949 -5
    endloop
  endfacet
  facet normal -0 0 -1
    outer loop
      vertex -0.83333331346511841 -4.3301272392272949 -5
      vertex -2.1094237467877974e-15 -3.2475953102111816 -5
      vertex 0.83333331346511841 -4.3301272392272949 -5
    endloop
  endfacet
  facet normal 0 0 -1
    outer loop
      vertex -2.1094237467877974e-15 -3.2475953102111816 -5
      vertex 1.5625 -3.2475953102111816 -5
      vertex 0.83333331346511841 -4.3301272392272949 -5
    endloop
  endfacet
  facet normal 0 -0 -1
    outer loop
      vertex 3.3333332538604736 -2.8867514133453369 -5
      vertex 1.5625 -3.2475953102111816 -5
      vertex 1.875 -2.1650636196136475 -5
    endloop
  endfacet
  facet normal 0 -0 -1
    outer loop
      vertex 4.1666665077209473 -1.4433757066726685 -5
      vertex 3.3333332538604736 -2.8867514133453369 -5
      vertex 1.875 -2.1650636196136475 -5
    endloop
  endfacet
  facet normal 0 -0 -1
    outer loop
      vertex 2.5 -4.3301272392272949 -5
      vertex 1.5625 -3.2475953102111816 -5
      vertex 3.3333332538604736 -2.8867514133453369 -5
    endloop
  endfacet
  facet normal 0 0 -1
    outer loop
      vertex -5 6.1232339982280433e-16 -5
      vertex -2.1875 -1.0825318098068237 -5
      vertex -4.1666665077209473 -1.4433757066726685 -5
    endloop
  endfacet
  facet normal 0 0 -1
    outer loop
      vertex -2.1875 -1.0825318098068237 -5
      vertex -5 6.1232339982280433e-16 -5
      vertex -3 4.8985874103406714e-16 -5
    endloop
  endfacet
  facet normal -0 -0 -1
    outer loop
      vertex -3 4.8985874103406714e-16 -5
      vertex -1 3.6739402930577075e-16 -5
      vertex -8.8817841970012523e-16 -1.0825318098068237 -5
    endloop
  endfacet
  facet normal 0 0 -1
    outer loop
      vertex -3 4.8985874103406714e-16 -5
      vertex -8.8817841970012523e-16 -1.0825318098068237 -5
      vertex -2.1875 -1.0825318098068237 -5
    endloop
  endfacet
  facet normal 0 -0 -1
    outer loop
      vertex 4.1666665077209473 -1.4433757066726685 -5
      vertex 1.875 -2.1650636196136475 -5
      vertex 2.1875 -1.0825318098068237 -5
    endloop
  endfacet
  facet normal -0 -0 -1
    outer loop
      vertex 2.1875 -1.0825318098068237 -5
      vertex -8.8817841970012523e-16 -1.0825318098068237 -5
      vertex 1 2.4492937051703357e-16 -5
    endloop
  endfacet
  facet normal 0 -0 -1
    outer loop
      vertex 2.1875 -1.0825318098068237 -5
      vertex 1 2.4492937051703357e-16 -5
      vertex 3 1.2246468525851679e-16 -5
    endloop
  endfacet
  facet normal 0 -0 -1
    outer loop
      vertex 5 0 -5
      vertex 4.1666665077209473 -1.4433757066726685 -5
      vertex 2.1875 -1.0825318098068237 -5
    endloop
  endfacet
  facet normal -0 0 -1
    outer loop
      vertex 2.1875 -1.0825318098068237 -5
      vertex 3 1.2246468525851679e-16 -5
      vertex 5 0 -5
    endloop
  endfacet
  facet normal 0 0 -1
    outer loop
      vertex 1 2.4492937051703357e-16 -5
      vertex -8.8817841970012523e-16 -1.0825318098068237 -5
      vertex -1 3.6739402930577075e-16 -5
    endloop
  endfacet
  facet normal 0 0 -1
    outer loop
      vertex -2.1875 -1.0825318098068237 -5
      vertex -1.875 -2.1650636196136475 -5
      vertex -4.1666665077209473 -1.4433757066726685 -5
    endloop
  endfacet
  facet normal 0 -0 -1
    outer loop
      vertex 3.3306690738754696e-16 1.4433757066726685 -5
      vertex 5.5511151231257827e-16 2.8867514133453369 -5
      vertex 1.6666666269302368 2.8867514133453369 -5
    endloop
  endfacet
  facet normal -0 0 -1
    outer loop
      vertex 3.3306690738754696e-16 1.4433757066726685 -5
      vertex 1.6666666269302368 2.8867514133453369 -5
      vertex 2.0833332538604736 1.4433757066726685 -5
    endloop
  endfacet
  facet normal -0 0 -1
    outer loop
      vertex -2.0833332538604736 1.4433757066726685 -5
      vertex -1.6666666269302368 2.8867514133453369 -5
      vertex 5.5511151231257827e-16 2.8867514133453369 -5
    endloop
  endfacet
  facet normal 0 0 -1
    outer loop
      vertex -2.0833332538604736 1.4433757066726685 -5
      vertex 5.5511151231257827e-16 2.8867514133453369 -5
      vertex 3.3306690738754696e-16 1.4433757066726685 -5
    endloop
  endfacet
  facet normal 0 -0 -1
    outer loop
      vertex 1.6666666269302368 2.8867514133453369 -5
      vertex 0.83333331346511841 4.3301272392272949 -5
      vertex 2.5 4.3301272392272949 -5
    endloop
  endfacet
  facet normal 0 -0 -1
    outer loop
      vertex 2.0833332538604736 1.4433757066726685 -5
      vertex 1.6666666269302368 2.8867514133453369 -5
      vertex 3.3333332538604736 2.8867514133453369 -5
    endloop
  endfacet
  facet normal -0 0 -1
    outer loop
      vertex 2.0833332538604736 1.4433757066726685 -5
      vertex 3.3333332538604736 2.8867514133453369 -5
      vertex 4.1666665077209473 1.4433757066726685 -5
    endloop
  endfacet
  facet normal -0 0 -1
    outer loop
      vertex 2.5 4.3301272392272949 -5
      vertex 3.3333332538604736 2.8867514133453369 -5
      vertex 1.6666666269302368 2.8867514133453369 -5
    endloop
  endfacet
  facet normal -0 0 -1
    outer loop
      vertex 5.5511151231257827e-16 2.8867514133453369 -5
      vertex 0.83333331346511841 4.3301272392272949 -5
      vertex 1.6666666269302368 2.8867514133453369 -5
    endloop
  endfacet
  facet normal 0 -0 -1
    outer loop
      vertex -1.6666666269302368 2.8867514133453369 -5
      vertex -2.5 4.3301272392272949 -5
      vertex -0.83333331346511841 4.3301272392272949 -5
    endloop
  endfacet
  facet normal 0 -0 -1
    outer loop
      vertex -1.6666666269302368 2.8867514133453369 -5
      vertex -2.0833332538604736 1.4433757066726685 -5
      vertex -4.1666665077209473 1.4433757066726685 -5
    endloop
  endfacet
  facet normal 0 -0 -1
    outer loop
      vertex -1.6666666269302368 2.8867514133453369 -5
      vertex -4.1666665077209473 1.4433757066726685 -5
      vertex -3.3333332538604736 2.8867514133453369 -5
    endloop
  endfacet
  facet normal -0 0 -1
    outer loop
      vertex -2.5 4.3301272392272949 -5
      vertex -1.6666666269302368 2.8867514133453369 -5
      vertex -3.3333332538604736 2.8867514133453369 -5
    endloop
  endfacet
  facet normal -0 0 -1
    outer loop
      vertex -0.83333331346511841 4.3301272392272949 -5
      vertex 5.5511151231257827e-16 2.8867514133453369 -5
      vertex -1.6666666269302368 2.8867514133453369 -5
    endloop
  endfacet
  facet normal 0 -0 -1
    outer loop
      vertex 5.5511151231257827e-16 2.8867514133453369 -5
      vertex -0.83333331346511841 4.3301272392272949 -5
      vertex 0.83333331346511841 4.3301272392272949 -5
    endloop
  endfacet
  facet normal 0 0 -1
    outer loop
      vertex 2.0833332538604736 1.4433757066726685 -5
      vertex 3 1.2246468525851679e-16 -5
      vertex 1 2.4492937051703357e-16 -5
    endloop
  endfacet
  facet normal 0 -0 -1
    outer loop
      vertex 4.1666665077209473 1.4433757066726685 -5
      vertex 3 1.2246468525851679e-16 -5
      vertex 2.0833332538604736 1.4433757066726685 -5
    endloop
  endfacet
  facet normal -0 -0 -1
    outer loop
      vertex 4.1666665077209473 1.4433757066726685 -5
      vertex 5 0 -5
      vertex 3 1.2246468525851679e-16 -5
    endloop
  endfacet
  facet normal 0 -0 -1
    outer loop
      vertex 2.0833332538604736 1.4433757066726685 -5
      vertex 1 2.4492937051703357e-16 -5
      vertex 3.3306690738754696e-16 1.4433757066726685 -5
    endloop
  endfacet
  facet normal -0 -0 -1
    outer loop
      vertex -1 3.6739402930577075e-16 -5
      vertex 3.3306690738754696e-16 1.4433757066726685 -5
      vertex 1 2.4492937051703357e-16 -5
    endloop
  endfacet
  facet normal 0 -0 -1
    outer loop
      vertex -3 4.8985874103406714e-16 -5
      vertex -4.1666665077209473 1.4433757066726685 -5
      vertex -2.0833332538604736 1.4433757066726685 -5
    endloop
  endfacet
  facet normal 0 0 -1
    outer loop
      vertex -2.0833332538604736 1.4433757066726685 -5
      vertex -1 3.6739402930577075e-16 -5
      vertex -3 4.8985874103406714e-16 -5
    endloop
  endfacet
  facet normal -0 -0 -1
    outer loop
      vertex -4.1666665077209473 1.4433757066726685 -5
      vertex -3 4.8985874103406714e-16 -5
      vertex -5 6.1232339982280433e-16 -5
    endloop
  endfacet
  facet normal 0 -0 -1
    outer loop
      vertex -1 3.6739402930577075e-16 -5
      vertex -2.0833332538604736 1.4433757066726685 -5
      vertex 3.3306690738754696e-16 1.4433757066726685 -5
    endloop
  endfacet
  facet normal 0.43301267446021252 -0.25000001732648175 0.86602541249871712
    outer loop
      vertex 5.25 -3.8971142768859863 1.25
      vertex 4.5 -5.1961522102355957 1.25
      vertex 5.25 -6.0621776580810547 0.625
    endloop
  endfacet
  facet normal 0.43301271135832842 -0.25000001241037301 0.86602539546881796
    outer loop
      vertex 5.25 -3.8971142768859863 1.25
      vertex 5.25 -6.0621776580810547 0.625
      vertex 6.125 -4.546633243560791 0.625
    endloop
  endfacet
  facet normal 0.43301272115051948 -0.24999999839946388 0.86602539461732342
    outer loop
      vertex 6 -2.5980761051177979 1.25
      vertex 5.25 -3.8971142768859863 1.25
      vertex 6.125 -4.546633243560791 0.625
    endloop
  endfacet
  facet normal 0.43301269603141923 -0.25000000356137758 0.86602540568675745
    outer loop
      vertex 6 -2.5980761051177979 1.25
      vertex 6.125 -4.546633243560791 0.625
      vertex 7 -3.0310888290405273 0.625
    endloop
  endfacet
  facet normal 0.43301269482513466 -0.25000000614233453 0.86602540554484164
    outer loop
      vertex 6.75 -1.2990380525588989 1.25
      vertex 6 -2.5980761051177979 1.25
      vertex 7 -3.0310888290405273 0.625
    endloop
  endfacet
  facet normal 0.43301269858590413 -0.25000000503621017 0.86602540398376782
    outer loop
      vertex 6.75 -1.2990380525588989 1.25
      vertex 7 -3.0310888290405273 0.625
      vertex 7.875 -1.5155444145202637 0.625
    endloop
  endfacet
  facet normal 0.43301279208004889 -0.25000001182043863 0.86602535527825097
    outer loop
      vertex 4.375 -3.2475953102111816 1.875
      vertex 3.75 -4.3301272392272949 1.875
      vertex 4.5 -5.1961522102355957 1.25
    endloop
  endfacet
  facet normal 0.43301269830207173 -0.25000003109158742 0.86602539660414346
    outer loop
      vertex 4.375 -3.2475953102111816 1.875
      vertex 4.5 -5.1961522102355957 1.25
      vertex 5.25 -3.8971142768859863 1.25
    endloop
  endfacet
  facet normal 0.43301270744145165 -0.25000001801473704 0.86602539580941562
    outer loop
      vertex 5 -2.1650636196136475 1.875
      vertex 4.375 -3.2475953102111816 1.875
      vertex 5.25 -3.8971142768859863 1.25
    endloop
  endfacet
  facet normal 0.4330127390319139 -0.25000000872329126 0.86602538269639284
    outer loop
      vertex 5 -2.1650636196136475 1.875
      vertex 5.25 -3.8971142768859863 1.25
      vertex 6 -2.5980761051177979 1.25
    endloop
  endfacet
  facet normal 0.43301273903191395 -0.25000000872329131 0.86602538269639295
    outer loop
      vertex 5.625 -1.0825318098068237 1.875
      vertex 5 -2.1650636196136475 1.875
      vertex 6 -2.5980761051177979 1.25
    endloop
  endfacet
  facet normal 0.43301271568676136 -0.25000001818680079 0.86602539163709003
    outer loop
      vertex 5.625 -1.0825318098068237 1.875
      vertex 6 -2.5980761051177979 1.25
      vertex 6.75 -1.2990380525588989 1.25
    endloop
  endfacet
  facet normal 0.43301261945203096 -0.24999993230712686 0.86602546454577345
    outer loop
      vertex 4.375 -7.5777220726013184 0.625
      vertex 5 -8.6602544784545898 0
      vertex 5.8333334922790527 -7.2168784141540527 0
    endloop
  endfacet
  facet normal 0.4330126981579609 -0.25000000478913703 0.86602540426906327
    outer loop
      vertex 6.6666665077209473 -5.7735028266906738 0
      vertex 6.125 -4.546633243560791 0.625
      vertex 5.25 -6.0621776580810547 0.625
    endloop
  endfacet
  facet normal 0.43301269247457536 -0.2499999140061713 0.86602543331753601
    outer loop
      vertex 6.6666665077209473 -5.7735028266906738 0
      vertex 5.25 -6.0621776580810547 0.625
      vertex 5.8333334922790527 -7.2168784141540527 0
    endloop
  endfacet
  facet normal 0.43301262237931432 -0.24999996103831379 0.8660254547881554
    outer loop
      vertex 5.8333334922790527 -7.2168784141540527 0
      vertex 5.25 -6.0621776580810547 0.625
      vertex 4.375 -7.5777220726013184 0.625
    endloop
  endfacet
  facet normal 0.4330126512533673 -0.25000003325824255 0.86602541950303491
    outer loop
      vertex 7.5 -4.3301272392272949 0
      vertex 6.125 -4.546633243560791 0.625
      vertex 6.6666665077209473 -5.7735028266906738 0
    endloop
  endfacet
  facet normal 0.43301276438069286 -0.24999991422587664 0.86602539730105188
    outer loop
      vertex 7 -3.0310888290405273 0.625
      vertex 7.5 -4.3301272392272949 0
      vertex 8.3333330154418945 -2.8867514133453369 0
    endloop
  endfacet
  facet normal 0.43301260748035347 -0.24999995243639453 0.86602546472079334
    outer loop
      vertex 9.1666669845581055 -1.4433757066726685 0
      vertex 7.875 -1.5155444145202637 0.625
      vertex 7 -3.0310888290405273 0.625
    endloop
  endfacet
  facet normal 0.43301275773932207 -0.25000021714145315 0.8660253131775153
    outer loop
      vertex 9.1666669845581055 -1.4433757066726685 0
      vertex 7 -3.0310888290405273 0.625
      vertex 8.3333330154418945 -2.8867514133453369 0
    endloop
  endfacet
  facet normal 0.43301261450485407 -0.24999984834270286 0.86602549125778971
    outer loop
      vertex 7.875 -1.5155444145202637 0.625
      vertex 9.1666669845581055 -1.4433757066726685 0
      vertex 10 0 0
    endloop
  endfacet
  facet normal 0.43301270114038881 -0.25000000651104265 0.86602540228077762
    outer loop
      vertex 7.875 -1.5155444145202637 0.625
      vertex 10 0 0
      vertex 8.75 0 0.625
    endloop
  endfacet
  facet normal 0.43301270114038881 -0.25000000651104265 0.86602540228077762
    outer loop
      vertex 7.875 -1.5155444145202637 0.625
      vertex 8.75 0 0.625
      vertex 7.5 0 1.25
    endloop
  endfacet
  facet normal 0.43301269780536694 -0.2500000078629725 0.86602540355802016
    outer loop
      vertex 7.875 -1.5155444145202637 0.625
      vertex 7.5 0 1.25
      vertex 6.75 -1.2990380525588989 1.25
    endloop
  endfacet
  facet normal 0.43301265005069728 -0.24999997701439464 0.86602543634057005
    outer loop
      vertex 7 -3.0310888290405273 0.625
      vertex 6.125 -4.546633243560791 0.625
      vertex 7.5 -4.3301272392272949 0
    endloop
  endfacet
  facet normal 0.43301279168267803 -0.24999999323754918 0.86602536084135495
    outer loop
      vertex 4.5 -5.1961522102355957 1.25
      vertex 3.75 -6.4951906204223633 1.25
      vertex 4.375 -7.5777220726013184 0.625
    endloop
  endfacet
  facet normal 0.43301269092244976 -0.25000000061171262 0.86602540909273718
    outer loop
      vertex 4.5 -5.1961522102355957 1.25
      vertex 4.375 -7.5777220726013184 0.625
      vertex 5.25 -6.0621776580810547 0.625
    endloop
  endfacet
  facet normal 0.43301262280284636 -0.2500000242090335 0.86602543634057449
    outer loop
      vertex 3.75 -4.3301272392272949 1.875
      vertex 3.125 -5.41265869140625 1.875
      vertex 3.75 -6.4951906204223633 1.25
    endloop
  endfacet
  facet normal 0.43301280360360889 -0.25000000012010021 0.86602535289406657
    outer loop
      vertex 3.75 -4.3301272392272949 1.875
      vertex 3.75 -6.4951906204223633 1.25
      vertex 4.5 -5.1961522102355957 1.25
    endloop
  endfacet
  facet normal 0.43301269432842648 -0.25000006550435799 0.86602538865685297
    outer loop
      vertex 2.5 -4.3301272392272949 2.5
      vertex 3.125 -5.41265869140625 1.875
      vertex 3.75 -4.3301272392272949 1.875
    endloop
  endfacet
  facet normal 0.43301270734019814 -0.24999995281911475 0.86602541468039629
    outer loop
      vertex 2.5 -4.3301272392272949 2.5
      vertex 3.75 -4.3301272392272949 1.875
      vertex 3.3333332538604736 -2.8867514133453369 2.5
    endloop
  endfacet
  facet normal 0.43301267964124029 -0.25000000196427657 0.86602541434289015
    outer loop
      vertex 3.3333332538604736 -2.8867514133453369 2.5
      vertex 4.375 -3.2475953102111816 1.875
      vertex 5 -2.1650636196136475 1.875
    endloop
  endfacet
  facet normal 0.43301266519284931 -0.24999994913298471 0.86602543681816324
    outer loop
      vertex 3.3333332538604736 -2.8867514133453369 2.5
      vertex 5 -2.1650636196136475 1.875
      vertex 4.1666665077209473 -1.4433757066726685 2.5
    endloop
  endfacet
  facet normal 0.43301269752262966 -0.249999957227696 0.86602541831653268
    outer loop
      vertex 3.75 -4.3301272392272949 1.875
      vertex 4.375 -3.2475953102111816 1.875
      vertex 3.3333332538604736 -2.8867514133453369 2.5
    endloop
  endfacet
  facet normal 0.43301270078559928 -0.25000000958361052 0.86602540157119856
    outer loop
      vertex 6.75 -1.2990380525588989 1.25
      vertex 7.5 0 1.25
      vertex 6.25 0 1.875
    endloop
  endfacet
  facet normal 0.43301272115051948 -0.24999999839946391 0.86602539461732353
    outer loop
      vertex 6.75 -1.2990380525588989 1.25
      vertex 6.25 0 1.875
      vertex 5.625 -1.0825318098068237 1.875
    endloop
  endfacet
  facet normal 0.43301265601335648 -0.24999996079250719 0.86602543804209542
    outer loop
      vertex 4.1666665077209473 -1.4433757066726685 2.5
      vertex 5.625 -1.0825318098068237 1.875
      vertex 6.25 0 1.875
    endloop
  endfacet
  facet normal 0.43301269736215431 -0.25000003923151071 0.86602539472430862
    outer loop
      vertex 4.1666665077209473 -1.4433757066726685 2.5
      vertex 6.25 0 1.875
      vertex 5 0 2.5
    endloop
  endfacet
  facet normal 0.43301265601335648 -0.24999996079250719 0.86602543804209542
    outer loop
      vertex 5 -2.1650636196136475 1.875
      vertex 5.625 -1.0825318098068237 1.875
      vertex 4.1666665077209473 -1.4433757066726685 2.5
    endloop
  endfacet
  facet normal 0.43301271419664455 0.25000000356137758 0.86602539660414479
    outer loop
      vertex 5.625 3.2475953102111816 1.25
      vertex 6.5625 1.6237976551055908 1.25
      vertex 7.65625 1.8944305181503296 0.625
    endloop
  endfacet
  facet normal 0.43301272157626836 0.25000001830970348 0.86602538865685741
    outer loop
      vertex 5.625 3.2475953102111816 1.25
      vertex 7.65625 1.8944305181503296 0.625
      vertex 6.5625 3.7888610363006592 0.625
    endloop
  endfacet
  facet normal 0.43301271022300231 0.25000003797414083 0.86602538865685597
    outer loop
      vertex 4.6875 4.8713927268981934 1.25
      vertex 5.625 3.2475953102111816 1.25
      vertex 6.5625 3.7888610363006592 0.625
    endloop
  endfacet
  facet normal 0.43301267048657771 0.24999994161842662 0.86602543634056484
    outer loop
      vertex 4.6875 4.8713927268981934 1.25
      vertex 6.5625 3.7888610363006592 0.625
      vertex 5.46875 5.6832919120788574 0.625
    endloop
  endfacet
  facet normal 0.43301269432842948 0.24999999943184661 0.86602540773034531
    outer loop
      vertex 4.6875 2.706329345703125 1.875
      vertex 5.46875 1.3531646728515625 1.875
      vertex 6.5625 1.6237976551055908 1.25
    endloop
  endfacet
  facet normal 0.4330126903547869 0.24999998979627486 0.86602541249871645
    outer loop
      vertex 4.6875 2.706329345703125 1.875
      vertex 6.5625 1.6237976551055908 1.25
      vertex 5.625 3.2475953102111816 1.25
    endloop
  endfacet
  facet normal 0.43301268717587232 0.24999999530231576 0.86602541249871656
    outer loop
      vertex 3.90625 4.0594940185546875 1.875
      vertex 4.6875 2.706329345703125 1.875
      vertex 5.625 3.2475953102111816 1.25
    endloop
  endfacet
  facet normal 0.43301269830207173 0.25000003109158742 0.86602539660414346
    outer loop
      vertex 3.90625 4.0594940185546875 1.875
      vertex 5.625 3.2475953102111816 1.25
      vertex 4.6875 4.8713927268981934 1.25
    endloop
  endfacet
  facet normal 0.43301270140648107 0.25000000420661683 0.86602540281296214
    outer loop
      vertex 8.75 0 0.625
      vertex 10 0 0
      vertex 9 1.7320507764816284 0
    endloop
  endfacet
  facet normal 0.43301269603141923 0.25000000356137758 0.86602540568675745
    outer loop
      vertex 8 3.4641015529632568 0
      vertex 6.5625 3.7888610363006592 0.625
      vertex 7.65625 1.8944305181503296 0.625
    endloop
  endfacet
  facet normal 0.4330126986125134 0.25000000259351884 0.8660254046756074
    outer loop
      vertex 8 3.4641015529632568 0
      vertex 7.65625 1.8944305181503296 0.625
      vertex 9 1.7320507764816284 0
    endloop
  endfacet
  facet normal 0.43301270227571542 0.24999999667882605 0.86602540455143084
    outer loop
      vertex 6.5625 1.6237976551055908 1.25
      vertex 7.5 0 1.25
      vertex 8.75 0 0.625
    endloop
  endfacet
  facet normal 0.43301271135832847 0.25000001241037301 0.86602539546881807
    outer loop
      vertex 6.5625 1.6237976551055908 1.25
      vertex 8.75 0 0.625
      vertex 7.65625 1.8944305181503296 0.625
    endloop
  endfacet
  facet normal 0.43301269858590413 0.25000000503621017 0.86602540398376782
    outer loop
      vertex 9 1.7320507764816284 0
      vertex 7.65625 1.8944305181503296 0.625
      vertex 8.75 0 0.625
    endloop
  endfacet
  facet normal 0.43301276138365891 0.25000002162807655 0.86602536779522798
    outer loop
      vertex 5.46875 5.6832919120788574 0.625
      vertex 7 5.1961522102355957 0
      vertex 6 6.9282031059265137 0
    endloop
  endfacet
  facet normal 0.43301266601623478 0.24999989774218764 0.86602545124171038
    outer loop
      vertex 4.375 7.5777220726013184 0.625
      vertex 6 6.9282031059265137 0
      vertex 5 8.6602544784545898 0
    endloop
  endfacet
  facet normal 0.43301270624935867 0.25000005665535896 0.86602538525087358
    outer loop
      vertex 5.46875 5.6832919120788574 0.625
      vertex 4.375 7.5777220726013184 0.625
      vertex 3.75 6.4951906204223633 1.25
    endloop
  endfacet
  facet normal 0.43301267048657777 0.24999994161842665 0.86602543634056484
    outer loop
      vertex 5.46875 5.6832919120788574 0.625
      vertex 3.75 6.4951906204223633 1.25
      vertex 4.6875 4.8713927268981934 1.25
    endloop
  endfacet
  facet normal 0.43301270420577043 0.25000005547549253 0.86602538661326589
    outer loop
      vertex 6 6.9282031059265137 0
      vertex 4.375 7.5777220726013184 0.625
      vertex 5.46875 5.6832919120788574 0.625
    endloop
  endfacet
  facet normal 0.43301275631725739 0.24999999117278465 0.86602537912011512
    outer loop
      vertex 7 5.1961522102355957 0
      vertex 5.46875 5.6832919120788574 0.625
      vertex 6.5625 3.7888610363006592 0.625
    endloop
  endfacet
  facet normal 0.43301269730866127 0.25000001904711988 0.86602540057778743
    outer loop
      vertex 6.5625 3.7888610363006592 0.625
      vertex 8 3.4641015529632568 0
      vertex 7 5.1961522102355957 0
    endloop
  endfacet
  facet normal 0.43301269631525113 0.24999999323755043 0.86602540852507381
    outer loop
      vertex 7.5 0 1.25
      vertex 6.5625 1.6237976551055908 1.25
      vertex 5.46875 1.3531646728515625 1.875
    endloop
  endfacet
  facet normal 0.43301270148098686 0.25000000356137758 0.86602540296197372
    outer loop
      vertex 7.5 0 1.25
      vertex 5.46875 1.3531646728515625 1.875
      vertex 6.25 0 1.875
    endloop
  endfacet
  facet normal 0.43301266647091557 0.25000002139644273 0.86602541531846844
    outer loop
      vertex 5.46875 1.3531646728515625 1.875
      vertex 4.1666665077209473 1.4433757066726685 2.5
      vertex 5 0 2.5
    endloop
  endfacet
  facet normal 0.43301270148098686 0.25000000356137758 0.86602540296197372
    outer loop
      vertex 5.46875 1.3531646728515625 1.875
      vertex 5 0 2.5
      vertex 6.25 0 1.875
    endloop
  endfacet
  facet normal 0.43301266853033027 0.24999998453730682 0.8660254249290773
    outer loop
      vertex 4.6875 2.706329345703125 1.875
      vertex 4.1666665077209473 1.4433757066726685 2.5
      vertex 5.46875 1.3531646728515625 1.875
    endloop
  endfacet
  facet normal 0.43301269752263066 0.24999996779859043 0.86602541526497856
    outer loop
      vertex 3.3333332538604736 2.8867514133453369 2.5
      vertex 4.1666665077209473 1.4433757066726685 2.5
      vertex 4.6875 2.706329345703125 1.875
    endloop
  endfacet
  facet normal 0.43301270624935745 0.24999996226607382 0.8660254124987149
    outer loop
      vertex 4.6875 4.8713927268981934 1.25
      vertex 3.75 6.4951906204223633 1.25
      vertex 3.125 5.41265869140625 1.875
    endloop
  endfacet
  facet normal 0.43301271578610218 0.2500000118204399 0.86602539342522988
    outer loop
      vertex 4.6875 4.8713927268981934 1.25
      vertex 3.125 5.41265869140625 1.875
      vertex 3.90625 4.0594940185546875 1.875
    endloop
  endfacet
  facet normal 0.43301278541081817 0.24999999789319921 0.8660253626333152
    outer loop
      vertex 3.125 5.41265869140625 1.875
      vertex 2.5 4.3301272392272949 2.5
      vertex 3.3333332538604736 2.8867514133453369 2.5
    endloop
  endfacet
  facet normal 0.43301269752263299 0.2500000012760209 0.86602540560087615
    outer loop
      vertex 3.125 5.41265869140625 1.875
      vertex 3.3333332538604736 2.8867514133453369 2.5
      vertex 3.90625 4.0594940185546875 1.875
    endloop
  endfacet
  facet normal 0.43301269752263305 0.2500000012760209 0.86602540560087615
    outer loop
      vertex 3.90625 4.0594940185546875 1.875
      vertex 3.3333332538604736 2.8867514133453369 2.5
      vertex 4.6875 2.706329345703125 1.875
    endloop
  endfacet
  facet normal -0 0.50000010480696455 0.86602534327410097
    outer loop
      vertex -8.3266726846886741e-17 6.4951906204223633 1.25
      vertex 1.875 6.4951906204223633 1.25
      vertex 2.1875 7.5777220726013184 0.625
    endloop
  endfacet
  facet normal 0 0.50000010480696466 0.86602534327410108
    outer loop
      vertex -8.3266726846886741e-17 6.4951906204223633 1.25
      vertex 2.1875 7.5777220726013184 0.625
      vertex 1.700029006457271e-16 7.5777220726013184 0.625
    endloop
  endfacet
  facet normal -0 0.50000010480696455 0.86602534327410097
    outer loop
      vertex -1.875 6.4951906204223633 1.25
      vertex -8.3266726846886741e-17 6.4951906204223633 1.25
      vertex 1.700029006457271e-16 7.5777220726013184 0.625
    endloop
  endfacet
  facet normal 0 0.50000010480696455 0.86602534327410097
    outer loop
      vertex -1.875 6.4951906204223633 1.25
      vertex 1.700029006457271e-16 7.5777220726013184 0.625
      vertex -2.1875 7.5777220726013184 0.625
    endloop
  endfacet
  facet normal 0 0.49999993962571537 0.86602543864154535
    outer loop
      vertex 1.1102230246251565e-16 5.41265869140625 1.875
      vertex 1.5625 5.41265869140625 1.875
      vertex 1.875 6.4951906204223633 1.25
    endloop
  endfacet
  facet normal 0 0.49999993962571537 0.86602543864154535
    outer loop
      vertex 1.1102230246251565e-16 5.41265869140625 1.875
      vertex 1.875 6.4951906204223633 1.25
      vertex -8.3266726846886741e-17 6.4951906204223633 1.25
    endloop
  endfacet
  facet normal -0 0.49999993962571537 0.86602543864154535
    outer loop
      vertex -1.5625 5.41265869140625 1.875
      vertex 1.1102230246251565e-16 5.41265869140625 1.875
      vertex -8.3266726846886741e-17 6.4951906204223633 1.25
    endloop
  endfacet
  facet normal 0 0.49999993962571537 0.86602543864154535
    outer loop
      vertex -1.5625 5.41265869140625 1.875
      vertex -8.3266726846886741e-17 6.4951906204223633 1.25
      vertex -1.875 6.4951906204223633 1.25
    endloop
  endfacet
  facet normal -0 0.49999977444455707 0.86602553400889515
    outer loop
      vertex 3 8.6602544784545898 0
      vertex 2.1875 7.5777220726013184 0.625
      vertex 4.375 7.5777220726013184 0.625
    endloop
  endfacet
  facet normal 0 0.49999977444455707 0.86602553400889515
    outer loop
      vertex 3 8.6602544784545898 0
      vertex 4.375 7.5777220726013184 0.625
      vertex 5 8.6602544784545898 0
    endloop
  endfacet
  facet normal -0 0.49999977444455707 0.86602553400889515
    outer loop
      vertex 1 8.6602544784545898 0
      vertex 1.700029006457271e-16 7.5777220726013184 0.625
      vertex 2.1875 7.5777220726013184 0.625
    endloop
  endfacet
  facet normal 0 0.49999977444455707 0.86602553400889515
    outer loop
      vertex 1 8.6602544784545898 0
      vertex 2.1875 7.5777220726013184 0.625
      vertex 3 8.6602544784545898 0
    endloop
  endfacet
  facet normal 0 0.50000010480696455 0.86602534327410097
    outer loop
      vertex 1.875 6.4951906204223633 1.25
      vertex 3.75 6.4951906204223633 1.25
      vertex 4.375 7.5777220726013184 0.625
    endloop
  endfacet
  facet normal 0 0.50000010480696455 0.86602534327410097
    outer loop
      vertex 1.875 6.4951906204223633 1.25
      vertex 4.375 7.5777220726013184 0.625
      vertex 2.1875 7.5777220726013184 0.625
    endloop
  endfacet
  facet normal 0 0.49999977444455707 0.86602553400889515
    outer loop
      vertex -3 8.6602544784545898 0
      vertex -2.1875 7.5777220726013184 0.625
      vertex 1.700029006457271e-16 7.5777220726013184 0.625
    endloop
  endfacet
  facet normal 0 0.49999977444455707 0.86602553400889515
    outer loop
      vertex -3 8.6602544784545898 0
      vertex 1.700029006457271e-16 7.5777220726013184 0.625
      vertex -1 8.6602544784545898 0
    endloop
  endfacet
  facet normal -2.4037037194249299e-17 0.49999977444455701 0.86602553400889515
    outer loop
      vertex -5 8.6602544784545898 0
      vertex -4.375 7.5777220726013184 0.625
      vertex -2.1875 7.5777220726013184 0.625
    endloop
  endfacet
  facet normal 0 0.49999977444455712 0.86602553400889515
    outer loop
      vertex -5 8.6602544784545898 0
      vertex -2.1875 7.5777220726013184 0.625
      vertex -3 8.6602544784545898 0
    endloop
  endfacet
  facet normal 0 0.50000010480696455 0.86602534327410097
    outer loop
      vertex -4.375 7.5777220726013184 0.625
      vertex -3.75 6.4951906204223633 1.25
      vertex -1.875 6.4951906204223633 1.25
    endloop
  endfacet
  facet normal 0 0.50000010480696455 0.86602534327410097
    outer loop
      vertex -4.375 7.5777220726013184 0.625
      vertex -1.875 6.4951906204223633 1.25
      vertex -2.1875 7.5777220726013184 0.625
    endloop
  endfacet
  facet normal 0 0.49999977444455707 0.86602553400889515
    outer loop
      vertex 1.700029006457271e-16 7.5777220726013184 0.625
      vertex 1 8.6602544784545898 0
      vertex -1 8.6602544784545898 0
    endloop
  endfacet
  facet normal 0 0.49999993962571532 0.86602543864154524
    outer loop
      vertex 3.75 6.4951906204223633 1.25
      vertex 1.875 6.4951906204223633 1.25
      vertex 1.5625 5.41265869140625 1.875
    endloop
  endfacet
  facet normal -0 0.49999993962571532 0.86602543864154524
    outer loop
      vertex 3.75 6.4951906204223633 1.25
      vertex 1.5625 5.41265869140625 1.875
      vertex 3.125 5.41265869140625 1.875
    endloop
  endfacet
  facet normal -0 0.50000010480696455 0.86602534327410097
    outer loop
      vertex 1.5625 5.41265869140625 1.875
      vertex 0.83333331346511841 4.3301272392272949 2.5
      vertex 2.5 4.3301272392272949 2.5
    endloop
  endfacet
  facet normal 0 0.50000010480696455 0.86602534327410097
    outer loop
      vertex 1.5625 5.41265869140625 1.875
      vertex 2.5 4.3301272392272949 2.5
      vertex 3.125 5.41265869140625 1.875
    endloop
  endfacet
  facet normal 0 0.50000010480696455 0.86602534327410097
    outer loop
      vertex 1.1102230246251565e-16 5.41265869140625 1.875
      vertex 0.83333331346511841 4.3301272392272949 2.5
      vertex 1.5625 5.41265869140625 1.875
    endloop
  endfacet
  facet normal -0 0.50000010480696466 0.86602534327410119
    outer loop
      vertex -0.83333331346511841 4.3301272392272949 2.5
      vertex 0.83333331346511841 4.3301272392272949 2.5
      vertex 1.1102230246251565e-16 5.41265869140625 1.875
    endloop
  endfacet
  facet normal -0 0.49999993962571532 0.86602543864154524
    outer loop
      vertex -3.75 6.4951906204223633 1.25
      vertex -3.125 5.41265869140625 1.875
      vertex -1.5625 5.41265869140625 1.875
    endloop
  endfacet
  facet normal 0 0.49999993962571532 0.86602543864154524
    outer loop
      vertex -3.75 6.4951906204223633 1.25
      vertex -1.5625 5.41265869140625 1.875
      vertex -1.875 6.4951906204223633 1.25
    endloop
  endfacet
  facet normal 0 0.50000010480696455 0.86602534327410097
    outer loop
      vertex -3.125 5.41265869140625 1.875
      vertex -2.5 4.3301272392272949 2.5
      vertex -0.83333331346511841 4.3301272392272949 2.5
    endloop
  endfacet
  facet normal 0 0.50000010480696455 0.86602534327410097
    outer loop
      vertex -3.125 5.41265869140625 1.875
      vertex -0.83333331346511841 4.3301272392272949 2.5
      vertex -1.5625 5.41265869140625 1.875
    endloop
  endfacet
  facet normal 0 0.50000010480696455 0.86602534327410097
    outer loop
      vertex -1.5625 5.41265869140625 1.875
      vertex -0.83333331346511841 4.3301272392272949 2.5
      vertex 1.1102230246251565e-16 5.41265869140625 1.875
    endloop
  endfacet
  facet normal -0.43301262677650021 0.24999998979627397 0.86602544428785588
    outer loop
      vertex -5.625 3.2475953102111816 1.25
      vertex -4.6875 4.8713927268981934 1.25
      vertex -5.46875 5.6832919120788574 0.625
    endloop
  endfacet
  facet normal -0.43301274201214207 0.2499999829137238 0.86602538865685896
    outer loop
      vertex -5.625 3.2475953102111816 1.25
      vertex -5.46875 5.6832919120788574 0.625
      vertex -6.5625 3.7888610363006592 0.625
    endloop
  endfacet
  facet normal -0.43301272611757419 0.25000001044392944 0.86602538865685796
    outer loop
      vertex -6.5625 1.6237976551055908 1.25
      vertex -5.625 3.2475953102111816 1.25
      vertex -6.5625 3.7888610363006592 0.625
    endloop
  endfacet
  facet normal -0.43301271135832847 0.25000001241037301 0.86602539546881807
    outer loop
      vertex -6.5625 1.6237976551055908 1.25
      vertex -6.5625 3.7888610363006592 0.625
      vertex -7.65625 1.8944305181503296 0.625
    endloop
  endfacet
  facet normal -0.43301271578610218 0.2500000118204399 0.86602539342522988
    outer loop
      vertex -4.6875 2.706329345703125 1.875
      vertex -3.90625 4.0594940185546875 1.875
      vertex -4.6875 4.8713927268981934 1.25
    endloop
  endfacet
  facet normal -0.43301267446021247 0.25000001732648175 0.86602541249871712
    outer loop
      vertex -4.6875 2.706329345703125 1.875
      vertex -4.6875 4.8713927268981934 1.25
      vertex -5.625 3.2475953102111816 1.25
    endloop
  endfacet
  facet normal -0.43301268717587227 0.24999999530231576 0.86602541249871656
    outer loop
      vertex -5.46875 1.3531646728515625 1.875
      vertex -4.6875 2.706329345703125 1.875
      vertex -5.625 3.2475953102111816 1.25
    endloop
  endfacet
  facet normal -0.43301269631525113 0.24999999323755043 0.86602540852507381
    outer loop
      vertex -5.46875 1.3531646728515625 1.875
      vertex -5.625 3.2475953102111816 1.25
      vertex -6.5625 1.6237976551055908 1.25
    endloop
  endfacet
  facet normal -0.43301266601623478 0.24999989774218764 0.86602545124171038
    outer loop
      vertex -4.375 7.5777220726013184 0.625
      vertex -5 8.6602544784545898 0
      vertex -6 6.9282031059265137 0
    endloop
  endfacet
  facet normal -0.43301275631725739 0.24999999117278465 0.86602537912011512
    outer loop
      vertex -7 5.1961522102355957 0
      vertex -6.5625 3.7888610363006592 0.625
      vertex -5.46875 5.6832919120788574 0.625
    endloop
  endfacet
  facet normal -0.43301276138365891 0.25000002162807655 0.86602536779522798
    outer loop
      vertex -7 5.1961522102355957 0
      vertex -5.46875 5.6832919120788574 0.625
      vertex -6 6.9282031059265137 0
    endloop
  endfacet
  facet normal -0.4330127777749318 0.25000000356137675 0.86602536481499748
    outer loop
      vertex -4.6875 4.8713927268981934 1.25
      vertex -3.75 6.4951906204223633 1.25
      vertex -4.375 7.5777220726013184 0.625
    endloop
  endfacet
  facet normal -0.43301261428790322 0.25000000356137642 0.86602544655851044
    outer loop
      vertex -4.6875 4.8713927268981934 1.25
      vertex -4.375 7.5777220726013184 0.625
      vertex -5.46875 5.6832919120788574 0.625
    endloop
  endfacet
  facet normal -0.43301270420577043 0.25000005547549253 0.86602538661326589
    outer loop
      vertex -6 6.9282031059265137 0
      vertex -5.46875 5.6832919120788574 0.625
      vertex -4.375 7.5777220726013184 0.625
    endloop
  endfacet
  facet normal -0.43301269858590413 0.25000000503621017 0.86602540398376782
    outer loop
      vertex -9 1.7320507764816284 0
      vertex -7.65625 1.8944305181503296 0.625
      vertex -6.5625 3.7888610363006592 0.625
    endloop
  endfacet
  facet normal -0.43301269581854551 0.25000000098042069 0.86602540653825233
    outer loop
      vertex -9 1.7320507764816284 0
      vertex -6.5625 3.7888610363006592 0.625
      vertex -8 3.4641015529632568 0
    endloop
  endfacet
  facet normal -0.43301270140648096 0.25000000420661694 0.86602540281296192
    outer loop
      vertex -8.75 1.071565923220128e-15 0.625
      vertex -9 1.7320507764816284 0
      vertex -10 1.2246467996456087e-15 0
    endloop
  endfacet
  facet normal -0.43301270114038887 0.25000000651104282 0.86602540228077785
    outer loop
      vertex -7.65625 1.8944305181503296 0.625
      vertex -8.75 1.071565923220128e-15 0.625
      vertex -7.5 9.1848504679464728e-16 1.25
    endloop
  endfacet
  facet normal -0.4330127141966445 0.25000000356137769 0.86602539660414468
    outer loop
      vertex -7.65625 1.8944305181503296 0.625
      vertex -7.5 9.1848504679464728e-16 1.25
      vertex -6.5625 1.6237976551055908 1.25
    endloop
  endfacet
  facet normal -0.43301269858590402 0.25000000503621028 0.86602540398376759
    outer loop
      vertex -9 1.7320507764816284 0
      vertex -8.75 1.071565923220128e-15 0.625
      vertex -7.65625 1.8944305181503296 0.625
    endloop
  endfacet
  facet normal -0.43301269730866127 0.25000001904711988 0.86602540057778743
    outer loop
      vertex -6.5625 3.7888610363006592 0.625
      vertex -7 5.1961522102355957 0
      vertex -8 3.4641015529632568 0
    endloop
  endfacet
  facet normal -0.43301274201214207 0.2499999829137238 0.86602538865685896
    outer loop
      vertex -3.75 6.4951906204223633 1.25
      vertex -4.6875 4.8713927268981934 1.25
      vertex -3.90625 4.0594940185546875 1.875
    endloop
  endfacet
  facet normal -0.43301267287075856 0.24999998704325435 0.86602542203545851
    outer loop
      vertex -3.75 6.4951906204223633 1.25
      vertex -3.90625 4.0594940185546875 1.875
      vertex -3.125 5.41265869140625 1.875
    endloop
  endfacet
  facet normal -0.43301274146671981 0.24999997252206727 0.86602539192938288
    outer loop
      vertex -3.90625 4.0594940185546875 1.875
      vertex -3.3333332538604736 2.8867514133453369 2.5
      vertex -2.5 4.3301272392272949 2.5
    endloop
  endfacet
  facet normal -0.43301274439633514 0.25000002833856588 0.86602537435173943
    outer loop
      vertex -3.90625 4.0594940185546875 1.875
      vertex -2.5 4.3301272392272949 2.5
      vertex -3.125 5.41265869140625 1.875
    endloop
  endfacet
  facet normal -0.43301269752263305 0.2500000012760209 0.86602540560087615
    outer loop
      vertex -4.6875 2.706329345703125 1.875
      vertex -3.3333332538604736 2.8867514133453369 2.5
      vertex -3.90625 4.0594940185546875 1.875
    endloop
  endfacet
  facet normal -0.43301269752263066 0.24999996779859043 0.86602541526497856
    outer loop
      vertex -4.1666665077209473 1.4433757066726685 2.5
      vertex -3.3333332538604736 2.8867514133453369 2.5
      vertex -4.6875 2.706329345703125 1.875
    endloop
  endfacet
  facet normal -0.43301270227571542 0.24999999667882614 0.86602540455143084
    outer loop
      vertex -6.5625 1.6237976551055908 1.25
      vertex -7.5 9.1848504679464728e-16 1.25
      vertex -6.25 7.6540422330872581e-16 1.875
    endloop
  endfacet
  facet normal -0.43301269432842948 0.24999999943184673 0.86602540773034531
    outer loop
      vertex -6.5625 1.6237976551055908 1.25
      vertex -6.25 7.6540422330872581e-16 1.875
      vertex -5.46875 1.3531646728515625 1.875
    endloop
  endfacet
  facet normal -0.4330126973621542 0.25000003923151076 0.86602539472430851
    outer loop
      vertex -6.25 7.6540422330872581e-16 1.875
      vertex -5 6.1232339982280433e-16 2.5
      vertex -4.1666665077209473 1.4433757066726685 2.5
    endloop
  endfacet
  facet normal -0.43301266853033016 0.24999998453730693 0.86602542492907708
    outer loop
      vertex -6.25 7.6540422330872581e-16 1.875
      vertex -4.1666665077209473 1.4433757066726685 2.5
      vertex -5.46875 1.3531646728515625 1.875
    endloop
  endfacet
  facet normal -0.43301266853033027 0.24999998453730682 0.8660254249290773
    outer loop
      vertex -5.46875 1.3531646728515625 1.875
      vertex -4.1666665077209473 1.4433757066726685 2.5
      vertex -4.6875 2.706329345703125 1.875
    endloop
  endfacet
  facet normal -0.43301271419664455 -0.25000000356137758 0.86602539660414479
    outer loop
      vertex -5.625 -3.2475953102111816 1.25
      vertex -6.5625 -1.6237976551055908 1.25
      vertex -7.65625 -1.8944305181503296 0.625
    endloop
  endfacet
  facet normal -0.43301272157626836 -0.25000001830970348 0.86602538865685741
    outer loop
      vertex -5.625 -3.2475953102111816 1.25
      vertex -7.65625 -1.8944305181503296 0.625
      vertex -6.5625 -3.7888610363006592 0.625
    endloop
  endfacet
  facet normal -0.43301271022300231 -0.25000003797414083 0.86602538865685597
    outer loop
      vertex -4.6875 -4.8713927268981934 1.25
      vertex -5.625 -3.2475953102111816 1.25
      vertex -6.5625 -3.7888610363006592 0.625
    endloop
  endfacet
  facet normal -0.43301267048657771 -0.24999994161842662 0.86602543634056484
    outer loop
      vertex -4.6875 -4.8713927268981934 1.25
      vertex -6.5625 -3.7888610363006592 0.625
      vertex -5.46875 -5.6832919120788574 0.625
    endloop
  endfacet
  facet normal -0.43301269432842948 -0.24999999943184661 0.86602540773034531
    outer loop
      vertex -4.6875 -2.706329345703125 1.875
      vertex -5.46875 -1.3531646728515625 1.875
      vertex -6.5625 -1.6237976551055908 1.25
    endloop
  endfacet
  facet normal -0.4330126903547869 -0.24999998979627486 0.86602541249871645
    outer loop
      vertex -4.6875 -2.706329345703125 1.875
      vertex -6.5625 -1.6237976551055908 1.25
      vertex -5.625 -3.2475953102111816 1.25
    endloop
  endfacet
  facet normal -0.43301268717587232 -0.24999999530231576 0.86602541249871656
    outer loop
      vertex -3.90625 -4.0594940185546875 1.875
      vertex -4.6875 -2.706329345703125 1.875
      vertex -5.625 -3.2475953102111816 1.25
    endloop
  endfacet
  facet normal -0.43301269830207173 -0.25000003109158742 0.86602539660414346
    outer loop
      vertex -3.90625 -4.0594940185546875 1.875
      vertex -5.625 -3.2475953102111816 1.25
      vertex -4.6875 -4.8713927268981934 1.25
    endloop
  endfacet
  facet normal -0.43301270140648107 -0.25000000420661661 0.86602540281296214
    outer loop
      vertex -8.75 1.071565923220128e-15 0.625
      vertex -10 1.2246467996456087e-15 0
      vertex -9 -1.7320507764816284 0
    endloop
  endfacet
  facet normal -0.43301269603141923 -0.25000000356137758 0.86602540568675745
    outer loop
      vertex -8 -3.4641015529632568 0
      vertex -6.5625 -3.7888610363006592 0.625
      vertex -7.65625 -1.8944305181503296 0.625
    endloop
  endfacet
  facet normal -0.4330126986125134 -0.25000000259351884 0.8660254046756074
    outer loop
      vertex -8 -3.4641015529632568 0
      vertex -7.65625 -1.8944305181503296 0.625
      vertex -9 -1.7320507764816284 0
    endloop
  endfacet
  facet normal -0.43301270227571548 -0.24999999667882594 0.86602540455143096
    outer loop
      vertex -6.5625 -1.6237976551055908 1.25
      vertex -7.5 9.1848504679464728e-16 1.25
      vertex -8.75 1.071565923220128e-15 0.625
    endloop
  endfacet
  facet normal -0.43301271135832853 -0.2500000124103729 0.86602539546881796
    outer loop
      vertex -6.5625 -1.6237976551055908 1.25
      vertex -8.75 1.071565923220128e-15 0.625
      vertex -7.65625 -1.8944305181503296 0.625
    endloop
  endfacet
  facet normal -0.43301269858590408 -0.25000000503621 0.86602540398376759
    outer loop
      vertex -9 -1.7320507764816284 0
      vertex -7.65625 -1.8944305181503296 0.625
      vertex -8.75 1.071565923220128e-15 0.625
    endloop
  endfacet
  facet normal -0.43301278492749012 -0.25000000769090758 0.86602536004662423
    outer loop
      vertex -6 -6.9282031059265137 0
      vertex -5.46875 -5.6832919120788574 0.625
      vertex -6.5625 -3.7888610363006592 0.625
    endloop
  endfacet
  facet normal -0.43301273009121655 -0.25000000356137747 0.8660253886568583
    outer loop
      vertex -6 -6.9282031059265137 0
      vertex -6.5625 -3.7888610363006592 0.625
      vertex -7 -5.1961522102355957 0
    endloop
  endfacet
  facet normal -0.43301266601623478 -0.24999989774218764 0.86602545124171038
    outer loop
      vertex -4.375 -7.5777220726013184 0.625
      vertex -6 -6.9282031059265137 0
      vertex -5 -8.6602544784545898 0
    endloop
  endfacet
  facet normal -0.43301270624935867 -0.25000005665535896 0.86602538525087358
    outer loop
      vertex -5.46875 -5.6832919120788574 0.625
      vertex -4.375 -7.5777220726013184 0.625
      vertex -3.75 -6.4951906204223633 1.25
    endloop
  endfacet
  facet normal -0.43301267048657777 -0.24999994161842665 0.86602543634056484
    outer loop
      vertex -5.46875 -5.6832919120788574 0.625
      vertex -3.75 -6.4951906204223633 1.25
      vertex -4.6875 -4.8713927268981934 1.25
    endloop
  endfacet
  facet normal -0.43301270420577043 -0.25000005547549253 0.86602538661326589
    outer loop
      vertex -6 -6.9282031059265137 0
      vertex -4.375 -7.5777220726013184 0.625
      vertex -5.46875 -5.6832919120788574 0.625
    endloop
  endfacet
  facet normal -0.43301269730866127 -0.25000001904711988 0.86602540057778743
    outer loop
      vertex -6.5625 -3.7888610363006592 0.625
      vertex -8 -3.4641015529632568 0
      vertex -7 -5.1961522102355957 0
    endloop
  endfacet
  facet normal -0.43301269631525119 -0.24999999323755032 0.86602540852507381
    outer loop
      vertex -7.5 9.1848504679464728e-16 1.25
      vertex -6.5625 -1.6237976551055908 1.25
      vertex -5.46875 -1.3531646728515625 1.875
    endloop
  endfacet
  facet normal -0.43301270148098686 -0.25000000356137747 0.86602540296197372
    outer loop
      vertex -7.5 9.1848504679464728e-16 1.25
      vertex -5.46875 -1.3531646728515625 1.875
      vertex -6.25 7.6540422330872581e-16 1.875
    endloop
  endfacet
  facet normal -0.43301266647091563 -0.25000002139644262 0.86602541531846844
    outer loop
      vertex -5.46875 -1.3531646728515625 1.875
      vertex -4.1666665077209473 -1.4433757066726685 2.5
      vertex -5 6.1232339982280433e-16 2.5
    endloop
  endfacet
  facet normal -0.43301270148098686 -0.25000000356137753 0.86602540296197372
    outer loop
      vertex -5.46875 -1.3531646728515625 1.875
      vertex -5 6.1232339982280433e-16 2.5
      vertex -6.25 7.6540422330872581e-16 1.875
    endloop
  endfacet
  facet normal -0.43301266853033027 -0.24999998453730682 0.8660254249290773
    outer loop
      vertex -4.6875 -2.706329345703125 1.875
      vertex -4.1666665077209473 -1.4433757066726685 2.5
      vertex -5.46875 -1.3531646728515625 1.875
    endloop
  endfacet
  facet normal -0.43301266853033016 -0.24999998453730682 0.86602542492907708
    outer loop
      vertex -4.1666665077209473 -1.4433757066726685 2.5
      vertex -4.6875 -2.706329345703125 1.875
      vertex -3.90625 -4.0594940185546875 1.875
    endloop
  endfacet
  facet normal -0.4330127247029168 -0.24999998349113409 0.86602539714478843
    outer loop
      vertex -4.1666665077209473 -1.4433757066726685 2.5
      vertex -3.90625 -4.0594940185546875 1.875
      vertex -3.3333332538604736 -2.8867514133453369 2.5
    endloop
  endfacet
  facet normal -0.43301270624935745 -0.24999996226607382 0.8660254124987149
    outer loop
      vertex -4.6875 -4.8713927268981934 1.25
      vertex -3.75 -6.4951906204223633 1.25
      vertex -3.125 -5.41265869140625 1.875
    endloop
  endfacet
  facet normal -0.43301271578610218 -0.2500000118204399 0.86602539342522988
    outer loop
      vertex -4.6875 -4.8713927268981934 1.25
      vertex -3.125 -5.41265869140625 1.875
      vertex -3.90625 -4.0594940185546875 1.875
    endloop
  endfacet
  facet normal -0.43301278541081817 -0.24999999789319921 0.8660253626333152
    outer loop
      vertex -3.125 -5.41265869140625 1.875
      vertex -2.5 -4.3301272392272949 2.5
      vertex -3.3333332538604736 -2.8867514133453369 2.5
    endloop
  endfacet
  facet normal -0.43301269752263299 -0.2500000012760209 0.86602540560087615
    outer loop
      vertex -3.125 -5.41265869140625 1.875
      vertex -3.3333332538604736 -2.8867514133453369 2.5
      vertex -3.90625 -4.0594940185546875 1.875
    endloop
  endfacet
  facet normal 0 -0.50000010480696455 0.86602534327410086
    outer loop
      vertex -4.3576253716537394e-15 -6.4951906204223633 1.25
      vertex -1.875 -6.4951906204223633 1.25
      vertex -2.1875 -7.5777220726013184 0.625
    endloop
  endfacet
  facet normal 0 -0.50000010480696455 0.86602534327410097
    outer loop
      vertex -4.3576253716537394e-15 -6.4951906204223633 1.25
      vertex -2.1875 -7.5777220726013184 0.625
      vertex -5.0411064211886014e-15 -7.5777220726013184 0.625
    endloop
  endfacet
  facet normal 0 -0.50000010480696455 0.86602534327410097
    outer loop
      vertex 1.875 -6.4951906204223633 1.25
      vertex -4.3576253716537394e-15 -6.4951906204223633 1.25
      vertex -5.0411064211886014e-15 -7.5777220726013184 0.625
    endloop
  endfacet
  facet normal -0 -0.50000010480696455 0.86602534327410097
    outer loop
      vertex 1.875 -6.4951906204223633 1.25
      vertex -5.0411064211886014e-15 -7.5777220726013184 0.625
      vertex 2.1875 -7.5777220726013184 0.625
    endloop
  endfacet
  facet normal 0 -0.49999993962571532 0.86602543864154535
    outer loop
      vertex -3.7747582837255322e-15 -5.41265869140625 1.875
      vertex -1.5625 -5.41265869140625 1.875
      vertex -1.875 -6.4951906204223633 1.25
    endloop
  endfacet
  facet normal 0 -0.49999993962571537 0.86602543864154524
    outer loop
      vertex -3.7747582837255322e-15 -5.41265869140625 1.875
      vertex -1.875 -6.4951906204223633 1.25
      vertex -4.3576253716537394e-15 -6.4951906204223633 1.25
    endloop
  endfacet
  facet normal 0 -0.49999993962571537 0.86602543864154535
    outer loop
      vertex 1.5625 -5.41265869140625 1.875
      vertex -3.7747582837255322e-15 -5.41265869140625 1.875
      vertex -4.3576253716537394e-15 -6.4951906204223633 1.25
    endloop
  endfacet
  facet normal -0 -0.49999993962571537 0.86602543864154535
    outer loop
      vertex 1.5625 -5.41265869140625 1.875
      vertex -4.3576253716537394e-15 -6.4951906204223633 1.25
      vertex 1.875 -6.4951906204223633 1.25
    endloop
  endfacet
  facet normal 0 -0.49999977444455707 0.86602553400889515
    outer loop
      vertex -3 -8.6602544784545898 0
      vertex -2.1875 -7.5777220726013184 0.625
      vertex -4.375 -7.5777220726013184 0.625
    endloop
  endfacet
  facet normal -0 -0.49999977444455707 0.86602553400889515
    outer loop
      vertex -3 -8.6602544784545898 0
      vertex -4.375 -7.5777220726013184 0.625
      vertex -5 -8.6602544784545898 0
    endloop
  endfacet
  facet normal 0 -0.49999977444455707 0.86602553400889515
    outer loop
      vertex -1 -8.6602544784545898 0
      vertex -5.0411064211886014e-15 -7.5777220726013184 0.625
      vertex -2.1875 -7.5777220726013184 0.625
    endloop
  endfacet
  facet normal -0 -0.49999977444455707 0.86602553400889515
    outer loop
      vertex -1 -8.6602544784545898 0
      vertex -2.1875 -7.5777220726013184 0.625
      vertex -3 -8.6602544784545898 0
    endloop
  endfacet
  facet normal 0 -0.50000010480696455 0.86602534327410097
    outer loop
      vertex -2.1875 -7.5777220726013184 0.625
      vertex -1.875 -6.4951906204223633 1.25
      vertex -3.75 -6.4951906204223633 1.25
    endloop
  endfacet
  facet normal -0 -0.50000010480696455 0.86602534327410097
    outer loop
      vertex -2.1875 -7.5777220726013184 0.625
      vertex -3.75 -6.4951906204223633 1.25
      vertex -4.375 -7.5777220726013184 0.625
    endloop
  endfacet
  facet normal 0 -0.49999977444455707 0.86602553400889515
    outer loop
      vertex 3 -8.6602544784545898 0
      vertex 2.1875 -7.5777220726013184 0.625
      vertex -5.0411064211886014e-15 -7.5777220726013184 0.625
    endloop
  endfacet
  facet normal 0 -0.49999977444455707 0.86602553400889515
    outer loop
      vertex 3 -8.6602544784545898 0
      vertex -5.0411064211886014e-15 -7.5777220726013184 0.625
      vertex 1 -8.6602544784545898 0
    endloop
  endfacet
  facet normal 2.4037037194249299e-17 -0.49999977444455701 0.86602553400889515
    outer loop
      vertex 5 -8.6602544784545898 0
      vertex 4.375 -7.5777220726013184 0.625
      vertex 2.1875 -7.5777220726013184 0.625
    endloop
  endfacet
  facet normal 0 -0.49999977444455712 0.86602553400889515
    outer loop
      vertex 5 -8.6602544784545898 0
      vertex 2.1875 -7.5777220726013184 0.625
      vertex 3 -8.6602544784545898 0
    endloop
  endfacet
  facet normal 0 -0.50000010480696455 0.86602534327410097
    outer loop
      vertex 4.375 -7.5777220726013184 0.625
      vertex 3.75 -6.4951906204223633 1.25
      vertex 1.875 -6.4951906204223633 1.25
    endloop
  endfacet
  facet normal 0 -0.50000010480696455 0.86602534327410097
    outer loop
      vertex 4.375 -7.5777220726013184 0.625
      vertex 1.875 -6.4951906204223633 1.25
      vertex 2.1875 -7.5777220726013184 0.625
    endloop
  endfacet
  facet normal -0 -0.49999977444455707 0.86602553400889515
    outer loop
      vertex -5.0411064211886014e-15 -7.5777220726013184 0.625
      vertex -1 -8.6602544784545898 0
      vertex 1 -8.6602544784545898 0
    endloop
  endfacet
  facet normal -0 -0.49999993962571537 0.86602543864154535
    outer loop
      vertex -3.125 -5.41265869140625 1.875
      vertex -3.75 -6.4951906204223633 1.25
      vertex -1.875 -6.4951906204223633 1.25
    endloop
  endfacet
  facet normal 0 -0.49999993962571537 0.86602543864154535
    outer loop
      vertex -3.125 -5.41265869140625 1.875
      vertex -1.875 -6.4951906204223633 1.25
      vertex -1.5625 -5.41265869140625 1.875
    endloop
  endfacet
  facet normal 0 -0.50000010480696455 0.86602534327410097
    outer loop
      vertex -1.5625 -5.41265869140625 1.875
      vertex -0.83333331346511841 -4.3301272392272949 2.5
      vertex -2.5 -4.3301272392272949 2.5
    endloop
  endfacet
  facet normal -0 -0.50000010480696455 0.86602534327410097
    outer loop
      vertex -1.5625 -5.41265869140625 1.875
      vertex -2.5 -4.3301272392272949 2.5
      vertex -3.125 -5.41265869140625 1.875
    endloop
  endfacet
  facet normal -0 -0.50000010480696455 0.86602534327410097
    outer loop
      vertex -3.7747582837255322e-15 -5.41265869140625 1.875
      vertex -0.83333331346511841 -4.3301272392272949 2.5
      vertex -1.5625 -5.41265869140625 1.875
    endloop
  endfacet
  facet normal 0 -0.50000010480696466 0.86602534327410119
    outer loop
      vertex 0.83333331346511841 -4.3301272392272949 2.5
      vertex -0.83333331346511841 -4.3301272392272949 2.5
      vertex -3.7747582837255322e-15 -5.41265869140625 1.875
    endloop
  endfacet
  facet normal 0 -0.49999993962571532 0.86602543864154524
    outer loop
      vertex 3.75 -6.4951906204223633 1.25
      vertex 3.125 -5.41265869140625 1.875
      vertex 1.5625 -5.41265869140625 1.875
    endloop
  endfacet
  facet normal 0 -0.49999993962571532 0.86602543864154524
    outer loop
      vertex 3.75 -6.4951906204223633 1.25
      vertex 1.5625 -5.41265869140625 1.875
      vertex 1.875 -6.4951906204223633 1.25
    endloop
  endfacet
  facet normal 0 -0.50000010480696455 0.86602534327410097
    outer loop
      vertex 3.125 -5.41265869140625 1.875
      vertex 2.5 -4.3301272392272949 2.5
      vertex 0.83333331346511841 -4.3301272392272949 2.5
    endloop
  endfacet
  facet normal 0 -0.50000010480696455 0.86602534327410097
    outer loop
      vertex 3.125 -5.41265869140625 1.875
      vertex 0.83333331346511841 -4.3301272392272949 2.5
      vertex 1.5625 -5.41265869140625 1.875
    endloop
  endfacet
  facet normal -0 -0.50000010480696455 0.86602534327410097
    outer loop
      vertex 1.5625 -5.41265869140625 1.875
      vertex 0.83333331346511841 -4.3301272392272949 2.5
      vertex -3.7747582837255322e-15 -5.41265869140625 1.875
    endloop
  endfacet
  facet normal 0 0 1
    outer loop
      vertex 3.3306690738754696e-16 1.4433757066726685 2.5
      vertex 5.5511151231257827e-16 2.8867514133453369 2.5
      vertex -1.6666666269302368 2.8867514133453369 2.5
    endloop
  endfacet
  facet normal -0 -0 1
    outer loop
      vertex 3.3306690738754696e-16 1.4433757066726685 2.5
      vertex -1.6666666269302368 2.8867514133453369 2.5
      vertex -2.0833332538604736 1.4433757066726685 2.5
    endloop
  endfacet
  facet normal -0 -0 1
    outer loop
      vertex 2.0833332538604736 1.4433757066726685 2.5
      vertex 1.6666666269302368 2.8867514133453369 2.5
      vertex 5.5511151231257827e-16 2.8867514133453369 2.5
    endloop
  endfacet
  facet normal 0 -0 1
    outer loop
      vertex 2.0833332538604736 1.4433757066726685 2.5
      vertex 5.5511151231257827e-16 2.8867514133453369 2.5
      vertex 3.3306690738754696e-16 1.4433757066726685 2.5
    endloop
  endfacet
  facet normal 0 0 1
    outer loop
      vertex -1.6666666269302368 2.8867514133453369 2.5
      vertex -0.83333331346511841 4.3301272392272949 2.5
      vertex -2.5 4.3301272392272949 2.5
    endloop
  endfacet
  facet normal 0 0 1
    outer loop
      vertex -2.0833332538604736 1.4433757066726685 2.5
      vertex -1.6666666269302368 2.8867514133453369 2.5
      vertex -3.3333332538604736 2.8867514133453369 2.5
    endloop
  endfacet
  facet normal -0 -0 1
    outer loop
      vertex -2.0833332538604736 1.4433757066726685 2.5
      vertex -3.3333332538604736 2.8867514133453369 2.5
      vertex -4.1666665077209473 1.4433757066726685 2.5
    endloop
  endfacet
  facet normal -0 -0 1
    outer loop
      vertex -2.5 4.3301272392272949 2.5
      vertex -3.3333332538604736 2.8867514133453369 2.5
      vertex -1.6666666269302368 2.8867514133453369 2.5
    endloop
  endfacet
  facet normal -0 -0 1
    outer loop
      vertex 5.5511151231257827e-16 2.8867514133453369 2.5
      vertex -0.83333331346511841 4.3301272392272949 2.5
      vertex -1.6666666269302368 2.8867514133453369 2.5
    endloop
  endfacet
  facet normal 0 0 1
    outer loop
      vertex 1.6666666269302368 2.8867514133453369 2.5
      vertex 2.5 4.3301272392272949 2.5
      vertex 0.83333331346511841 4.3301272392272949 2.5
    endloop
  endfacet
  facet normal 0 0 1
    outer loop
      vertex 1.6666666269302368 2.8867514133453369 2.5
      vertex 2.0833332538604736 1.4433757066726685 2.5
      vertex 4.1666665077209473 1.4433757066726685 2.5
    endloop
  endfacet
  facet normal 0 0 1
    outer loop
      vertex 1.6666666269302368 2.8867514133453369 2.5
      vertex 4.1666665077209473 1.4433757066726685 2.5
      vertex 3.3333332538604736 2.8867514133453369 2.5
    endloop
  endfacet
  facet normal -0 -0 1
    outer loop
      vertex 2.5 4.3301272392272949 2.5
      vertex 1.6666666269302368 2.8867514133453369 2.5
      vertex 3.3333332538604736 2.8867514133453369 2.5
    endloop
  endfacet
  facet normal -0 -0 1
    outer loop
      vertex 0.83333331346511841 4.3301272392272949 2.5
      vertex 5.5511151231257827e-16 2.8867514133453369 2.5
      vertex 1.6666666269302368 2.8867514133453369 2.5
    endloop
  endfacet
  facet normal 0 0 1
    outer loop
      vertex 5.5511151231257827e-16 2.8867514133453369 2.5
      vertex 0.83333331346511841 4.3301272392272949 2.5
      vertex -0.83333331346511841 4.3301272392272949 2.5
    endloop
  endfacet
  facet normal 0 0 1
    outer loop
      vertex -3 4.8985874103406714e-16 2.5
      vertex -1 3.6739402930577075e-16 2.5
      vertex 3.3306690738754696e-16 1.4433757066726685 2.5
    endloop
  endfacet
  facet normal -0 0 1
    outer loop
      vertex -3 4.8985874103406714e-16 2.5
      vertex 3.3306690738754696e-16 1.4433757066726685 2.5
      vertex -2.0833332538604736 1.4433757066726685 2.5
    endloop
  endfacet
  facet normal 0 0 1
    outer loop
      vertex -4.1666665077209473 1.4433757066726685 2.5
      vertex -3 4.8985874103406714e-16 2.5
      vertex -2.0833332538604736 1.4433757066726685 2.5
    endloop
  endfacet
  facet normal -0 -0 1
    outer loop
      vertex -4.1666665077209473 1.4433757066726685 2.5
      vertex -5 6.1232339982280433e-16 2.5
      vertex -3 4.8985874103406714e-16 2.5
    endloop
  endfacet
  facet normal -0 -0 1
    outer loop
      vertex 1 2.4492937051703357e-16 2.5
      vertex 3.3306690738754696e-16 1.4433757066726685 2.5
      vertex -1 3.6739402930577075e-16 2.5
    endloop
  endfacet
  facet normal 0 0 1
    outer loop
      vertex 3 1.2246468525851679e-16 2.5
      vertex 4.1666665077209473 1.4433757066726685 2.5
      vertex 2.0833332538604736 1.4433757066726685 2.5
    endloop
  endfacet
  facet normal -0 -0 1
    outer loop
      vertex 2.0833332538604736 1.4433757066726685 2.5
      vertex 1 2.4492937051703357e-16 2.5
      vertex 3 1.2246468525851679e-16 2.5
    endloop
  endfacet
  facet normal -0 -0 1
    outer loop
      vertex 4.1666665077209473 1.4433757066726685 2.5
      vertex 3 1.2246468525851679e-16 2.5
      vertex 5 0 2.5
    endloop
  endfacet
  facet normal 0 0 1
    outer loop
      vertex 1 2.4492937051703357e-16 2.5
      vertex 2.0833332538604736 1.4433757066726685 2.5
      vertex 3.3306690738754696e-16 1.4433757066726685 2.5
    endloop
  endfacet
  facet normal -0 -0 1
    outer loop
      vertex -1.4432899320127035e-15 -2.1650636196136475 2.5
      vertex -2.1094237467877974e-15 -3.2475953102111816 2.5
      vertex 1.5625 -3.2475953102111816 2.5
    endloop
  endfacet
  facet normal 0 0 1
    outer loop
      vertex -1.4432899320127035e-15 -2.1650636196136475 2.5
      vertex 1.5625 -3.2475953102111816 2.5
      vertex 1.875 -2.1650636196136475 2.5
    endloop
  endfacet
  facet normal 0 0 1
    outer loop
      vertex -1.875 -2.1650636196136475 2.5
      vertex -1.5625 -3.2475953102111816 2.5
      vertex -2.1094237467877974e-15 -3.2475953102111816 2.5
    endloop
  endfacet
  facet normal 0 0 1
    outer loop
      vertex -1.875 -2.1650636196136475 2.5
      vertex -2.1094237467877974e-15 -3.2475953102111816 2.5
      vertex -1.4432899320127035e-15 -2.1650636196136475 2.5
    endloop
  endfacet
  facet normal -0 -0 1
    outer loop
      vertex -8.8817841970012523e-16 -1.0825318098068237 2.5
      vertex -1.4432899320127035e-15 -2.1650636196136475 2.5
      vertex 1.875 -2.1650636196136475 2.5
    endloop
  endfacet
  facet normal 0 0 1
    outer loop
      vertex -8.8817841970012523e-16 -1.0825318098068237 2.5
      vertex 1.875 -2.1650636196136475 2.5
      vertex 2.1875 -1.0825318098068237 2.5
    endloop
  endfacet
  facet normal 0 0 1
    outer loop
      vertex -2.1875 -1.0825318098068237 2.5
      vertex -1.875 -2.1650636196136475 2.5
      vertex -1.4432899320127035e-15 -2.1650636196136475 2.5
    endloop
  endfacet
  facet normal 0 0 1
    outer loop
      vertex -2.1875 -1.0825318098068237 2.5
      vertex -1.4432899320127035e-15 -2.1650636196136475 2.5
      vertex -8.8817841970012523e-16 -1.0825318098068237 2.5
    endloop
  endfacet
  facet normal -0 -0 1
    outer loop
      vertex 1.5625 -3.2475953102111816 2.5
      vertex 0.83333331346511841 -4.3301272392272949 2.5
      vertex 2.5 -4.3301272392272949 2.5
    endloop
  endfacet
  facet normal 0 -0 1
    outer loop
      vertex 1.875 -2.1650636196136475 2.5
      vertex 1.5625 -3.2475953102111816 2.5
      vertex 3.3333332538604736 -2.8867514133453369 2.5
    endloop
  endfacet
  facet normal 0 0 1
    outer loop
      vertex 2.5 -4.3301272392272949 2.5
      vertex 3.3333332538604736 -2.8867514133453369 2.5
      vertex 1.5625 -3.2475953102111816 2.5
    endloop
  endfacet
  facet normal 0 -0 1
    outer loop
      vertex 4.1666665077209473 -1.4433757066726685 2.5
      vertex 1.875 -2.1650636196136475 2.5
      vertex 3.3333332538604736 -2.8867514133453369 2.5
    endloop
  endfacet
  facet normal 0 0 1
    outer loop
      vertex -2.1094237467877974e-15 -3.2475953102111816 2.5
      vertex 0.83333331346511841 -4.3301272392272949 2.5
      vertex 1.5625 -3.2475953102111816 2.5
    endloop
  endfacet
  facet normal -0 -0 1
    outer loop
      vertex -1.5625 -3.2475953102111816 2.5
      vertex -2.5 -4.3301272392272949 2.5
      vertex -0.83333331346511841 -4.3301272392272949 2.5
    endloop
  endfacet
  facet normal -0 -0 1
    outer loop
      vertex 0.83333331346511841 -4.3301272392272949 2.5
      vertex -2.1094237467877974e-15 -3.2475953102111816 2.5
      vertex -0.83333331346511841 -4.3301272392272949 2.5
    endloop
  endfacet
  facet normal 0 -0 1
    outer loop
      vertex -2.1094237467877974e-15 -3.2475953102111816 2.5
      vertex -1.5625 -3.2475953102111816 2.5
      vertex -0.83333331346511841 -4.3301272392272949 2.5
    endloop
  endfacet
  facet normal 0 0 1
    outer loop
      vertex -3.3333332538604736 -2.8867514133453369 2.5
      vertex -1.5625 -3.2475953102111816 2.5
      vertex -1.875 -2.1650636196136475 2.5
    endloop
  endfacet
  facet normal 0 0 1
    outer loop
      vertex -4.1666665077209473 -1.4433757066726685 2.5
      vertex -3.3333332538604736 -2.8867514133453369 2.5
      vertex -1.875 -2.1650636196136475 2.5
    endloop
  endfacet
  facet normal 0 0 1
    outer loop
      vertex -2.5 -4.3301272392272949 2.5
      vertex -1.5625 -3.2475953102111816 2.5
      vertex -3.3333332538604736 -2.8867514133453369 2.5
    endloop
  endfacet
  facet normal 0 -0 1
    outer loop
      vertex 5 0 2.5
      vertex 2.1875 -1.0825318098068237 2.5
      vertex 4.1666665077209473 -1.4433757066726685 2.5
    endloop
  endfacet
  facet normal -0 0 1
    outer loop
      vertex 2.1875 -1.0825318098068237 2.5
      vertex 5 0 2.5
      vertex 3 1.2246468525851679e-16 2.5
    endloop
  endfacet
  facet normal 0 0 1
    outer loop
      vertex 2.1875 -1.0825318098068237 2.5
      vertex 3 1.2246468525851679e-16 2.5
      vertex 1 2.4492937051703357e-16 2.5
    endloop
  endfacet
  facet normal -0 0 1
    outer loop
      vertex -8.8817841970012523e-16 -1.0825318098068237 2.5
      vertex 2.1875 -1.0825318098068237 2.5
      vertex 1 2.4492937051703357e-16 2.5
    endloop
  endfacet
  facet normal 0 0 1
    outer loop
      vertex -4.1666665077209473 -1.4433757066726685 2.5
      vertex -1.875 -2.1650636196136475 2.5
      vertex -2.1875 -1.0825318098068237 2.5
    endloop
  endfacet
  facet normal -0 0 1
    outer loop
      vertex -2.1875 -1.0825318098068237 2.5
      vertex -8.8817841970012523e-16 -1.0825318098068237 2.5
      vertex -1 3.6739402930577075e-16 2.5
    endloop
  endfacet
  facet normal 0 0 1
    outer loop
      vertex -2.1875 -1.0825318098068237 2.5
      vertex -1 3.6739402930577075e-16 2.5
      vertex -3 4.8985874103406714e-16 2.5
    endloop
  endfacet
  facet normal 0 0 1
    outer loop
      vertex -5 6.1232339982280433e-16 2.5
      vertex -4.1666665077209473 -1.4433757066726685 2.5
      vertex -2.1875 -1.0825318098068237 2.5
    endloop
  endfacet
  facet normal 0 0 1
    outer loop
      vertex -2.1875 -1.0825318098068237 2.5
      vertex -3 4.8985874103406714e-16 2.5
      vertex -5 6.1232339982280433e-16 2.5
    endloop
  endfacet
  facet normal 0 0 1
    outer loop
      vertex -1 3.6739402930577075e-16 2.5
      vertex -8.8817841970012523e-16 -1.0825318098068237 2.5
      vertex 1 2.4492937051703357e-16 2.5
    endloop
  endfacet
  facet normal 0 -0 1
    outer loop
      vertex 2.1875 -1.0825318098068237 2.5
      vertex 1.875 -2.1650636196136475 2.5
      vertex 4.1666665077209473 -1.4433757066726685 2.5
    endloop
  endfacet
endsolid OBJECT
