
Predictions were generated on 22-May-2026 at 16:29:15 using HydroDyn Driver, compiled on May 22 2026 at 16:27:45 as a 64-bit application using double precision at commit v5.0.0-133-g50658afd
 linked with  NWTC Subroutine Library

Description from the driver input file: Nonlinear Froude-Krylov and hydrostatic load example

Time	Wave1Elev	HydroFxi	HydroFyi	HydroFzi	HydroMxi	HydroMyi	HydroMzi	B1NFKFxi	B1NFKFyi	B1NFKFzi	B1NFKMxi	B1NFKMyi	B1NFKMzi
(s)	(m)	(N)	(N)	(N)	(N-m)	(N-m)	(N-m)	(N)	(N)	(N)	(Nm)	(Nm)	(Nm)
    0.0000	   4.627853E-01	  -1.722158E+05	  -1.757696E+01	   7.714480E+06	  -2.379976E+02	  -8.464253E+05	   4.403043E+00	  -2.493165E+04	  -1.767071E+01	   8.500571E+06	  -2.396461E+02	  -1.325738E+05	   2.263399E+00
    0.1000	   1.017758E+00	  -2.406640E+05	  -7.158631E+00	   7.569812E+06	  -1.259289E+01	  -1.109140E+06	  -2.485900E+01	  -6.062322E+04	  -7.400674E+00	   8.393901E+06	  -1.472870E+01	  -2.254319E+05	  -2.560045E+01
    0.2000	   1.361405E+00	  -3.071210E+05	  -3.836622E+02	   7.445352E+06	  -4.678981E+03	  -1.394666E+06	  -1.487715E+03	  -9.833256E+04	  -3.840500E+02	   8.304942E+06	  -4.681627E+03	  -3.618497E+05	  -1.486975E+03
    0.3000	   1.249238E+00	  -3.700437E+05	  -3.902578E+02	   7.304080E+06	  -5.044506E+03	  -1.695338E+06	  -1.530556E+03	  -1.373033E+05	  -3.907878E+02	   8.195994E+06	  -5.047674E+03	  -5.384397E+05	  -1.528261E+03
    0.4000	   9.454508E-01	  -4.284213E+05	  -5.550803E+02	   7.165475E+06	  -7.514241E+03	  -1.990978E+06	  -1.871650E+03	  -1.771680E+05	  -5.557480E+02	   8.085796E+06	  -7.517932E+03	  -7.385488E+05	  -1.867734E+03
    0.5000	   7.797776E-01	  -4.815791E+05	  -3.680732E+02	   7.024471E+06	  -5.215884E+03	  -2.268666E+06	  -1.367753E+03	  -2.177245E+05	  -3.688733E+02	   7.968498E+06	  -5.220085E+03	  -9.518820E+05	  -1.362161E+03
    0.6000	   7.270280E-01	  -5.288699E+05	  -2.767848E+00	   6.869367E+06	  -1.969111E+02	  -2.522453E+06	  -3.866254E+01	  -2.586069E+05	  -3.694234E+00	   7.831610E+06	  -2.016012E+02	  -1.174096E+06	  -3.134938E+01
    0.7000	   5.940682E-01	  -5.697565E+05	   4.026302E+00	   6.713318E+06	  -1.281401E+02	  -2.743339E+06	  -6.340885E+01	  -2.993528E+05	   2.980749E+00	   7.687516E+06	  -1.332857E+02	  -1.396690E+06	  -5.434204E+01
    0.8000	   3.816788E-01	  -6.040076E+05	   9.688533E+00	   6.555992E+06	  -1.187124E+02	  -2.922428E+06	  -8.682726E+01	  -3.395940E+05	   8.531736E+00	   7.535161E+06	  -1.242721E+02	  -1.610120E+06	  -7.598568E+01
    0.9000	   2.278062E-01	  -6.315081E+05	   2.495002E+00	   6.386702E+06	  -1.232941E+02	  -3.059841E+06	  -6.274723E+01	  -3.788691E+05	   1.235757E+00	   7.363204E+06	  -1.292202E+02	  -1.812720E+06	  -5.012127E+01
    1.0000	   1.388392E-01	  -6.521649E+05	  -4.563391E-01	   6.208587E+06	  -6.014892E+01	  -3.150102E+06	  -5.902609E+01	  -4.165392E+05	  -1.808379E+00	   7.174231E+06	  -6.638921E+01	  -1.996132E+06	  -4.461691E+01
    1.1000	   8.224894E-03	  -6.659636E+05	  -9.093688E-01	   6.031498E+06	  -4.962150E+01	  -3.190531E+06	  -7.292699E+01	  -4.518626E+05	  -2.343735E+00	   6.977654E+06	  -5.612154E+01	  -2.153800E+06	  -5.674543E+01
    1.2000	  -1.724096E-01	  -6.730359E+05	  -1.776243E+00	   5.856940E+06	  -2.090873E+01	  -3.183256E+06	  -4.518921E+01	  -4.840871E+05	  -3.281711E+00	   6.774668E+06	  -2.761387E+01	  -2.283126E+06	  -2.725442E+01
    1.3000	  -3.167526E-01	  -6.735644E+05	  -5.066190E+00	   5.685116E+06	  -7.550822E+00	  -3.136406E+06	  -4.110717E+01	  -5.123859E+05	  -6.630879E+00	   6.565314E+06	  -1.440794E+01	  -2.386834E+06	  -2.144520E+01
    1.4000	  -4.168736E-01	  -6.678454E+05	   9.050918E-01	   5.518576E+06	  -3.449659E+01	  -3.054698E+06	  -3.135505E+01	  -5.359561E+05	  -7.063955E-01	   6.352122E+06	  -4.145552E+01	  -2.463764E+06	  -9.997374E+00
    1.5000	  -5.464281E-01	  -6.562558E+05	   2.844985E+00	   5.359186E+06	  -1.841001E+01	  -2.942148E+06	  -2.143051E+01	  -5.540263E+05	   1.199524E+00	   6.137100E+06	  -2.542458E+01	  -2.511815E+06	   1.587094E+00
    1.6000	  -7.140466E-01	  -6.392596E+05	  -1.668500E-01	   5.206854E+06	   2.872946E+01	  -2.802366E+06	  -2.023826E+01	  -5.659047E+05	  -1.833217E+00	   5.920451E+06	   2.170069E+01	  -2.528477E+06	   4.400104E+00
    1.7000	  -8.566186E-01	  -6.174200E+05	  -5.467865E-01	   5.062084E+06	   3.521421E+01	  -2.637887E+06	  -1.284021E+01	  -5.710366E+05	  -2.220922E+00	   5.703127E+06	   2.820768E+01	  -2.510399E+06	   1.337674E+01
    1.8000	  -9.661640E-01	  -5.913917E+05	  -1.054519E+00	   4.926070E+06	   3.492337E+01	  -2.453715E+06	  -7.898659E+00	  -5.690401E+05	  -2.723402E+00	   5.486924E+06	   2.797052E+01	  -2.457165E+06	   1.985180E+01
    1.9000	  -1.098146E+00	  -5.618177E+05	  -6.427780E-01	   4.798522E+06	   2.879926E+01	  -2.258746E+06	  -3.388621E+01	  -5.596448E+05	  -2.293696E+00	   5.272298E+06	   2.192690E+01	  -2.372924E+06	  -4.650619E+00
    2.0000	  -1.259571E+00	  -5.293844E+05	  -2.971214E+00	   4.678816E+06	   3.046915E+01	  -2.058588E+06	  -5.814287E+01	  -5.427861E+05	  -4.591962E+00	   5.059500E+06	   2.369998E+01	  -2.259399E+06	  -2.747444E+01
    2.1000	  -1.399784E+00	  -4.947959E+05	  -2.050905E-01	   4.568284E+06	   4.975759E+00	  -1.857310E+06	  -6.162144E+01	  -5.186123E+05	  -1.784172E+00	   4.850863E+06	  -1.670833E+00	  -2.117774E+06	  -2.957716E+01
    2.2000	  -1.510497E+00	  -4.587039E+05	  -3.268057E+00	   4.467404E+06	   1.649068E+01	  -1.659774E+06	  -5.871696E+01	  -4.874412E+05	  -4.794870E+00	   4.647960E+06	   9.983604E+00	  -1.951140E+06	  -2.535931E+01
    2.3000	  -1.635394E+00	  -4.217706E+05	  -7.915617E+00	   4.374030E+06	   3.375674E+01	  -1.471647E+06	  -7.211868E+01	  -4.498401E+05	  -9.380640E+00	   4.449821E+06	   2.740459E+01	  -1.764563E+06	  -3.751634E+01
    2.4000	  -1.779797E+00	  -3.846571E+05	  -2.923572E+00	   4.287341E+06	   9.319213E+00	  -1.297330E+06	  -6.955880E+01	  -4.066210E+05	  -4.318513E+00	   4.256856E+06	   3.136757E+00	  -1.563035E+06	  -3.378709E+01
    2.5000	  -1.901058E+00	  -3.478880E+05	   2.345622E+00	   4.209396E+06	   3.308482E+00	  -1.139559E+06	  -3.798674E+01	  -3.587026E+05	   1.027702E+00	   4.072380E+06	  -2.689324E+00	  -1.351034E+06	  -1.127820E+00
    2.6000	  -1.991079E+00	  -3.120469E+05	   5.788240E-01	   4.140997E+06	   1.191154E+01	  -1.001482E+06	  -3.972081E+01	  -3.072889E+05	  -6.565613E-01	   3.898438E+06	   6.114172E+00	  -1.134536E+06	  -1.863493E+00
    2.7000	  -2.086018E+00	  -2.780722E+05	   1.705109E+00	   4.080448E+06	   2.756524E+00	  -8.871211E+05	  -4.653194E+01	  -2.541405E+05	   5.563208E-01	   3.734541E+06	  -2.823299E+00	  -9.213504E+05	  -7.771344E+00
    2.8000	  -2.190589E+00	  -2.469186E+05	   6.539583E+00	   4.028190E+06	  -1.867286E+01	  -7.989637E+05	  -5.495337E+01	  -2.011977E+05	   5.480042E+00	   3.582267E+06	  -2.401649E+01	  -7.185610E+05	  -1.539026E+01
    2.9000	  -2.268656E+00	  -2.191504E+05	   9.448408E+00	   3.987612E+06	  -3.003798E+01	  -7.369182E+05	  -6.366244E+01	  -1.501298E+05	   8.479453E+00	   3.446030E+06	  -3.512521E+01	  -5.312982E+05	  -2.340250E+01
    3.0000	  -2.313386E+00	  -1.953859E+05	   1.365211E+01	   3.960394E+06	  -3.891852E+01	  -7.002731E+05	  -5.656310E+01	  -1.027281E+05	   1.277392E+01	   3.328410E+06	  -4.372786E+01	  -3.644890E+05	  -1.571624E+01
    3.1000	  -2.356611E+00	  -1.765830E+05	   1.347457E+01	   3.945649E+06	  -2.607409E+01	  -6.882865E+05	  -4.120113E+01	  -6.113686E+04	   1.268639E+01	   3.229264E+06	  -3.058317E+01	  -2.232275E+05	   1.190676E-01
    3.2000	  -2.403644E+00	  -1.644497E+05	  -8.378265E+02	   3.946232E+06	   4.190942E+03	  -7.037995E+05	   1.747229E+03	  -2.820892E+04	  -8.385262E+02	   3.152019E+06	   4.186756E+03	  -1.161569E+05	   1.788905E+03
    3.3000	  -2.424219E+00	  -1.537079E+05	   9.687551E+00	   3.957207E+06	  -1.089470E+00	  -7.192460E+05	  -2.024518E+01	   2.817668E+02	   9.074597E+00	   3.092132E+06	  -4.930748E+00	  -2.125978E+04	   2.166794E+01
    3.4000	  -2.413436E+00	  -1.485663E+05	  -5.661755E+02	   3.986276E+06	   1.364997E+03	  -7.506907E+05	  -7.270103E+02	   1.921330E+04	  -5.667039E+02	   3.057515E+06	   1.361522E+03	   4.031974E+04	  -6.849843E+02
    3.5000	  -2.400589E+00	  -1.437785E+05	  -1.337472E+02	   4.025458E+06	   3.240933E+02	  -7.748737E+05	  -1.914452E+02	   3.309441E+04	  -1.341928E+02	   3.040218E+06	   3.210028E+02	   8.742077E+04	  -1.494338E+02
    3.6000	  -2.391916E+00	  -1.404241E+05	  -1.894351E+02	   4.075964E+06	   3.417574E+02	  -7.951971E+05	   3.378276E+01	   4.030991E+04	  -1.897995E+02	   3.041321E+06	   3.390683E+02	   1.130398E+05	   7.564735E+01
    3.7000	  -2.361912E+00	  -1.339778E+05	   1.954540E+00	   4.134323E+06	   5.753678E+00	  -7.933542E+05	  -4.451279E+01	   4.506589E+04	   1.670174E+00	   3.057070E+06	   3.479851E+00	   1.328306E+05	  -2.932612E+00
    3.8000	  -2.307174E+00	  -1.241655E+05	   1.257921E+00	   4.201280E+06	   3.219084E-01	  -7.705333E+05	  -4.887244E+01	   4.753629E+04	   1.053157E+00	   3.087804E+06	  -1.525834E+00	   1.439832E+05	  -7.720518E+00
    3.9000	  -2.254700E+00	  -1.093032E+05	   5.155045E-01	   4.273160E+06	  -2.011451E+00	  -7.198379E+05	  -5.236972E+01	   4.951482E+04	   3.905487E-01	   3.129344E+06	  -3.425094E+00	   1.528466E+05	  -1.179671E+01
    4.0000	  -2.210856E+00	  -8.850380E+04	  -1.341566E+00	   4.348988E+06	   3.699036E+00	  -6.380492E+05	  -5.321164E+01	   5.218932E+04	  -1.385852E+00	   3.180146E+06	   2.725006E+00	   1.631599E+05	  -1.337536E+01
    4.1000	  -2.153124E+00	  -6.111093E+04	  -2.424723E+00	   4.429852E+06	   8.942647E+00	  -5.226123E+05	  -4.836286E+01	   5.667999E+04	  -2.386887E+00	   3.240685E+06	   8.411742E+00	   1.790178E+05	  -9.428228E+00
    4.2000	  -2.078342E+00	  -2.715362E+04	  -2.254441E+00	   4.516434E+06	   8.629316E+00	  -3.735656E+05	  -4.216247E+01	   6.355279E+04	  -2.132548E+00	   3.311029E+06	   8.543661E+00	   2.028484E+05	  -4.301008E+00
    4.3000	  -2.010571E+00	   1.283167E+04	  -1.299289E+00	   4.608550E+06	   4.842739E+00	  -1.934882E+05	  -3.719487E+01	   7.296130E+04	  -1.091060E+00	   3.390393E+06	   5.203709E+00	   2.353374E+05	  -5.837766E-01
    4.4000	  -1.955116E+00	   5.832104E+04	  -1.261742E-01	   4.707275E+06	   4.820279E-01	   1.473071E+04	  -3.375071E+01	   8.513096E+04	   1.708682E-01	   3.479306E+06	   1.290837E+00	   2.775022E+05	   1.428552E+00
    4.5000	  -1.890751E+00	   1.089550E+05	  -1.638216E+01	   4.815181E+06	  -2.387423E+01	   2.487082E+05	  -1.319133E+02	   1.004772E+05	  -1.599378E+01	   3.579862E+06	  -2.261609E+01	   3.313298E+05	  -9.834985E+01
    4.6000	  -1.813462E+00	   1.640152E+05	  -6.864910E-01	   4.934379E+06	  -2.356982E+00	   5.049176E+05	  -3.319995E+01	   1.190530E+05	  -2.043521E-01	   3.693787E+06	  -6.475070E-01	   3.979389E+05	  -1.436720E+00
    4.7000	  -1.743974E+00	   2.215535E+05	  -2.982500E+00	   5.066852E+06	   6.970322E+00	   7.757628E+05	  -3.580663E+01	   1.396537E+05	  -2.404392E+00	   3.822790E+06	   9.133651E+00	   4.744657E+05	  -6.026146E+00
    4.8000	  -1.685969E+00	   2.796220E+05	  -6.118292E+00	   5.215690E+06	   2.227474E+01	   1.054306E+06	  -4.075530E+01	   1.610296E+05	  -5.442332E+00	   3.969809E+06	   2.489467E+01	   5.586139E+05	  -1.313578E+01
    4.9000	  -1.618778E+00	   3.372655E+05	  -9.247586E+00	   5.384642E+06	   3.551960E+01	   1.336802E+06	  -4.626694E+01	   1.828670E+05	  -8.472311E+00	   4.138572E+06	   3.859862E+01	   6.510332E+05	  -2.097990E+01
    5.0000	  -1.537435E+00	   3.940826E+05	  -1.009751E+01	   5.575784E+06	   4.153844E+01	   1.620844E+06	  -5.239655E+01	   2.053438E+05	  -9.221956E+00	   4.331269E+06	   4.507802E+01	   7.533309E+05	  -2.960439E+01
    5.1000	  -1.459881E+00	   4.502839E+05	  -7.075664E+00	   5.788680E+06	   2.730928E+01	   1.905856E+06	  -4.923468E+01	   2.291867E+05	  -6.099443E+00	   4.547712E+06	   3.130907E+01	   8.684650E+05	  -2.908853E+01
    5.2000	  -1.388695E+00	   5.079251E+05	  -1.329746E+02	   6.021899E+06	   8.297817E+02	   2.199537E+06	   1.676734E+02	   2.569073E+05	  -1.318980E+02	   4.786846E+06	   8.342386E+02	   1.007134E+06	   1.850358E+02
    5.3000	  -1.304195E+00	   5.698019E+05	  -1.632307E+02	   6.273824E+06	   8.958362E+02	   2.515176E+06	   5.742794E+02	   2.917017E+05	  -1.620548E+02	   5.047544E+06	   9.007436E+02	   1.185058E+06	   5.887354E+02
    5.4000	  -1.201331E+00	   6.375101E+05	   3.353463E+02	   6.543936E+06	  -1.798048E+03	   2.864090E+06	   3.879912E+02	   3.355162E+05	   3.366198E+02	   5.329884E+06	  -1.792701E+03	   1.415421E+06	   3.994353E+02
    5.5000	  -1.096573E+00	   7.107676E+05	   4.312941E-01	   6.827874E+06	   2.730026E+00	   3.252771E+06	   3.802722E+01	   3.883738E+05	   1.799391E+00	   5.630172E+06	   8.500197E+00	   1.706063E+06	   4.637181E+01
    5.6000	  -9.925638E-01	   7.884286E+05	  -2.822925E+00	   7.123004E+06	  -5.461879E+00	   3.646239E+06	   3.305423E+00	   4.493921E+05	  -1.364113E+00	   5.946504E+06	   7.105995E-01	   2.022879E+06	   8.482415E+00
    5.7000	  -8.715231E-01	   8.685612E+05	  -4.893742E+00	   7.422448E+06	  -8.164528E+00	   3.997315E+06	  -1.172314E+01	   5.168610E+05	  -3.349323E+00	   6.272760E+06	  -1.616185E+00	   2.319162E+06	  -9.761504E+00
    5.8000	  -7.294104E-01	   9.491099E+05	  -6.018342E+00	   7.719592E+06	   3.806396E+00	   4.271818E+06	  -2.546785E+01	   5.889039E+05	  -4.394696E+00	   6.603079E+06	   1.069905E+01	   2.560868E+06	  -2.674825E+01
    5.9000	  -5.824497E-01	   1.027722E+06	  -2.069604E-01	   8.007830E+06	  -3.698590E+01	   4.445718E+06	  -1.806507E+01	   6.632995E+05	   1.488204E+00	   6.931582E+06	  -2.978521E+01	   2.723837E+06	  -2.259267E+01
    6.0000	  -4.342477E-01	   1.101533E+06	   5.253392E+00	   8.283910E+06	  -4.916277E+01	   4.502684E+06	   5.151219E+00	   7.372628E+05	   7.011017E+00	   7.255682E+06	  -4.169440E+01	   2.791385E+06	  -2.606976E+00
    6.1000	  -2.694452E-01	   1.167722E+06	   8.437292E+00	   8.546974E+06	  -7.400373E+01	   4.434349E+06	   3.975760E+01	   8.079880E+05	   1.024701E+01	   7.575094E+06	  -6.631148E+01	   2.754607E+06	   2.880712E+01
    6.2000	  -8.547439E-02	   1.223960E+06	   6.611408E+00	   8.795049E+06	   1.783120E+01	   4.238066E+06	   7.527531E+01	   8.730928E+05	   8.461614E+00	   7.888310E+06	   2.570097E+01	   2.610137E+06	   6.119223E+01
    6.3000	   1.012533E-01	   1.269010E+06	   4.916353E+00	   9.024776E+06	  -4.400498E+01	   3.919568E+06	   6.227454E+01	   9.312098E+05	   6.794364E+00	   8.192298E+06	  -3.600584E+01	   2.362798E+06	   4.513928E+01
    6.4000	   2.860982E-01	   1.302990E+06	  -1.684252E+01	   9.231424E+06	  -1.392240E+02	   3.495371E+06	  -5.792181E-01	   9.822398E+05	  -1.495029E+01	   8.482504E+06	  -1.311446E+02	   2.027978E+06	  -2.066646E+01
    6.5000	   4.823153E-01	   1.326054E+06	  -9.150945E+00	   9.408994E+06	  -1.914665E+00	   2.989891E+06	   2.309320E+01	   1.026032E+06	  -7.258765E+00	   8.752943E+06	   6.195691E+00	   1.628692E+06	   1.727714E-01
    6.6000	   6.913754E-01	   1.337613E+06	  -6.033627E-01	   9.554857E+06	   7.834631E+01	   2.426440E+06	   7.231255E+01	   1.061602E+06	   1.274067E+00	   9.000831E+06	   8.643884E+01	   1.186542E+06	   4.669482E+01
    6.7000	   8.970612E-01	   1.337124E+06	   7.410186E+01	   9.669963E+06	   9.217494E+02	   1.823912E+06	   1.438817E+02	   1.087921E+06	   7.594965E+01	   9.226783E+06	   9.297766E+02	   7.183554E+05	   1.157180E+02
    6.8000	   1.094319E+00	   1.323958E+06	  -3.768880E+00	   9.755739E+06	   1.552032E+01	   1.197852E+06	   4.799238E+01	   1.103796E+06	  -1.965533E+00	   9.431725E+06	   2.343626E+01	   2.372248E+05	   1.744761E+01
    6.9000	   1.295135E+00	   1.297170E+06	  -4.847550E+00	   9.812729E+06	  -2.714025E+01	   5.758728E+05	   3.352043E+01	   1.107646E+06	  -3.103174E+00	   9.615529E+06	  -1.937892E+01	  -2.320807E+05	   7.712059E-01
    7.0000	   1.500653E+00	   1.255582E+06	  -2.296604E+00	   9.840112E+06	  -8.897957E+00	  -6.518682E+03	   3.298208E+01	   1.097603E+06	  -6.252287E-01	   9.776542E+06	  -1.331746E+00	  -6.572592E+05	  -1.785248E+00
    7.1000	   1.695486E+00	   1.198296E+06	   3.259733E+02	   9.832859E+06	   4.106743E+03	  -4.984052E+05	   7.094721E+02	   1.072045E+06	   3.275583E+02	   9.908755E+06	   4.114077E+03	  -9.909025E+05	   6.728809E+02
    7.2000	   1.874854E+00	   1.126002E+06	   2.672381E+00	   9.787534E+06	   8.676236E+01	  -8.664435E+05	   3.908722E+01	   1.030924E+06	   4.158436E+00	   1.000761E+07	   9.383082E+01	  -1.203380E+06	   8.724604E-01
    7.3000	   2.050213E+00	   1.042044E+06	   1.026045E-01	   9.707300E+06	   5.529860E+00	  -1.138303E+06	   4.437896E+01	   9.768661E+05	   1.478027E+00	   1.007504E+07	   1.230374E+01	  -1.326148E+06	   4.745357E+00
    7.4000	   2.222933E+00	   9.502232E+05	   1.860104E+01	   9.598744E+06	   8.561164E+01	  -1.348523E+06	   1.157276E+02	   9.129932E+05	   1.985512E+01	   1.011627E+07	   9.206640E+01	  -1.397449E+06	   7.488290E+01
    7.5000	   2.378798E+00	   8.528689E+05	  -2.321553E+00	   9.469048E+06	   2.606090E+00	  -1.506042E+06	   2.609031E+01	   8.410272E+05	  -1.198482E+00	   1.013705E+07	   8.721847E+00	  -1.429668E+06	  -1.575626E+01
    7.6000	   2.513613E+00	   7.500974E+05	   1.887406E+00	   9.323203E+06	   3.636932E+01	  -1.604528E+06	   1.745010E+01	   7.605741E+05	   2.870893E+00	   1.014087E+07	   4.213088E+01	  -1.419478E+06	  -2.518845E+01
    7.7000	   2.638604E+00	   6.408992E+05	   2.388285E-01	   9.165217E+06	   1.279852E+01	  -1.631692E+06	   2.376723E+01	   6.702354E+05	   1.075311E+00	   1.013019E+07	   1.819523E+01	  -1.356991E+06	  -1.945390E+01
    7.8000	   2.755502E+00	   5.269679E+05	  -8.823028E-01	   9.002718E+06	  -1.528073E+01	  -1.586726E+06	   4.053824E+01	   5.714554E+05	  -1.990388E-01	   1.011108E+07	  -1.025530E+01	  -1.243037E+06	  -3.057396E+00
    7.9000	   2.851238E+00	   4.120161E+05	  -1.203381E+00	   8.838854E+06	  -2.482542E+01	  -1.472128E+06	   4.373246E+01	   4.678517E+05	  -6.782808E-01	   1.008512E+07	  -2.017399E+01	  -1.080892E+06	  -3.159619E-02
    8.0000	   2.922190E+00	   2.991078E+05	  -7.513449E-01	   8.672619E+06	  -1.911093E+01	  -1.283377E+06	   3.837511E+01	   3.625534E+05	  -3.880317E-01	   1.004978E+07	  -1.483307E+01	  -8.658708E+05	  -5.354014E+00
    8.1000	   2.979404E+00	   1.909543E+05	  -1.696612E+00	   8.512176E+06	  -1.149965E+01	  -1.031577E+06	   2.374243E+01	   2.584959E+05	  -1.497339E+00	   1.001180E+07	  -7.592495E+00	  -6.079704E+05	  -1.975173E+01
    8.2000	   3.024964E+00	   8.858509E+04	   6.585497E-01	   8.376884E+06	  -6.288253E+00	  -7.710855E+05	   2.752735E+01	   1.570826E+05	   6.929267E-01	   9.989178E+06	  -2.747225E+00	  -3.595367E+05	  -1.553569E+01
    8.3000	   3.046880E+00	  -1.161296E+04	   1.209598E+00	   8.267444E+06	  -1.001554E+01	  -5.075788E+05	   2.851639E+01	   5.520636E+04	   1.079623E+00	   9.981397E+06	  -6.834982E+00	  -1.234268E+05	  -1.392387E+01
    8.4000	   3.042140E+00	  -1.146857E+05	   1.007416E+00	   8.178774E+06	  -1.236198E+01	  -2.217604E+05	   2.791358E+01	  -5.156459E+04	   7.149999E-01	   9.982310E+06	  -9.535731E+00	   1.231333E+05	  -1.371730E+01
    8.5000	   3.021772E+00	  -2.239056E+05	   1.310494E+00	   8.110286E+06	  -3.604841E+00	   9.151259E+04	   2.694369E+01	  -1.658113E+05	   8.588439E-01	   9.990444E+06	  -1.126622E+00	   3.892386E+05	  -1.369684E+01
    8.6000	   2.988377E+00	  -3.367319E+05	   1.270979E+00	   8.063982E+06	   1.912620E+00	   4.162523E+05	   2.751405E+01	  -2.842592E+05	   6.644862E-01	   1.000710E+07	   4.049033E+00	   6.631145E+05	  -1.196133E+01
    8.7000	   2.931202E+00	  -4.451018E+05	   1.116517E+00	   8.040918E+06	  -9.439142E+00	   7.135306E+05	   2.564248E+01	  -3.981056E+05	   3.606142E-01	   1.003285E+07	  -7.638355E+00	   9.100824E+05	  -1.249975E+01
    8.8000	   2.848094E+00	  -5.429154E+05	   2.556866E+00	   8.039020E+06	  -1.499613E+01	   9.500284E+05	   2.292652E+01	  -5.005431E+05	   1.657859E+00	   1.006531E+07	  -1.352459E+01	   1.100888E+06	  -1.372189E+01
    8.9000	   2.750392E+00	  -6.317577E+05	   1.724586E+02	   8.053258E+06	   1.559937E+02	   1.116983E+06	  -6.716164E+02	  -5.925156E+05	   1.714234E+02	   1.009935E+07	   1.571430E+02	   1.230442E+06	  -7.066183E+02
    9.0000	   2.641512E+00	  -7.166141E+05	   2.465512E+00	   8.073846E+06	  -1.249647E+01	   1.211779E+06	   2.340545E+01	  -6.784654E+05	   1.301779E+00	   1.012527E+07	  -1.166140E+01	   1.299237E+06	  -9.805727E+00
    9.1000	   2.512143E+00	  -8.036843E+05	  -2.833404E+00	   8.095254E+06	  -5.611016E+01	   1.254597E+06	   1.677399E+01	  -7.641726E+05	  -4.117908E+00	   1.013777E+07	  -5.557952E+01	   1.329862E+06	  -1.451158E+01
    9.2000	   2.361181E+00	  -8.945939E+05	   1.340942E+00	   8.110841E+06	  -1.666826E+01	   1.244651E+06	   1.774717E+01	  -8.509842E+05	  -5.628182E-02	   1.013059E+07	  -1.643012E+01	   1.323140E+06	  -1.148776E+01
    9.3000	   2.200444E+00	  -9.869758E+05	   2.795945E+00	   8.120297E+06	  -2.609902E+00	   1.171898E+06	   2.495644E+01	  -9.364061E+05	   1.294167E+00	   1.010391E+07	  -2.649751E+00	   1.269807E+06	  -2.113466E+00
    9.4000	   2.034169E+00	  -1.071839E+06	   4.373916E+00	   8.119912E+06	   1.096408E+01	   1.024537E+06	   3.703614E+01	  -1.011474E+06	   2.775819E+00	   1.005459E+07	   1.066359E+01	   1.158003E+06	   1.223414E+01
    9.5000	   1.854319E+00	  -1.141685E+06	   5.215622E+00	   8.103114E+06	   1.390527E+01	   8.101672E+05	   4.408069E+01	  -1.068864E+06	   3.529510E+00	   9.976688E+06	   1.336431E+01	   9.944840E+05	   2.163722E+01
    9.6000	   1.660563E+00	  -1.196823E+06	   1.645680E+00	   8.072242E+06	  -1.107991E+01	   4.998492E+05	   4.069397E+01	  -1.109193E+06	  -1.200318E-01	   9.873205E+06	  -1.183852E+01	   7.487585E+05	   2.068643E+01
    9.7000	   1.464813E+00	  -1.242311E+06	   2.815803E+00	   8.025076E+06	   7.405886E+00	   8.440093E+04	   3.640588E+01	  -1.137946E+06	   9.790892E-01	   9.742606E+06	   6.454659E+00	   4.094984E+05	   1.889761E+01
    9.8000	   1.271571E+00	  -1.282820E+06	  -1.490435E+02	   7.957814E+06	  -1.441505E+03	  -4.344776E+05	  -2.288123E+01	  -1.160311E+06	  -1.509423E+02	   9.581776E+06	  -1.442622E+03	  -2.421135E+04	  -3.784185E+01
    9.9000	   1.073345E+00	  -1.316734E+06	   1.286647E+00	   7.870202E+06	   4.611817E+01	  -1.027515E+06	   2.688401E+01	  -1.175257E+06	  -6.650991E-01	   9.391152E+06	   4.486246E+01	  -5.260442E+05	   1.450367E+01
   10.0000	   8.697786E-01	  -1.337800E+06	  -5.285597E+00	   7.769002E+06	  -2.728649E+01	  -1.658972E+06	   5.720531E+01	  -1.177155E+06	  -7.280577E+00	   9.178185E+06	  -2.865313E+01	  -1.063398E+06	   4.742145E+01
   10.1000	   6.720505E-01	  -1.342244E+06	  -5.493721E+00	   7.653336E+06	  -5.213721E+00	  -2.290606E+06	   7.243088E+01	  -1.162866E+06	  -7.521785E+00	   8.942693E+06	  -6.664492E+00	  -1.601224E+06	   6.524269E+01
   10.2000	   4.840435E-01	  -1.331276E+06	  -3.676136E+00	   7.520193E+06	   2.042621E+01	  -2.872848E+06	   6.006001E+01	  -1.134220E+06	  -5.726645E+00	   8.682373E+06	   1.891663E+01	  -2.093074E+06	   5.544933E+01
   10.3000	   2.979023E-01	  -1.307656E+06	   3.419710E+00	   7.373184E+06	   8.552282E+01	  -3.381868E+06	   1.247460E+01	  -1.094559E+06	   1.357846E+00	   8.401575E+06	   8.397764E+01	  -2.518067E+06	   1.040581E+01
   10.4000	   1.124247E-01	  -1.274644E+06	   1.038471E+01	   7.218366E+06	   1.100689E+02	  -3.810000E+06	  -1.360542E+01	  -1.047666E+06	   8.322949E+00	   8.107128E+06	   1.085088E+02	  -2.871202E+06	  -1.318530E+01
   10.5000	  -6.261116E-02	  -1.234500E+06	   4.265735E+00	   7.057670E+06	  -1.772628E+01	  -4.133475E+06	  -4.076950E+01	  -9.962457E+05	   2.215802E+00	   7.801793E+06	  -1.928370E+01	  -3.131024E+06	  -3.793039E+01
   10.6000	  -2.244929E-01	  -1.184834E+06	   4.380129E+00	   6.894100E+06	   1.906716E+01	  -4.353140E+06	   9.469437E+00	  -9.382643E+05	   2.353842E+00	   7.489458E+06	   1.752711E+01	  -3.300274E+06	   1.464130E+01
   10.7000	  -3.818372E-01	  -1.124191E+06	  -4.075098E+01	   6.727016E+06	  -6.900519E+01	  -4.461850E+06	   3.325238E+02	  -8.725213E+05	  -4.274186E+01	   7.170440E+06	  -7.051633E+01	  -3.373235E+06	   3.399268E+02
   10.8000	  -5.368576E-01	  -1.056272E+06	   3.479059E+00	   6.554859E+06	  -1.831936E+01	  -4.432675E+06	   2.023141E+01	  -8.028661E+05	   1.535123E+00	   6.844202E+06	  -1.979312E+01	  -3.323909E+06	   2.974957E+01
   10.9000	  -6.810918E-01	  -9.831544E+05	   3.434504E+00	   6.385030E+06	  -1.927858E+00	  -4.281558E+06	  -1.907534E+01	  -7.314181E+05	   1.548662E+00	   6.519234E+06	  -3.358724E+00	  -3.168660E+06	  -7.570862E+00
   11.0000	  -8.127090E-01	  -9.048379E+05	   8.898941E+00	   6.219538E+06	  -3.050799E+01	  -4.020430E+06	  -2.100372E+01	  -6.581139E+05	   7.081819E+00	   6.198688E+06	  -3.189322E+01	  -2.919329E+06	  -7.653224E+00
   11.1000	  -9.406240E-01	  -8.217718E+05	   5.497810E+00	   6.057188E+06	  -1.170005E+01	  -3.650821E+06	  -1.218046E+01	  -5.832391E+05	   3.759398E+00	   5.882564E+06	  -1.303955E+01	  -2.576868E+06	   2.865893E+00
   11.2000	  -1.067390E+00	  -7.362634E+05	  -4.779738E-01	   5.902498E+06	   2.847051E+01	  -3.206960E+06	  -1.381129E+01	  -5.088477E+05	  -2.128411E+00	   5.576592E+06	   2.717431E+01	  -2.174470E+06	   2.772631E+00
   11.3000	  -1.185014E+00	  -6.537702E+05	  -7.166614E+00	   5.769794E+06	   5.102296E+01	  -2.784302E+06	  -5.514053E+01	  -4.400657E+05	  -8.720588E+00	   5.296325E+06	   4.976530E+01	  -1.806157E+06	  -3.718377E+01
   11.4000	  -1.291621E+00	  -5.796793E+05	  -6.387220E+00	   5.667781E+06	   3.478907E+01	  -2.428582E+06	  -5.662326E+01	  -3.818868E+05	  -7.837052E+00	   5.051676E+06	   3.356303E+01	  -1.515897E+06	  -3.746302E+01
   11.5000	  -1.395481E+00	  -5.120404E+05	   4.080754E+00	   5.591874E+06	  -5.375285E-01	  -2.120017E+06	   4.751390E+01	  -3.319229E+05	   2.741913E+00	   4.839226E+06	  -1.740858E+00	  -1.281892E+06	   6.770524E+01
   11.6000	  -1.498538E+00	  -4.441348E+05	   7.001450E+00	   5.531833E+06	   7.812907E+00	  -1.822331E+06	   1.055136E+02	  -2.829929E+05	   5.779611E+00	   4.649840E+06	   6.621741E+00	  -1.065700E+06	   1.265624E+02
   11.7000	  -1.592364E+00	  -3.727388E+05	   2.150670E+00	   5.483030E+06	   3.057120E+00	  -1.521870E+06	   2.593011E+01	  -2.314062E+05	   1.050998E+00	   4.479908E+06	   1.866318E+00	  -8.514451E+05	   4.766281E+01
   11.8000	  -1.674287E+00	  -2.998013E+05	  -1.496575E+00	   5.447129E+06	   5.518166E+00	  -1.223948E+06	  -1.965737E+01	  -1.786608E+05	  -2.469779E+00	   4.332001E+06	   4.315198E+00	  -6.422730E+05	   2.587415E+00
   11.9000	  -1.751377E+00	  -2.324792E+05	  -4.418516E+00	   5.431760E+06	   1.670714E+01	  -9.553134E+05	  -2.514824E+01	  -1.314978E+05	  -5.261840E+00	   4.214532E+06	   1.547939E+01	  -4.629110E+05	  -2.560281E+00
   12.0000	  -1.824618E+00	  -1.731782E+05	  -2.526314E+00	   5.438802E+06	   1.120706E+00	  -7.235492E+05	  -2.542994E+01	  -9.195877E+04	  -3.237276E+00	   4.130022E+06	  -1.437919E-01	  -3.191569E+05	  -2.663714E+00
   12.1000	  -1.885021E+00	  -1.145946E+05	  -6.800653E+00	   5.458311E+06	   3.675870E+01	  -4.978228E+05	  -4.594612E+00	  -5.244137E+04	  -7.377741E+00	   4.069018E+06	   3.544691E+01	  -1.786998E+05	   1.818996E+01
   12.2000	  -1.929268E+00	  -5.276522E+04	  -5.434266E+00	   5.483551E+06	   2.735637E+01	  -2.623752E+05	  -1.256736E+01	  -8.758555E+03	  -5.876992E+00	   4.025119E+06	   2.598893E+01	  -2.465763E+04	   1.008138E+01
   12.3000	  -1.963658E+00	   1.075623E+04	  -2.558087E+00	   5.514828E+06	  -6.388186E+00	  -2.156358E+04	  -4.453300E+01	   3.768077E+04	  -2.867030E+00	   3.998810E+06	  -7.816763E+00	   1.393545E+05	  -2.216798E+01
   12.4000	  -1.988878E+00	   7.011728E+04	  -2.342753E+00	   5.559795E+06	  -1.113347E+01	   2.033154E+05	  -4.995007E+01	   8.108975E+04	  -2.519594E+00	   3.997771E+06	  -1.262526E+01	   2.924015E+05	  -2.800994E+01
   12.5000	  -1.996225E+00	   1.226607E+05	  -3.221927E-01	   5.623060E+06	  -6.434334E+00	   4.031884E+05	  -2.919275E+01	   1.188030E+05	  -3.697300E-01	   4.026497E+06	  -7.987717E+00	   4.254175E+05	  -7.811723E+00
   12.6000	  -1.982760E+00	   1.738361E+05	  -1.570974E+00	   5.697178E+06	   2.565216E+01	   6.005975E+05	   1.027969E+01	   1.561981E+05	  -1.493117E+00	   4.077302E+06	   2.404250E+01	   5.606462E+05	   3.097445E+01
   12.7000	  -1.955173E+00	   2.273882E+05	  -7.788624E-01	   5.775075E+06	   2.590909E+01	   8.108035E+05	   1.768966E+01	   1.968964E+05	  -5.805950E-01	   4.142768E+06	   2.425188E+01	   7.128084E+05	   3.757807E+01
   12.8000	  -1.915035E+00	   2.831650E+05	   1.267615E+00	   5.856500E+06	   6.002883E-02	   1.033994E+06	  -1.383251E+01	   2.405878E+05	   1.580294E+00	   4.222210E+06	  -1.633245E+00	   8.813903E+05	   5.136514E+00
   12.9000	  -1.855070E+00	   3.383876E+05	  -1.304885E+00	   5.947017E+06	   6.144238E+00	   1.260745E+06	  -3.622849E+01	   2.843172E+05	  -8.847182E-01	   4.320696E+06	   4.428271E+00	   1.056183E+06	  -1.828489E+01
   13.0000	  -1.773780E+00	   3.888339E+05	  -9.770315E-01	   6.052852E+06	   1.046793E+01	   1.475626E+06	  -3.069208E+01	   3.236852E+05	  -4.571242E-01	   4.443926E+06	   8.743360E+00	   1.220978E+06	  -1.387294E+01
   13.1000	  -1.679165E+00	   4.366467E+05	   1.102443E+00	   6.169586E+06	   1.795764E+01	   1.687874E+06	   2.751103E-01	   3.606729E+05	   1.713641E+00	   4.586943E+06	   1.623799E+01	   1.384303E+06	   1.587792E+01
   13.2000	  -1.574372E+00	   4.865773E+05	   1.195073E+00	   6.289276E+06	   1.490270E+01	   1.916444E+06	   5.013333E+00	   3.998984E+05	   1.888533E+00	   4.741275E+06	   1.319958E+01	   1.564543E+06	   1.931526E+01
   13.3000	  -1.453971E+00	   5.397771E+05	  -4.300937E+00	   6.410452E+06	   1.480546E+01	   2.166331E+06	  -3.970707E+01	   4.424196E+05	  -3.534704E+00	   4.904958E+06	   1.312735E+01	   1.766302E+06	  -2.678282E+01
   13.4000	  -1.318034E+00	   5.919015E+05	  -1.741132E+01	   6.539230E+06	   7.234562E+01	   2.422131E+06	  -7.066842E+01	   4.838451E+05	  -1.658215E+01	   5.083661E+06	   7.069669E+01	   1.973995E+06	  -5.919033E+01
   13.5000	  -1.175719E+00	   6.361683E+05	  -9.356163E+00	   6.683318E+06	   3.331793E+01	   2.657955E+06	  -4.354557E+01	   5.173961E+05	  -8.474139E+00	   5.284704E+06	   3.169724E+01	   2.161767E+06	  -3.357310E+01
   13.6000	  -1.031273E+00	   6.777091E+05	   1.921341E+01	   6.834497E+06	  -9.626220E+01	   2.894589E+06	   6.741619E+01	   5.482578E+05	   2.013803E+01	   5.499541E+06	  -9.786116E+01	   2.350649E+06	   7.583352E+01
   13.7000	  -8.803351E-01	   7.217951E+05	   2.464128E+01	   6.983258E+06	  -1.183910E+02	   3.143016E+06	   8.799783E+01	   5.818019E+05	   2.559816E+01	   5.718394E+06	  -1.199805E+02	   2.552060E+06	   9.482138E+01
   13.8000	  -7.235414E-01	   7.668915E+05	  -1.998389E+01	   7.127700E+06	   1.046620E+02	   3.378982E+06	  -7.934131E+01	   6.166351E+05	  -1.900516E+01	   5.939142E+06	   1.030643E+02	   2.742340E+06	  -7.413819E+01
   13.9000	  -5.700066E-01	   8.056490E+05	  -2.936104E+01	   7.274170E+06	   1.433925E+02	   3.565397E+06	  -1.205071E+02	   6.455836E+05	  -2.837086E+01	   6.167954E+06	   1.417641E+02	   2.885121E+06	  -1.169381E+02
   14.0000	  -4.237416E-01	   8.348830E+05	  -8.502987E+00	   7.423450E+06	   8.955521E+01	   3.684616E+06	   1.016989E+02	   6.656629E+05	  -7.511747E+00	   6.405450E+06	   8.786980E+01	   2.963568E+06	   1.036344E+02
   14.1000	  -2.800336E-01	   8.611364E+05	  -4.849222E+00	   7.563748E+06	   2.435163E+01	   3.760542E+06	   2.896109E+00	   6.836320E+05	  -3.867245E+00	   6.639674E+06	   2.258035E+01	   3.002445E+06	   3.213368E+00
   14.2000	  -1.386837E-01	   8.852761E+05	  -3.238274E+01	   7.691388E+06	  -3.970020E+02	   3.795084E+06	   3.418507E+01	   7.005801E+05	  -3.142026E+01	   6.866759E+06	  -3.988891E+02	   3.004538E+06	   3.291527E+01
   14.3000	  -7.470215E-03	   9.026878E+05	   2.956530E+00	   7.808974E+06	  -7.611198E+01	   3.770650E+06	  -1.087864E+02	   7.121142E+05	   3.889391E+00	   7.089073E+06	  -7.814474E+01	   2.953126E+06	  -1.115960E+02
   14.4000	   1.109836E-01	   9.073196E+05	   4.775867E+00	   7.921457E+06	  -1.047905E+01	   3.659039E+06	  -4.149965E+01	   7.123939E+05	   5.669160E+00	   7.311262E+06	  -1.268526E+01	   2.820840E+06	  -4.578506E+01
   14.5000	   2.226813E-01	   9.046068E+05	  -1.034356E+01	   8.020058E+06	   1.190967E+02	   3.489097E+06	  -5.831047E+01	   7.070494E+05	  -9.499580E+00	   7.524152E+06	   1.166923E+02	   2.637313E+06	  -6.399145E+01
   14.6000	   3.293190E-01	   8.960369E+05	  -7.494740E+00	   8.102144E+06	   6.905917E+01	   3.273981E+06	  -4.930454E+01	   6.977411E+05	  -6.709562E+00	   7.724620E+06	   6.643641E+01	   2.416407E+06	  -5.628466E+01
   14.7000	   4.248015E-01	   8.793435E+05	   1.088650E+01	   8.170603E+06	  -1.186771E+02	   3.011043E+06	   4.203864E+01	   6.823476E+05	   1.160370E+01	   7.914957E+06	  -1.215331E+02	   2.156101E+06	   3.387133E+01
   14.8000	   5.079210E-01	   8.545336E+05	   6.339607E+00	   8.224232E+06	  -1.091765E+02	   2.707000E+06	   3.512194E+01	   6.609894E+05	   6.980026E+00	   8.093252E+06	  -1.122745E+02	   1.863636E+06	   2.589399E+01
   14.9000	   5.856962E-01	   8.231659E+05	   1.254744E+00	   8.258032E+06	   2.442037E+01	   2.385396E+06	  -1.636176E+00	   6.353024E+05	   1.810005E+00	   8.253697E+06	   2.107829E+01	   1.562963E+06	  -1.178473E+01
   15.0000	   6.607310E-01	   7.831664E+05	   5.062489E+00	   8.275523E+06	   6.945994E+01	   2.052364E+06	   3.496040E+01	   6.032511E+05	   5.524705E+00	   8.398906E+06	   6.587842E+01	   1.260495E+06	   2.404335E+01
   15.1000	   7.277474E-01	   7.325356E+05	   3.862053E-01	   8.282312E+06	  -3.791834E+00	   1.701110E+06	   2.401597E+01	   5.628326E+05	   7.480484E-01	   8.533503E+06	  -7.601441E+00	   9.495683E+05	   1.249303E+01
   15.2000	   7.858838E-01	   6.741961E+05	   2.135392E+00	   8.271870E+06	  -1.146313E+01	   1.366289E+06	   2.306411E+01	   5.169237E+05	   2.390157E+00	   8.649918E+06	  -1.548313E+01	   6.648086E+05	   1.110672E+01
   15.3000	   8.419659E-01	   6.103578E+05	   1.760353E+00	   8.236424E+06	   2.388253E+01	   1.097032E+06	   9.010199E+00	   4.676438E+05	   1.902036E+00	   8.739297E+06	   1.967561E+01	   4.551442E+05	  -3.203251E+00
   15.4000	   8.982150E-01	   5.393486E+05	  -2.044792E+00	   8.188006E+06	  -1.927526E+01	   8.628693E+05	  -4.095128E+00	   4.131874E+05	  -2.021414E+00	   8.812575E+06	  -2.364061E+01	   2.897185E+05	  -1.638113E+01
   15.5000	   9.488679E-01	   4.575092E+05	   5.452488E-01	   8.133734E+06	   1.633154E+01	   6.460132E+05	  -8.745931E+00	   3.497196E+05	   4.459739E-01	   8.875788E+06	   1.184038E+01	   1.501698E+05	  -2.091784E+01
   15.6000	   9.921961E-01	   3.701098E+05	   2.787119E+00	   8.071152E+06	   4.239052E+01	   4.538676E+05	  -7.986057E+00	   2.822956E+05	   2.561810E+00	   8.925431E+06	   3.780930E+01	   4.313870E+04	  -1.985596E+01
   15.7000	   1.033777E+00	   2.815830E+05	   2.877049E-01	   7.995238E+06	   2.092088E+01	   3.029825E+05	  -5.975684E+00	   2.150983E+05	  -6.594205E-02	   8.955485E+06	   1.628736E+01	  -1.576966E+04	  -1.735635E+01
   15.8000	   1.074600E+00	   1.892341E+05	  -2.006742E+00	   7.914778E+06	  -2.125050E+01	   1.623751E+05	  -8.580090E-01	   1.451527E+05	  -2.489852E+00	   8.973814E+06	  -2.589764E+01	  -5.865246E+04	  -1.156478E+01
   15.9000	   1.107827E+00	   8.944211E+04	   1.973632E+00	   7.835304E+06	   1.797944E+01	   1.959668E+04	   5.777124E+00	   6.853258E+04	   1.361217E+00	   8.985115E+06	   1.335716E+01	  -9.922576E+04	  -4.075431E+00
   16.0000	   1.130572E+00	  -1.241233E+04	   3.892808E+00	   7.754184E+06	   4.177273E+01	  -1.190434E+05	   9.087519E+00	  -9.704364E+03	   3.152632E+00	   8.986019E+06	   3.721256E+01	  -1.325790E+05	   2.633876E-01
   16.1000	   1.147206E+00	  -1.109087E+05	   1.242742E+00	   7.664557E+06	   1.457899E+01	  -2.398174E+05	  -1.172986E+00	  -8.447284E+04	   3.778144E-01	   8.969029E+06	   1.011599E+01	  -1.464898E+05	  -8.802246E+00
   16.2000	   1.157840E+00	  -2.073784E+05	  -5.686772E-01	   7.571284E+06	   1.230535E+01	  -3.756718E+05	  -7.754596E+00	  -1.574451E+05	  -1.553816E+00	   8.938475E+06	   7.971611E+00	  -1.754922E+05	  -1.403189E+01
   16.3000	   1.155195E+00	  -3.063798E+05	  -9.284409E-01	   7.478025E+06	   2.378007E+01	  -5.436675E+05	   5.789858E+00	  -2.335203E+05	  -2.027678E+00	   8.897584E+06	   1.960407E+01	  -2.382890E+05	   1.010821E+00
   16.4000	   1.136136E+00	  -4.051884E+05	  -2.525989E+00	   7.381143E+06	   1.676976E+01	  -7.486781E+05	   2.826184E+01	  -3.103090E+05	  -3.731629E+00	   8.842385E+06	   1.277592E+01	  -3.414246E+05	   2.511514E+01
   16.5000	   1.104952E+00	  -4.984445E+05	  -2.086270E+00	   7.272709E+06	   1.005924E+01	  -9.941705E+05	   2.631697E+01	  -3.827760E+05	  -3.389048E+00	   8.764693E+06	   6.267723E+00	  -4.900384E+05	   2.492320E+01
   16.6000	   1.062134E+00	  -5.856861E+05	   2.853399E+00	   7.151551E+06	   4.360486E+01	  -1.299232E+06	  -6.174232E+00	  -4.507697E+05	   1.464262E+00	   8.663154E+06	   4.003156E+01	  -7.048660E+05	  -5.709105E+00
   16.7000	   1.001299E+00	  -6.684200E+05	   4.020063E+00	   7.022656E+06	   1.024159E+01	  -1.667606E+06	  -2.036931E+01	  -5.160878E+05	   2.556793E+00	   8.542635E+06	   6.898354E+00	  -9.912447E+05	  -1.795505E+01
   16.8000	   9.203959E-01	  -7.438684E+05	   5.492499E+00	   6.886970E+06	  -5.103956E+00	  -2.073476E+06	  -1.915006E+01	  -5.762208E+05	   3.968665E+00	   8.404005E+06	  -8.208986E+00	  -1.324874E+06	  -1.471307E+01
   16.9000	   8.248963E-01	  -8.084469E+05	   8.768534E+00	   6.741286E+06	   1.865292E+00	  -2.472593E+06	  -2.182753E+01	  -6.278255E+05	   7.198929E+00	   8.244014E+06	  -9.965244E-01	  -1.662902E+06	  -1.531168E+01
   17.0000	   7.167923E-01	  -8.626144E+05	   1.070173E+01	   6.589632E+06	   7.534586E+00	  -2.846950E+06	  -3.588676E+01	  -6.715699E+05	   9.102240E+00	   8.066680E+06	   4.918477E+00	  -1.988570E+06	  -2.725406E+01
   17.1000	   5.914863E-01	  -9.092496E+05	   1.238072E+01	   6.438885E+06	   3.296747E+01	  -3.195635E+06	  -3.548705E+01	  -7.105050E+05	   1.076817E+01	   7.878888E+06	   3.059773E+01	  -2.302019E+06	  -2.471819E+01
   17.2000	   4.486628E-01	  -9.479424E+05	   7.593998E+00	   6.289457E+06	  -8.479913E+00	  -3.508601E+06	  -2.133744E+01	  -7.443498E+05	   5.985999E+00	   7.681079E+06	  -1.060372E+01	  -2.594028E+06	  -8.432167E+00
   17.3000	   2.953387E-01	  -9.755818E+05	   4.281376E+00	   6.138092E+06	  -3.915588E+01	  -3.769062E+06	  -2.020318E+01	  -7.700736E+05	   2.696167E+00	   7.470050E+06	  -4.103469E+01	  -2.848354E+06	  -5.180504E+00
   17.4000	   1.350540E-01	  -9.914498E+05	   3.849375E+00	   5.985699E+06	  -3.271306E+01	  -3.971092E+06	  -2.557602E+01	  -7.869838E+05	   2.305646E+00	   7.246798E+06	  -3.434765E+01	  -3.059297E+06	  -8.474242E+00
   17.5000	  -3.526274E-02	  -9.969452E+05	   2.955061E+00	   5.836963E+06	  -1.853248E+01	  -4.119588E+06	  -2.324753E+01	  -7.964439E+05	   1.471786E+00	   7.016142E+06	  -1.992307E+01	  -3.231625E+06	  -4.124049E+00
   17.6000	  -2.147451E-01	  -9.922998E+05	   7.460650E+00	   5.692135E+06	  -2.921215E+01	  -4.202652E+06	  -2.169052E+01	  -7.985849E+05	   6.056887E+00	   6.778526E+06	  -3.035799E+01	  -3.352924E+06	  -6.214833E-01
   17.7000	  -3.956276E-01	  -9.767416E+05	   7.175682E+00	   5.548941E+06	  -2.589025E+01	  -4.202320E+06	  -2.914619E+01	  -7.924671E+05	   5.870383E+00	   6.531960E+06	  -2.678947E+01	  -3.404314E+06	  -6.225875E+00
   17.8000	  -5.738317E-01	  -9.511409E+05	   3.835591E+00	   5.410194E+06	  -2.450330E+00	  -4.126865E+06	  -4.125064E+01	  -7.787237E+05	   2.647388E+00	   6.279641E+06	  -3.099823E+00	  -3.392744E+06	  -1.659063E+01
   17.9000	  -7.520707E-01	  -9.178049E+05	   2.293045E+00	   5.280224E+06	   7.114329E+00	  -3.992992E+06	  -3.690571E+01	  -7.593593E+05	   1.240027E+00	   6.026410E+06	   6.718848E+00	  -3.333211E+06	  -1.063392E+01
   18.0000	  -9.295402E-01	  -8.772167E+05	   6.037926E-01	   5.159225E+06	   2.540522E+01	  -3.799924E+06	  -3.794069E+01	  -7.344933E+05	  -2.967316E-01	   5.773124E+06	   2.526905E+01	  -3.222876E+06	  -1.020012E+01
   18.1000	  -1.098976E+00	  -8.285948E+05	   2.389178E+00	   5.045586E+06	   2.930419E+01	  -3.534102E+06	  -4.428164E+01	  -7.029284E+05	   1.657438E+00	   5.518998E+06	   2.943337E+01	  -3.045819E+06	  -1.522892E+01
   18.2000	  -1.256969E+00	  -7.733602E+05	   4.400316E+00	   4.942120E+06	   2.218514E+01	  -3.206967E+06	  -2.902602E+01	  -6.656289E+05	   3.852392E+00	   5.267844E+06	   2.258618E+01	  -2.810897E+06	   1.170179E+00
   18.3000	  -1.406968E+00	  -7.137312E+05	   6.075129E+00	   4.854902E+06	  -1.686904E+00	  -2.868316E+06	  -3.537998E+01	  -6.243292E+05	   5.724555E+00	   5.026930E+06	  -1.007466E+00	  -2.565178E+06	  -4.219277E+00
   18.4000	  -1.549155E+00	  -6.503629E+05	   3.342442E+00	   4.784787E+06	  -3.545917E+00	  -2.529758E+06	  -5.456530E+01	  -5.791906E+05	   3.201046E+00	   4.798477E+06	  -2.581905E+00	  -2.317509E+06	  -2.262744E+01
   18.5000	  -1.677477E+00	  -5.835285E+05	   1.450557E+00	   4.732440E+06	  -5.116586E+00	  -2.192906E+06	  -5.768498E+01	  -5.299986E+05	   1.528257E+00	   4.584692E+06	  -3.862637E+00	  -2.066799E+06	  -2.516370E+01
   18.6000	  -1.789665E+00	  -5.144255E+05	   2.803090E+00	   4.698964E+06	  -7.560095E+00	  -1.864034E+06	  -3.358570E+01	  -4.774884E+05	   3.107745E+00	   4.388372E+06	  -6.012112E+00	  -1.816789E+06	  -6.790856E-01
   18.7000	  -1.890140E+00	  -4.438218E+05	   2.319953E+00	   4.683339E+06	  -8.499914E-01	  -1.546245E+06	  -1.779065E+01	  -4.220074E+05	   2.857236E+00	   4.210321E+06	   9.944109E-01	  -1.568323E+06	   1.530105E+01
   18.8000	  -1.980054E+00	  -3.720781E+05	  -5.473071E-01	   4.684516E+06	  -1.272601E+01	  -1.240633E+06	  -4.131047E+01	  -3.635537E+05	   2.260199E-01	   4.051406E+06	  -1.058494E+01	  -1.320593E+06	  -8.234042E+00
   18.9000	  -2.054321E+00	  -3.011231E+05	  -3.916014E+00	   4.704505E+06	  -1.731907E+01	  -9.563741E+05	  -5.865932E+01	  -3.037667E+05	  -2.905519E+00	   3.915602E+06	  -1.488360E+01	  -1.081315E+06	  -2.579652E+01
   19.0000	  -2.111385E+00	  -2.327111E+05	  -5.405755E+00	   4.744344E+06	  -1.255245E+01	  -6.999975E+05	  -5.332309E+01	  -2.441940E+05	  -4.159248E+00	   3.805923E+06	  -9.827675E+00	  -8.560577E+05	  -2.086824E+01
   19.1000	  -2.156065E+00	  -1.662179E+05	  -4.078918E+00	   4.800958E+06	  -6.151091E+00	  -4.654948E+05	  -3.139531E+01	  -1.840974E+05	  -2.599783E+00	   3.721224E+06	  -3.145176E+00	  -6.383913E+05	   4.631591E-01
   19.2000	  -2.189818E+00	  -1.011171E+05	  -5.461495E+00	   4.872383E+06	  -5.246079E+00	  -2.475785E+05	  -3.985208E+01	  -1.229331E+05	  -3.755261E+00	   3.661380E+06	  -1.970353E+00	  -4.231651E+05	  -8.770704E+00
   19.3000	  -2.207817E+00	  -3.845290E+04	  -3.380860E+00	   4.960160E+06	  -7.517347E+00	  -4.752209E+04	  -2.813334E+01	  -6.182580E+04	  -1.455082E+00	   3.629628E+06	  -3.986306E+00	  -2.123460E+05	   1.999437E+00
   19.4000	  -2.208533E+00	   2.133828E+04	  -3.361930E+00	   5.064094E+06	  -7.181338E+00	   1.361672E+05	  -2.928583E+01	  -1.388565E+03	  -1.226060E+00	   3.627281E+06	  -3.412492E+00	  -5.667842E+03	  -2.625752E-01
   19.5000	  -2.196589E+00	   7.930878E+04	  -4.389764E+00	   5.180406E+06	  -4.492725E+00	   3.103090E+05	  -3.246404E+01	   5.916420E+04	  -2.054996E+00	   3.651840E+06	  -5.062897E-01	   2.019706E+05	  -4.699574E+00
   19.6000	  -2.173265E+00	   1.355865E+05	  -5.306737E+00	   5.307253E+06	  -2.423989E+00	   4.780970E+05	  -3.468475E+01	   1.196119E+05	  -2.785848E+00	   3.702478E+06	   1.757539E+00	   4.116113E+05	  -8.315996E+00
   19.7000	  -2.133671E+00	   1.889760E+05	  -5.253306E+00	   5.446052E+06	  -2.057101E+00	   6.386912E+05	  -2.903504E+01	   1.783406E+05	  -2.560478E+00	   3.781342E+06	   2.295295E+00	   6.199032E+05	  -4.186080E+00
   19.8000	  -2.076174E+00	   2.396053E+05	  -2.844002E+00	   5.595986E+06	  -4.682771E+00	   7.961433E+05	  -2.516603E+01	   2.350036E+05	   5.357519E-03	   3.888036E+06	  -1.848272E-01	   8.281122E+05	  -1.948039E+00
   19.9000	  -2.005269E+00	   2.891761E+05	  -1.873984E+00	   5.753126E+06	  -7.073632E+00	   9.591476E+05	  -1.929487E+01	   2.907875E+05	   1.115467E+00	   4.018744E+06	  -2.455889E+00	   1.041967E+06	   2.193660E+00
   20.0000	  -1.922315E+00	   3.382252E+05	  -3.564747E+00	   5.915834E+06	  -1.355333E+00	   1.131784E+06	  -2.112380E+01	   3.456918E+05	  -4.524685E-01	   4.171631E+06	   3.356686E+00	   1.262504E+06	  -1.451115E+00
   20.1000	  -1.822790E+00	   3.857179E+05	  -6.293039E+00	   6.085607E+06	   6.549588E+00	   1.312527E+06	  -2.573832E+01	   3.981402E+05	  -3.075803E+00	   4.347702E+06	   1.133118E+01	   1.485179E+06	  -7.956607E+00
   20.2000	  -1.705531E+00	   4.312327E+05	  -6.694877E+00	   6.262423E+06	   6.044457E+00	   1.501239E+06	  -3.127027E+01	   4.471855E+05	  -3.390935E+00	   4.546173E+06	   1.087223E+01	   1.706969E+06	  -1.544447E+01
   20.3000	  -1.575572E+00	   4.757557E+05	  -5.512971E+00	   6.443848E+06	  -6.602755E-01	   1.702054E+06	  -3.461474E+01	   4.933233E+05	  -2.140705E+00	   4.763604E+06	   4.191925E+00	   1.929355E+06	  -2.080088E+01
   20.4000	  -1.435073E+00	   5.197993E+05	  -4.077540E+00	   6.629284E+06	  -6.578863E+00	   1.917317E+06	  -3.883598E+01	   5.366295E+05	  -6.552218E-01	   4.998195E+06	  -1.722169E+00	   2.152364E+06	  -2.708253E+01
   20.5000	  -1.280572E+00	   5.629532E+05	  -8.680189E-01	   6.820454E+06	  -2.515367E+01	   2.146030E+06	  -4.804000E+01	   5.763285E+05	   2.586437E+00	   5.250298E+06	  -2.031059E+01	   2.373099E+06	  -3.838924E+01
   20.6000	  -1.112006E+00	   6.055004E+05	   1.251279E+00	   7.017712E+06	  -3.774059E+01	   2.389208E+06	  -3.962712E+01	   6.124256E+05	   4.720548E+00	   5.518794E+06	  -3.292756E+01	   2.591173E+06	  -3.211649E+01
   20.7000	  -9.354598E-01	   6.485031E+05	   2.355537E+00	   7.219812E+06	  -3.674976E+01	   2.650493E+06	  -1.926742E+01	   6.458057E+05	   5.823093E+00	   5.800896E+06	  -3.198177E+01	   2.809384E+06	  -1.393065E+01
   20.8000	  -7.542219E-01	   6.920173E+05	  -3.722322E+00	   7.426479E+06	  -2.623465E+00	   2.924272E+06	  -2.836068E+01	   6.764577E+05	  -2.720328E-01	   6.094776E+06	   2.085584E+00	   3.021872E+06	  -2.522877E+01
   20.9000	  -5.660006E-01	   7.347300E+05	  -1.200151E+01	   7.634171E+06	   4.573982E+01	   3.160914E+06	  -2.504384E+01	   7.031175E+05	  -8.582945E+00	   6.395370E+06	   5.037681E+01	   3.179386E+06	  -2.414570E+01
   21.0000	  -3.717039E-01	   7.760986E+05	  -9.972700E+00	   7.841572E+06	   5.126118E+01	   3.343274E+06	  -1.817311E+01	   7.254099E+05	  -6.599154E+00	   6.699912E+06	   5.581348E+01	   3.265776E+06	  -1.953591E+01
   21.1000	  -1.780918E-01	   8.168586E+05	  -2.673362E+00	   8.047040E+06	   3.370312E+01	   3.472456E+06	   1.459951E+01	   7.443535E+05	   6.430402E-01	   7.005426E+06	   3.815846E+01	   3.283749E+06	   1.095041E+01
   21.2000	   1.104797E-02	   8.570414E+05	   5.153754E+00	   8.249219E+06	   6.251584E+00	   3.547327E+06	   4.130692E+01	   7.603719E+05	   8.401997E+00	   7.309358E+06	   1.059797E+01	   3.234326E+06	   3.534830E+01
   21.3000	   1.976950E-01	   8.957085E+05	  -7.237130E-01	   8.446831E+06	   2.755416E+01	   3.563151E+06	   2.609436E+00	   7.730178E+05	   2.446344E+00	   7.609401E+06	   3.178004E+01	   3.115426E+06	  -5.679027E+00
   21.4000	   3.810204E-01	   9.318831E+05	  -3.670747E+00	   8.638417E+06	   5.059869E+01	   3.518066E+06	  -2.244440E+01	   7.818896E+05	  -5.880816E-01	   7.903237E+06	   5.469325E+01	   2.928252E+06	  -3.307908E+01
   21.5000	   5.547765E-01	   9.645161E+05	  -5.080262E+00	   8.823284E+06	  -5.632297E+01	   3.410498E+06	  -1.784290E+01	   7.865814E+05	  -2.093585E+00	   8.189502E+06	  -5.236942E+01	   2.674619E+06	  -3.083494E+01
   21.6000	   7.159502E-01	   9.926718E+05	  -7.822528E-01	   9.000944E+06	  -5.003537E+01	   3.239662E+06	  -6.286790E+00	   7.868480E+05	   2.100215E+00	   8.467217E+06	  -4.623087E+01	   2.357352E+06	  -2.164057E+01
   21.7000	   8.675032E-01	   1.016282E+06	  -3.398443E+00	   9.169096E+06	  -9.048058E+01	   3.012860E+06	  -2.767505E+01	   7.833402E+05	  -6.282591E-01	   8.733757E+06	  -8.683105E+01	   1.987480E+06	  -4.538652E+01
   21.8000	   1.009921E+00	   1.034952E+06	   1.770809E-01	   9.323400E+06	  -4.866585E+01	   2.749832E+06	  -2.776171E+01	   7.763884E+05	   2.826824E+00	   8.984614E+06	  -4.517459E+01	   1.588475E+06	  -4.781672E+01
   21.9000	   1.138581E+00	   1.047483E+06	   1.574439E-01	   9.459743E+06	  -4.750463E+01	   2.475999E+06	   3.044750E+00	   7.655054E+05	   2.678322E+00	   9.215642E+06	  -4.417205E+01	   1.189396E+06	  -1.932785E+01
   22.0000	   1.252168E+00	   1.052448E+06	   2.441490E+01	   9.575113E+06	   1.675040E+02	   2.221352E+06	   2.579386E+01	   7.499401E+05	   2.679807E+01	   9.423904E+06	   1.706805E+02	   8.236824E+05	   1.143051E+00
   22.1000	   1.355308E+00	   1.049906E+06	  -3.128399E+00	   9.661101E+06	  -2.968969E+01	   2.022359E+06	   1.799246E+01	   7.303775E+05	  -8.922835E-01	   9.601145E+06	  -2.666346E+01	   5.309719E+05	  -8.882310E+00
   22.2000	   1.450197E+00	   1.039315E+06	  -4.865038E+00	   9.718165E+06	  -4.346312E+01	   1.902456E+06	   1.099881E+01	   7.068315E+05	  -2.785874E+00	   9.748033E+06	  -4.057894E+01	   3.375156E+05	  -1.802957E+01
   22.3000	   1.533906E+00	   1.021992E+06	  -6.036387E+00	   9.753013E+06	  -5.236517E+01	   1.804500E+06	   8.476415E+00	   6.810914E+05	  -4.124594E+00	   9.871511E+06	  -4.961261E+01	   1.885658E+05	  -2.261816E+01
   22.4000	   1.606568E+00	   9.966040E+05	  -3.859626E+00	   9.768808E+06	  -3.432335E+01	   1.710661E+06	   1.863771E+01	   6.522016E+05	  -2.126079E+00	   9.974978E+06	  -3.169068E+01	   6.821720E+04	  -1.441790E+01
   22.5000	   1.673901E+00	   9.625908E+05	  -8.171919E+01	   9.767006E+06	  -5.342339E+02	   1.619188E+06	   9.026385E+01	   6.198763E+05	  -8.017510E+01	   1.006011E+07	  -5.317089E+02	  -2.387700E+04	   5.537040E+01
   22.6000	   1.738940E+00	   9.218824E+05	  -2.609199E+00	   9.748687E+06	  -3.143737E+01	   1.514882E+06	   3.479662E+01	   5.862063E+05	  -1.265975E+00	   1.012815E+07	  -2.900833E+01	  -1.020559E+05	  -1.793611E+00
   22.7000	   1.799320E+00	   8.749686E+05	  -4.018198E+01	   9.718960E+06	  -2.861348E+02	   1.391758E+06	   1.335191E+02	   5.517252E+05	  -3.905105E+01	   1.018434E+07	  -2.837914E+02	  -1.720192E+05	   9.539064E+01
   22.8000	   1.855284E+00	   8.220208E+05	  -3.644006E+00	   9.679369E+06	  -2.954845E+01	   1.242029E+06	   5.532710E+01	   5.165279E+05	  -2.736635E+00	   1.023027E+07	  -2.728258E+01	  -2.418558E+05	   1.583545E+01
   22.9000	   1.912185E+00	   7.618725E+05	  -1.764794E+02	   9.633269E+06	  -1.235073E+03	   1.071372E+06	   1.872933E+02	   4.792508E+05	  -1.758065E+02	   1.026928E+07	  -1.232879E+03	  -3.067799E+05	   1.466286E+02
   23.0000	   1.972364E+00	   6.935926E+05	  -3.043876E+00	   9.574944E+06	  -2.163675E+00	   8.869489E+05	   6.695536E+01	   4.386459E+05	  -2.615893E+00	   1.029554E+07	  -4.046396E-02	  -3.611086E+05	   2.532136E+01
   23.1000	   2.032509E+00	   6.176515E+05	  -3.094965E+00	   9.512713E+06	   2.005296E+00	   6.855110E+05	   6.854015E+01	   3.947521E+05	  -2.921585E+00	   1.031718E+07	   4.056673E+00	  -4.101429E+05	   2.615174E+01
   23.2000	   2.091560E+00	   5.360471E+05	  -3.039095E+00	   9.445558E+06	  -7.458640E+00	   4.642301E+05	   6.953503E+01	   3.490273E+05	  -3.129156E+00	   1.033292E+07	  -5.483902E+00	  -4.593075E+05	   2.661603E+01
   23.3000	   2.153257E+00	   4.505421E+05	  -1.933366E+00	   9.374384E+06	  -9.009398E+00	   2.265266E+05	   7.041867E+01	   3.025954E+05	  -2.294661E+00	   1.034333E+07	  -7.119094E+00	  -5.082867E+05	   2.719903E+01
   23.4000	   2.218239E+00	   3.607906E+05	  -9.659908E-01	   9.299954E+06	  -6.504713E+00	  -1.753641E+04	   6.820383E+01	   2.543845E+05	  -1.605110E+00	   1.034874E+07	  -4.709086E+00	  -5.505746E+05	   2.491676E+01
   23.5000	   2.281514E+00	   2.655175E+05	  -4.669283E-01	   9.223610E+06	  -3.351901E+00	  -2.574679E+05	   6.541792E+01	   2.023224E+05	  -1.389079E+00	   1.035001E+07	  -1.662979E+00	  -5.796250E+05	   2.229683E+01
   23.6000	   2.340322E+00	   1.651229E+05	  -2.943445E-01	   9.146997E+06	  -3.026383E+01	  -4.857484E+05	   6.489066E+01	   1.459571E+05	  -1.503183E+00	   1.034823E+07	  -2.869469E+01	  -5.921679E+05	   2.216611E+01
   23.7000	   2.396728E+00	   6.203822E+04	   2.407089E-01	   9.075791E+06	   9.665208E+03	  -6.909291E+05	   6.282692E+01	   8.683474E+04	  -1.256746E+00	   1.034847E+07	   9.666644E+03	  -5.812139E+05	   2.072368E+01
   23.8000	   2.449960E+00	  -4.150772E+04	   7.715303E-01	   8.998841E+06	   8.660817E+00	  -8.849089E+05	   5.927688E+01	   2.628594E+04	  -1.014565E+00	   1.033891E+07	   9.950685E+00	  -5.632234E+05	   1.801104E+01
   23.9000	   2.493965E+00	  -1.453518E+05	   9.855499E-01	   8.929299E+06	   1.236134E+01	  -1.042606E+06	   5.345893E+01	  -3.641289E+04	  -1.087141E+00	   1.033200E+07	   1.349309E+01	  -5.176618E+05	   1.323539E+01
   24.0000	   2.525194E+00	  -2.507060E+05	   9.885416E-01	   8.865861E+06	   1.568113E+01	  -1.158717E+06	   4.669301E+01	  -1.033257E+05	  -1.366483E+00	   1.032572E+07	   1.664424E+01	  -4.436365E+05	   7.703245E+00
   24.1000	   2.545213E+00	  -3.580388E+05	   1.811800E+00	   8.809919E+06	   2.422391E+01	  -1.225542E+06	   4.267802E+01	  -1.757134E+05	  -8.189586E-01	   1.032069E+07	   2.500968E+01	  -3.375939E+05	   5.098186E+00
   24.2000	   2.553197E+00	  -4.658262E+05	   3.500273E+00	   8.761147E+06	   8.455994E+00	  -1.248938E+06	   3.858959E+01	  -2.527625E+05	   6.027982E-01	   1.031581E+07	   9.057783E+00	  -2.091496E+05	   2.579108E+00
   24.3000	   2.543516E+00	  -5.713935E+05	   5.079525E+00	   8.716736E+06	   5.710662E+01	  -1.243367E+06	   3.322143E+01	  -3.324048E+05	   1.926798E+00	   1.030750E+07	   5.751997E+01	  -7.602179E+04	  -1.078062E+00
   24.4000	   2.513367E+00	  -6.731246E+05	   3.518606E+00	   8.675542E+06	   2.440851E+01	  -1.206769E+06	   3.196391E+01	  -4.135081E+05	   1.245056E-01	   1.029386E+07	   2.463122E+01	   6.120523E+04	  -5.013344E-01
   24.5000	   2.465335E+00	  -7.707290E+05	   3.568591E+00	   8.632646E+06	   2.414610E+01	  -1.137748E+06	   2.689938E+01	  -4.961267E+05	  -5.068419E-02	   1.026924E+07	   2.417822E+01	   2.019841E+05	  -3.626922E+00
   24.6000	   2.399958E+00	  -8.636991E+05	   3.636529E+00	   8.589508E+06	   3.614676E+00	  -1.046741E+06	   1.912179E+01	  -5.799471E+05	  -1.895658E-01	   1.023442E+07	   3.458493E+00	   3.347178E+05	  -9.379294E+00
   24.7000	   2.313284E+00	  -9.499636E+05	   6.683863E+00	   8.544176E+06	   6.548398E+00	  -9.529376E+05	   9.030799E+00	  -6.629322E+05	   2.671234E+00	   1.018682E+07	   6.208409E+00	   4.398802E+05	  -1.737672E+01
   24.8000	   2.204304E+00	  -1.026112E+06	   1.148105E+01	   8.493925E+06	   2.193810E+01	  -8.792982E+05	  -1.041736E+01	  -7.415434E+05	   7.303818E+00	   1.012317E+07	   2.142095E+01	   4.950349E+05	  -3.468021E+01
   24.9000	   2.077409E+00	  -1.089179E+06	   1.128066E+01	   8.435662E+06	  -3.695694E+01	  -8.490855E+05	  -2.977024E+01	  -8.125267E+05	   6.962088E+00	   1.003994E+07	  -3.764252E+01	   4.783041E+05	  -5.185358E+01
   25.0000	   1.935008E+00	  -1.138560E+06	   4.393284E+01	   8.367050E+06	   6.297322E+02	  -8.789612E+05	   1.633935E+02	  -8.748312E+05	   3.949713E+01	   9.934489E+06	   6.288889E+02	   3.752488E+05	   1.435092E+02
   25.1000	   1.775033E+00	  -1.175087E+06	   1.420290E+01	   8.286512E+06	   1.136141E+01	  -9.785185E+05	  -5.517107E+01	  -9.287000E+05	   9.674857E+00	   9.805049E+06	   1.037276E+01	   1.792835E+05	  -7.285070E+01
   25.2000	   1.598181E+00	  -1.199095E+06	   1.541331E+01	   8.193800E+06	   3.437682E+01	  -1.148720E+06	  -5.567881E+01	  -9.737520E+05	   1.081794E+01	   9.651361E+06	   3.325679E+01	  -1.068374E+05	  -7.116109E+01
   25.3000	   1.410288E+00	  -1.209262E+06	   7.860293E+00	   8.090269E+06	  -5.309512E+00	  -1.376299E+06	  -3.619502E+01	  -1.007838E+06	   3.222458E+00	   9.474932E+06	  -6.545908E+00	  -4.655247E+05	  -4.949882E+01
   25.4000	   1.215023E+00	  -1.205214E+06	   1.135527E+01	   7.978633E+06	  -1.337964E+01	  -1.640916E+06	  -4.391093E+01	  -1.029677E+06	   6.699358E+00	   9.278819E+06	  -1.471677E+01	  -8.716378E+05	  -5.506536E+01
   25.5000	   1.011384E+00	  -1.189167E+06	   1.482865E+02	   7.861618E+06	   1.753325E+03	  -1.918147E+06	  -5.094709E+02	  -1.040518E+06	   1.436362E+02	   9.066278E+06	   1.751903E+03	  -1.295621E+06	  -5.185142E+02
   25.6000	   8.007940E-01	  -1.164142E+06	   6.125121E+00	   7.740772E+06	  -2.335031E+01	  -2.183600E+06	  -3.705010E+01	  -1.042396E+06	   1.502904E+00	   8.839587E+06	  -2.484260E+01	  -1.707787E+06	  -4.402801E+01
   25.7000	   5.894505E-01	  -1.131150E+06	  -3.431981E+00	   7.618058E+06	   3.948731E+01	  -2.419121E+06	   3.391387E+01	  -1.035342E+06	  -8.004642E+00	   8.601631E+06	   3.793865E+01	  -2.084696E+06	   2.894879E+01
   25.8000	   3.811483E-01	  -1.089586E+06	   7.747852E+00	   7.494295E+06	   3.041044E+00	  -2.622120E+06	   5.749104E+00	  -1.017813E+06	   3.244800E+00	   8.354334E+06	   1.447764E+00	  -2.418668E+06	   2.738895E+00
   25.9000	   1.748093E-01	  -1.039587E+06	   6.630275E-01	   7.370338E+06	  -3.126241E+01	  -2.789807E+06	  -5.683139E+00	  -9.890872E+05	  -3.751804E+00	   8.099826E+06	  -3.289108E+01	  -2.702206E+06	  -6.800792E+00
   26.0000	  -2.850456E-02	  -9.830355E+05	   7.728925E-01	   7.246173E+06	  -4.484373E+01	  -2.913487E+06	   1.038130E+00	  -9.502934E+05	  -3.536604E+00	   7.839517E+06	  -4.650152E+01	  -2.922466E+06	   1.747254E+00
   26.1000	  -2.232288E-01	  -9.224259E+05	   4.697231E+00	   7.121626E+06	  -2.520549E+01	  -2.982679E+06	   1.080548E+01	  -9.033128E+05	   5.086749E-01	   7.574773E+06	  -2.688931E+01	  -3.065538E+06	   1.327297E+01
   26.2000	  -4.063216E-01	  -8.589714E+05	  -2.774917E+00	   6.997014E+06	  -1.717953E+01	  -2.994764E+06	  -3.420564E+00	  -8.489080E+05	  -6.828416E+00	   7.307546E+06	  -1.888946E+01	  -3.126242E+06	   7.348503E-01
   26.3000	  -5.796705E-01	  -7.923169E+05	   4.349527E+01	   6.872484E+06	  -3.361924E+02	  -2.952972E+06	   7.285575E+01	  -7.864559E+05	   3.958950E+01	   7.039663E+06	  -3.379315E+02	  -3.106220E+06	   7.862712E+01
   26.4000	  -7.431487E-01	  -7.229129E+05	  -2.740798E+00	   6.745396E+06	   3.895557E+01	  -2.841573E+06	   8.211456E+00	  -7.163359E+05	  -6.487534E+00	   6.770178E+06	   3.718179E+01	  -2.989213E+06	   1.552551E+01
   26.5000	  -8.922420E-01	  -6.522471E+05	  -6.401731E+00	   6.616656E+06	   6.329400E+01	  -2.662118E+06	   9.042847E-01	  -6.401652E+05	  -9.979417E+00	   6.501663E+06	   6.147814E+01	  -2.777333E+06	   9.686483E+00
   26.6000	  -1.024925E+00	  -5.821192E+05	  -3.880897E+00	   6.489930E+06	   5.906140E+01	  -2.435160E+06	   5.021686E+00	  -5.600736E+05	  -7.280696E+00	   6.239380E+06	   5.719500E+01	  -2.492782E+06	   1.519609E+01
   26.7000	  -1.144024E+00	  -5.131033E+05	   1.045555E+03	   6.369670E+06	  -5.995414E+03	  -2.183599E+06	   2.112814E+03	  -4.771535E+05	   1.042341E+03	   5.989261E+06	  -5.997339E+03	  -2.161142E+06	   2.124303E+03
   26.8000	  -1.250361E+00	  -4.458288E+05	  -4.052898E+01	   6.252043E+06	   2.543059E+02	  -1.909779E+06	   1.545537E+02	  -3.927231E+05	  -4.355065E+01	   5.748816E+06	   2.523133E+02	  -1.788384E+06	   1.672772E+02
   26.9000	  -1.340389E+00	  -3.826075E+05	   4.425884E+00	   6.144764E+06	   1.673116E+00	  -1.636539E+06	  -8.348252E+00	  -3.099273E+05	   1.602701E+00	   5.526926E+06	  -3.928921E-01	  -1.401777E+06	   5.527173E+00
   27.0000	  -1.412954E+00	  -3.242500E+05	   9.325994E+00	   6.050083E+06	  -2.017346E+01	  -1.389383E+06	   1.713139E+01	  -2.305221E+05	   6.706602E+00	   5.326806E+06	  -2.231703E+01	  -1.031889E+06	   3.207266E+01
   27.1000	  -1.471635E+00	  -2.709147E+05	   9.621503E+00	   5.968283E+06	  -2.601970E+01	  -1.176744E+06	  -5.012458E+00	  -1.556854E+05	   7.210639E+00	   5.149492E+06	  -2.824225E+01	  -6.926494E+05	   1.090464E+01
   27.2000	  -1.518000E+00	  -2.224046E+05	   6.150814E+00	   5.899011E+06	  -2.252541E+01	  -9.981945E+05	  -4.196920E+01	  -8.627358E+04	   3.952761E+00	   4.995160E+06	  -2.482533E+01	  -3.893407E+05	  -2.517071E+01
   27.3000	  -1.549258E+00	  -1.800730E+05	   2.564490E+00	   5.843744E+06	  -1.921517E+01	  -8.576534E+05	  -6.166914E+01	  -2.468382E+04	   5.831727E-01	   4.865592E+06	  -2.158776E+01	  -1.315752E+05	  -4.408847E+01
   27.4000	  -1.564935E+00	  -1.441057E+05	   4.502096E+00	   5.802687E+06	  -2.315162E+01	  -7.515179E+05	  -4.871449E+01	   2.790591E+04	   2.741156E+00	   4.761088E+06	  -2.558926E+01	   7.880522E+04	  -3.045570E+01
   27.5000	  -1.569181E+00	  -1.120528E+05	   5.959445E+00	   5.773042E+06	  -1.643703E+01	  -6.624578E+05	  -2.801033E+01	   7.304577E+04	   4.422298E+00	   4.678742E+06	  -1.892951E+01	   2.541537E+05	  -9.182264E+00
   27.6000	  -1.564145E+00	  -8.215920E+04	   3.228997E+00	   5.753136E+06	  -1.444528E+01	  -5.791668E+05	  -3.862859E+01	   1.117204E+05	   1.918849E+00	   4.616605E+06	  -1.698030E+01	   4.014686E+05	  -1.934451E+01
   27.7000	  -1.547641E+00	  -5.416198E+04	  -7.890052E-01	   5.743207E+06	  -4.983695E+00	  -4.980363E+05	  -4.531012E+01	   1.435832E+05	  -1.869167E+00	   4.574486E+06	  -7.547450E+00	   5.208921E+05	  -2.568704E+01
   27.8000	  -1.519709E+00	  -2.804104E+04	  -1.783587E+00	   5.743251E+06	  -2.684490E+00	  -4.172598E+05	  -3.819115E+01	   1.682307E+05	  -2.631044E+00	   4.551839E+06	  -5.262339E+00	   6.117441E+05	  -1.834898E+01
   27.9000	  -1.484904E+00	  -2.212444E+03	  -9.609867E-02	   5.751336E+06	  -3.949056E+00	  -3.284730E+05	  -2.331664E+01	   1.870266E+05	  -7.084802E-01	   4.546108E+06	  -6.526148E+00	   6.809776E+05	  -3.377046E+00
   28.0000	  -1.445746E+00	   2.516960E+04	  -8.212987E-01	   5.765806E+06	  -1.043223E+00	  -2.227824E+05	  -2.122929E+01	   2.018091E+05	  -1.196696E+00	   4.554968E+06	  -3.605104E+00	   7.372056E+05	  -1.314419E+00
   28.1000	  -1.400396E+00	   5.469150E+04	   6.961907E+01	   5.786816E+06	  -6.315799E+00	  -9.704853E+04	  -5.494441E+02	   2.133703E+05	   6.948196E+01	   4.577892E+06	  -8.848939E+00	   7.844214E+05	  -5.296750E+02
   28.2000	  -1.349093E+00	   8.557852E+04	  -5.058495E+00	   5.814178E+06	  -7.279882E+00	   4.395592E+04	  -3.482349E+01	   2.213465E+05	  -4.956764E+00	   4.614020E+06	  -9.772116E+00	   8.198058E+05	  -1.531875E+01
   28.3000	  -1.296411E+00	   1.181105E+05	  -2.305747E+00	   5.847676E+06	  -1.353982E+01	   2.014875E+05	  -2.373517E+01	   2.266182E+05	  -1.965560E+00	   4.662510E+06	  -1.598068E+01	   8.475849E+05	  -4.608949E+00
   28.4000	  -1.244787E+00	   1.528642E+05	   6.114650E-01	   5.886235E+06	  -1.466965E+01	   3.767768E+05	  -1.526986E+01	   2.305290E+05	   1.188620E+00	   4.721722E+06	  -1.705061E+01	   8.728562E+05	   3.369578E+00
   28.5000	  -1.192198E+00	   1.900605E+05	   8.765846E-01	   5.929704E+06	  -2.014343E+01	   5.699331E+05	  -1.759025E+01	   2.342030E+05	   1.687954E+00	   4.791016E+06	  -2.245804E+01	   9.003367E+05	   4.617238E-01
   28.6000	  -1.138505E+00	   2.290222E+05	  -1.343669E-01	   5.978144E+06	  -3.136531E+01	   7.769024E+05	  -2.493389E+01	   2.379672E+05	   9.070420E-01	   4.870047E+06	  -3.360926E+01	   9.311401E+05	  -7.560855E+00
   28.7000	  -1.087682E+00	   2.684397E+05	   2.552468E-02	   6.031590E+06	  -3.711967E+01	   9.902651E+05	  -2.779719E+01	   2.415791E+05	   1.291251E+00	   4.958528E+06	  -3.929080E+01	   9.633710E+05	  -1.118391E+01
   28.8000	  -1.041455E+00	   3.076341E+05	   7.899158E-01	   6.089652E+06	  -3.286448E+01	   1.205553E+06	  -3.075624E+01	   2.454478E+05	   2.272595E+00	   5.055822E+06	  -3.496270E+01	   9.982281E+05	  -1.497158E+01
   28.9000	  -9.970091E-01	   3.465607E+05	   7.086766E-01	   6.151496E+06	  -3.002570E+01	   1.421761E+06	  -3.692803E+01	   2.505963E+05	   2.399241E+00	   5.160923E+06	  -3.205284E+01	   1.040295E+06	  -2.202774E+01
   29.0000	  -9.532712E-01	   3.844059E+05	  -1.936208E+00	   6.216493E+06	  -2.381517E+01	   1.634243E+06	  -4.901105E+01	   2.572171E+05	  -4.855100E-02	   5.273074E+06	  -2.577481E+01	   1.090229E+06	  -3.503688E+01
   29.1000	  -9.131566E-01	   4.196069E+05	  -4.617620E+00	   6.284166E+06	  -1.444167E+01	   1.834625E+06	  -5.370741E+01	   2.646543E+05	  -2.545365E+00	   5.391707E+06	  -1.633885E+01	   1.144469E+06	  -4.068645E+01
   29.2000	  -8.773405E-01	   4.507475E+05	  -2.272584E+00	   6.354032E+06	  -1.569565E+01	   2.015057E+06	  -3.190034E+01	   2.722655E+05	  -2.986335E-02	   5.516256E+06	  -1.753658E+01	   1.199314E+06	  -1.984474E+01
   29.3000	  -8.420385E-01	   4.775616E+05	   4.849322E-01	   6.424689E+06	  -7.603348E+00	   2.174168E+06	   1.461869E+01	   2.803975E+05	   2.882457E+00	   5.645224E+06	  -9.394997E+00	   1.256731E+06	   2.571177E+01
   29.4000	  -8.052431E-01	   4.993347E+05	  -5.553191E+00	   6.495010E+06	   1.416099E+00	   2.308226E+06	  -6.500416E-01	   2.887664E+05	  -3.017906E+00	   5.777358E+06	  -3.335343E-01	   1.315399E+06	   9.497998E+00
   29.5000	  -7.690107E-01	   5.151200E+05	  -1.492441E+01	   6.564013E+06	   1.776473E+00	   2.412272E+06	  -5.070886E+01	   2.966609E+05	  -1.226961E+01	   5.911494E+06	   6.177406E-02	   1.371778E+06	  -4.147445E+01
   29.6000	  -7.333693E-01	   5.238337E+05	  -1.096817E+01	   6.631218E+06	   6.536989E+00	   2.479451E+06	  -1.541570E+01	   3.030321E+05	  -8.213089E+00	   6.046900E+06	   4.850862E+00	   1.419399E+06	  -7.050623E+00
   29.7000	  -6.941621E-01	   5.256914E+05	  -6.258651E+00	   6.695305E+06	   1.156434E+01	   2.511038E+06	   1.780050E+01	   3.079339E+05	  -3.423255E+00	   6.181930E+06	   9.901665E+00	   1.458915E+06	   2.535205E+01
   29.8000	  -6.492248E-01	   5.206931E+05	  -5.489159E+00	   6.755468E+06	   4.837838E+00	   2.507392E+06	   3.679042E+00	   3.110194E+05	  -2.593911E+00	   6.315358E+06	   3.195200E+00	   1.489104E+06	   1.048271E+01
   29.9000	  -6.006854E-01	   5.089414E+05	  -5.745599E+00	   6.811150E+06	  -5.341188E-01	   2.468744E+06	  -1.011842E+01	   3.118792E+05	  -2.811166E+00	   6.446128E+06	  -2.157990E+00	   1.507754E+06	  -3.989016E+00
   30.0000	  -5.489631E-01	   4.906337E+05	  -4.599638E+00	   6.861928E+06	   5.372588E+00	   2.393050E+06	   5.872931E+00	   3.100588E+05	  -1.646619E+00	   6.573232E+06	   3.768625E+00	   1.509649E+06	   1.140753E+01
   30.1000	  -4.906217E-01	   4.664561E+05	  -5.261175E+00	   6.906886E+06	   2.842573E+01	   2.280356E+06	   2.639797E+01	   3.054842E+05	  -2.309822E+00	   6.695098E+06	   2.684539E+01	   1.491081E+06	   3.142100E+01
   30.2000	  -4.244434E-01	   4.372512E+05	  -4.487894E+00	   6.945816E+06	   5.240414E+01	   2.136202E+06	   2.363766E+01	   2.981644E+05	  -1.557844E+00	   6.810817E+06	   5.085369E+01	   1.453437E+06	   2.823392E+01
   30.3000	  -3.536677E-01	   4.036840E+05	   2.405702E+00	   6.979449E+06	   3.770679E+01	   1.966424E+06	  -4.975617E+00	   2.878937E+05	   5.295679E+00	   6.920377E+06	   3.619484E+01	   1.398185E+06	  -7.217057E-01
   30.4000	  -2.800311E-01	   3.667960E+05	  -2.342030E+00	   7.008166E+06	   7.390559E+01	   1.778375E+06	   2.601234E+01	   2.748437E+05	   4.901997E-01	   7.023408E+06	   7.244280E+01	   1.328279E+06	   3.000601E+01
   30.5000	  -2.015666E-01	   3.272289E+05	   1.656045E+00	   7.032527E+06	   8.257511E+01	   1.575758E+06	  -5.460949E+00	   2.588211E+05	   4.414155E+00	   7.119734E+06	   8.117365E+01	   1.243170E+06	  -1.649288E+00
   30.6000	  -1.185257E-01	   2.858969E+05	   1.196976E+00	   7.052734E+06	   7.978932E+01	   1.366239E+06	  -1.398327E+01	   2.399727E+05	   3.866065E+00	   7.208852E+06	   7.846224E+01	   1.146588E+06	  -1.028051E+01
   30.7000	  -3.552409E-02	   2.434248E+05	  -4.016949E-01	   7.069394E+06	   7.840422E+01	   1.154186E+06	  -3.118368E+00	   2.182515E+05	   2.165079E+00	   7.290728E+06	   7.716487E+01	   1.039414E+06	   5.424811E-01
   30.8000	   4.441959E-02	   2.006024E+05	  -6.849146E-01	   7.082554E+06	   6.389654E+01	   9.435469E+05	   1.178226E+00	   1.938920E+05	   1.767961E+00	   7.364842E+06	   6.275784E+01	   9.226784E+05	   4.857485E+00
   30.9000	   1.221381E-01	   1.574531E+05	  -1.009819E+00	   7.092312E+06	   4.598929E+01	   7.319716E+05	  -1.099314E+01	   1.664952E+05	   1.319348E+00	   7.430816E+06	   4.496316E+01	   7.917568E+05	  -7.242040E+00
   31.0000	   1.965476E-01	   1.148555E+05	  -3.349924E+00	   7.097980E+06	   1.960015E+01	   5.251289E+05	  -2.825261E+01	   1.366591E+05	  -1.152470E+00	   7.487588E+06	   1.869695E+01	   6.507410E+05	  -2.438305E+01
   31.1000	   2.625722E-01	   7.313759E+04	  -3.439197E+00	   7.099886E+06	   1.357454E+01	   3.242840E+05	  -2.025167E+01	   1.045747E+05	  -1.379656E+00	   7.535218E+06	   1.280276E+01	   5.000299E+05	  -1.622351E+01
   31.2000	   3.170654E-01	   3.268052E+04	  -1.382053E+00	   7.098236E+06	  -4.053113E+00	   1.298095E+05	  -1.145095E+01	   7.062622E+04	   5.351489E-01	   7.573745E+06	  -4.687106E+00	   3.398246E+05	  -7.229946E+00
   31.3000	   3.610766E-01	  -6.913125E+03	   9.920032E-01	   7.093602E+06	  -4.508612E+01	  -6.455404E+04	  -3.350589E+01	   3.454897E+04	   2.764157E+00	   7.603673E+06	  -4.557809E+01	   1.643442E+05	  -2.906302E+01
   31.4000	   3.941619E-01	  -4.494343E+04	   4.684446E+01	   7.085644E+06	   5.520897E+02	  -2.536233E+05	  -2.998620E+02	  -2.709501E+03	   4.847050E+01	   7.624674E+06	   5.517419E+02	  -2.016770E+04	  -2.951727E+02
   31.5000	   4.123106E-01	  -8.104769E+04	  -7.316329E+01	   7.074554E+06	  -1.219860E+03	  -4.334922E+05	  -3.668719E+02	  -4.044280E+04	  -7.168288E+01	   7.637025E+06	  -1.220063E+03	  -2.082515E+05	  -3.619153E+02
   31.6000	   4.137498E-01	  -1.151622E+05	   8.177025E+00	   7.061020E+06	  -6.487044E+01	  -5.995607E+05	  -4.521937E+01	  -7.816962E+04	   9.513740E+00	   7.641542E+06	  -6.492906E+01	  -3.933625E+05	  -3.997777E+01
   31.7000	   4.011382E-01	  -1.475212E+05	  -9.753569E+00	   7.045162E+06	   5.784008E+01	  -7.508966E+05	   2.529091E+01	  -1.156564E+05	  -8.557283E+00	   7.638512E+06	   5.792428E+01	  -5.723439E+05	   3.083291E+01
   31.8000	   3.758907E-01	  -1.776205E+05	  -4.913035E+00	   7.026306E+06	   2.435463E+00	  -8.824066E+05	  -6.362526E+00	  -1.519049E+05	  -3.852691E+00	   7.627428E+06	   2.660921E+00	  -7.377141E+05	  -5.068713E-01
   31.9000	   3.360262E-01	  -2.051858E+05	   5.280569E+00	   7.005970E+06	  -6.976031E+01	  -1.003246E+06	  -3.736733E+01	  -1.861453E+05	   6.210567E+00	   7.609978E+06	  -6.939481E+01	  -8.961894E+05	  -3.118660E+01
   32.0000	   2.818059E-01	  -2.302679E+05	   5.031401E+00	   6.984351E+06	  -6.097274E+01	  -1.113394E+06	  -2.061826E+01	  -2.179541E+05	   5.837641E+00	   7.586499E+06	  -6.046762E+01	  -1.045365E+06	  -1.410283E+01
   32.1000	   2.178202E-01	  -2.529528E+05	   3.338799E+00	   6.959916E+06	  -5.564371E+01	  -1.202149E+06	  -2.457178E+01	  -2.469838E+05	   4.028757E+00	   7.555565E+06	  -5.499819E+01	  -1.172316E+06	  -1.771397E+01
   32.2000	   1.472860E-01	  -2.728271E+05	   1.003613E+00	   6.933129E+06	  -4.601314E+01	  -1.272855E+06	  -3.415728E+01	  -2.724474E+05	   1.585549E+00	   7.517706E+06	  -4.522499E+01	  -1.278400E+06	  -2.695166E+01
   32.3000	   6.982682E-02	  -2.900377E+05	  -1.212473E+00	   6.906357E+06	  -3.509071E+01	  -1.340310E+06	  -2.844691E+01	  -2.941908E+05	  -7.296020E-01	   7.475314E+06	  -3.415617E+01	  -1.376746E+06	  -2.089081E+01
   32.4000	  -1.304085E-02	  -3.046587E+05	  -2.037251E+00	   6.880124E+06	  -3.457380E+01	  -1.404037E+06	  -1.433709E+01	  -3.120705E+05	  -1.643876E+00	   7.428896E+06	  -3.348759E+01	  -1.465568E+06	  -6.431219E+00
   32.5000	  -9.589909E-02	  -3.164222E+05	  -2.709127E+00	   6.853264E+06	  -4.399413E+01	  -1.449719E+06	  -1.264927E+01	  -3.256897E+05	  -2.395144E+00	   7.377236E+06	  -4.274969E+01	  -1.529646E+06	  -4.398442E+00
   32.6000	  -1.750958E-01	  -3.250998E+05	  -3.492785E+00	   6.826796E+06	  -4.921058E+01	  -1.478781E+06	  -1.961794E+01	  -3.347815E+05	  -3.247620E+00	   7.321296E+06	  -4.780032E+01	  -1.569911E+06	  -1.103183E+01
   32.7000	  -2.509711E-01	  -3.309524E+05	  -3.730523E+00	   6.803524E+06	  -4.407717E+01	  -1.505508E+06	  -2.040048E+01	  -3.396555E+05	  -3.543192E+00	   7.263813E+06	  -4.249296E+01	  -1.600571E+06	  -1.149452E+01
   32.8000	  -3.224429E-01	  -3.339897E+05	  -2.895781E+00	   6.784229E+06	  -3.438396E+01	  -1.529204E+06	  -1.500568E+01	  -3.404509E+05	  -2.754951E+00	   7.205528E+06	  -3.261767E+01	  -1.621240E+06	  -5.801783E+00
   32.9000	  -3.849834E-01	  -3.336853E+05	   3.057558E+00	   6.767946E+06	  -5.164054E+01	  -1.536086E+06	  -8.440236E+00	  -3.368412E+05	   3.163509E+00	   7.145476E+06	  -4.968466E+01	  -1.618798E+06	   1.032345E+00
   33.0000	  -4.361694E-01	  -3.298496E+05	   2.309131E+00	   6.755212E+06	  -1.864245E+01	  -1.523973E+06	  -1.436582E+01	  -3.288930E+05	   2.392053E+00	   7.084260E+06	  -1.649072E+01	  -1.592029E+06	  -4.661750E+00
   33.1000	  -4.778271E-01	  -3.226544E+05	   3.974136E+00	   6.747968E+06	  -9.281141E+00	  -1.501608E+06	  -1.427317E+01	  -3.170765E+05	   4.046036E+00	   7.023972E+06	  -6.929249E+00	  -1.550878E+06	  -4.383263E+00
   33.2000	  -5.106063E-01	  -3.119259E+05	   4.102907E+00	   6.746419E+06	  -7.333934E-01	  -1.465490E+06	  -1.200945E+01	  -3.015406E+05	   4.175861E+00	   6.965068E+06	   1.820366E+00	  -1.493214E+06	  -1.988159E+00
   33.3000	  -5.318795E-01	  -2.973175E+05	   3.702734E+00	   6.749784E+06	  -1.228634E+00	  -1.403526E+06	  -1.568553E+01	  -2.822692E+05	   3.788791E+00	   6.907140E+06	   1.525474E+00	  -1.408411E+06	  -5.596182E+00
   33.4000	  -5.411201E-01	  -2.788498E+05	   3.592196E+00	   6.759155E+06	  -3.836219E+00	  -1.317654E+06	  -1.753775E+01	  -2.596042E+05	   3.703261E+00	   6.851777E+06	  -8.870499E-01	  -1.299891E+06	  -7.452339E+00
   33.5000	  -5.419363E-01	  -2.566677E+05	   3.876569E+00	   6.776202E+06	  -6.837216E+00	  -1.217094E+06	  -1.125353E+01	  -2.339868E+05	   4.024263E+00	   6.801274E+06	  -3.702489E+00	  -1.178313E+06	  -1.252224E+00
   33.6000	  -5.366203E-01	  -2.307413E+05	   4.372651E+00	   6.801135E+06	  -7.070107E+00	  -1.100710E+06	   3.075148E+00	  -2.056454E+05	   4.568163E+00	   6.756594E+06	  -3.763843E+00	  -1.043864E+06	   1.290481E+01
   33.7000	  -5.239741E-01	  -2.012782E+05	   5.133189E+00	   6.834168E+06	  -1.416896E+01	  -9.652952E+05	   1.083169E+01	  -1.749962E+05	   5.387104E+00	   6.718820E+06	  -1.070986E+01	  -8.944896E+05	   2.039595E+01
   33.8000	  -5.045527E-01	  -1.687181E+05	   4.894421E+00	   6.876182E+06	  -2.332169E+01	  -8.145001E+05	   4.461601E+00	  -1.426302E+05	   5.216537E+00	   6.689803E+06	  -1.973310E+01	  -7.347853E+05	   1.366189E+01
   33.9000	  -4.826333E-01	  -1.331007E+05	   5.697193E+00	   6.927256E+06	  -3.502790E+01	  -6.500851E+05	   4.723133E+00	  -1.086758E+05	   6.096339E+00	   6.670669E+06	  -3.133760E+01	  -5.672121E+05	   1.345776E+01
   34.0000	  -4.608012E-01	  -9.453130E+04	   5.536899E+00	   6.987088E+06	  -3.813622E+01	  -4.707202E+05	   6.986189E+00	  -7.326230E+04	   6.020746E+00	   6.662214E+06	  -3.437599E+01	  -3.908786E+05	   1.515226E+01
   34.1000	  -4.377872E-01	  -5.361914E+04	   5.702003E+00	   7.056229E+06	  -4.501323E+01	  -2.793821E+05	   5.356779E+00	  -3.695999E+04	   6.276896E+00	   6.666111E+06	  -4.121825E+01	  -2.089328E+05	   1.285224E+01
   34.2000	  -4.136559E-01	  -1.094226E+04	   6.324695E+00	   7.134964E+06	  -5.529981E+01	  -7.946626E+04	   1.479164E+00	  -2.479253E+02	   6.995484E+00	   6.683750E+06	  -5.150788E+01	  -2.467731E+04	   8.204898E+00
   34.3000	  -3.918023E-01	   3.359244E+04	   6.624166E+00	   7.222184E+06	  -6.158253E+01	   1.311858E+05	   2.391167E+00	   3.711957E+04	   7.394080E+00	   6.715088E+06	  -5.783313E+01	   1.643904E+05	   8.253139E+00
   34.4000	  -3.736688E-01	   7.985365E+04	   6.014526E+00	   7.316970E+06	  -6.221863E+01	   3.531581E+05	   8.823603E+00	   7.521006E+04	   6.885067E+00	   6.760186E+06	  -5.855187E+01	   3.594268E+05	   1.373485E+01
   34.5000	  -3.566595E-01	   1.270796E+05	   4.843790E+00	   7.419202E+06	  -5.998855E+01	   5.829619E+05	   1.756003E+01	   1.134979E+05	   5.814660E+00	   6.819802E+06	  -5.644408E+01	   5.577186E+05	   2.144252E+01
   34.6000	  -3.393624E-01	   1.747445E+05	   3.615825E+00	   7.527712E+06	  -5.319208E+01	   8.152713E+05	   2.019894E+01	   1.517211E+05	   4.684900E+00	   6.893509E+06	  -4.980799E+01	   7.548863E+05	   2.298514E+01
   34.7000	  -3.236211E-01	   2.228574E+05	   1.797920E+00	   7.639995E+06	  -3.984830E+01	   1.046592E+06	   1.845919E+01	   1.901704E+05	   2.961257E+00	   6.979392E+06	  -3.666008E+01	   9.485198E+05	   2.009344E+01
   34.8000	  -3.094125E-01	   2.709529E+05	  -3.995237E-01	   7.754172E+06	  -2.371659E+01	   1.271570E+06	   1.645673E+01	   2.286708E+05	   8.523569E-01	   7.075992E+06	  -2.075619E+01	   1.134452E+06	   1.689624E+01
   34.9000	  -2.928699E-01	   3.178856E+05	  -1.360595E+00	   7.869180E+06	  -1.354701E+01	   1.480182E+06	   1.136472E+01	   2.663652E+05	  -2.758065E-02	   7.182488E+06	  -1.084203E+01	   1.303911E+06	   1.058017E+01
   35.0000	  -2.715173E-01	   3.629152E+05	  -2.185620E+00	   7.983106E+06	  -3.183296E+00	   1.663864E+06	   1.611477E+00	   3.027923E+05	  -7.804638E-01	   7.297036E+06	  -7.564379E-01	   1.449617E+06	  -4.125723E-01
   35.1000	  -2.464036E-01	   4.059238E+05	  -1.525602E+00	   8.092906E+06	  -4.224203E+00	   1.817231E+06	  -2.412770E-01	   3.380945E+05	  -5.873846E-02	   7.416495E+06	  -2.092873E+00	   1.567457E+06	  -3.506433E+00
   35.2000	  -2.170902E-01	   4.463745E+05	  -1.991391E+00	   8.196468E+06	   1.326189E+00	   1.934204E+06	   1.306402E+01	   3.719703E+05	  -4.745388E-01	   7.538495E+06	   3.150021E+00	   1.652585E+06	   8.569746E+00
   35.3000	  -1.797212E-01	   4.831476E+05	  -2.321335E+00	   8.293160E+06	   9.756301E+00	   2.008276E+06	   2.551249E+01	   4.035031E+05	  -7.673236E-01	   7.662014E+06	   1.126603E+01	   1.699644E+06	   1.981417E+01
   35.4000	  -1.321966E-01	   5.154037E+05	  -2.231896E+00	   8.382542E+06	   2.923789E+01	   2.037373E+06	   3.068316E+01	   4.320197E+05	  -6.544823E-01	   7.786104E+06	   3.043201E+01	   1.707595E+06	   2.381824E+01
   35.5000	  -7.628702E-02	   5.429481E+05	  -7.558208E+00	   8.463962E+06	  -1.908306E+01	   2.025748E+06	   4.534406E+01	   4.574494E+05	  -5.971884E+00	   7.909518E+06	  -1.820140E+01	   1.681575E+06	   3.736153E+01
   35.6000	  -1.264217E-02	   5.653872E+05	  -2.694288E+00	   8.537254E+06	   6.163737E+01	   1.976655E+06	   4.146910E+01	   4.794779E+05	  -1.114087E+00	   8.031432E+06	   6.221381E+01	   1.625541E+06	   3.242856E+01
   35.7000	   6.118359E-02	   5.819182E+05	   3.691205E+00	   8.602577E+06	   1.228845E+02	   1.890916E+06	   3.756134E+01	   4.973345E+05	   5.249898E+00	   8.151308E+06	   1.231664E+02	   1.540807E+06	   2.753201E+01
   35.8000	   1.456858E-01	   5.919555E+05	   5.377094E+01	   8.659253E+06	   7.900914E+02	   1.772888E+06	   2.274151E+01	   5.104172E+05	   5.529259E+01	   8.267762E+06	   7.900922E+02	   1.431989E+06	   1.180124E+01
   35.9000	   2.373979E-01	   5.954029E+05	  -3.306245E+00	   8.706827E+06	  -3.253136E+01	   1.628674E+06	   1.396317E+01	   5.185663E+05	  -1.837170E+00	   8.379634E+06	  -3.279604E+01	   1.305201E+06	   2.197440E+00
   36.0000	   3.339082E-01	   5.920940E+05	  -3.544253E+00	   8.745682E+06	  -2.117916E+01	   1.462646E+06	   1.134023E+01	   5.215060E+05	  -2.143054E+00	   8.486634E+06	  -2.169233E+01	   1.164564E+06	  -1.158805E+00
   36.1000	   4.359204E-01	   5.816398E+05	  -2.626370E+00	   8.775707E+06	  -5.077496E+00	   1.278218E+06	   1.060758E+01	   5.186960E+05	  -1.307977E+00	   8.588006E+06	  -5.821280E+00	   1.012990E+06	  -2.526872E+00
   36.2000	   5.423571E-01	   5.639513E+05	  -1.981779E+00	   8.796430E+06	   2.895779E+00	   1.083100E+06	   8.278193E+00	   5.098591E+05	  -7.605778E-01	   8.682678E+06	   1.939661E+00	   8.574388E+05	  -5.388898E+00
   36.3000	   6.484393E-01	   5.393566E+05	  -1.408079E+00	   8.807314E+06	   7.210624E+00	   8.892105E+05	   6.874364E+00	   4.951037E+05	  -2.977635E-01	   8.769558E+06	   6.060422E+00	   7.088548E+05	  -7.218592E+00
   36.4000	   7.507168E-01	   5.081169E+05	  -1.521865E+00	   8.808539E+06	   2.517525E+00	   7.020086E+05	   3.768958E+00	   4.744479E+05	  -5.352988E-01	   8.848304E+06	   1.191139E+00	   5.715279E+05	  -1.063985E+01
   36.5000	   8.491693E-01	   4.703239E+05	  -2.469508E+00	   8.799872E+06	  -1.795860E+01	   5.265948E+05	  -4.715831E+00	   4.477250E+05	  -1.618603E+00	   8.918197E+06	  -1.944387E+01	   4.492364E+05	  -1.932804E+01
   36.6000	   9.424017E-01	   4.264118E+05	  -1.749588E+00	   8.781377E+06	  -2.036417E+01	   3.665375E+05	  -7.130475E+00	   4.151037E+05	  -1.045204E+00	   8.978831E+06	  -2.199181E+01	   3.441187E+05	  -2.183193E+01
   36.7000	   1.025749E+00	   3.770709E+05	   1.095282E-01	   8.754440E+06	  -1.548586E+01	   2.174703E+05	  -4.841637E+00	   3.770108E+05	   6.576646E-01	   9.031124E+06	  -1.724024E+01	   2.503232E+05	  -1.951719E+01
   36.8000	   1.096240E+00	   3.228014E+05	   1.671787E+00	   8.719838E+06	  -1.969551E+01	   7.857227E+04	  -5.040166E+00	   3.336939E+05	   2.055146E+00	   9.075378E+06	  -2.156201E+01	   1.655430E+05	  -1.957439E+01
   36.9000	   1.154660E+00	   2.641082E+05	   3.102218E+00	   8.677153E+06	  -2.160950E+01	  -4.477047E+04	  -8.462455E+00	   2.854242E+05	   3.313509E+00	   9.110673E+06	  -2.357451E+01	   9.373301E+04	  -2.274039E+01
   37.0000	   1.200756E+00	   2.016969E+05	   6.444326E-01	   8.625978E+06	  -7.604093E+01	  -1.484636E+05	   1.725235E+00	   2.326998E+05	   6.776268E-01	   9.136061E+06	  -7.809187E+01	   3.766432E+04	  -1.218260E+01
   37.1000	   1.231289E+00	   1.363190E+05	   2.837006E+00	   8.567683E+06	  -1.923291E+01	  -2.370542E+05	  -1.160585E+01	   1.760973E+05	   2.687346E+00	   9.152317E+06	  -2.135820E+01	  -8.375938E+03	  -2.503164E+01
   37.2000	   1.244871E+00	   6.863816E+04	   2.469218E+00	   8.502961E+06	  -4.649497E+00	  -3.127476E+05	  -9.342303E+00	   1.161425E+05	   2.133212E+00	   9.159489E+06	  -6.838501E+00	  -4.755879E+04	  -2.217675E+01
   37.3000	   1.243931E+00	  -5.650651E+02	   1.502675E+00	   8.431621E+06	   1.801963E+00	  -3.750487E+05	  -7.103096E+00	   5.351903E+04	   9.780846E-01	   9.156673E+06	  -4.409491E-01	  -8.012109E+04	  -1.924031E+01
   37.4000	   1.229897E+00	  -7.037793E+04	   4.858094E-01	   8.353769E+06	   3.409929E+00	  -4.257616E+05	  -6.242646E+00	  -1.091442E+04	  -2.283639E-01	   9.143212E+06	   1.122217E+00	  -1.083387E+05	  -1.758097E+01
   37.5000	   1.201177E+00	  -1.400105E+05	  -1.737477E-01	   8.270455E+06	   6.739664E+00	  -4.709559E+05	  -5.647438E+00	  -7.637923E+04	  -1.077284E+00	   9.119337E+06	   4.415742E+00	  -1.384802E+05	  -1.609028E+01
   37.6000	   1.157865E+00	  -2.087355E+05	  -4.584995E-01	   8.182398E+06	   1.378919E+01	  -5.170597E+05	  -3.984067E+00	  -1.421179E+05	  -1.549975E+00	   9.084915E+06	   1.143734E+01	  -1.768942E+05	  -1.344087E+01
   37.7000	   1.103632E+00	  -2.756057E+05	  -6.828520E-01	   8.089469E+06	   1.644175E+01	  -5.704741E+05	  -2.053754E+00	  -2.071139E+05	  -1.959646E+00	   9.038945E+06	   1.407015E+01	  -2.296339E+05	  -1.044088E+01
   37.8000	   1.040920E+00	  -3.396940E+05	  -1.269515E+00	   7.991749E+06	   8.201740E+00	  -6.398125E+05	  -2.059418E+00	  -2.703366E+05	  -2.727819E+00	   8.980638E+06	   5.818738E+00	  -3.047138E+05	  -9.301159E+00
   37.9000	   9.688928E-01	  -4.004106E+05	  -9.878039E-01	   7.889850E+06	   7.027180E+00	  -7.350828E+05	  -2.242852E+00	  -3.310633E+05	  -2.622618E+00	   8.909765E+06	   4.641493E+00	  -4.113222E+05	  -8.272422E+00
   38.0000	   8.880771E-01	  -4.570944E+05	  -9.123163E-02	   7.783825E+06	   7.770281E+00	  -8.655526E+05	   3.448719E-01	  -3.884780E+05	  -1.896361E+00	   8.825590E+06	   5.391206E+00	  -5.577255E+05	  -4.415676E+00
   38.1000	   8.022493E-01	  -5.088127E+05	   8.398814E-02	   7.673688E+06	   1.569217E+00	  -1.032448E+06	   6.694697E+00	  -4.414788E+05	  -1.884060E+00	   8.727422E+06	  -7.932269E-01	  -7.440131E+05	   3.249121E+00
   38.2000	   7.136937E-01	  -5.550680E+05	  -8.988158E-02	   7.560810E+06	   4.415636E+00	  -1.227288E+06	   1.050072E+01	  -4.893924E+05	  -2.212245E+00	   8.616037E+06	   2.080650E+00	  -9.604898E+05	   8.404230E+00
   38.3000	   6.212117E-01	  -5.960181E+05	   1.051320E+00	   7.446998E+06	   2.261231E+01	  -1.442850E+06	   1.711236E+01	  -5.322041E+05	  -1.215549E+00	   8.492775E+06	   2.031643E+01	  -1.198695E+06	   1.638645E+01
   38.4000	   5.247531E-01	  -6.316258E+05	   1.319519E+00	   7.333539E+06	   4.556826E+01	  -1.671368E+06	   1.588249E+01	  -5.697156E+05	  -1.080843E+00	   8.358616E+06	   4.332390E+01	  -1.449663E+06	   1.653530E+01
   38.5000	   4.273473E-01	  -6.612331E+05	   7.046363E-01	   7.221212E+06	   3.086875E+01	  -1.902494E+06	   6.571276E+00	  -6.011282E+05	  -1.817025E+00	   8.214200E+06	   2.868890E+01	  -1.701950E+06	   8.597017E+00
   38.6000	   3.304851E-01	  -6.844906E+05	   1.168727E+00	   7.111120E+06	   1.405350E+01	  -2.124762E+06	  -1.154987E+00	  -6.259798E+05	  -1.460884E+00	   8.060676E+06	   1.195154E+01	  -1.943147E+06	   2.223686E+00
   38.7000	   2.321958E-01	  -7.017192E+05	   3.149033E+00	   7.004554E+06	   1.980203E+01	  -2.330712E+06	   3.718253E-01	  -6.445133E+05	   4.259316E-01	   7.899570E+06	   1.779144E+01	  -2.165057E+06	   5.069032E+00
   38.8000	   1.316916E-01	  -7.130387E+05	   3.310131E+00	   6.902347E+06	   3.562333E+00	  -2.513644E+06	  -6.536889E-01	  -6.568099E+05	   5.090525E-01	   7.732134E+06	   1.656337E+00	  -2.360485E+06	   5.313348E+00
   38.9000	   3.134446E-02	  -7.178797E+05	   3.367436E+00	   6.804536E+06	  -2.003070E+00	  -2.665413E+06	  -2.230046E+00	  -6.623039E+05	   5.048733E-01	   7.559007E+06	  -3.791790E+00	  -2.521068E+06	   4.944134E+00
   39.0000	  -6.783766E-02	  -7.158782E+05	   4.013736E+00	   6.710972E+06	  -6.105189E+00	  -2.778046E+06	  -1.771904E+00	  -6.606776E+05	   1.107074E+00	   7.380810E+06	  -7.764853E+00	  -2.638894E+06	   6.533319E+00
   39.1000	  -1.680906E-01	  -7.072961E+05	   4.613402E+00	   6.621991E+06	  -2.827149E+00	  -2.847948E+06	  -1.348956E+00	  -6.522799E+05	   1.680815E+00	   7.198802E+06	  -4.347178E+00	  -2.710711E+06	   7.998595E+00
   39.2000	  -2.702807E-01	  -6.923361E+05	   4.839248E+00	   6.538056E+06	   1.446646E-01	  -2.873066E+06	   1.697131E+00	  -6.374359E+05	   1.899577E+00	   7.014494E+06	  -1.226609E+00	  -2.735064E+06	   1.198665E+01
   39.3000	  -3.719379E-01	  -6.708314E+05	   5.073628E+00	   6.459694E+06	  -3.501835E+00	  -2.850223E+06	   2.306759E+00	  -6.161300E+05	   2.146251E+00	   6.829573E+06	  -4.716893E+00	  -2.709596E+06	   1.342752E+01
   39.4000	  -4.717388E-01	  -6.428390E+05	   6.264241E+00	   6.387858E+06	  -1.319858E+01	  -2.778888E+06	  -2.591230E+00	  -5.885888E+05	   3.368916E+00	   6.646225E+06	  -1.425176E+01	  -2.634762E+06	   9.241028E+00
   39.5000	  -5.714009E-01	  -6.088408E+05	   7.312822E+00	   6.323826E+06	  -1.579203E+01	  -2.664047E+06	   7.491928E-01	  -5.554721E+05	   4.469522E+00	   6.467020E+06	  -1.667958E+01	  -2.516638E+06	   1.316572E+01
   39.6000	  -6.711636E-01	  -5.693332E+05	   7.682365E+00	   6.268754E+06	  -1.629054E+01	  -2.511164E+06	  -3.814921E+00	  -5.174494E+05	   4.911090E+00	   6.294435E+06	  -1.701061E+01	  -2.361810E+06	   9.052801E+00
   39.7000	  -7.678691E-01	  -5.247782E+05	   7.380725E+00	   6.223588E+06	  -1.192064E+01	  -2.322740E+06	  -4.937742E+00	  -4.751388E+05	   4.701293E+00	   6.130737E+06	  -1.247329E+01	  -2.173852E+06	   8.243992E+00
   39.8000	  -8.594574E-01	  -4.757149E+05	   1.915743E+01	   6.189384E+06	   2.518862E+02	  -2.101688E+06	  -7.281702E+02	  -4.292059E+05	   1.658926E+01	   5.978290E+06	   2.514991E+02	  -1.956628E+06	  -7.148139E+02
   39.9000	  -9.469024E-01	  -4.231948E+05	   6.134233E+00	   6.166122E+06	  -4.237971E+00	  -1.855818E+06	  -3.986880E+00	  -3.807889E+05	   3.696100E+00	   5.838348E+06	  -4.463342E+00	  -1.718705E+06	   9.403821E+00
   40.0000	  -1.029796E+00	  -3.675218E+05	   4.735643E+00	   6.155301E+06	   1.134075E+00	  -1.592232E+06	  -7.534374E+00	  -3.302288E+05	   2.445428E+00	   5.713636E+06	   1.065004E+00	  -1.467691E+06	   5.751986E+00
   40.1000	  -1.104493E+00	  -3.095597E+05	  -1.590701E+02	   6.158693E+06	   8.679763E+02	  -1.325070E+06	   5.190035E+02	  -2.783708E+05	  -1.611957E+02	   5.607094E+06	   8.680564E+02	  -1.217927E+06	   5.320496E+02
   40.2000	  -1.168596E+00	  -2.497805E+05	   3.521776E+00	   6.176308E+06	   4.962925E+00	  -1.059014E+06	  -2.780777E+00	  -2.256099E+05	   1.576143E+00	   5.519832E+06	   5.183372E+00	  -9.739716E+05	   9.894039E+00
   40.3000	  -1.222917E+00	  -1.883277E+05	   3.751080E+02	   6.208152E+06	  -2.021131E+03	  -7.916101E+05	   3.466683E+02	  -1.719532E+05	   3.733559E+02	   5.452884E+06	  -2.020781E+03	  -7.329121E+05	   3.588467E+02
   40.4000	  -1.267129E+00	  -1.254259E+05	   6.629679E-01	   6.252556E+06	   8.669309E+00	  -5.216182E+05	  -3.578279E+00	  -1.174341E+05	  -8.838695E-01	   5.405538E+06	   9.138012E+00	  -4.927219E+05	   7.986264E+00
   40.5000	  -1.297929E+00	  -6.156870E+04	  -2.276674E+02	   6.311146E+06	   1.209172E+03	  -2.504479E+05	   7.925106E+02	  -6.230677E+04	  -2.289995E+02	   5.380298E+06	   1.209745E+03	  -2.537338E+05	   8.033527E+02
   40.6000	  -1.313464E+00	   2.898205E+03	   1.886701E+00	   6.381805E+06	  -2.319127E+00	   2.185330E+04	   1.017754E+01	  -6.639726E+03	   7.765391E-01	   5.375853E+06	  -1.654878E+00	  -1.467862E+04	   2.019828E+01
   40.7000	  -1.315270E+00	   6.791973E+04	  -1.296612E+00	   6.464424E+06	   1.630834E+01	   2.983602E+05	   1.314872E+01	   4.981462E+04	  -2.180224E+00	   5.392820E+06	   1.704759E+01	   2.290087E+05	   2.226013E+01
   40.8000	  -1.303939E+00	   1.331971E+05	  -1.228662E+01	   6.557645E+06	   7.202703E+01	   5.793310E+05	   2.862020E+01	   1.070703E+05	  -1.294170E+01	   5.430490E+06	   7.282494E+01	   4.791688E+05	   3.674555E+01
   40.9000	  -1.277246E+00	   1.979312E+05	  -4.908195E+00	   6.660504E+06	   2.646088E+01	   8.616778E+05	   7.873893E+00	   1.646359E+05	  -5.335456E+00	   5.488470E+06	   2.730063E+01	   7.343009E+05	   1.494826E+01
   41.0000	  -1.234492E+00	   2.612852E+05	  -2.116836E+02	   6.773350E+06	   1.145239E+03	   1.143367E+06	   1.878097E+02	   2.219597E+05	  -2.118865E+02	   5.567589E+06	   1.146104E+03	   9.938701E+05	   1.937801E+02
   41.1000	  -1.178372E+00	   3.227446E+05	  -2.033417E+02	   6.892110E+06	   1.090839E+03	   1.423836E+06	  -2.051900E+02	   2.787748E+05	  -2.033264E+02	   5.664167E+06	   1.091713E+03	   1.258633E+06	  -2.003645E+02
   41.2000	  -1.110643E+00	   3.816461E+05	  -6.346241E+00	   7.016629E+06	   1.148376E+01	   1.699796E+06	   3.380225E+01	   3.346125E+05	  -6.121481E+00	   5.778340E+06	   1.235011E+01	   1.526360E+06	   3.745349E+01
   41.3000	  -1.030211E+00	   4.367971E+05	  -5.717493E+00	   7.145052E+06	  -9.354997E-01	   1.959577E+06	   3.672734E+01	   3.884090E+05	  -5.294497E+00	   5.908432E+06	  -8.988910E-02	   1.786097E+06	   3.918637E+01
   41.4000	  -9.373791E-01	   4.869658E+05	  -3.694397E+00	   7.275196E+06	  -6.790559E+00	   2.191066E+06	   4.352481E+01	   4.389852E+05	  -3.086656E+00	   6.052319E+06	  -5.977327E+00	   2.026056E+06	   4.478444E+01
   41.5000	  -8.356802E-01	   5.314201E+05	  -1.332790E+00	   7.404732E+06	  -1.146483E+01	   2.387854E+06	   5.008811E+01	   4.855790E+05	  -5.558416E-01	   6.207598E+06	  -1.069281E+01	   2.239710E+06	   5.015121E+01
   41.6000	  -7.275546E-01	   5.696046E+05	  -6.559502E-01	   7.531731E+06	  -1.409409E+01	   2.545868E+06	   4.915471E+01	   5.275187E+05	   2.728981E-01	   6.372126E+06	  -1.336873E+01	   2.422411E+06	   4.803341E+01
   41.7000	  -6.124346E-01	   6.007502E+05	  -5.529068E-01	   7.654894E+06	  -1.600604E+01	   2.659650E+06	   4.712988E+01	   5.638336E+05	   5.090592E-01	   6.544232E+06	  -1.532902E+01	   2.567668E+06	   4.484466E+01
   41.8000	  -4.909439E-01	   6.242441E+05	  -1.690935E+00	   7.772783E+06	  -5.742816E+00	   2.723754E+06	   5.135953E+01	   5.936286E+05	  -5.157765E-01	   6.721945E+06	  -5.111669E+00	   2.668568E+06	   4.793827E+01
   41.9000	  -3.667229E-01	   6.401034E+05	  -2.506425E+00	   7.884035E+06	   5.766852E+00	   2.738031E+06	   5.114357E+01	   6.165671E+05	  -1.238797E+00	   6.903206E+06	   6.358911E+00	   2.723110E+06	   4.662053E+01
   42.0000	  -2.421706E-01	   6.485719E+05	  -2.046093E+00	   7.987786E+06	   1.173927E+01	   2.704840E+06	   4.612711E+01	   6.324803E+05	  -7.071517E-01	   7.086292E+06	   1.230333E+01	   2.731480E+06	   4.054189E+01
   42.1000	  -1.165574E-01	   6.497699E+05	  -6.343518E-01	   8.083714E+06	   1.329633E+01	   2.626329E+06	   3.930331E+01	   6.410337E+05	   7.546801E-01	   7.269857E+06	   1.384758E+01	   2.693426E+06	   3.269983E+01
   42.2000	   9.784587E-03	   6.440386E+05	   6.804969E-01	   8.171743E+06	   9.723553E+00	   2.506629E+06	   2.873236E+01	   6.420901E+05	   2.098705E+00	   7.452650E+06	   1.028089E+01	   2.610548E+06	   2.115776E+01
   42.3000	   1.336165E-01	   6.321310E+05	  -9.555427E-01	   8.251977E+06	   1.807534E+01	   2.352900E+06	   2.310839E+01	   6.359221E+05	   4.715984E-01	   7.633472E+06	   1.866084E+01	   2.487463E+06	   1.461201E+01
   42.4000	   2.529700E-01	   6.148142E+05	  -4.015741E+00	   8.324868E+06	   7.989939E+00	   2.172472E+06	   1.725725E+01	   6.228366E+05	  -2.598889E+00	   7.811352E+06	   8.628061E+00	   2.329066E+06	   7.889631E+00
   42.5000	   3.689934E-01	   5.927185E+05	  -4.614482E+00	   8.390990E+06	   4.130229E+00	   1.971700E+06	   4.816222E+00	   6.030465E+05	  -3.225791E+00	   7.985354E+06	   4.846960E+00	   2.139499E+06	  -5.371899E+00
   42.6000	   4.817798E-01	   5.666562E+05	  -3.133075E+00	   8.450833E+06	  -2.590029E+00	   1.758214E+06	  -5.528419E+00	   5.770107E+05	  -1.788767E+00	   8.154406E+06	  -1.768161E+00	   1.924530E+06	  -1.648701E+01
   42.7000	   5.885023E-01	   5.375929E+05	  -9.849758E-01	   8.504953E+06	  -4.511528E+00	   1.541079E+06	  -1.091629E+01	   5.454251E+05	   3.006314E-01	   8.317478E+06	  -3.558493E+00	   1.691803E+06	  -2.259685E+01
   42.8000	   6.875386E-01	   5.062656E+05	   6.324372E-01	   8.553760E+06	   2.023910E+00	   1.329224E+06	  -1.742471E+01	   5.088567E+05	   1.847139E+00	   8.473409E+06	   3.132594E+00	   1.449367E+06	  -2.978101E+01
   42.9000	   7.803007E-01	   4.731397E+05	   1.248133E+00	   8.596686E+06	  -5.645429E+00	   1.134892E+06	  -2.522296E+01	   4.677137E+05	   2.381993E+00	   8.620120E+06	  -4.359173E+00	   1.209180E+06	  -3.821162E+01
   43.0000	   8.671063E-01	   4.387564E+05	   1.976047E+00	   8.633209E+06	  -5.972808E+00	   9.711550E+05	  -3.016673E+01	   4.225993E+05	   3.021487E+00	   8.755665E+06	  -4.490541E+00	   9.846783E+05	  -4.374769E+01
   43.1000	   9.453326E-01	   4.036591E+05	   2.290920E+00	   8.663820E+06	  -6.359322E+00	   8.467951E+05	  -3.140366E+01	   3.742416E+05	   3.242746E+00	   8.879244E+06	  -4.666887E+00	   7.856577E+05	  -4.554041E+01
   43.2000	   1.013517E+00	   3.681672E+05	   1.896713E+00	   8.689212E+06	  -3.280349E-01	   7.670231E+05	  -3.040047E+01	   3.232635E+05	   2.752070E+00	   8.990421E+06	   1.583818E+00	   6.189805E+05	  -4.506007E+01
   43.3000	   1.073197E+00	   3.325563E+05	   8.764994E-01	   8.709198E+06	   7.763753E+00	   7.395088E+05	  -3.170682E+01	   2.703546E+05	   1.634767E+00	   9.088067E+06	   9.898929E+00	   4.945571E+05	  -4.685982E+01
   43.4000	   1.124855E+00	   2.973364E+05	  -1.035118E+00	   8.724584E+06	   4.198905E+00	   7.624712E+05	  -3.386967E+01	   2.165352E+05	  -3.724964E-01	   9.172262E+06	   6.555743E+00	   4.133617E+05	  -4.948963E+01
   43.5000	   1.166100E+00	   2.630000E+05	  -1.299108E+00	   8.737728E+06	   1.039415E+01	   8.215902E+05	  -2.825786E+01	   1.628868E+05	  -7.288497E-01	   9.244863E+06	   1.296543E+01	   3.642455E+05	  -4.432085E+01
   43.6000	   1.195751E+00	   2.298978E+05	  -9.679964E-01	   8.750202E+06	   1.051983E+01	   9.052942E+05	  -2.362542E+01	   1.104055E+05	  -4.852452E-01	   9.307174E+06	   1.329298E+01	   3.391067E+05	  -4.010915E+01
   43.7000	   1.215692E+00	   1.985870E+05	  -1.921664E-01	   8.762581E+06	   2.208797E+00	   1.004804E+06	  -1.784959E+01	   6.032570E+04	   2.092038E-01	   9.359734E+06	   5.166320E+00	   3.328002E+05	  -3.473249E+01
   43.8000	   1.226867E+00	   1.695639E+05	   1.365687E-01	   8.775816E+06	  -1.114882E+01	   1.108164E+06	  -1.775729E+01	   1.382681E+04	   4.636359E-01	   9.403686E+06	  -8.028755E+00	   3.370340E+05	  -3.501746E+01
   43.9000	   1.227476E+00	   1.427290E+05	   9.188880E-01	   8.791070E+06	  -1.802570E+01	   1.203828E+06	  -1.932238E+01	  -2.852765E+04	   1.179355E+00	   9.440594E+06	  -1.476850E+01	   3.438101E+05	  -3.693642E+01
   44.0000	   1.217013E+00	   1.179069E+05	   1.728057E+00	   8.808607E+06	  -2.123140E+01	   1.284669E+06	  -1.993646E+01	  -6.629560E+04	   1.929928E+00	   9.471305E+06	  -1.786525E+01	   3.493032E+05	  -3.787830E+01
   44.1000	   1.198103E+00	   9.544390E+04	   2.200702E+00	   8.827969E+06	  -2.045708E+01	   1.344776E+06	  -2.098260E+01	  -9.858173E+04	   2.351982E+00	   9.496109E+06	  -1.701198E+01	   3.505353E+05	  -3.922239E+01
   44.2000	   1.172503E+00	   7.542831E+04	   2.398776E+00	   8.848685E+06	  -1.743626E+01	   1.378862E+06	  -1.972518E+01	  -1.248378E+05	   2.507198E+00	   9.515411E+06	  -1.394314E+01	   3.446747E+05	  -3.822824E+01
   44.3000	   1.139284E+00	   5.712263E+04	   2.204345E+00	   8.870302E+06	  -1.506837E+01	   1.384258E+06	  -1.567878E+01	  -1.454460E+05	   2.277129E+00	   9.529726E+06	  -1.155818E+01	   3.309508E+05	  -3.440478E+01
   44.4000	   1.098786E+00	   3.989929E+04	   1.804620E+00	   8.891952E+06	  -1.381291E+01	   1.359966E+06	  -8.342195E+00	  -1.607955E+05	   1.848279E+00	   9.539216E+06	  -1.031582E+01	   3.096422E+05	  -2.724436E+01
   44.5000	   1.054400E+00	   2.388745E+04	   1.215210E+00	   8.912435E+06	  -1.252463E+01	   1.304596E+06	   2.057391E+00	  -1.706429E+05	   1.235399E+00	   9.543736E+06	  -9.069303E+00	   2.799784E+05	  -1.696732E+01
   44.6000	   1.008568E+00	   9.036382E+03	   5.975682E-01	   8.930628E+06	  -1.072122E+01	   1.218045E+06	   1.409732E+01	  -1.750508E+05	   5.989788E-01	   9.543210E+06	  -7.334222E+00	   2.418133E+05	  -4.989223E+00
   44.7000	   9.609184E-01	  -5.466575E+03	  -4.633946E-03	   8.945635E+06	  -9.393415E+00	   1.102705E+06	   2.549562E+01	  -1.749676E+05	  -1.833390E-02	   9.537755E+06	  -6.098788E+00	   1.968431E+05	   6.415030E+00
   44.8000	   9.121501E-01	  -2.028112E+04	  -7.065937E-01	   8.956518E+06	  -8.640922E+00	   9.616928E+05	   3.434992E+01	  -1.713060E+05	  -7.327753E-01	   9.527380E+06	  -5.459893E+00	   1.468772E+05	   1.534992E+01
   44.9000	   8.657664E-01	  -3.532345E+04	  -1.412374E+00	   8.962273E+06	  -6.508429E+00	   7.974809E+05	   4.059126E+01	  -1.643413E+05	  -1.449425E+00	   9.511942E+06	  -3.459298E+00	   9.252663E+04	   2.175281E+01
   45.0000	   8.240911E-01	  -5.055654E+04	  -1.631620E+00	   8.962133E+06	   1.644112E-01	   6.135576E+05	   4.500453E+01	  -1.544883E+05	  -1.678890E+00	   9.491439E+06	   3.066250E+00	   3.493611E+04	   2.641425E+01
   45.1000	   7.864007E-01	  -6.649365E+04	  -1.687414E+00	   8.955714E+06	   6.802408E+00	   4.150380E+05	   4.733340E+01	  -1.427882E+05	  -1.745121E+00	   9.466133E+06	   9.544313E+00	  -2.351699E+04	   2.908272E+01
   45.2000	   7.527643E-01	  -8.354752E+04	  -1.795588E+00	   8.942681E+06	   7.248383E+00	   2.071648E+05	   4.726967E+01	  -1.302393E+05	  -1.864710E+00	   9.436218E+06	   9.820210E+00	  -8.062746E+04	   2.945387E+01
   45.3000	   7.257882E-01	  -1.016302E+05	  -1.529574E+00	   8.922578E+06	   6.078349E+00	  -5.409003E+03	   4.670370E+01	  -1.173777E+05	  -1.611713E+00	   9.401641E+06	   8.472119E+00	  -1.349808E+05	   2.942082E+01
   45.4000	   7.066983E-01	  -1.206686E+05	   5.609064E+02	   8.896046E+06	   6.779009E+03	  -2.166667E+05	  -4.948799E+02	  -1.047732E+05	   5.608092E+02	   9.363326E+06	   6.781219E+03	  -1.839003E+05	  -5.115302E+02
   45.5000	   6.935201E-01	  -1.408805E+05	   2.353401E+02	   8.861428E+06	   2.842007E+03	  -4.241140E+05	  -7.260253E+02	  -9.328677E+04	   2.352254E+02	   9.319780E+06	   2.844027E+03	  -2.282381E+05	  -7.419429E+02
   45.6000	   6.849331E-01	  -1.624362E+05	   2.099322E+02	   8.819045E+06	   2.528140E+03	  -6.214697E+05	  -6.324088E+02	  -8.371468E+04	   2.097975E+02	   9.271374E+06	   2.529968E+03	  -2.649765E+05	  -6.474942E+02
   45.7000	   6.820709E-01	  -1.853317E+05	   4.021862E+02	   8.768766E+06	   4.886933E+03	  -8.055470E+05	  -3.405656E+02	  -7.664505E+04	   4.020291E+02	   9.217926E+06	   4.888564E+03	  -2.940305E+05	  -3.547211E+02
   45.8000	   6.847073E-01	  -2.095947E+05	  -1.243335E+00	   8.710170E+06	   3.832985E+00	  -9.746039E+05	   3.234447E+01	  -7.265156E+04	  -1.425259E+00	   9.158868E+06	   5.266526E+00	  -3.165300E+05	   1.921330E+01
   45.9000	   6.895102E-01	  -2.352489E+05	  -1.338096E+00	   8.644345E+06	   5.967877E+00	  -1.125686E+06	   3.156743E+01	  -7.224606E+04	  -1.546673E+00	   9.095054E+06	   7.200730E+00	  -3.321090E+05	   1.955116E+01
   46.0000	   6.939319E-01	  -2.621627E+05	   1.208489E+01	   8.570983E+06	   3.022349E+02	  -1.261837E+06	  -5.279048E+01	  -7.571976E+04	   1.184829E+01	   9.025864E+06	   3.032650E+02	  -3.460747E+05	  -6.360652E+01
   46.1000	   6.980589E-01	  -2.904408E+05	  -2.130279E+00	   8.489033E+06	   1.282367E+00	  -1.382564E+06	   2.696141E+01	  -8.352998E+04	  -2.395576E+00	   8.949864E+06	   2.107681E+00	  -3.598466E+05	   1.742471E+01
   46.2000	   7.008903E-01	  -3.198090E+05	  -2.535026E+00	   8.398686E+06	  -4.159268E+00	  -1.492965E+06	   2.283275E+01	  -9.568229E+04	  -2.828913E+00	   8.866798E+06	  -3.540335E+00	  -3.800748E+05	   1.464723E+01
   46.3000	   6.986423E-01	  -3.499743E+05	  -2.399534E+00	   8.299756E+06	  -9.148520E+00	  -1.598004E+06	   1.767353E+01	  -1.120916E+05	  -2.720988E+00	   8.775978E+06	  -8.737165E+00	  -4.129058E+05	   1.090279E+01
   46.4000	   6.886242E-01	  -3.804028E+05	  -2.321312E+00	   8.192310E+06	  -1.626636E+01	  -1.706886E+06	   1.612648E+01	  -1.323620E+05	  -2.668328E+00	   8.676910E+06	  -1.606310E+01	  -4.683741E+05	   1.082494E+01
   46.5000	   6.710981E-01	  -4.105803E+05	  -1.601359E+00	   8.075746E+06	  -2.598069E+01	  -1.828809E+06	   8.934282E+00	  -1.560522E+05	  -1.970897E+00	   8.568388E+06	  -2.598508E+01	  -5.561681E+05	   5.146267E+00
   46.6000	   6.455831E-01	  -4.399134E+05	  -2.547002E-01	   7.949574E+06	  -3.647594E+01	  -1.969955E+06	  -7.035976E+00	  -1.825808E+05	  -6.426640E-01	   8.449272E+06	  -3.668627E+01	  -6.826432E+05	  -9.277081E+00
   46.7000	   6.091459E-01	  -4.676976E+05	   1.317323E+00	   7.815351E+06	  -3.851602E+01	  -2.124827E+06	  -2.068064E+01	  -2.112014E+05	   9.160815E-01	   8.320432E+06	  -3.892904E+01	  -8.421798E+05	  -2.135316E+01
   46.8000	   5.602034E-01	  -4.932181E+05	   3.085294E+00	   7.675743E+06	  -3.500337E+01	  -2.281539E+06	  -2.486485E+01	  -2.411086E+05	   2.676939E+00	   8.183816E+06	  -3.561396E+01	  -1.022504E+06	  -2.395949E+01
   46.9000	   5.003235E-01	  -5.158930E+05	   5.289538E+00	   7.533121E+06	  -3.310447E+01	  -2.426260E+06	  -2.756824E+01	  -2.715864E+05	   4.881186E+00	   8.041055E+06	  -3.390545E+01	  -1.209145E+06	  -2.508862E+01
   47.0000	   4.305020E-01	  -5.351908E+05	   6.059814E+00	   7.389524E+06	  -3.182463E+01	  -2.547193E+06	  -3.321039E+01	  -3.019301E+05	   5.659447E+00	   7.893444E+06	  -3.280656E+01	  -1.389440E+06	  -2.917343E+01
   47.1000	   3.493923E-01	  -5.505000E+05	   4.959040E+00	   7.246717E+06	  -3.821566E+01	  -2.639734E+06	  -3.040130E+01	  -3.313193E+05	   4.575396E+00	   7.742004E+06	  -3.936679E+01	  -1.557697E+06	  -2.483747E+01
   47.2000	   2.569985E-01	  -5.612390E+05	   3.788497E+00	   7.106030E+06	  -4.921763E+01	  -2.702988E+06	  -2.509338E+01	  -3.589300E+05	   3.430939E+00	   7.587352E+06	  -5.052386E+01	  -1.711728E+06	  -1.804668E+01
   47.3000	   1.563960E-01	  -5.669539E+05	   3.319329E+00	   6.968330E+06	  -4.744215E+01	  -2.734506E+06	  -2.360374E+01	  -3.840330E+05	   2.997699E+00	   7.429684E+06	  -4.888720E+01	  -1.847584E+06	  -1.513158E+01
   47.4000	   4.997838E-02	  -5.673194E+05	   2.931180E+00	   6.834548E+06	  -3.668614E+01	  -2.731629E+06	  -2.287658E+01	  -4.059958E+05	   2.655632E+00	   7.269332E+06	  -3.825177E+01	  -1.960897E+06	  -1.304930E+01
   47.5000	  -6.236913E-02	  -5.621433E+05	   4.159811E+00	   6.706108E+06	  -3.979024E+01	  -2.694283E+06	  -1.904897E+01	  -4.242856E+05	   3.940642E+00	   7.107216E+06	  -4.145657E+01	  -2.049688E+06	  -7.949261E+00
   47.6000	  -1.796589E-01	  -5.513368E+05	   3.993855E+00	   6.584540E+06	  -3.723743E+01	  -2.623548E+06	  -1.179732E+01	  -4.384412E+05	   3.841327E+00	   6.944481E+06	  -3.898344E+01	  -2.112926E+06	   4.806746E-01
   47.7000	  -2.981205E-01	  -5.348024E+05	   3.826473E+01	   6.471004E+06	  -2.951024E+01	  -2.519102E+06	  -2.499220E+02	  -4.479602E+05	   3.818888E+01	   6.782056E+06	  -3.131428E+01	  -2.147988E+06	  -2.365703E+02
   47.8000	  -4.149415E-01	  -5.128097E+05	   7.613468E-01	   6.366194E+06	   3.595616E+00	  -2.383258E+06	   4.069211E+00	  -4.526762E+05	   7.717998E-01	   6.620574E+06	   1.755141E+00	  -2.154706E+06	   1.838104E+01
   47.9000	  -5.300896E-01	  -4.853441E+05	   3.396277E+00	   6.271160E+06	  -8.426334E+01	  -2.216776E+06	   1.129707E+02	  -4.521117E+05	   3.502058E+00	   6.461217E+06	  -8.611935E+01	  -2.131207E+06	   1.281214E+02
   48.0000	  -6.427217E-01	  -4.530220E+05	  -3.771767E-02	   6.186280E+06	   1.608087E+01	  -2.024670E+06	   1.398894E+01	  -4.463974E+05	   1.716328E-01	   6.304712E+06	   1.422878E+01	  -2.079755E+06	   2.985119E+01
   48.1000	  -7.494883E-01	  -4.158409E+05	  -1.022350E+00	   6.113020E+06	   2.322377E+01	  -1.811410E+06	   4.508538E+00	  -4.350297E+05	  -7.021508E-01	   6.153088E+06	   2.139295E+01	  -2.001997E+06	   2.095088E+01
   48.2000	  -8.481962E-01	  -3.742133E+05	  -2.453811E+00	   6.052000E+06	   2.943743E+01	  -1.581774E+06	  -5.917671E+00	  -4.179138E+05	  -2.016613E+00	   6.007762E+06	   2.764240E+01	  -1.899880E+06	   1.097091E+01
   48.3000	  -9.395779E-01	  -3.286673E+05	   5.105735E+01	   6.003502E+06	  -2.624631E+02	  -1.339550E+06	  -1.980216E+02	  -3.950759E+05	   5.161641E+01	   5.870031E+06	  -2.642112E+02	  -1.774414E+06	  -1.808211E+02
   48.4000	  -1.023679E+00	  -2.797082E+05	  -1.466471E+01	   5.967498E+06	   2.718749E+01	  -1.088863E+06	   6.399191E+01	  -3.665374E+05	  -1.398035E+01	   5.741090E+06	   2.549366E+01	  -1.627083E+06	   8.137163E+01
   48.5000	  -1.098108E+00	  -2.278701E+05	  -1.522343E+00	   5.944260E+06	   2.255623E+01	  -8.331476E+05	  -2.666943E+01	  -3.323812E+05	  -7.107802E-01	   5.622625E+06	   2.091980E+01	  -1.458895E+06	  -9.239812E+00
   48.6000	  -1.161615E+00	  -1.736988E+05	  -4.113549E-01	   5.933818E+06	   1.432354E+01	  -5.758801E+05	  -2.877246E+01	  -2.927485E+05	   5.276552E-01	   5.516238E+06	   1.274334E+01	  -1.271201E+06	  -1.141690E+01
   48.7000	  -1.215796E+00	  -1.179805E+05	   4.621920E+02	   5.936062E+06	  -2.536639E+03	  -3.215066E+05	   4.178490E+02	  -2.480837E+05	   4.632570E+02	   5.423509E+06	  -2.538168E+03	  -1.066700E+06	   4.350137E+02
   48.8000	  -1.261475E+00	  -6.142265E+04	  -2.869382E+01	   5.949201E+06	   1.163086E+02	  -7.197393E+04	   3.433118E+01	  -1.988283E+05	  -2.750607E+01	   5.344416E+06	   1.148206E+02	  -8.460471E+05	   5.119706E+01
   48.9000	  -1.296921E+00	  -4.957971E+03	   4.163206E-03	   5.973858E+06	   4.479660E+00	   1.675500E+05	  -2.582331E+01	  -1.457381E+05	   1.309662E+00	   5.281378E+06	   3.020012E+00	  -6.136379E+05	  -9.353963E+00
   49.0000	  -1.321380E+00	   5.063948E+04	   5.844635E+01	   6.009122E+06	  -3.136168E+02	   3.949714E+05	   1.662261E+02	  -8.950934E+04	   5.986284E+01	   5.235254E+06	  -3.150640E+02	  -3.713618E+05	   1.822128E+02
   49.1000	  -1.336761E+00	   1.052147E+05	  -1.945028E+02	   6.054250E+06	   1.465953E+03	   6.110943E+05	  -5.489709E+02	  -3.032623E+04	  -1.929838E+02	   5.206994E+06	   1.464500E+03	  -1.188112E+05	  -5.335405E+02
   49.2000	  -1.344060E+00	   1.553678E+05	   2.270086E+00	   6.105382E+06	  -2.713795E+01	   8.029804E+05	  -1.859479E+01	   2.827100E+04	   3.881536E+00	   5.194302E+06	  -2.861580E+01	   1.300651E+05	  -3.780982E+00
   49.3000	  -1.341603E+00	   2.027224E+05	   2.628453E+00	   6.163827E+06	  -3.465582E+01	   9.790112E+05	  -2.796047E+01	   8.765324E+04	   4.320745E+00	   5.199868E+06	  -3.617824E+01	   3.820315E+05	  -1.380989E+01
   49.4000	  -1.328572E+00	   2.455472E+05	  -1.185714E+02	   6.227419E+06	   6.200922E+02	   1.134157E+06	   3.182519E+02	   1.457281E+05	  -1.168112E+02	   5.222680E+06	   6.185064E+02	   6.298642E+05	   3.317064E+02
   49.5000	  -1.306733E+00	   2.831871E+05	  -3.926052E+00	   6.293856E+06	  -4.331661E+00	   1.266536E+06	  -2.843074E+01	   2.013774E+05	  -2.112083E+00	   5.261334E+06	  -5.998010E+00	   8.689619E+05	  -1.569172E+01
   49.6000	  -1.276927E+00	   3.151851E+05	  -6.231589E+00	   6.361605E+06	   4.447068E+00	   1.376762E+06	  -2.626289E+01	   2.535910E+05	  -4.378916E+00	   5.314896E+06	   2.685686E+00	   1.096764E+06	  -1.424577E+01
   49.7000	  -1.237375E+00	   3.411150E+05	  -1.799090E+02	   6.429397E+06	   9.500661E+02	   1.464268E+06	   1.095862E+02	   3.013138E+05	  -1.780334E+02	   5.382389E+06	   9.481985E+02	   1.309161E+06	   1.208871E+02
   49.8000	  -1.187215E+00	   3.607454E+05	  -7.964338E+02	   6.496124E+06	   4.432221E+03	   1.529454E+06	   7.913394E+02	   3.436283E+05	  -7.945516E+02	   5.462676E+06	   4.430240E+03	   1.502751E+06	   8.019404E+02
   49.9000	  -1.128262E+00	   3.742406E+05	  -3.703706E+00	   6.558636E+06	  -8.432722E+00	   1.571817E+06	  -2.008150E+01	   3.799754E+05	  -1.831352E+00	   5.552260E+06	  -1.052975E+01	   1.673081E+06	  -1.015432E+01
   50.0000	  -1.061564E+00	   3.819538E+05	  -4.990603E-01	   6.617699E+06	  -2.390079E+01	   1.595062E+06	  -2.169637E+01	   4.099718E+05	   1.347036E+00	   5.651256E+06	  -2.611223E+01	   1.819889E+06	  -1.240923E+01
   50.1000	  -9.857361E-01	   3.841993E+05	   2.459538E+00	   6.672093E+06	  -3.786984E+01	   1.599749E+06	  -2.116732E+01	   4.332053E+05	   4.263309E+00	   5.757510E+06	  -4.018947E+01	   1.939873E+06	  -1.248023E+01
   50.2000	  -9.004681E-01	   3.814547E+05	   3.879181E+00	   6.721410E+06	  -4.197845E+01	   1.587493E+06	  -4.069155E+00	   4.494618E+05	   5.625173E+00	   5.869430E+06	  -4.439581E+01	   2.031021E+06	   4.062204E+00
   50.3000	  -8.082741E-01	   3.744901E+05	   1.592174E+00	   6.765250E+06	  -2.363765E+01	   1.560946E+06	   1.666167E+01	   4.588786E+05	   3.265791E+00	   5.985225E+06	  -2.613844E+01	   2.092715E+06	   2.428425E+01
   50.4000	  -7.110622E-01	   3.640533E+05	  -2.118484E+00	   6.803580E+06	   9.516866E-01	   1.522617E+06	   3.196398E+01	   4.616514E+05	  -5.307536E-01	   6.103308E+06	  -1.615026E+00	   2.124660E+06	   3.912562E+01
   50.5000	  -6.084278E-01	   3.506767E+05	  -6.480832E+00	   6.836585E+06	   3.316523E+01	   1.473158E+06	   5.077033E+01	   4.578621E+05	  -4.991214E+00	   6.222193E+06	   3.055264E+01	   2.125268E+06	   5.751822E+01
   50.6000	  -5.010923E-01	   3.348874E+05	  -8.469266E+00	   6.864586E+06	   5.835759E+01	   1.413726E+06	   5.734583E+01	   4.477037E+05	  -7.088541E+00	   6.340473E+06	   5.572092E+01	   2.094096E+06	   6.372509E+01
   50.7000	  -3.925841E-01	   3.173032E+05	  -7.222715E-01	   6.888204E+06	   7.102337E+01	   1.347420E+06	   1.069996E+02	   4.315903E+05	   5.403475E-01	   6.457028E+06	   6.838543E+01	   2.033337E+06	   1.130522E+02
   50.8000	  -2.857777E-01	   2.984264E+05	  -7.096333E+00	   6.908143E+06	   7.189622E+01	   1.276876E+06	   4.748912E+01	   4.099575E+05	  -5.959385E+00	   6.570866E+06	   6.928002E+01	   1.945444E+06	   5.325311E+01
   50.9000	  -1.811262E-01	   2.784259E+05	  -6.230874E+00	   6.925148E+06	   6.773299E+01	   1.202387E+06	   4.235621E+01	   3.830478E+05	  -5.225475E+00	   6.681114E+06	   6.516105E+01	   1.831260E+06	   4.786488E+01
   51.0000	  -8.000590E-02	   2.575070E+05	  -5.364779E+00	   6.939772E+06	   5.427348E+01	   1.124009E+06	   2.674767E+01	   3.512773E+05	  -4.495125E+00	   6.786837E+06	   5.176722E+01	   1.692090E+06	   3.202953E+01
   51.1000	   1.366435E-02	   2.359247E+05	  -3.451350E+00	   6.952480E+06	   3.611814E+01	   1.041787E+06	   4.692243E+00	   3.152416E+05	  -2.719993E+00	   6.887164E+06	   3.369737E+01	   1.529893E+06	   9.770894E+00
   51.2000	   9.690328E-02	   2.138290E+05	  -1.977856E+00	   6.963575E+06	   3.091782E+01	   9.552779E+05	  -1.162991E+01	   2.755481E+05	  -1.385783E+00	   6.981242E+06	   2.860033E+01	   1.346720E+06	  -6.735435E+00
   51.3000	   1.694615E-01	   1.912749E+05	   2.057270E+00	   6.973324E+06	   1.409900E+01	   8.639481E+05	  -1.663624E+01	   2.328092E+05	   2.510536E+00	   7.068374E+06	   1.190031E+01	   1.145028E+06	  -1.191101E+01
   51.4000	   2.305238E-01	   1.683753E+05	   5.808637E+00	   6.982194E+06	  -6.983197E+00	   7.682318E+05	  -2.502524E+01	   1.877754E+05	   6.124912E+00	   7.148267E+06	  -9.049925E+00	   9.286293E+05	  -2.045767E+01
   51.5000	   2.770934E-01	   1.452960E+05	   9.176614E+00	   6.990887E+06	  -4.254832E+01	   6.692023E+05	  -2.747543E+01	   1.413064E+05	   9.358913E+00	   7.221058E+06	  -4.447236E+01	   7.022411E+05	  -2.305649E+01
   51.6000	   3.074265E-01	   1.221740E+05	  -1.555994E+00	   6.999930E+06	   2.229846E+01	   5.674841E+05	   2.362077E+01	   9.426591E+04	  -1.503611E+00	   7.286899E+06	   2.052552E+01	   4.702741E+05	   2.789856E+01
   51.7000	   3.227768E-01	   9.919069E+04	   1.345039E-01	   7.009397E+06	  -1.100438E+00	   4.637497E+05	   1.716356E+01	   4.756841E+04	   6.192378E-02	   7.345662E+06	  -2.716012E+00	   2.372035E+05	   2.130706E+01
   51.8000	   3.240748E-01	   7.657770E+04	   2.168978E+00	   7.019153E+06	  -2.168905E+01	   3.596014E+05	   7.569915E+00	   2.161735E+03	   1.977124E+00	   7.397164E+06	  -2.314289E+01	   8.327482E+03	   1.158636E+01
   51.9000	   3.102477E-01	   5.447786E+04	   8.907562E+00	   7.028809E+06	  -7.522009E+01	   2.581377E+05	  -1.722789E+01	  -4.113619E+04	   8.602710E+00	   7.441100E+06	  -7.650941E+01	  -2.097793E+05	  -1.333002E+01
   52.0000	   2.815389E-01	   3.299261E+04	   7.435810E+00	   7.037668E+06	  -7.196389E+01	   1.637090E+05	  -1.074708E+01	  -8.161031E+04	   7.024673E+00	   7.476962E+06	  -7.308717E+01	  -4.096096E+05	  -6.957291E+00
   52.1000	   2.411634E-01	   1.233014E+04	   5.947155E+00	   7.044758E+06	  -6.593974E+01	   8.119856E+04	  -6.386111E+00	  -1.185184E+05	   5.436752E+00	   7.504046E+06	  -6.689635E+01	  -5.835290E+05	  -2.691287E+00
   52.2000	   1.919213E-01	  -7.319588E+03	   4.321495E+00	   7.049414E+06	  -5.591600E+01	   1.398688E+04	  -5.924010E+00	  -1.512304E+05	   3.719023E+00	   7.522018E+06	  -5.670581E+01	  -7.258771E+05	  -2.308038E+00
   52.3000	   1.344353E-01	  -2.592884E+04	   1.957276E+00	   7.051780E+06	  -4.494745E+01	  -3.949888E+04	  -6.503466E+00	  -1.793832E+05	   1.269987E+00	   7.531386E+06	  -4.557052E+01	  -8.364663E+05	  -2.947039E+00
   52.4000	   7.036193E-02	  -4.345178E+04	  -1.217950E+00	   7.052484E+06	  -6.040203E+01	  -8.569712E+04	  -5.391383E+00	  -2.027067E+05	  -1.982849E+00	   7.533174E+06	  -6.085826E+01	  -9.205242E+05	  -1.872091E+00
   52.5000	   3.970011E-03	  -5.970700E+04	  -1.126802E+00	   7.051806E+06	  -4.327556E+01	  -1.285655E+05	  -1.868832E+00	  -2.209091E+05	  -1.962249E+00	   7.528056E+06	  -4.356441E+01	  -9.813565E+05	   1.638533E+00
   52.6000	  -6.126807E-02	  -7.457979E+04	  -1.440618E+00	   7.050190E+06	  -4.833896E+01	  -1.710518E+05	  -9.966576E-02	  -2.338782E+05	  -2.339779E+00	   7.516882E+06	  -4.845923E+01	  -1.021811E+06	   3.423232E+00
   52.7000	  -1.244694E-01	  -8.816059E+04	  -2.239971E+00	   7.048378E+06	  -4.609718E+01	  -2.170320E+05	   7.733706E-01	  -2.418154E+05	  -3.196306E+00	   7.500791E+06	  -4.604688E+01	  -1.046193E+06	   4.340770E+00
   52.8000	  -1.841699E-01	  -1.004870E+05	  -2.897755E+00	   7.046790E+06	  -3.692542E+01	  -2.684305E+05	   2.187128E+00	  -2.449700E+05	  -3.905074E+00	   7.480604E+06	  -3.670170E+01	  -1.057354E+06	   5.828581E+00
   52.9000	  -2.367396E-01	  -1.114025E+05	  -2.883165E+00	   7.045386E+06	  -2.374031E+01	  -3.239037E+05	   4.123431E+00	  -2.434876E+05	  -3.935668E+00	   7.456682E+06	  -2.333956E+01	  -1.055323E+06	   7.868033E+00
   53.0000	  -2.797343E-01	  -1.208086E+05	   3.710246E+01	   7.044130E+06	  -2.943406E+02	  -3.816275E+05	   6.937646E+01	  -2.376501E+05	   3.601017E+01	   7.429396E+06	  -2.937585E+02	  -1.040044E+06	   7.325173E+01
   53.1000	  -3.136326E-01	  -1.287601E+05	  -2.768933E+00	   7.043028E+06	   1.897293E+01	  -4.405736E+05	  -3.235179E-01	  -2.279572E+05	  -3.896040E+00	   7.399176E+06	   1.974084E+01	  -1.012586E+06	   3.707275E+00
   53.2000	  -3.386195E-01	  -1.352467E+05	   1.627036E+00	   7.041980E+06	   3.714779E+00	  -4.986140E+05	   1.555798E+01	  -2.148923E+05	   4.696989E-01	   7.366360E+06	   4.673118E+00	  -9.731863E+05	   1.976539E+01
   53.3000	  -3.529286E-01	  -1.401646E+05	   2.181906E+00	   7.040650E+06	   9.456081E+00	  -5.517381E+05	   1.398358E+01	  -1.988794E+05	   9.985535E-01	   7.331081E+06	   1.060892E+01	  -9.203948E+05	   1.838404E+01
   53.4000	  -3.560705E-01	  -1.435174E+05	   2.085191E+00	   7.038755E+06	   1.168077E+01	  -5.965576E+05	   8.336010E+00	  -1.804675E+05	   8.797144E-01	   7.293552E+06	   1.303117E+01	  -8.535111E+05	   1.294050E+01
   53.5000	  -3.504660E-01	  -1.454133E+05	   2.050207E+00	   7.036300E+06	   8.870185E+00	  -6.318649E+05	   1.751411E+00	  -1.603128E+05	   8.262263E-01	   7.254298E+06	   1.041962E+01	  -7.740732E+05	   6.564924E+00
   53.6000	  -3.381616E-01	  -1.459554E+05	   2.197443E+00	   7.033463E+06	   6.177870E+00	  -6.574659E+05	   1.449284E+00	  -1.390545E+05	   9.583685E-01	   7.214048E+06	   7.925711E+00	  -6.846245E+05	   6.470529E+00
   53.7000	  -3.190876E-01	  -1.452929E+05	   2.843602E+00	   7.030643E+06	  -1.351412E-01	  -6.740828E+05	   2.007886E+00	  -1.173520E+05	   1.592695E+00	   7.173768E+06	   1.807849E+00	  -5.885511E+05	   7.229260E+00
   53.8000	  -2.941742E-01	  -1.436670E+05	   3.559729E+00	   7.028292E+06	  -5.747395E+00	  -6.832891E+05	   3.490161E+00	  -9.591980E+04	   2.300154E+00	   7.134486E+06	  -3.615558E+00	  -4.899594E+05	   8.898006E+00
   53.9000	  -2.669185E-01	  -1.412964E+05	   3.915560E+00	   7.026724E+06	  -1.072158E+01	  -6.867551E+05	   4.137289E+00	  -7.540138E+04	   2.650441E+00	   7.097090E+06	  -8.410558E+00	  -3.928665E+05	   9.712403E+00
   54.0000	  -2.400780E-01	  -1.383623E+05	   3.837602E+00	   7.026131E+06	  -1.340872E+01	  -6.853012E+05	   5.543154E+00	  -5.634654E+04	   2.570056E+00	   7.062323E+06	  -1.093169E+01	  -3.002061E+05	   1.126151E+01
   54.1000	  -2.139049E-01	  -1.350971E+05	   3.686328E+00	   7.026786E+06	  -1.546845E+01	  -6.795538E+05	   5.942388E+00	  -3.929372E+04	   2.419492E+00	   7.030973E+06	  -1.284212E+01	  -2.144442E+05	   1.177602E+01
   54.2000	  -1.892362E-01	  -1.316972E+05	   3.448574E+00	   7.028944E+06	  -1.676165E+01	  -6.704549E+05	   4.507648E+00	  -2.467755E+04	   2.185616E+00	   7.003751E+06	  -1.400609E+01	  -1.380551E+05	   1.042568E+01
   54.3000	  -1.690683E-01	  -1.281844E+05	   3.192924E+00	   7.032648E+06	  -1.749068E+01	  -6.587406E+05	   2.772766E+00	  -1.268871E+04	   1.937041E+00	   6.981084E+06	  -1.462898E+01	  -7.297390E+04	   8.742534E+00
   54.4000	  -1.553164E-01	  -1.245189E+05	   2.977927E+00	   7.037960E+06	  -1.714748E+01	  -6.454098E+05	   3.135704E+00	  -3.385517E+03	   1.732326E+00	   6.963326E+06	  -1.420528E+01	  -2.104853E+04	   9.123772E+00
   54.5000	  -1.471126E-01	  -1.206925E+05	   2.697323E+00	   7.044978E+06	  -1.602112E+01	  -6.306434E+05	   2.940230E+00	   3.211480E+03	   1.465207E+00	   6.950758E+06	  -1.302603E+01	   1.705206E+04	   8.913429E+00
   54.6000	  -1.439353E-01	  -1.166101E+05	   2.361278E+00	   7.053641E+06	  -1.436562E+01	  -6.137676E+05	   1.021156E+00	   7.235244E+03	   1.145813E+00	   6.943392E+06	  -1.134649E+01	   4.187536E+04	   6.947430E+00
   54.7000	  -1.472647E-01	  -1.120193E+05	   1.906240E+00	   7.063651E+06	  -1.203516E+01	  -5.933509E+05	  -9.817020E-01	   9.039225E+03	   7.105370E-01	   6.940880E+06	  -9.021402E+00	   5.508509E+04	   4.867442E+00
   54.8000	  -1.574540E-01	  -1.066874E+05	   1.400764E+00	   7.074797E+06	  -9.481823E+00	  -5.681477E+05	  -2.047863E+00	   9.014676E+03	   2.278515E-01	   6.942835E+06	  -6.502653E+00	   5.850302E+04	   3.696284E+00
   54.9000	  -1.721172E-01	  -1.004888E+05	   9.491009E-01	   7.087116E+06	  -7.134596E+00	  -5.375850E+05	  -3.286449E+00	   7.498164E+03	  -1.980874E-01	   6.949007E+06	  -4.218331E+00	   5.360595E+04	   2.327453E+00
   55.0000	  -1.893232E-01	  -9.328968E+04	   5.829592E-01	   7.100650E+06	  -4.777761E+00	  -5.010829E+05	  -4.921099E+00	   4.879561E+03	  -5.356675E-01	   6.959040E+06	  -1.951200E+00	   4.217756E+04	   5.399796E-01
   55.1000	  -2.093158E-01	  -8.492644E+04	   3.673466E-01	   7.115354E+06	  -2.702917E+00	  -4.578398E+05	  -4.802934E+00	   1.616844E+03	  -7.199731E-01	   6.972409E+06	   9.195230E-03	   2.649274E+04	   4.852548E-01
   55.2000	  -2.314738E-01	  -7.532724E+04	   3.711433E-01	   7.131368E+06	  -1.369284E+00	  -4.075254E+05	  -1.850693E+00	  -1.893276E+03	  -6.822000E-01	   6.988699E+06	   1.206104E+00	   8.587197E+03	   3.246696E+00
   55.3000	  -2.527517E-01	  -6.452811E+04	   4.914948E-01	   7.149087E+06	  -3.008795E-01	  -3.504452E+05	   1.683849E+00	  -5.339760E+03	  -5.252517E-01	   7.007712E+06	   2.118281E+00	  -9.949715E+03	   6.574146E+00
   55.4000	  -2.708736E-01	  -5.259144E+04	   5.706821E-01	   7.168935E+06	   1.205450E+00	  -2.870444E+05	   3.832892E+00	  -8.423763E+03	  -4.068694E-01	   7.029260E+06	   3.451828E+00	  -2.752837E+04	   8.500831E+00
   55.5000	  -2.860572E-01	  -3.960118E+04	   6.156577E-01	   7.191272E+06	   2.517006E+00	  -2.178111E+05	   5.876140E+00	  -1.086286E+04	  -3.200917E-01	   7.053108E+06	   4.577070E+00	  -4.251292E+04	   1.030674E+01
   55.6000	  -2.979869E-01	  -2.569406E+04	   7.215455E-01	   7.216544E+06	   2.940958E+00	  -1.435429E+05	   8.636948E+00	  -1.243079E+04	  -1.697580E-01	   7.079148E+06	   4.804173E+00	  -5.354619E+04	   1.281477E+01
   55.7000	  -3.042325E-01	  -1.102837E+04	   7.562118E-01	   7.245302E+06	   3.502425E+00	  -6.527059E+04	   1.010690E+01	  -1.293520E+04	  -8.794555E-02	   7.107450E+06	   5.161168E+00	  -5.953039E+04	   1.401536E+01
   55.8000	  -3.033684E-01	   4.241512E+03	   6.866921E-01	   7.278016E+06	   4.846557E+00	   1.597099E+04	   9.265141E+00	  -1.220110E+04	  -1.075531E-01	   7.138096E+06	   6.295964E+00	  -5.945983E+04	   1.288582E+01
   55.9000	  -2.966338E-01	   1.995516E+04	   6.386118E-01	   7.314982E+06	   6.114983E+00	   9.918369E+04	   8.462148E+00	  -1.008875E+04	  -1.028925E-01	   7.171107E+06	   7.352777E+00	  -5.243844E+04	   1.177431E+01
   56.0000	  -2.848652E-01	   3.596507E+04	   7.576387E-01	   7.356438E+06	   6.635364E+00	   1.834229E+05	   9.296706E+00	  -6.482771E+03	   7.174711E-02	   7.206578E+06	   7.661664E+00	  -3.771916E+04	   1.227680E+01
   56.1000	  -2.668455E-01	   5.216114E+04	   9.517344E-01	   7.402618E+06	   6.994878E+00	   2.678878E+05	   9.574090E+00	  -1.274198E+03	   3.243366E-01	   7.244736E+06	   7.811991E+00	  -1.466549E+04	   1.219558E+01
   56.2000	  -2.423223E-01	   6.844144E+04	   1.151269E+00	   7.453622E+06	   7.158488E+00	   3.518943E+05	   7.636004E+00	   5.604500E+03	   5.852066E-01	   7.285806E+06	   7.770724E+00	   1.717920E+04	   9.869295E+00
   56.3000	  -2.135985E-01	   8.470120E+04	   1.442953E+00	   7.509322E+06	   6.099179E+00	   4.349077E+05	   6.230037E+00	   1.416461E+04	   9.409665E-01	   7.329926E+06	   6.512654E+00	   5.808996E+04	   8.042594E+00
   56.4000	  -1.824260E-01	   1.008585E+05	   1.862751E+00	   7.569518E+06	   3.431789E+00	   5.166058E+05	   7.690143E+00	   2.438468E+04	   1.427409E+00	   7.377275E+06	   3.654233E+00	   1.082030E+05	   9.046848E+00
   56.5000	  -1.483070E-01	   1.168507E+05	   2.222320E+00	   7.633999E+06	   1.669147E-01	   5.964723E+05	   8.770042E+00	   3.620639E+04	   1.855941E+00	   7.428126E+06	   2.074818E-01	   1.671008E+05	   9.633717E+00
   56.6000	  -1.114576E-01	   1.325854E+05	   2.372006E+00	   7.702202E+06	  -2.585100E+00	   6.718874E+05	   6.932278E+00	   4.948786E+04	   2.076577E+00	   7.482478E+06	  -2.716031E+00	   2.319096E+05	   7.264413E+00
   56.7000	  -7.437321E-02	   1.479628E+05	   2.455836E+00	   7.773284E+06	  -6.111779E+00	   7.420649E+05	   4.019058E+00	   6.402951E+04	   2.232932E+00	   7.540102E+06	  -6.402814E+00	   3.012568E+05	   3.780648E+00
   56.8000	  -3.874088E-02	   1.629067E+05	   2.495008E+00	   7.846627E+06	  -9.937713E+00	   8.059837E+05	   1.644681E+00	   7.961121E+04	   2.345718E+00	   7.601022E+06	  -1.037667E+01	   3.732391E+05	   7.972518E-01
   56.9000	  -3.765950E-03	   1.773200E+05	   2.373488E+00	   7.921738E+06	  -1.281606E+01	   8.620337E+05	  -3.947390E+00	   9.595531E+04	   2.298345E+00	   7.665376E+06	  -1.339020E+01	   4.451140E+05	  -5.440723E+00
   57.0000	   3.086100E-02	   1.910900E+05	   5.897869E+00	   7.997846E+06	   3.882578E+01	   9.084228E+05	  -2.941142E+01	   1.127411E+05	   5.896796E+00	   7.732993E+06	   3.812952E+01	   5.137651E+05	  -3.158484E+01
   57.1000	   6.336401E-02	   2.041399E+05	   2.242289E+00	   8.073824E+06	  -8.784064E+00	   9.432649E+05	  -1.959399E+01	   1.296658E+05	   2.314557E+00	   7.803292E+06	  -9.589339E+00	   5.758539E+05	  -2.247785E+01
   57.2000	   9.288346E-02	   2.164124E+05	   1.889721E+00	   8.149004E+06	  -7.082741E+00	   9.663783E+05	  -1.976162E+01	   1.464388E+05	   2.033917E+00	   7.876057E+06	  -7.984093E+00	   6.296883E+05	  -2.338142E+01
   57.3000	   1.210920E-01	   2.278144E+05	   6.170529E-01	   8.222636E+06	  -7.424048E-01	   9.770537E+05	  -1.623382E+01	   1.627370E+05	   8.310761E-01	   7.950898E+06	  -1.727300E+00	   6.730578E+05	  -2.060925E+01
   57.4000	   1.491849E-01	   2.382438E+05	  -6.675737E-01	   8.293996E+06	   3.426565E+00	   9.749834E+05	  -1.351118E+01	   1.782402E+05	  -3.865048E-01	   8.027338E+06	   2.370052E+00	   7.042289E+05	  -1.865536E+01
   57.5000	   1.762231E-01	   2.476588E+05	  -1.513613E+00	   8.362446E+06	   3.128100E+00	   9.609419E+05	  -9.446774E+00	   1.927107E+05	  -1.168934E+00	   8.104862E+06	   2.011125E+00	   7.226854E+05	  -1.536562E+01
   57.6000	   2.020566E-01	   2.560081E+05	  -1.825307E+00	   8.427269E+06	   1.663466E+00	   9.368651E+05	  -2.853076E+00	   2.059292E+05	  -1.421058E+00	   8.182756E+06	   4.962806E-01	   7.292581E+05	  -9.545005E+00
   57.7000	   2.288871E-01	   2.631453E+05	  -1.692205E+00	   8.487732E+06	   2.335801E+00	   9.046962E+05	   2.747258E+00	   2.176160E+05	  -1.232973E+00	   8.260172E+06	   1.127679E+00	   7.250084E+05	  -4.708519E+00
   57.8000	   2.582452E-01	   2.689103E+05	  -1.613979E+00	   8.543467E+06	   3.926032E+00	   8.655968E+05	   4.784807E+00	   2.275149E+05	  -1.104814E+00	   8.336522E+06	   2.685226E+00	   7.104662E+05	  -3.418070E+00
   57.9000	   2.893182E-01	   2.732072E+05	  -1.730402E+00	   8.594455E+06	   3.020876E+00	   8.209862E+05	   4.850705E+00	   2.354735E+05	  -1.176729E+00	   8.411471E+06	   1.754626E+00	   6.866799E+05	  -4.075396E+00
   58.0000	   3.218391E-01	   2.759118E+05	  -2.052661E+00	   8.640823E+06	  -4.594134E-01	   7.718269E+05	   4.443371E+00	   2.413496E+05	  -1.460178E+00	   8.484754E+06	  -1.744829E+00	   6.545008E+05	  -5.175514E+00
   58.1000	   3.576560E-01	   2.767997E+05	  -2.560746E+00	   8.682574E+06	  -4.015239E+00	   7.189824E+05	   3.032566E+00	   2.449372E+05	  -1.935316E+00	   8.555927E+06	  -5.314424E+00	   6.149239E+05	  -7.242906E+00
   58.2000	   3.977529E-01	   2.756603E+05	  -3.198882E+00	   8.719777E+06	  -5.549522E+00	   6.637779E+05	   1.391910E+00	   2.460758E+05	  -2.546432E+00	   8.624577E+06	  -6.857838E+00	   5.696236E+05	  -9.499072E+00
   58.3000	   4.406158E-01	   2.723760E+05	  -3.712849E+00	   8.752789E+06	  -6.809344E+00	   6.074373E+05	   1.096162E+00	   2.447245E+05	  -3.039261E+00	   8.690561E+06	  -8.122771E+00	   5.203518E+05	  -1.036540E+01
   58.4000	   4.851484E-01	   2.668254E+05	  -3.858745E+00	   8.781914E+06	  -6.749133E+00	   5.508558E+05	   2.970443E+00	   2.408579E+05	  -3.169760E+00	   8.753692E+06	  -8.064104E+00	   4.686661E+05	  -9.013900E+00
   58.5000	   5.322861E-01	   2.588322E+05	  -3.517157E+00	   8.807112E+06	  -4.391825E+00	   4.953792E+05	   6.262873E+00	   2.344077E+05	  -2.818291E+00	   8.813460E+06	  -5.705037E+00	   4.166591E+05	  -6.194623E+00
   58.6000	   5.820981E-01	   2.482899E+05	  -2.842321E+00	   8.828366E+06	  -6.528858E-01	   4.423489E+05	   9.974683E+00	   2.253793E+05	  -2.138796E+00	   8.869414E+06	  -1.961102E+00	   3.664510E+05	  -2.905423E+00
   58.7000	   6.322171E-01	   2.352231E+05	   2.271373E+01	   8.846069E+06	   3.080718E+02	   3.919367E+05	  -1.251828E+01	   2.139056E+05	   2.341705E+01	   8.921560E+06	   3.067720E+02	   3.189734E+05	  -2.577037E+01
   58.8000	   6.807857E-01	   2.196853E+05	   3.197288E+01	   8.860349E+06	   4.168157E+02	   3.436989E+05	   4.392725E+01	   2.001371E+05	   3.267151E+01	   8.969697E+06	   4.155280E+02	   2.744743E+05	   3.035322E+01
   58.9000	   7.281119E-01	   2.017278E+05	  -1.126134E+00	   8.871079E+06	   1.685799E+00	   2.982196E+05	   1.444016E+01	   1.842047E+05	  -4.362454E-01	   9.013420E+06	   4.146406E-01	   2.341200E+05	   5.931413E-01
   59.0000	   7.738371E-01	   1.814875E+05	  -8.662277E-01	   8.878329E+06	  -8.008195E-01	   2.552135E+05	   1.338927E+01	   1.663022E+05	  -1.887179E-01	   9.052582E+06	  -2.050246E+00	   1.980631E+05	  -6.832203E-01
   59.1000	   8.153903E-01	   1.591909E+05	  -6.091975E-01	   8.882375E+06	  -3.537473E+00	   2.135509E+05	   1.233480E+01	   1.466870E+05	   5.272492E-02	   9.087288E+06	  -4.758899E+00	   1.654436E+05	  -1.917281E+00
   59.2000	   8.509306E-01	   1.350765E+05	  -3.057747E+00	   8.883442E+06	  -4.120073E+01	   1.722267E+05	   1.251454E+01	   1.255998E+05	  -2.414201E+00	   9.117638E+06	  -4.238663E+01	   1.353450E+05	  -1.872891E+00
   59.3000	   8.809969E-01	   1.093749E+05	  -1.304610E-01	   8.881340E+06	  -7.396613E+00	   1.313440E+05	   1.005642E+01	   1.032459E+05	   4.923229E-01	   9.143344E+06	  -8.538033E+00	   1.077788E+05	  -4.423675E+00
   59.4000	   9.056807E-01	   8.239629E+04	   9.011420E-02	   8.876023E+06	  -8.803283E+00	   9.062612E+04	   9.053448E+00	   7.988455E+04	   6.901442E-01	   9.164288E+06	  -9.889729E+00	   8.220551E+04	  -5.477970E+00
   59.5000	   9.230632E-01	   5.445859E+04	   2.529275E-01	   8.867768E+06	  -9.251144E+00	   4.960451E+04	   8.108906E+00	   5.575977E+04	   8.285939E-01	   9.180677E+06	  -1.027053E+01	   5.774644E+04	  -6.433591E+00
   59.6000	   9.320926E-01	   2.587954E+04	   3.854571E-01	   8.856759E+06	  -8.425594E+00	   8.127897E+03	   7.379200E+00	   3.109907E+04	   9.355245E-01	   9.192630E+06	  -9.364252E+00	   3.372613E+04	  -7.134961E+00
   59.7000	   9.341872E-01	  -3.002922E+03	   4.323260E-01	   8.842853E+06	  -6.785735E+00	  -3.331832E+04	   6.946803E+00	   6.139776E+03	   9.559313E-01	   9.199919E+06	  -7.628543E+00	   1.003034E+04	  -7.500160E+00
   59.8000	   9.303766E-01	  -3.183740E+04	   3.914021E-01	   8.826031E+06	  -4.868915E+00	  -7.434618E+04	   6.603460E+00	  -1.887041E+04	   8.880575E-01	   9.202427E+06	  -5.599495E+00	  -1.358111E+04	  -7.737756E+00
   59.9000	   9.196921E-01	  -6.030737E+04	   3.139717E-01	   8.806659E+06	  -3.202075E+00	  -1.149669E+05	   7.070144E+00	  -4.371389E+04	   7.835690E-01	   9.200391E+06	  -3.803089E+00	  -3.772999E+04	  -7.126971E+00
   60.0000	   9.019691E-01	  -8.812716E+04	   1.399033E-01	   8.785046E+06	  -2.520477E+00	  -1.551614E+05	   8.590918E+00	  -6.819216E+04	   5.827217E-01	   9.193970E+06	  -2.974024E+00	  -6.294458E+04	  -5.423861E+00
   60.1000	   8.793975E-01	  -1.150052E+05	  -1.089756E-01	   8.761212E+06	  -2.343312E+00	  -1.947603E+05	   1.041803E+01	  -9.208251E+04	   3.077354E-01	   9.183005E+06	  -2.631383E+00	  -8.949755E+04	  -3.376337E+00
   60.2000	   8.536481E-01	  -1.406841E+05	  -3.614028E-01	   8.735307E+06	  -2.250833E+00	  -2.337918E+05	   1.219406E+01	  -1.151734E+05	   3.026861E-02	   9.167445E+06	  -2.355840E+00	  -1.177235E+05	  -1.342196E+00
   60.3000	   8.242312E-01	  -1.649985E+05	  -7.204819E-01	   8.707843E+06	  -1.897695E+00	  -2.726598E+05	   1.448001E+01	  -1.373189E+05	  -3.523885E-01	   9.147590E+06	  -1.803014E+00	  -1.481739E+05	   1.238921E+00
   60.4000	   7.912642E-01	  -1.878270E+05	  -9.727626E-01	   8.679257E+06	  -1.695603E+00	  -3.118932E+05	   1.737067E+01	  -1.583902E+05	  -6.264009E-01	   9.123657E+06	  -1.386136E+00	  -1.813580E+05	   4.460681E+00
   60.5000	   7.570086E-01	  -2.090379E+05	  -1.203346E+00	   8.649658E+06	  -5.098982E-01	  -3.519855E+05	   2.017198E+01	  -1.782224E+05	  -8.765032E-01	   9.095540E+06	   2.740991E-02	  -2.175873E+05	   7.627345E+00
   60.6000	   7.230245E-01	  -2.285420E+05	  -1.459591E+00	   8.619234E+06	   1.002945E+00	  -3.934762E+05	   2.285197E+01	  -1.966711E+05	  -1.149708E+00	   9.063227E+06	   1.778641E+00	  -2.570764E+05	   1.070463E+01
   60.7000	   6.885489E-01	  -2.463314E+05	  -6.002854E+01	   8.588573E+06	  -7.165458E+02	  -4.369969E+05	   7.587698E+01	  -2.136570E+05	  -5.973274E+01	   9.027130E+06	  -7.155240E+02	  -3.000210E+05	   6.415571E+01
   60.8000	   6.532733E-01	  -2.624070E+05	  -1.080527E+02	   8.557922E+06	  -1.284121E+03	  -4.837620E+05	  -1.087294E+02	  -2.291017E+05	  -1.077679E+02	   8.987355E+06	  -1.282848E+03	  -3.471308E+05	  -1.199997E+02
   60.9000	   6.189100E-01	  -2.767090E+05	  -1.487917E+00	   8.527041E+06	   1.275085E+01	  -5.332768E+05	   3.188387E+01	  -2.428661E+05	  -1.210572E+00	   8.943563E+06	   1.427506E+01	  -3.973891E+05	   2.108445E+01
   61.0000	   5.864099E-01	  -2.891782E+05	  -1.347428E+00	   8.496447E+06	   1.541274E+01	  -5.865175E+05	   3.312860E+01	  -2.548218E+05	  -1.073994E+00	   8.896219E+06	   1.718687E+01	  -4.512876E+05	   2.281437E+01
   61.1000	   5.543959E-01	  -2.997904E+05	  -1.222815E+00	   8.466318E+06	   1.412704E+01	  -6.433471E+05	   3.360928E+01	  -2.648940E+05	  -9.495012E-01	   8.845503E+06	   1.614605E+01	  -5.082969E+05	   2.378792E+01
   61.2000	   5.219560E-01	  -3.084742E+05	  -9.697881E-01	   8.436923E+06	   1.149790E+01	  -7.036379E+05	   3.277584E+01	  -2.729889E+05	  -6.926577E-01	   8.791731E+06	   1.375400E+01	  -5.680396E+05	   2.344759E+01
   61.3000	   4.902517E-01	  -3.150588E+05	  -6.487063E-01	   8.408251E+06	   6.262568E+00	  -7.664813E+05	   2.896148E+01	  -2.789468E+05	  -3.637039E-01	   8.734997E+06	   8.745593E+00	  -6.295426E+05	   2.011846E+01
   61.4000	   4.597944E-01	  -3.193467E+05	  -2.121994E-01	   8.380447E+06	   1.147657E-01	  -8.302106E+05	   2.197687E+01	  -2.826202E+05	   8.482452E-02	   8.675592E+06	   2.812730E+00	  -6.912898E+05	   1.360243E+01
   61.5000	   4.289082E-01	  -3.211578E+05	   3.966523E-01	   8.354014E+06	  -2.026004E+00	  -8.930414E+05	   1.504647E+01	  -2.839198E+05	   7.099147E-01	   8.614211E+06	   8.736411E-01	  -7.518772E+05	   7.114808E+00
   61.6000	   3.965227E-01	  -3.202631E+05	   1.126483E+00	   8.329531E+06	  -2.699160E+00	  -9.520251E+05	   8.171653E+00	  -2.827462E+05	   1.460247E+00	   8.551660E+06	   3.882383E-01	  -8.089648E+05	   6.475664E-01
   61.7000	   3.637862E-01	  -3.163528E+05	   1.672408E+00	   8.307584E+06	  -4.051712E+00	  -1.001789E+06	   2.412502E+00	  -2.789542E+05	   2.030948E+00	   8.488784E+06	  -7.905865E-01	  -8.579950E+05	  -4.748631E+00
   61.8000	   3.313574E-01	  -3.091153E+05	   1.914757E+00	   8.288938E+06	  -6.387995E+00	  -1.036786E+06	  -4.076602E+00	  -2.724242E+05	   2.302330E+00	   8.426631E+06	  -2.966733E+00	  -8.944051E+05	  -1.092865E+01
   61.9000	   2.978625E-01	  -2.982767E+05	   1.962466E+00	   8.274496E+06	  -7.499660E+00	  -1.053376E+06	  -9.392263E+00	  -2.630912E+05	   2.383258E+00	   8.366412E+06	  -3.930992E+00	  -9.156546E+05	  -1.599785E+01
   62.0000	   2.626406E-01	  -2.835389E+05	   2.067941E+00	   8.265020E+06	  -9.267389E+00	  -1.048682E+06	  -1.074712E+01	  -2.508700E+05	   2.526016E+00	   8.309213E+06	  -5.562873E+00	  -9.200121E+05	  -1.717694E+01
   62.1000	   2.273274E-01	  -2.645688E+05	   2.176418E+00	   8.261088E+06	  -1.056844E+01	  -1.019166E+06	  -1.144163E+01	  -2.356299E+05	   2.675643E+00	   8.255955E+06	  -6.738301E+00	  -9.050570E+05	  -1.777351E+01
   62.2000	   1.931272E-01	  -2.410807E+05	   2.286159E+00	   8.263282E+06	   2.954514E+00	  -9.618771E+05	  -2.051838E+01	  -2.172622E+05	   2.830120E+00	   8.207586E+06	   6.901367E+00	  -8.688354E+05	  -2.683608E+01
   62.3000	   1.592349E-01	  -2.128628E+05	   1.758808E+00	   8.272198E+06	  -5.239853E-01	  -8.755546E+05	  -2.308937E+01	  -1.956902E+05	   2.350715E+00	   8.165086E+06	   3.531842E+00	  -8.108858E+05	  -2.948119E+01
   62.4000	   1.255267E-01	  -1.797316E+05	   1.864987E+00	   8.288318E+06	   2.152042E+00	  -7.588909E+05	  -2.605980E+01	  -1.708092E+05	   2.507559E+00	   8.129359E+06	   6.309929E+00	  -7.304163E+05	  -3.261699E+01
   62.5000	   9.409652E-02	  -1.415393E+05	   2.200324E+00	   8.312032E+06	   3.597158E+00	  -6.093861E+05	  -3.151704E+01	  -1.424805E+05	   2.895672E+00	   8.101245E+06	   7.850539E+00	  -6.250872E+05	  -3.833200E+01
   62.6000	   6.652091E-02	  -9.824657E+04	   2.164211E+00	   8.343679E+06	   7.760464E+00	  -4.251547E+05	  -3.954902E+01	  -1.105935E+05	   2.913710E+00	   8.081583E+06	   1.210253E+01	  -4.927583E+05	  -4.671341E+01
   62.7000	   4.225667E-02	  -4.997050E+04	   5.973041E+00	   8.383248E+06	   6.169804E+00	  -2.083081E+05	  -7.292697E+01	  -7.510659E+04	   6.777198E+00	   8.070910E+06	   1.059284E+01	  -3.348316E+05	  -8.052966E+01
   62.8000	   2.129386E-02	   3.024424E+03	   4.528986E+00	   8.429773E+06	   2.166027E+00	   3.185655E+04	  -6.061975E+01	  -3.603426E+04	   5.387313E+00	   8.068870E+06	   6.660706E+00	  -1.594185E+05	  -6.874469E+01
   62.9000	   5.681966E-03	   6.024756E+04	   3.190248E+00	   8.481658E+06	   1.092218E+01	   2.830798E+05	  -5.126948E+01	   6.472776E+03	   4.101130E+00	   8.074536E+06	   1.547685E+01	   2.287852E+04	  -5.999358E+01
   63.0000	  -3.184977E-03	   1.209407E+05	   3.658186E+00	   8.537597E+06	   1.472086E+01	   5.357966E+05	  -4.122285E+01	   5.208030E+04	   4.618768E+00	   8.087338E+06	   1.932092E+01	   2.045939E+05	  -5.061381E+01
   63.1000	  -6.155599E-03	   1.840917E+05	   8.055056E-01	   8.596216E+06	  -3.097531E+01	   7.807731E+05	  -3.460456E+01	   1.002738E+05	   1.811580E+00	   8.106700E+06	  -2.634794E+01	   3.789794E+05	  -4.471880E+01
   63.2000	  -3.669922E-03	   2.484720E+05	  -4.545742E+00	   8.656089E+06	  -1.195119E+02	   1.009898E+06	  -8.436172E+00	   1.503801E+05	  -3.499821E+00	   8.132050E+06	  -1.148792E+02	   5.407167E+05	  -1.931686E+01
   63.3000	   5.787272E-03	   3.126288E+05	  -2.447067E+01	   8.715799E+06	  -4.155033E+02	   1.215933E+06	   7.843874E+01	   2.015403E+05	  -2.339206E+01	   8.162866E+06	  -4.108913E+02	   6.855646E+05	   6.676357E+01
   63.4000	   2.302108E-02	   3.749541E+05	   5.827394E+00	   8.773744E+06	   3.733006E+01	   1.391860E+06	  -2.480447E+01	   2.527559E+05	   6.929976E+00	   8.198474E+06	   4.189126E+01	   8.095861E+05	  -3.728547E+01
   63.5000	   4.657650E-02	   4.338500E+05	   1.284577E+00	   8.828388E+06	  -2.534124E+00	   1.533107E+06	  -1.981663E+01	   3.030270E+05	   2.400844E+00	   8.238264E+06	   1.942213E+00	   9.112380E+05	  -3.309671E+01
   63.6000	   7.539941E-02	   4.877502E+05	   1.704438E+00	   8.877990E+06	   1.304255E+01	   1.635352E+06	  -1.837675E+01	   3.513476E+05	   2.822548E+00	   8.281406E+06	   1.739649E+01	   9.890329E+05	  -3.243007E+01
   63.7000	   1.104108E-01	   5.350811E+05	   1.229770E+00	   8.920776E+06	   2.413132E+01	   1.695068E+06	  -1.162719E+01	   3.966382E+05	   2.336381E+00	   8.326976E+06	   2.832241E+01	   1.041938E+06	  -2.640813E+01
   63.8000	   1.518845E-01	   5.743880E+05	  -1.030172E+00	   8.954923E+06	   1.339899E+01	   1.709673E+06	   9.511047E-02	   4.378446E+05	   5.019769E-02	   8.373916E+06	   1.738466E+01	   1.069386E+06	  -1.534782E+01
   63.9000	   1.979175E-01	   6.045026E+05	  -3.497827E+00	   8.978644E+06	  -6.198225E+00	   1.678310E+06	   7.408380E+00	   4.740817E+05	  -2.459697E+00	   8.421082E+06	  -2.461840E+00	   1.071927E+06	  -8.611076E+00
   64.0000	   2.470849E-01	   6.244714E+05	  -5.054080E+00	   8.990379E+06	  -1.811726E+01	   1.601109E+06	   1.261482E+01	   5.045410E+05	  -4.075253E+00	   8.467392E+06	  -1.467430E+01	   1.050391E+06	  -3.876532E+00
   64.1000	   3.000132E-01	   6.334339E+05	  -5.293146E+00	   8.988832E+06	  -1.849138E+01	   1.479071E+06	   1.836880E+01	   5.283520E+05	  -4.391512E+00	   8.511835E+06	  -1.538524E+01	   1.005678E+06	   1.528272E+00
   64.2000	   3.567691E-01	   6.308054E+05	  -5.704767E+00	   8.972972E+06	  -2.594959E+01	   1.315537E+06	   2.522434E+01	   5.447567E+05	  -4.898757E+00	   8.553439E+06	  -2.322195E+01	   9.401899E+05	   8.173777E+00
   64.3000	   4.153241E-01	   6.164435E+05	  -6.059173E+00	   8.942243E+06	  -2.652984E+01	   1.116276E+06	   2.984790E+01	   5.532719E+05	  -5.367432E+00	   8.591452E+06	  -2.421968E+01	   8.578994E+05	   1.274091E+01
   64.4000	   4.741703E-01	   5.904637E+05	  -5.194912E+00	   8.896593E+06	  -1.732331E+01	   8.881322E+05	   2.680423E+01	   5.535099E+05	  -4.635937E+00	   8.625356E+06	  -1.546601E+01	   7.630207E+05	   9.806447E+00
   64.5000	   5.338653E-01	   5.530589E+05	  -3.476885E+00	   8.836273E+06	  -2.070607E+01	   6.393541E+05	   1.659004E+01	   5.450093E+05	  -3.068636E+00	   8.654653E+06	  -1.933270E+01	   6.604061E+05	  -1.236124E-01
   64.6000	   5.944199E-01	   5.047121E+05	  -1.225844E+00	   8.761895E+06	  -1.426765E+01	   3.795911E+05	   4.292217E+00	   5.274672E+05	  -9.853389E-01	   8.678919E+06	  -1.340431E+01	   5.556398E+05	  -1.195613E+01
   64.7000	   6.537365E-01	   4.463366E+05	   1.031634E+02	   8.674770E+06	   1.211488E+03	   1.186837E+05	  -1.156315E+02	   5.009050E+05	   1.032205E+02	   8.698155E+06	   1.211821E+03	   4.539637E+05	  -1.312303E+02
   64.8000	   7.101892E-01	   3.789925E+05	   8.742043E-01	   8.575747E+06	   1.986530E+01	  -1.347325E+05	  -1.907286E+00	   4.654156E+05	   7.339752E-01	   8.711647E+06	   1.965219E+01	   3.590449E+05	  -1.667238E+01
   64.9000	   7.641453E-01	   3.037172E+05	   5.694598E-01	   8.466596E+06	   2.468229E+01	  -3.709538E+05	   4.877892E+00	   4.210302E+05	   2.201196E-01	   8.719372E+06	   2.391428E+01	   2.754342E+05	  -8.872933E+00
   65.0000	   8.153656E-01	   2.217940E+05	   1.224457E+00	   8.348340E+06	   2.451889E+01	  -5.829768E+05	   3.482467E+00	   3.680258E+05	   6.566875E-01	   8.720372E+06	   2.319262E+01	   2.049973E+05	  -9.080114E+00
   65.1000	   8.614469E-01	   1.348948E+05	   3.860337E+00	   8.222268E+06	   2.348521E+01	  -7.679999E+05	  -1.611163E+01	   3.071066E+05	   3.067580E+00	   8.713820E+06	   2.160292E+01	   1.456200E+05	  -2.732158E+01
   65.2000	   9.003895E-01	   4.485625E+04	   7.318205E+00	   8.089196E+06	   2.184525E+01	  -9.281061E+05	  -4.298940E+01	   2.392213E+05	   6.296895E+00	   8.698324E+06	   1.941448E+01	   9.072642E+04	  -5.269462E+01
   65.3000	   9.321404E-01	  -4.633056E+04	   1.003649E+01	   7.948840E+06	   1.241353E+01	  -1.071167E+06	  -7.301546E+01	   1.655882E+05	   8.786221E+00	   8.671370E+06	   9.446683E+00	   2.856470E+04	  -8.107844E+01
   65.4000	   9.560339E-01	  -1.363570E+05	   1.198722E+01	   7.800257E+06	  -2.434750E+01	  -1.212059E+06	  -1.043120E+02	   8.789270E+04	   1.051083E+01	   8.629820E+06	  -2.783368E+01	  -5.883909E+04	  -1.106116E+02
   65.5000	   9.692814E-01	  -2.228660E+05	   1.178474E+01	   7.642686E+06	  -2.212778E+01	  -1.369497E+06	  -1.006062E+02	   8.045521E+03	   1.008833E+01	   8.570813E+06	  -2.611283E+01	  -1.923803E+05	  -1.050393E+02
   65.6000	   9.695611E-01	  -3.041675E+05	   7.921896E+00	   7.477141E+06	   3.516457E+01	  -1.544063E+06	  -5.107478E+01	  -7.251127E+04	   6.014775E+00	   8.493418E+06	   3.070417E+01	  -3.737911E+05	  -5.355684E+01
   65.7000	   9.566013E-01	  -3.791311E+05	   2.863995E+00	   7.304936E+06	   2.271886E+01	  -1.727316E+06	  -2.334494E+01	  -1.526835E+05	   7.585308E-01	   8.397220E+06	   1.780903E+01	  -5.946941E+05	  -2.381045E+01
   65.8000	   9.296898E-01	  -4.468255E+05	   4.158960E+00	   7.126787E+06	   2.686010E+01	  -1.916765E+06	  -2.238804E+01	  -2.313590E+05	   1.870374E+00	   8.281460E+06	   2.152841E+01	  -8.515429E+05	  -2.079033E+01
   65.9000	   8.862042E-01	  -5.066496E+05	   6.619015E+00	   6.943863E+06	  -3.608724E+00	  -2.111317E+06	  -2.546710E+01	  -3.075418E+05	   4.165106E+00	   8.146131E+06	  -9.333720E+00	  -1.141102E+06	  -2.177756E+01
   66.0000	   8.242248E-01	  -5.583538E+05	   1.139241E+01	   6.757840E+06	   8.603387E+00	  -2.305633E+06	  -3.306343E+01	  -3.803855E+05	   8.793221E+00	   7.992062E+06	   2.514009E+00	  -1.454860E+06	  -2.727031E+01
   66.1000	   7.441391E-01	  -6.019058E+05	   1.569371E+01	   6.571402E+06	  -7.998285E+00	  -2.484844E+06	  -5.728369E+01	  -4.490785E+05	   1.297117E+01	   7.821434E+06	  -1.442334E+01	  -1.773850E+06	  -4.939045E+01
   66.2000	   6.461805E-01	  -6.372555E+05	  -9.958553E+00	   6.387534E+06	   2.966936E+02	  -2.634530E+06	   6.982558E+01	  -5.126361E+05	  -1.278110E+01	   7.637078E+06	   2.899609E+02	  -2.078773E+06	   7.980221E+01
   66.3000	   5.289652E-01	  -6.643575E+05	   1.798557E+01	   6.207919E+06	   3.117129E+01	  -2.751119E+06	  -3.548530E+01	  -5.699565E+05	   1.508738E+01	   7.440873E+06	   2.415784E+01	  -2.360566E+06	  -2.345299E+01
   66.4000	   3.920665E-01	  -6.832674E+05	   1.241483E+01	   6.033480E+06	  -8.658466E+01	  -2.833238E+06	  -3.451495E+01	  -6.199557E+05	   9.465918E+00	   7.234268E+06	  -9.385314E+01	  -2.611953E+06	  -2.046334E+01
   66.5000	   2.375816E-01	  -6.939687E+05	   1.796877E+01	   5.864042E+06	  -1.776584E+02	  -2.879616E+06	  -4.693388E+01	  -6.614359E+05	   1.499413E+01	   7.017911E+06	  -1.851576E+02	  -2.825555E+06	  -3.090555E+01
   66.6000	   6.764111E-02	  -6.959757E+05	   2.591961E+02	   5.699762E+06	  -2.735891E+03	  -2.886728E+06	   1.604434E+03	  -6.927326E+05	   2.562203E+02	   6.793056E+06	  -2.743598E+03	  -2.991762E+06	   1.622392E+03
   66.7000	  -1.171203E-01	  -6.911518E+05	   6.304467E+01	   5.539316E+06	   4.903942E+02	  -2.861797E+06	  -2.268890E+03	  -7.145764E+05	   6.009164E+01	   6.559696E+06	   4.825012E+02	  -3.111950E+06	  -2.249049E+03
   66.8000	  -3.150798E-01	  -6.802149E+05	   1.487394E+01	   5.381976E+06	  -9.111607E+01	  -2.806905E+06	  -7.465556E+01	  -7.266417E+05	   1.196627E+01	   6.318596E+06	  -9.917422E+01	  -3.182807E+06	  -5.298073E+01
   66.9000	  -5.221507E-01	  -6.623649E+05	   5.575026E+00	   5.229546E+06	  -2.566192E+01	  -2.716567E+06	  -5.488375E+01	  -7.272119E+05	   2.733828E+00	   6.073181E+06	  -3.386477E+01	  -3.194108E+06	  -3.142105E+01
   67.0000	  -7.343465E-01	  -6.390102E+05	  -2.403298E+02	   5.081044E+06	   1.243621E+03	  -2.595232E+06	   7.364532E+02	  -7.169422E+05	  -2.430853E+02	   5.824160E+06	   1.235293E+03	  -3.146381E+06	   7.616604E+02
   67.1000	  -9.493918E-01	  -6.112368E+05	  -2.805282E+00	   4.935430E+06	   4.577954E+01	  -2.448156E+06	  -1.155725E+01	  -6.963560E+05	  -5.457782E+00	   5.572206E+06	   3.734852E+01	  -3.041930E+06	   1.535431E+01
   67.2000	  -1.164345E+00	  -5.801469E+05	  -2.174704E+00	   4.792995E+06	   4.698562E+01	  -2.277487E+06	  -2.961801E+01	  -6.662052E+05	  -4.709250E+00	   5.319302E+06	   3.847223E+01	  -2.881019E+06	  -1.038539E+00
   67.3000	  -1.374202E+00	  -5.467250E+05	   6.887466E-02	   4.653980E+06	   3.065647E+01	  -2.090818E+06	  -2.688584E+01	  -6.273492E+05	  -2.335026E+00	   5.067302E+06	   2.208320E+01	  -2.670500E+06	   3.328207E+00
   67.4000	  -1.574496E+00	  -5.120529E+05	   1.439123E+00	   4.519486E+06	   8.268927E+00	  -1.899599E+06	  -3.601679E+01	  -5.809755E+05	  -8.237594E-01	   4.818826E+06	  -3.403453E-01	  -2.422247E+06	  -4.199190E+00
   67.5000	  -1.762956E+00	  -4.773600E+05	  -3.346699E+00	   4.391066E+06	   2.267485E+01	  -1.719541E+06	  -5.178576E+01	  -5.286461E+05	  -5.460458E+00	   4.576802E+06	   1.405498E+01	  -2.153548E+06	  -1.839459E+01
   67.6000	  -1.937165E+00	  -4.436841E+05	   2.027677E+00	   4.269853E+06	   7.119524E+00	  -1.560860E+06	  -3.972784E+01	  -4.719463E+05	   6.899818E-02	   4.343586E+06	  -1.483992E+00	  -1.877289E+06	  -4.793620E+00
   67.7000	  -2.093162E+00	  -4.118356E+05	   5.558659E+00	   4.156816E+06	   2.242498E+00	  -1.427579E+06	  -2.423413E+01	  -4.124293E+05	   3.759040E+00	   4.121194E+06	  -6.316241E+00	  -1.601164E+06	   1.221022E+01
   67.8000	  -2.228002E+00	  -3.825735E+05	   5.445901E+00	   4.053059E+06	   4.065159E+00	  -1.322604E+06	  -2.205313E+01	  -3.517656E+05	   3.807562E+00	   3.911606E+06	  -4.419123E+00	  -1.332622E+06	   1.586403E+01
   67.9000	  -2.341361E+00	  -3.565412E+05	   1.703783E+03	   3.963635E+06	  -5.531441E+03	  -1.245805E+06	  -3.856314E+03	  -2.916470E+05	   1.702307E+03	   3.720569E+06	  -5.539821E+03	  -1.076792E+06	  -3.816968E+03
   68.0000	  -2.433134E+00	  -3.341273E+05	  -1.442115E+03	   3.879398E+06	   4.798341E+03	  -1.200897E+06	  -3.485546E+02	  -2.336104E+05	  -1.443430E+03	   3.539466E+06	   4.790098E+03	  -8.431823E+05	  -3.078316E+02
   68.1000	  -2.501953E+00	  -3.155403E+05	   2.332027E+02	   3.810158E+06	  -7.426080E+02	  -1.179523E+06	  -4.134812E+02	  -1.790729E+05	   2.320477E+02	   3.378480E+06	  -7.506831E+02	  -6.295742E+05	  -3.714438E+02
   68.2000	  -2.547627E+00	  -3.008020E+05	  -4.711256E+02	   3.750738E+06	   1.514712E+03	  -1.189825E+06	   4.850716E+02	  -1.292848E+05	  -4.721228E+02	   3.232664E+06	   1.506836E+03	  -4.503904E+05	   5.283489E+02
   68.3000	  -2.572618E+00	  -2.896087E+05	  -1.321110E+02	   3.704004E+06	   4.392969E+02	  -1.215917E+06	  -5.068336E+02	  -8.514971E+04	  -1.329532E+02	   3.104995E+06	   4.316507E+02	  -2.959623E+05	  -4.624041E+02
   68.4000	  -2.579544E+00	  -2.813956E+05	   2.400528E+01	   3.670914E+06	  -5.691773E+01	  -1.253509E+06	  -9.123732E+01	  -4.725045E+04	   2.331534E+01	   2.996436E+06	  -6.430429E+01	  -1.679642E+05	  -4.575777E+01
   68.5000	  -2.569575E+00	  -2.758451E+05	  -1.888957E+02	   3.651168E+06	   8.997889E+02	  -1.299092E+06	   2.340345E+02	  -1.632070E+04	  -1.894363E+02	   2.906614E+06	   8.926909E+02	  -6.841397E+04	   2.804473E+02
   68.6000	  -2.544744E+00	  -2.709834E+05	  -2.211749E+01	   3.642188E+06	   7.856908E+01	  -1.342363E+06	  -7.816246E+01	   8.690087E+03	  -2.251140E+01	   2.832811E+06	   7.178733E+01	   8.060809E+03	  -3.094866E+01
   68.7000	  -2.509322E+00	  -2.666892E+05	   7.099419E+00	   3.644972E+06	   4.985257E+00	  -1.377556E+06	  -5.079134E+01	   2.713473E+04	   6.849808E+00	   2.775836E+06	  -1.453772E+00	   6.303854E+04	  -2.923583E+00
   68.8000	  -2.467257E+00	  -2.616085E+05	   8.420486E+00	   3.657937E+06	  -1.029331E+01	  -1.398115E+06	  -5.878112E+01	   3.977470E+04	   8.313230E+00	   2.733880E+06	  -1.636435E+01	   9.973880E+04	  -1.042102E+01
   68.9000	  -2.420513E+00	  -2.547359E+05	   9.577101E+00	   3.680472E+06	  -2.166891E+01	  -1.398624E+06	  -6.185234E+01	   4.721413E+04	   9.610760E+00	   2.706083E+06	  -2.734781E+01	   1.211772E+05	  -1.317512E+01
   69.0000	  -2.371334E+00	  -2.451974E+05	   1.052928E+01	   3.712047E+06	  -3.076180E+01	  -1.374906E+06	  -6.389920E+01	   5.012507E+04	   1.070297E+01	   2.691647E+06	  -3.602542E+01	   1.301216E+05	  -1.509253E+01
   69.1000	  -2.323607E+00	  -2.321862E+05	   8.867599E+00	   3.751998E+06	  -3.111176E+01	  -1.323826E+06	  -7.039155E+01	   4.931405E+04	   9.181008E+00	   2.689630E+06	  -3.593785E+01	   1.293130E+05	  -2.165410E+01
   69.2000	  -2.280342E+00	  -2.151094E+05	   1.942114E+02	   3.800101E+06	  -5.740995E+02	  -1.244074E+06	   4.483193E+02	   4.557163E+04	   1.946648E+02	   2.699514E+06	  -5.784666E+02	   1.206735E+05	   4.967796E+02
   69.3000	  -2.242060E+00	  -1.936396E+05	  -1.576481E-01	   3.855949E+06	  -1.786478E+01	  -1.133927E+06	  -9.107787E+01	   3.961075E+04	   4.364987E-01	   2.720602E+06	  -2.175211E+01	   1.075167E+05	  -4.311021E+01
   69.4000	  -2.209119E+00	  -1.675959E+05	  -4.838126E+00	   3.920249E+06	  -9.516345E+00	  -9.954199E+05	  -9.505211E+01	   3.217099E+04	  -4.101957E+00	   2.753296E+06	  -1.290380E+01	   9.030991E+04	  -4.779795E+01
   69.5000	  -2.183164E+00	  -1.368874E+05	  -7.524229E+00	   3.992972E+06	  -3.058961E+00	  -8.295312E+05	  -8.985081E+01	   2.405508E+04	  -6.644392E+00	   2.797265E+06	  -5.927113E+00	   7.140730E+04	  -4.353448E+01
   69.6000	  -2.164734E+00	  -1.015538E+05	  -8.174291E+00	   4.074501E+06	   9.572181E-01	  -6.384584E+05	  -7.640084E+01	   1.606548E+04	  -7.148864E+00	   2.852588E+06	  -1.372939E+00	   5.267054E+04	  -3.124804E+01
   69.7000	  -2.151777E+00	  -6.173161E+04	  -6.858012E+00	   4.165650E+06	   4.704769E-01	  -4.249404E+05	  -5.702171E+01	   9.011271E+03	  -5.684932E+00	   2.919781E+06	  -1.303847E+00	   3.602288E+04	  -1.325743E+01
   69.8000	  -2.142076E+00	  -1.706895E+04	   7.382543E+01	   4.267852E+06	  -1.427815E+03	  -1.904841E+05	   1.528480E+03	   4.264719E+03	   7.514822E+01	   2.999992E+06	  -1.429016E+03	   2.508737E+04	   1.570633E+03
   69.9000	  -2.134828E+00	   3.153692E+04	   1.506160E+02	   4.381230E+06	  -1.063117E+03	   5.977688E+04	   7.027267E+02	   1.994245E+03	   1.520903E+02	   3.093083E+06	  -1.063731E+03	   2.018205E+04	   7.430513E+02
   70.0000	  -2.128377E+00	   8.313795E+04	  -2.048964E+00	   4.506086E+06	  -1.743056E+01	   3.219869E+05	  -3.946364E+01	   2.332264E+03	  -4.215748E-01	   3.199129E+06	  -1.744135E+01	   2.307318E+04	  -1.179406E+00
   70.1000	  -2.118834E+00	   1.394438E+05	  -8.168331E-01	   4.645738E+06	  -1.803797E+01	   5.983689E+05	  -4.016442E+01	   8.053810E+03	   9.645067E-01	   3.321267E+06	  -1.743364E+01	   4.162171E+04	  -4.124511E+00
   70.2000	  -2.102570E+00	   1.996762E+05	   2.516880E-02	   4.801061E+06	  -1.888345E+01	   8.861048E+05	  -3.892495E+01	   1.940255E+04	   1.960598E+00	   3.460258E+06	  -1.765334E+01	   7.851231E+04	  -5.324234E+00
   70.3000	  -2.077850E+00	   2.638020E+05	   1.194104E+00	   4.973514E+06	  -2.091346E+01	   1.184920E+06	  -3.431468E+01	   3.729742E+04	   3.282805E+00	   3.617524E+06	  -1.904912E+01	   1.386925E+05	  -3.337847E+00
   70.4000	  -2.042618E+00	   3.318218E+05	   2.494397E+00	   5.164638E+06	  -2.070253E+01	   1.495656E+06	  -2.611807E+01	   6.259771E+04	   4.734426E+00	   3.794660E+06	  -1.819806E+01	   2.278096E+05	   2.061286E+00
   70.5000	  -1.993129E+00	   4.038444E+05	   2.837371E+00	   5.376230E+06	  -1.713374E+01	   1.820583E+06	  -1.412699E+01	   9.615726E+04	   5.225519E+00	   3.993629E+06	  -1.398612E+01	   3.524038E+05	   1.109312E+01
   70.6000	  -1.926409E+00	   4.800262E+05	   2.607613E+00	   5.609930E+06	  -8.798103E+00	   2.163293E+06	  -1.928047E+00	   1.387474E+05	   5.139292E+00	   4.216354E+06	  -5.007602E+00	   5.196948E+05	   2.018344E+01
   70.7000	  -1.841841E+00	   5.604759E+05	   1.740816E+00	   5.866883E+06	   1.476644E+00	   2.528480E+06	  -1.987879E-02	   1.909501E+05	   4.409991E+00	   4.464385E+06	   5.906049E+00	   7.372793E+05	   1.884643E+01
   70.8000	  -1.738906E+00	   6.453192E+05	  -1.283401E+02	   6.148148E+06	   6.491884E+02	   2.922597E+06	   3.980967E+02	   2.532150E+05	  -1.255409E+02	   4.739318E+06	   6.542486E+02	   1.013728E+06	   4.135945E+02
   70.9000	  -1.615730E+00	   7.347096E+05	   2.005711E+00	   6.454310E+06	   6.681676E+00	   3.352073E+06	   1.438407E+00	   3.258668E+05	   4.925875E+00	   5.042395E+06	   1.235994E+01	   1.356765E+06	   1.345765E+01
   71.0000	  -1.471440E+00	   8.286502E+05	  -1.309784E+01	   6.786116E+06	   8.654757E+01	   3.825072E+06	  -3.970966E+00	   4.089295E+05	  -1.006705E+01	   5.375142E+06	   9.282619E+01	   1.775010E+06	   4.473554E+00
   71.1000	  -1.307643E+00	   9.261878E+05	  -5.876999E+00	   7.138760E+06	   1.922547E+01	   4.309495E+06	  -2.056674E+01	   5.013262E+05	  -2.747307E+00	   5.733632E+06	   2.608134E+01	   2.236000E+06	  -1.577913E+01
   71.2000	  -1.126069E+00	   1.025220E+06	  -1.193644E+02	   7.505402E+06	   1.106104E+03	   4.734142E+06	   2.702389E+03	   6.006959E+05	  -1.161488E+02	   6.111982E+06	   1.113508E+03	   2.667382E+06	   2.703452E+03
   71.3000	  -9.270338E-01	   1.123400E+06	   4.088406E+00	   7.868566E+06	  -4.482697E+01	   5.046176E+06	  -8.230236E+00	   7.043131E+05	   7.376125E+00	   6.493729E+06	  -3.690873E+01	   3.014443E+06	  -1.094492E+01
   71.4000	  -7.116751E-01	   1.218290E+06	   5.380551E+00	   8.228682E+06	  -5.212777E+01	   5.211842E+06	   9.967581E+00	   8.092566E+05	   8.725423E+00	   6.880340E+06	  -4.373608E+01	   3.240904E+06	   3.437814E+00
   71.5000	  -4.833508E-01	   1.307949E+06	  -4.734377E+01	   8.577790E+06	   3.358812E+02	   5.222082E+06	   1.147549E+02	   9.130168E+05	  -4.395736E+01	   7.264883E+06	   3.447003E+02	   3.334633E+06	   1.043886E+02
   71.6000	  -2.452409E-01	   1.390726E+06	   3.471759E+00	   8.911304E+06	  -3.597841E+01	   5.076098E+06	   3.541121E+01	   1.013311E+06	   6.883488E+00	   7.643744E+06	  -2.678319E+01	   3.291328E+06	   2.120397E+01
   71.7000	   1.238892E-03	   1.465013E+06	   7.861788E+00	   9.224437E+06	  -3.035507E+01	   4.776158E+06	   2.568694E+01	   1.107859E+06	   1.128220E+01	   8.013028E+06	  -2.083966E+01	   3.109443E+06	   7.651825E+00
   71.8000	   2.542341E-01	   1.529419E+06	   3.397074E+00	   9.511748E+06	  -5.259764E+01	   4.329391E+06	   5.086986E+01	   1.194577E+06	   6.809240E+00	   8.368054E+06	  -4.282180E+01	   2.792114E+06	   2.903852E+01
   71.9000	   5.100552E-01	   1.582811E+06	  -7.286708E+00	   9.769153E+06	   9.106185E+00	   3.751730E+06	   1.991358E+01	   1.271648E+06	  -3.899891E+00	   8.705342E+06	   1.907985E+01	   2.351240E+06	  -5.662958E+00
   72.0000	   7.655455E-01	   1.624317E+06	  -2.111426E+01	   9.994208E+06	   1.781305E+01	   3.062189E+06	  -2.924455E+01	   1.337540E+06	  -1.776995E+01	   9.022854E+06	   2.792018E+01	   1.801889E+06	  -5.849516E+01
   72.1000	   1.019623E+00	   1.653105E+06	  -2.400781E+01	   1.018543E+07	  -1.682657E+02	   2.282174E+06	  -2.183097E+01	   1.390806E+06	  -2.072310E+01	   9.319297E+06	  -1.580900E+02	   1.161742E+06	  -5.466368E+01
   72.2000	   1.271044E+00	   1.668602E+06	  -4.328477E+02	   1.034079E+07	  -5.468830E+03	   1.443172E+06	  -1.914110E+03	   1.430329E+06	  -4.296396E+02	   9.592585E+06	  -5.458650E+03	   4.588948E+05	  -1.950411E+03
   72.3000	   1.516944E+00	   1.670137E+06	  -1.786312E+00	   1.044673E+07	  -5.315409E+01	   6.521853E+05	   4.512511E+01	   1.454970E+06	   1.328493E+00	   9.828859E+06	  -4.303219E+01	  -2.026018E+05	   5.489633E+00
   72.4000	   1.755119E+00	   1.656998E+06	  -1.483005E+02	   1.050392E+07	  -1.580557E+03	  -6.034688E+04	  -2.872538E+02	   1.463644E+06	  -1.452955E+02	   1.002821E+07	  -1.570553E+03	  -7.947359E+05	  -3.300666E+02
   72.5000	   1.985495E+00	   1.627426E+06	   8.301281E-01	   1.050299E+07	   6.065104E+01	  -6.738137E+05	   2.325670E+01	   1.454321E+06	   3.709307E+00	   1.018048E+07	   7.048206E+01	  -1.298733E+06	  -2.255549E+01
   72.6000	   2.207833E+00	   1.579479E+06	  -5.656135E+00	   1.044087E+07	  -1.601547E+01	  -1.196758E+06	   3.567777E+01	   1.424898E+06	  -2.918424E+00	   1.028151E+07	  -6.408834E+00	  -1.724342E+06	  -1.293481E+01
   72.7000	   2.420208E+00	   1.513184E+06	  -3.520856E+00	   1.031945E+07	   4.132868E+00	  -1.596177E+06	   4.241343E+01	   1.375341E+06	  -9.396992E-01	   1.033193E+07	   1.346915E+01	  -2.039118E+06	  -8.780420E+00
   72.8000	   2.621227E+00	   1.429717E+06	  -6.241258E+00	   1.014615E+07	  -2.051373E+01	  -1.850647E+06	   4.313016E+01	   1.306877E+06	  -3.831128E+00	   1.033766E+07	  -1.148839E+01	  -2.221558E+06	  -1.040690E+01
   72.9000	   2.811449E+00	   1.330788E+06	  -4.118978E+00	   9.928075E+06	  -3.220720E+01	  -1.957527E+06	   5.574507E+01	   1.221355E+06	  -1.893647E+00	   1.030418E+07	  -2.352783E+01	  -2.268337E+06	   1.204383E-01
   73.0000	   2.991083E+00	   1.219100E+06	  -1.780230E+00	   9.672135E+06	  -3.311089E+01	  -1.924851E+06	   6.989922E+01	   1.121707E+06	   2.473054E-01	   1.023663E+07	  -2.480709E+01	  -2.186265E+06	   1.245842E+01
   73.1000	   3.158461E+00	   1.099149E+06	  -4.272824E+00	   9.392332E+06	  -1.422282E+01	  -1.780028E+06	   5.284830E+01	   1.012721E+06	  -2.455218E+00	   1.014715E+07	  -6.318978E+00	  -2.001064E+06	  -6.123445E+00
   73.2000	   3.312240E+00	   9.760696E+05	  -6.422272E+00	   9.111901E+06	  -1.578524E+01	  -1.589514E+06	   4.999539E+01	   8.998806E+05	  -4.825788E+00	   1.005708E+07	  -8.300829E+00	  -1.777150E+06	  -1.021046E+01
   73.3000	   3.452852E+00	   8.521952E+05	  -4.992843E+00	   8.843588E+06	  -1.920400E+01	  -1.397257E+06	   5.250161E+01	   7.858946E+05	  -3.627655E+00	   9.977224E+06	  -1.215402E+01	  -1.556181E+06	  -8.632308E+00
   73.4000	   3.580241E+00	   7.277226E+05	  -4.697388E+00	   8.589769E+06	  -1.983057E+01	  -1.207981E+06	   5.062439E+01	   6.713461E+05	  -3.572580E+00	   9.908089E+06	  -1.322596E+01	  -1.340475E+06	  -1.112491E+01
   73.5000	   3.692389E+00	   6.025854E+05	  -4.561553E+00	   8.351714E+06	  -7.576415E+00	  -1.022686E+06	   4.997718E+01	   5.565434E+05	  -3.685046E+00	   9.849103E+06	  -1.424428E+00	  -1.128633E+06	  -1.207073E+01
   73.6000	   3.787552E+00	   4.765575E+05	  -4.534749E+00	   8.130765E+06	  -7.741674E+00	  -8.422522E+05	   5.485841E+01	   4.416029E+05	  -3.913232E+00	   9.799862E+06	  -2.046288E+00	  -9.192724E+05	  -7.170024E+00
   73.7000	   3.865760E+00	   3.493880E+05	  -3.048939E+00	   7.928580E+06	  -9.709046E+00	  -6.679802E+05	   5.889145E+01	   3.265648E+05	  -2.687803E+00	   9.760387E+06	  -4.471273E+00	  -7.116799E+05	  -2.800622E+00
   73.8000	   3.926625E+00	   2.208631E+05	  -1.134116E+00	   7.746718E+06	  -1.081820E+01	  -5.010971E+05	   5.821384E+01	   2.114395E+05	  -1.037381E+00	   9.730727E+06	  -6.036348E+00	  -5.054228E+05	  -2.828919E+00
   73.9000	   3.967917E+00	   9.069770E+04	   3.720691E-01	   7.586376E+06	  -1.087157E+01	  -3.421585E+05	   5.375102E+01	   9.608559E+04	   2.018223E-01	   9.710704E+06	  -6.541455E+00	  -2.998339E+05	  -6.335830E+00
   74.0000	   3.987829E+00	  -4.143037E+04	   5.394906E-01	   7.448688E+06	  -7.078844E+00	  -1.910358E+05	   5.259310E+01	  -1.976406E+04	   1.011947E-01	   9.700223E+06	  -3.193990E+00	  -9.405872E+04	  -6.240003E+00
   74.1000	   3.986502E+00	  -1.756985E+05	   1.798316E-01	   7.334920E+06	  -2.291439E+00	  -4.724832E+04	   5.491799E+01	  -1.363252E+05	  -5.259925E-01	   9.699467E+06	   1.156750E+00	   1.125759E+05	  -2.374484E+00
   74.2000	   3.963869E+00	  -3.121614E+05	   1.299374E+00	   7.246164E+06	  -5.175934E+00	   9.022577E+04	   5.051423E+01	  -2.537842E+05	   3.282061E-01	   9.708580E+06	  -2.153856E+00	   3.207452E+05	  -4.963703E+00
   74.3000	   3.918242E+00	  -4.509087E+05	   3.604408E+00	   7.183122E+06	  -1.180131E+01	   2.231426E+05	   4.635859E+01	  -3.724505E+05	   2.371818E+00	   9.727461E+06	  -9.193039E+00	   5.313379E+05	  -7.045792E+00
   74.4000	   3.848551E+00	  -5.919471E+05	   4.501694E+00	   7.146431E+06	  -1.133220E+01	   3.537176E+05	   4.836880E+01	  -4.926299E+05	   3.013405E+00	   9.756069E+06	  -9.123903E+00	   7.452266E+05	  -2.719486E+00
   74.5000	   3.755850E+00	  -7.349924E+05	   2.782714E+00	   7.136898E+06	  -1.051023E+00	   4.840854E+05	   5.353760E+01	  -6.144038E+05	   1.046309E+00	   9.794652E+06	   7.723795E-01	   9.627966E+05	   4.989924E+00
   74.6000	   3.641141E+00	  -8.795981E+05	   4.293580E+00	   7.155238E+06	   2.211549E+01	   6.165360E+05	   4.776971E+01	  -7.377412E+05	   2.318539E+00	   9.843484E+06	   2.357001E+01	   1.184271E+06	   1.967917E+00
   74.7000	   3.503922E+00	  -1.025388E+06	   3.720255E+00	   7.201840E+06	   2.046096E+01	   7.537767E+05	   4.688272E+01	  -8.627134E+05	   1.517976E+00	   9.902616E+06	   2.156322E+01	   1.410076E+06	   4.011596E+00
   74.8000	   3.344367E+00	  -1.171905E+06	   4.461158E+00	   7.277132E+06	   1.257299E+01	   8.987292E+05	   4.102569E+01	  -9.893227E+05	   2.044947E+00	   9.972245E+06	   1.333984E+01	   1.640749E+06	   1.248632E+00
   74.9000	   3.164779E+00	  -1.317524E+06	   5.220497E+00	   7.377960E+06	   3.029013E+01	   1.038199E+06	   3.504072E+01	  -1.116393E+06	   2.605528E+00	   1.004909E+07	   3.073832E+01	   1.860728E+06	  -1.501165E+00
   75.0000	   2.967375E+00	  -1.457718E+06	   5.897813E+00	   7.489102E+06	   2.524387E+01	   1.118144E+06	   3.237584E+01	  -1.239819E+06	   3.101060E+00	   1.011790E+07	   2.538970E+01	   2.013730E+06	  -8.127208E-01
   75.1000	   2.752789E+00	  -1.586660E+06	   8.593131E+00	   7.590330E+06	   2.871929E+01	   1.081390E+06	   1.767351E+01	  -1.354146E+06	   5.633255E+00	   1.015854E+07	   2.857834E+01	   2.040584E+06	  -1.206712E+01
   75.2000	   2.522202E+00	  -1.698964E+06	   6.972544E+00	   7.665143E+06	   1.826158E+00	   8.816306E+05	  -6.172813E+00	  -1.454297E+06	   3.869754E+00	   1.015471E+07	   1.413051E+00	   1.893316E+06	  -3.239486E+01
   75.3000	   2.278747E+00	  -1.789514E+06	   1.297465E+01	   7.699112E+06	  -1.651678E+00	   4.782739E+05	  -4.707302E+01	  -1.535384E+06	   9.750525E+00	   1.009231E+07	  -2.323439E+00	   1.530081E+06	  -6.973003E+01
   75.4000	   2.025297E+00	  -1.855107E+06	   5.502041E+00	   7.685107E+06	   7.526181E+00	  -1.159352E+05	  -3.148166E+00	  -1.594347E+06	   2.179311E+00	   9.964676E+06	   6.608071E+00	   9.628414E+05	  -2.221795E+01
   75.5000	   1.762951E+00	  -1.895656E+06	   5.176543E+00	   7.627780E+06	   8.003662E-01	  -8.174381E+05	   1.015923E+01	  -1.631145E+06	   1.778869E+00	   9.777086E+06	  -3.530031E-01	   2.748768E+05	  -5.325255E+00
   75.6000	   1.493152E+00	  -1.912731E+06	   4.451492E+00	   7.536715E+06	  -2.308498E+01	  -1.570592E+06	  -4.474595E-01	  -1.647299E+06	   1.003201E+00	   9.539898E+06	  -2.446368E+01	  -4.779307E+05	  -1.237231E+01
   75.7000	   1.219100E+00	  -1.908326E+06	   7.172925E+00	   7.421904E+06	   9.368855E+00	  -2.338628E+06	   1.179270E-01	  -1.644661E+06	   3.698736E+00	   9.264053E+06	   7.773706E+00	  -1.258074E+06	  -8.296133E+00
   75.8000	   9.435728E-01	  -1.884291E+06	   5.607436E+00	   7.290706E+06	  -2.706011E+01	  -3.074756E+06	  -8.119555E+00	  -1.624851E+06	   2.132185E+00	   8.958031E+06	  -2.886373E+01	  -2.017558E+06	  -1.309395E+01
   75.9000	   6.674461E-01	  -1.841974E+06	   3.138968E+00	   7.146601E+06	  -1.930342E+01	  -3.739272E+06	   6.619375E+00	  -1.588917E+06	  -3.126801E-01	   8.626610E+06	  -2.130825E+01	  -2.715076E+06	   4.992345E+00
   76.0000	   3.918278E-01	  -1.782485E+06	   5.618007E+00	   6.991332E+06	   6.642744E-01	  -4.305720E+06	   7.922110E+00	  -1.537604E+06	   2.214180E+00	   8.273002E+06	  -1.535032E+00	  -3.322248E+06	   9.530313E+00
   76.1000	   1.195089E-01	  -1.707112E+06	   3.873536E+00	   6.826454E+06	  -9.774619E+00	  -4.752030E+06	   1.510171E+01	  -1.471792E+06	   5.410325E-01	   7.900394E+06	  -1.216199E+01	  -3.814850E+06	   1.981476E+01
   76.2000	  -1.471672E-01	  -1.617525E+06	   8.892677E+00	   6.653192E+06	  -2.657717E+01	  -5.059658E+06	  -2.991848E-01	  -1.392722E+06	   5.654029E+00	   7.511794E+06	  -2.914634E+01	  -4.172064E+06	   7.371851E+00
   76.3000	  -4.077441E-01	  -1.515859E+06	   2.463007E+00	   6.472486E+06	   2.077368E+01	  -5.214331E+06	  -3.096716E+01	  -1.302098E+06	  -6.604563E-01	   7.110057E+06	   1.802904E+01	  -4.377342E+06	  -2.049958E+01
   76.4000	  -6.615064E-01	  -1.404288E+06	   3.766315E+01	   6.285234E+06	  -2.424626E+02	  -5.206434E+06	   4.938091E+01	  -1.201673E+06	   3.467478E+01	   6.698094E+06	  -2.453761E+02	  -4.418884E+06	   6.247107E+01
   76.5000	  -9.060070E-01	  -1.284957E+06	   2.446837E+00	   6.092912E+06	   2.758472E+01	  -5.031986E+06	  -1.346266E+01	  -1.093215E+06	  -3.881130E-01	   6.279472E+06	   2.450919E+01	  -4.290740E+06	   2.065630E+00
   76.6000	  -1.139171E+00	  -1.160140E+06	   6.158669E+00	   5.898229E+06	   4.831179E+00	  -4.697093E+06	  -2.546380E+01	  -9.786688E+05	   3.493692E+00	   5.859031E+06	   1.601122E+00	  -3.997342E+06	  -7.690248E+00
   76.7000	  -1.360732E+00	  -1.032591E+06	   4.030612E+00	   5.706536E+06	   8.155414E-01	  -4.230114E+06	  -1.912055E+01	  -8.605309E+05	   1.550281E+00	   5.444256E+06	  -2.560937E+00	  -3.565760E+06	   6.990172E-01
   76.8000	  -1.570099E+00	  -9.055332E+05	  -1.896791E+00	   5.525984E+06	   1.221015E+01	  -3.683553E+06	  -2.685830E+01	  -7.418449E+05	  -4.179786E+00	   5.045396E+06	   8.696104E+00	  -3.047639E+06	  -5.196417E+00
   76.9000	  -1.764912E+00	  -7.820639E+05	   3.711720E+00	   5.363988E+06	  -5.759792E-01	  -3.112139E+06	   1.018886E+01	  -6.256141E+05	   1.636700E+00	   4.671897E+06	  -4.217917E+00	  -2.497330E+06	   3.348672E+01
   77.0000	  -1.943150E+00	  -6.651161E+05	   5.406475E+00	   5.226960E+06	  -1.499718E+01	  -2.571793E+06	  -1.287453E+01	  -5.147660E+05	   3.547982E+00	   4.332090E+06	  -1.875645E+01	  -1.970854E+06	   1.185197E+01
   77.1000	  -2.104595E+00	  -5.568091E+05	   1.907635E+00	   5.118845E+06	  -1.372693E+01	  -2.106606E+06	  -2.792077E+01	  -4.115005E+05	   2.721208E-01	   4.031703E+06	  -1.759213E+01	  -1.512879E+06	  -1.972445E+00
   77.2000	  -2.248748E+00	  -4.576849E+05	   1.491955E+00	   5.038674E+06	  -1.009371E+01	  -1.715246E+06	  -1.803879E+01	  -3.165209E+05	   8.379563E-02	   3.771373E+06	  -1.405258E+01	  -1.123083E+06	   8.926383E+00
   77.3000	  -2.373417E+00	  -3.676860E+05	   4.259123E+00	   4.984905E+06	  -1.348769E+01	  -1.387514E+06	  -1.202918E+01	  -2.300004E+05	   3.080665E+00	   3.550981E+06	  -1.752729E+01	  -7.926566E+05	   1.575087E+01
   77.4000	  -2.476852E+00	  -2.863218E+05	  -3.753562E+02	   4.956628E+06	   1.204846E+03	  -1.111481E+06	  -1.169999E+02	  -1.517355E+05	  -3.763046E+02	   3.370822E+06	   1.200739E+03	  -5.113617E+05	  -8.860294E+01
   77.5000	  -2.559228E+00	  -2.126639E+05	  -3.083200E+01	   4.948728E+06	   1.024012E+02	  -8.792781E+05	  -1.337543E+02	  -8.112552E+04	  -3.155176E+01	   3.226766E+06	   9.824084E+01	  -2.732381E+05	  -1.049334E+02
   77.6000	  -2.620599E+00	  -1.455275E+05	  -4.791131E+00	   4.960382E+06	   2.318615E+01	  -6.745478E+05	  -2.147841E+01	  -1.733597E+04	  -5.285504E+00	   3.118749E+06	   1.898605E+01	  -6.395231E+04	   7.578981E+00
   77.7000	  -2.659497E+00	  -8.393758E+04	  -1.570677E+02	   4.990074E+06	   7.762419E+02	  -4.924138E+05	   3.299861E+02	   4.025343E+04	  -1.573416E+02	   3.045792E+06	   7.720154E+02	   1.193292E+05	   3.590990E+02
   77.8000	  -2.675057E+00	  -2.585233E+04	  -2.928676E+00	   5.034623E+06	   2.451962E+01	  -3.215468E+05	  -1.379209E+01	   9.334396E+04	  -2.988289E+00	   3.005028E+06	   2.027926E+01	   2.859740E+05	   1.520217E+01
   77.9000	  -2.668485E+00	   2.916358E+04	  -4.815235E+00	   5.092508E+06	   2.382430E+01	  -1.569892E+05	  -1.822627E+01	   1.420609E+05	  -4.668279E+00	   2.995050E+06	   1.958149E+01	   4.391512E+05	   1.048264E+01
   78.0000	  -2.641003E+00	   8.245627E+04	  -6.526782E+00	   5.161468E+06	   2.164758E+01	   7.690062E+03	  -2.006525E+01	   1.874864E+05	  -6.182082E+00	   3.013522E+06	   1.741213E+01	   5.837560E+05	   8.199395E+00
   78.1000	  -2.592423E+00	   1.348653E+05	  -6.989560E+00	   5.240171E+06	   1.589618E+01	   1.769105E+05	  -2.070844E+01	   2.302549E+05	  -6.456971E+00	   3.058866E+06	   1.167603E+01	   7.229919E+05	   6.961276E+00
   78.2000	  -2.523205E+00	   1.870336E+05	  -5.127247E+00	   5.327382E+06	   6.007520E+00	   3.541071E+05	  -1.922679E+01	   2.708721E+05	  -4.417505E+00	   3.129457E+06	   1.808433E+00	   8.594463E+05	   7.705909E+00
   78.3000	  -2.435884E+00	   2.394632E+05	  -3.040315E+00	   5.421643E+06	  -1.221009E+00	   5.419758E+05	  -1.675525E+01	   3.097777E+05	  -2.164910E+00	   3.223317E+06	  -5.395574E+00	   9.953693E+05	   9.307222E+00
   78.4000	  -2.332973E+00	   2.924546E+05	  -4.536802E-01	   5.521794E+06	  -7.381727E+00	   7.424224E+05	  -1.402806E+01	   3.472864E+05	   5.752563E-01	   3.338668E+06	  -1.153065E+01	   1.132632E+06	   1.104017E+01
   78.5000	  -2.215474E+00	   3.460788E+05	  -1.283385E+01	   5.627242E+06	  -7.624862E+00	   9.566662E+05	   8.569055E+01	   3.835607E+05	  -1.166405E+01	   3.474210E+06	  -1.174923E+01	   1.272829E+06	   1.096500E+02
   78.6000	  -2.084890E+00	   4.001353E+05	  -7.304968E-01	   5.737342E+06	  -3.611016E+00	   1.184513E+06	  -2.552865E+01	   4.185640E+05	   5.670105E-01	   3.628530E+06	  -7.713894E+00	   1.416526E+06	  -2.782748E+00
   78.7000	  -1.944585E+00	   4.544160E+05	  -1.966082E+01	   5.851452E+06	   1.202192E+02	   1.426178E+06	   5.752239E+01	   4.523186E+05	  -1.824915E+01	   3.800160E+06	   1.161332E+02	   1.565047E+06	   7.896007E+01
   78.8000	  -1.797666E+00	   5.086778E+05	  -7.132605E+00	   5.968801E+06	   1.304056E+01	   1.680752E+06	  -3.111780E+01	   4.848692E+05	  -5.620725E+00	   3.987470E+06	   8.965678E+00	   1.718898E+06	  -1.107259E+01
   78.9000	  -1.645473E+00	   5.621946E+05	  -6.958982E+00	   6.089320E+06	   1.368665E+01	   1.946147E+06	  -1.981845E+01	   5.158244E+05	  -5.361189E+00	   4.189503E+06	   9.616725E+00	   1.877648E+06	  -1.239194E+00
   79.0000	  -1.489555E+00	   6.143489E+05	  -5.198252E+00	   6.212668E+06	   3.515622E+00	   2.219842E+06	  -1.534289E+01	   5.449369E+05	  -3.529208E+00	   4.405006E+06	  -5.553389E-01	   2.040624E+06	   1.708148E+00
   79.1000	  -1.333032E+00	   6.644462E+05	  -2.978488E+00	   6.338340E+06	  -1.014034E+01	   2.498608E+06	  -1.637283E+01	   5.719042E+05	  -1.253225E+00	   4.632538E+06	  -1.421749E+01	   2.206564E+06	  -9.006525E-01
   79.2000	  -1.178503E+00	   7.117320E+05	  -1.822168E+00	   6.465876E+06	  -1.608972E+01	   2.778444E+06	  -1.294515E+01	   5.963747E+05	  -5.609100E-02	   4.870694E+06	  -2.017672E+01	   2.373497E+06	   9.096133E-01
   79.3000	  -1.026563E+00	   7.553445E+05	  -4.964133E-02	   6.594908E+06	  -2.311308E+01	   3.054296E+06	  -7.024475E+00	   6.178872E+05	   1.741465E+00	   5.118139E+06	  -2.721150E+01	   2.538398E+06	   5.186894E+00
   79.4000	  -8.778039E-01	   7.943799E+05	   5.854384E+01	   6.724381E+06	  -3.129910E+02	   3.315070E+06	   1.936505E+02	   6.359262E+05	   6.034382E+01	   5.372832E+06	  -3.170999E+02	   2.692149E+06	   2.042055E+02
   79.5000	  -7.342305E-01	   8.279951E+05	  -2.920701E+00	   6.852315E+06	  -1.186659E+01	   3.546314E+06	  -1.500735E+01	   6.500140E+05	  -1.128352E+00	   5.631796E+06	  -1.598205E+01	   2.822178E+06	  -6.108343E+00
   79.6000	  -5.972338E-01	   8.554309E+05	  -4.136077E+00	   6.977204E+06	  -3.820543E+00	   3.735191E+06	  -2.032933E+01	   6.597268E+05	  -2.368175E+00	   5.892508E+06	  -7.935604E+00	   2.917389E+06	  -1.307214E+01
   79.7000	  -4.661755E-01	   8.759814E+05	  -4.914612E+00	   7.097297E+06	   2.162233E+00	   3.870573E+06	  -2.247711E+01	   6.646568E+05	  -3.188209E+00	   6.152183E+06	  -1.942301E+00	   2.968227E+06	  -1.683367E+01
   79.8000	  -3.404411E-01	   8.890833E+05	  -4.554747E+00	   7.210602E+06	   8.287708E+00	   3.942159E+06	  -1.855079E+01	   6.644974E+05	  -2.887042E+00	   6.407790E+06	   4.206849E+00	   2.965778E+06	  -1.447903E+01
   79.9000	  -2.209103E-01	   8.944101E+05	  -4.774824E+00	   7.315560E+06	   1.315597E+01	   3.944696E+06	  -1.456020E+01	   6.591351E+05	  -3.183042E+00	   6.656720E+06	   9.114680E+00	   2.905972E+06	  -1.200420E+01
   80.0000	  -1.080001E-01	   8.917613E+05	  -4.752713E+00	   7.411298E+06	   1.063017E+01	   3.878222E+06	  -1.513327E+01	   6.485361E+05	  -3.253963E+00	   6.897058E+06	   6.646690E+00	   2.789827E+06	  -1.402352E+01
   80.1000	  -3.005371E-04	   8.809688E+05	  -4.226536E+00	   7.497360E+06	   4.833511E+00	   3.745805E+06	  -1.640913E+01	   6.326539E+05	  -2.837646E+00	   7.127311E+06	   9.278948E-01	   2.621178E+06	  -1.666311E+01
   80.2000	   1.033583E-01	   8.619716E+05	  -2.184955E+00	   7.573622E+06	   4.451563E+00	   3.553084E+06	   5.318402E+00	   6.115051E+05	  -9.222903E-01	   7.346346E+06	   6.450909E-01	   2.406225E+06	   3.795539E+00
   80.3000	   2.024126E-01	   8.348144E+05	   5.154909E-01	   7.640181E+06	  -4.384165E+00	   3.307903E+06	   2.394160E+01	   5.851685E+05	   1.636217E+00	   7.553282E+06	  -8.069633E+00	   2.153177E+06	   2.125607E+01
   80.4000	   2.965050E-01	   7.995770E+05	  -4.030152E-02	   7.696812E+06	  -1.975609E+01	   3.020362E+06	   2.017706E+01	   5.537181E+05	   9.236196E-01	   7.746962E+06	  -2.329876E+01	   1.872304E+06	   1.644533E+01
   80.5000	   3.868600E-01	   7.563678E+05	  -2.611453E+00	   7.742954E+06	  -4.018046E+01	   2.702765E+06	   4.869343E+00	   5.172172E+05	  -1.818162E+00	   7.925952E+06	  -4.355926E+01	   1.575887E+06	   2.168444E-01
   80.6000	   4.742470E-01	   7.053237E+05	  -2.459516E+00	   7.777908E+06	  -2.803769E+01	   2.370454E+06	   7.185793E+00	   4.757212E+05	  -1.849452E+00	   8.088745E+06	  -3.123280E+01	   1.279061E+06	   1.745503E+00
   80.7000	   5.575320E-01	   6.467282E+05	  -2.021867E+00	   7.801572E+06	  -4.478974E+00	   2.038423E+06	   1.353725E+01	   4.293959E+05	  -1.606223E+00	   8.234510E+06	  -7.472367E+00	   9.964246E+05	   7.448149E+00
   80.8000	   6.356494E-01	   5.809897E+05	   3.647084E+01	   7.814098E+06	   4.673001E+02	   1.721069E+06	  -2.166092E+01	   3.784970E+05	   3.668244E+01	   8.362750E+06	   4.645244E+02	   7.417865E+05	  -2.825546E+01
   80.9000	   7.090334E-01	   5.086391E+05	   1.267535E+02	   7.814910E+06	   1.570592E+03	   1.435084E+06	   1.250737E+02	   3.233673E+05	   1.267531E+02	   8.472325E+06	   1.568047E+03	   5.310554E+05	   1.181198E+02
   81.0000	   7.776469E-01	   4.305164E+05	  -3.049572E-01	   7.803992E+06	   8.558235E+00	   1.189844E+06	   1.603068E+01	   2.646231E+05	  -5.233449E-01	   8.562739E+06	   6.255475E+00	   3.726149E+05	   8.864737E+00
   81.1000	   8.396006E-01	   3.477401E+05	   2.485600E-01	   7.784558E+06	   8.312029E+00	   9.728526E+05	   1.897442E+01	   2.031227E+05	  -1.919677E-01	   8.636804E+06	   6.259576E+00	   2.527660E+05	   1.174296E+01
   81.2000	   8.931653E-01	   2.613169E+05	   3.338301E-01	   7.758584E+06	   4.259161E+00	   7.735183E+05	   2.195665E+01	   1.395759E+05	  -3.308986E-01	   8.696167E+06	   2.462931E+00	   1.594908E+05	   1.480400E+01
   81.3000	   9.382516E-01	   1.722204E+05	   2.133278E-01	   7.727256E+06	   1.189093E+00	   5.845418E+05	   2.412156E+01	   7.462252E+04	  -6.755301E-01	   8.741749E+06	  -3.471758E-01	   8.384386E+04	   1.718816E+01
   81.4000	   9.744953E-01	   8.142256E+04	   4.490950E-01	   7.691325E+06	   2.957260E+00	   4.002264E+05	   2.738854E+01	   8.865146E+03	  -6.616246E-01	   8.774081E+06	   1.682864E+00	   1.826382E+04	   2.080932E+01
   81.5000	   9.998993E-01	  -1.014231E+04	   6.561145E-01	   7.651484E+06	   8.322328E+00	   2.155423E+05	   2.601211E+01	  -5.716491E+04	  -6.719552E-01	   8.793678E+06	   7.310324E+00	  -4.434733E+04	   1.991501E+01
   81.6000	   1.012860E+00	  -1.015230E+05	   7.828420E-01	   7.607960E+06	   1.106678E+01	   2.589399E+04	   2.541147E+01	  -1.229483E+05	  -7.557943E-01	   8.800609E+06	   1.031678E+01	  -1.108333E+05	   1.991593E+01
   81.7000	   1.013637E+00	  -1.916158E+05	   9.698421E-01	   7.560256E+06	   1.060722E+01	  -1.738896E+05	   2.478517E+01	  -1.878359E+05	  -7.702951E-01	   8.794230E+06	   1.011844E+01	  -1.887566E+05	   2.000073E+01
   81.8000	   1.002442E+00	  -2.792012E+05	   1.579162E+00	   7.507627E+06	   1.127637E+01	  -3.900732E+05	   2.014668E+01	  -2.510779E+05	  -3.511446E-01	   8.773649E+06	   1.104813E+01	  -2.868685E+05	   1.617173E+01
   81.9000	   9.780571E-01	  -3.630386E+05	   3.035945E+00	   7.449457E+06	   1.658621E+01	  -6.298811E+05	   1.035597E+01	  -3.119063E+05	   9.290280E-01	   8.738097E+06	   1.661834E+01	  -4.149138E+05	   7.276477E+00
   82.0000	   9.398116E-01	  -4.418190E+05	   4.316354E+00	   7.385043E+06	   1.427476E+01	  -9.002550E+05	  -1.818249E+00	  -3.694771E+05	   2.048536E+00	   8.686705E+06	   1.456799E+01	  -5.823168E+05	  -3.929699E+00
   82.1000	   8.890026E-01	  -5.142952E+05	   4.823281E+00	   7.314744E+06	   6.764411E+00	  -1.194787E+06	  -8.917504E+00	  -4.229851E+05	   2.412321E+00	   8.619658E+06	   7.320629E+00	  -7.850344E+05	  -1.000264E+01
   82.2000	   8.269448E-01	  -5.794339E+05	   5.372410E+00	   7.240112E+06	   1.305492E+01	  -1.497629E+06	  -8.478797E+00	  -4.718015E+05	   2.837969E+00	   8.538331E+06	   1.387722E+01	  -1.009382E+06	  -8.494326E+00
   82.3000	   7.535375E-01	  -6.364472E+05	   5.092849E+00	   7.162881E+06	   5.242874E+00	  -1.795644E+06	  -4.317297E+00	  -5.154898E+05	   2.456312E+00	   8.444285E+06	   6.335556E+00	  -1.244094E+06	  -3.235378E+00
   82.4000	   6.691728E-01	  -6.847038E+05	   4.617408E+00	   7.084442E+06	   5.312368E+00	  -2.078961E+06	  -3.908879E+00	  -5.537016E+05	   1.901668E+00	   8.338768E+06	   6.680661E+00	  -1.480801E+06	  -1.717306E+00
   82.5000	   5.761089E-01	  -7.236284E+05	   5.501756E+00	   7.005760E+06	   1.046944E+01	  -2.339359E+06	  -6.296371E+00	  -5.860631E+05	   2.730956E+00	   8.222639E+06	   1.211913E+01	  -1.712331E+06	  -2.998553E+00
   82.6000	   4.764855E-01	  -7.528492E+05	   6.372466E+00	   6.927802E+06	   4.717862E+00	  -2.569502E+06	  -1.411734E+01	  -6.123089E+05	   3.571719E+00	   8.096829E+06	   6.654733E+00	  -1.931884E+06	  -9.731910E+00
   82.7000	   3.708618E-01	  -7.722658E+05	   7.157290E+00	   6.851532E+06	   1.129701E+00	  -2.764358E+06	  -1.881310E+01	  -6.323426E+05	   4.352365E+00	   7.962358E+06	   3.358848E+00	  -2.134402E+06	  -1.337330E+01
   82.8000	   2.600922E-01	  -7.819244E+05	   7.547630E+00	   6.777761E+06	  -4.570474E+00	  -2.920152E+06	  -2.036492E+01	  -6.461042E+05	   4.764622E+00	   7.820206E+06	  -2.045432E+00	  -2.315491E+06	  -1.391766E+01
   82.9000	   1.466850E-01	  -7.819106E+05	   6.823762E+00	   6.707225E+06	  -1.398980E+01	  -3.032728E+06	  -1.968489E+01	  -6.534624E+05	   4.088752E+00	   7.671420E+06	  -1.116757E+01	  -2.469781E+06	  -1.228956E+01
   83.0000	   3.283736E-02	  -7.724802E+05	   5.801404E+00	   6.640756E+06	  -2.179586E+01	  -3.098558E+06	  -1.707699E+01	  -6.543471E+05	   3.140112E+00	   7.517306E+06	  -1.867830E+01	  -2.591944E+06	  -8.803974E+00
   83.1000	  -8.101284E-02	  -7.541449E+05	   5.207450E+00	   6.579216E+06	  -2.845339E+01	  -3.116029E+06	  -1.388920E+01	  -6.488414E+05	   2.644897E+00	   7.359374E+06	  -2.504633E+01	  -2.678034E+06	  -4.818223E+00
   83.2000	  -1.942970E-01	  -7.275085E+05	   4.228848E+00	   6.523216E+06	  -2.961919E+01	  -3.084525E+06	  -9.764481E+00	  -6.370302E+05	   1.789022E+00	   7.199077E+06	  -2.593312E+01	  -2.724627E+06	   1.729670E-02
   83.3000	  -3.049206E-01	  -6.931451E+05	   2.703938E+00	   6.473036E+06	  -2.351869E+01	  -3.003138E+06	  -7.453698E+00	  -6.188929E+05	   4.094921E-01	   7.037728E+06	  -1.956935E+01	  -2.727620E+06	   2.946272E+00
   83.4000	  -4.111855E-01	  -6.517304E+05	   1.891665E+00	   6.428834E+06	  -1.443939E+01	  -2.871738E+06	  -2.894801E+00	  -5.944540E+05	  -2.363754E-01	   6.876706E+06	  -1.024811E+01	  -2.683414E+06	   8.027396E+00
   83.5000	  -5.131839E-01	  -6.041069E+05	   2.251549E+00	   6.390724E+06	  -1.218583E+01	  -2.692383E+06	   1.572027E+00	  -5.638711E+05	   3.090619E-01	   6.717524E+06	  -7.779649E+00	  -2.590442E+06	   1.291926E+01
   83.6000	  -6.108835E-01	  -5.511458E+05	   1.707276E+00	   6.358772E+06	  -9.498442E+00	  -2.468338E+06	   1.129581E+00	  -5.273208E+05	  -3.261370E-02	   6.561810E+06	  -4.910070E+00	  -2.448326E+06	   1.280552E+01
   83.7000	  -7.026973E-01	  -4.936926E+05	   7.277215E-01	   6.333326E+06	  -5.308305E+00	  -2.204514E+06	  -1.318354E+00	  -4.849712E+05	  -7.948210E-01	   6.411596E+06	  -5.757443E-01	  -2.258451E+06	   1.059284E+01
   83.8000	  -7.873564E-01	  -4.327349E+05	  -2.393292E-01	   6.315485E+06	  -7.935066E-01	  -1.911997E+06	  -1.075616E-01	  -4.371751E+05	  -1.532218E+00	   6.269759E+06	   4.040513E+00	  -2.028641E+06	   1.195018E+01
   83.9000	  -8.652856E-01	  -3.694144E+05	   6.841642E+02	   6.306673E+06	  -3.751651E+03	  -1.602321E+06	  -2.415619E+03	  -3.845084E+05	   6.831107E+02	   6.139552E+06	  -3.746762E+03	  -1.767558E+06	  -2.403497E+03
   84.0000	  -9.366826E-01	  -3.046446E+05	   1.003781E+02	   6.305826E+06	   1.270020E+02	  -1.291700E+06	  -1.763531E+03	  -3.274117E+05	   9.957111E+01	   6.021744E+06	   1.318960E+02	  -1.489063E+06	  -1.751419E+03
   84.1000	  -1.000090E+00	  -2.401023E+05	   1.172684E+02	   6.313898E+06	   1.022947E+02	  -9.874061E+05	  -1.938771E+03	  -2.672021E+05	   1.167124E+02	   5.919077E+06	   1.071424E+02	  -1.198694E+06	  -1.926735E+03
   84.2000	  -1.054268E+00	  -1.770812E+05	  -1.562572E+02	   6.330775E+06	   8.319759E+02	  -6.979344E+05	   7.650898E+02	  -2.049444E+05	  -1.565605E+02	   5.833127E+06	   8.367253E+02	  -9.039162E+05	   7.769946E+02
   84.3000	  -1.099586E+00	  -1.161798E+05	   1.732998E+00	   6.353761E+06	  -1.779229E+01	  -4.329980E+05	  -7.351748E+00	  -1.411507E+05	   1.681647E+00	   5.762743E+06	  -1.319273E+01	  -6.141744E+05	   4.376316E+00
   84.4000	  -1.136149E+00	  -5.874482E+04	   8.633897E-01	   6.383749E+06	  -1.177478E+01	  -1.886698E+05	  -7.996652E+00	  -7.723112E+04	   1.060582E+00	   5.710172E+06	  -7.374712E+00	  -3.260603E+05	   3.519638E+00
   84.5000	  -1.162401E+00	  -5.747901E+03	  -6.654383E-01	   6.418799E+06	  -2.444846E+00	   2.949403E+04	  -5.384782E+00	  -1.437057E+04	  -2.254752E-01	   5.674596E+06	   1.709077E+00	  -4.643331E+04	   5.894834E+00
   84.6000	  -1.177035E+00	   4.197155E+04	  -1.906272E+00	   6.457804E+06	   4.928059E+00	   2.196884E+05	   1.602217E+00	   4.623287E+04	  -1.231549E+00	   5.655765E+06	   8.793207E+00	   2.208498E+05	   1.262977E+01
   84.7000	  -1.180422E+00	   8.383325E+04	  -4.391607E+02	   6.499762E+06	   2.435605E+03	   3.818304E+05	   6.315468E+02	   1.035068E+05	  -4.382613E+02	   5.653242E+06	   2.439144E+03	   4.729729E+05	   6.423154E+02
   84.8000	  -1.172784E+00	   1.195228E+05	  -1.213498E+03	   6.543751E+06	   6.699681E+03	   5.143006E+05	   1.170718E+03	   1.565281E+05	  -1.212386E+03	   5.666366E+06	   6.702861E+03	   7.049966E+05	   1.181229E+03
   84.9000	  -1.152843E+00	   1.488945E+05	  -9.220777E+02	   6.587246E+06	   5.259142E+03	   6.205501E+05	   2.291354E+03	   2.044478E+05	  -9.207659E+02	   5.692566E+06	   5.261937E+03	   9.165862E+05	   2.301612E+03
   85.0000	  -1.119734E+00	   1.720290E+05	   2.179873E+01	   6.629412E+06	  -1.061544E+02	   7.001172E+05	   7.092208E+02	   2.465753E+05	   2.329523E+01	   5.730658E+06	  -1.037625E+02	   1.103170E+06	   7.192383E+02
   85.1000	  -1.074453E+00	   1.893391E+05	   6.407882E+00	   6.671234E+06	  -4.353173E+01	   7.585422E+05	  -1.421896E+01	   2.825140E+05	   8.073514E+00	   5.780985E+06	  -4.155635E+01	   1.266010E+06	  -4.429249E+00
   85.2000	  -1.018037E+00	   2.014256E+05	   9.171685E+00	   6.712073E+06	  -5.829755E+01	   7.962168E+05	  -1.653852E+01	   3.120480E+05	   1.099011E+01	   5.842014E+06	  -5.674497E+01	   1.401214E+06	  -6.962662E+00
   85.3000	  -9.502038E-01	   2.089012E+05	   1.030099E+01	   6.751405E+06	  -6.458887E+01	   8.172654E+05	  -1.040372E+01	   3.349986E+05	   1.225549E+01	   5.912100E+06	  -6.345908E+01	   1.508784E+06	  -1.028828E+00
   85.4000	  -8.712247E-01	   2.124622E+05	   8.596522E+00	   6.789312E+06	  -5.428629E+01	   8.249262E+05	   3.608718E+00	   3.513272E+05	   1.067026E+01	   5.990018E+06	  -5.357338E+01	   1.588155E+06	   1.279278E+01
   85.5000	  -7.833239E-01	   2.129456E+05	   5.207233E+00	   6.825850E+06	  -3.432779E+01	   8.228982E+05	   1.885570E+01	   3.612209E+05	   7.383518E+00	   6.074382E+06	  -3.402056E+01	   1.639690E+06	   2.785480E+01
   85.6000	  -6.888232E-01	   2.111410E+05	   1.927386E+00	   6.861272E+06	  -1.535214E+01	   8.145809E+05	   2.906212E+01	   3.649314E+05	   4.189893E+00	   6.163911E+06	  -1.543475E+01	   1.664046E+06	   3.787660E+01
   85.7000	  -5.887164E-01	   2.075736E+05	  -4.326803E+01	   6.896164E+06	   3.251831E+01	   8.019701E+05	  -2.278463E+02	   3.625778E+05	  -4.093505E+01	   6.257625E+06	   3.206564E+01	   1.661175E+06	  -2.192227E+02
   85.8000	  -4.844635E-01	   2.029890E+05	  -2.533876E+00	   6.930862E+06	   1.556627E+01	   7.887028E+05	   3.932813E+01	   3.546481E+05	  -1.454637E-01	   6.354298E+06	   1.476643E+01	   1.633444E+06	   4.774743E+01
   85.9000	  -3.793220E-01	   1.976923E+05	  -4.121622E+00	   6.966106E+06	   2.611054E+01	   7.752888E+05	   3.736979E+01	   3.413479E+05	  -1.691943E+00	   6.453164E+06	   2.498883E+01	   1.580913E+06	   4.556366E+01
   86.0000	  -2.764297E-01	   1.921574E+05	  -4.908658E+00	   7.002414E+06	   2.884303E+01	   7.636516E+05	   2.904909E+01	   3.232140E+05	  -2.450943E+00	   6.553333E+06	   2.742635E+01	   1.505883E+06	   3.698879E+01
   86.1000	  -1.773253E-01	   1.865989E+05	  -5.259097E+00	   7.040490E+06	   2.610898E+01	   7.542757E+05	   1.527127E+01	   3.006826E+05	  -2.785581E+00	   6.654222E+06	   2.442516E+01	   1.410032E+06	   2.292074E+01
   86.2000	  -8.368113E-02	   1.811887E+05	  -4.909382E+00	   7.081004E+06	   1.755672E+01	   7.473245E+05	  -1.204150E+00	   2.742978E+05	  -2.431277E+00	   6.755373E+06	   1.563387E+01	   1.295478E+06	   6.112357E+00
   86.3000	   1.404510E-03	   1.761239E+05	  -3.718251E+00	   7.124539E+06	   4.563920E+00	   7.429561E+05	  -1.626557E+01	   2.447647E+05	  -1.245750E+00	   6.856406E+06	   2.429958E+00	   1.165020E+06	  -9.330548E+00
   86.4000	   7.532741E-02	   1.715459E+05	  -2.856597E+00	   7.171402E+06	   2.350633E+00	   7.408499E+05	  -2.523737E+01	   2.128501E+05	  -3.988970E-01	   6.956852E+06	   3.287022E-02	   1.021563E+06	  -1.873697E+01
   86.5000	   1.374565E-01	   1.675362E+05	  -7.749149E-01	   7.221941E+06	  -5.479120E+00	   7.406606E+05	  -2.414567E+01	   1.793538E+05	   1.659744E+00	   7.056456E+06	  -7.954233E+00	   8.684537E+05	  -1.813633E+01
   86.6000	   1.873897E-01	   1.641980E+05	   2.396504E+00	   7.276622E+06	  -3.214461E+01	   7.422416E+05	  -1.710802E+01	   1.451648E+05	   4.800787E+00	   7.155261E+06	  -3.475161E+01	   7.095726E+05	  -1.164798E+01
   86.7000	   2.236225E-01	   1.616398E+05	   4.809542E+00	   7.335814E+06	  -6.804449E+01	   7.454991E+05	  -9.551598E+00	   1.112167E+05	   7.176960E+00	   7.253374E+06	  -7.075889E+01	   5.490464E+05	  -4.699437E+00
   86.8000	   2.453970E-01	   1.599316E+05	   6.604119E+00	   7.399737E+06	  -9.870155E+01	   7.502946E+05	  -3.798881E+00	   7.841488E+04	   8.928967E+00	   7.350902E+06	  -1.014997E+02	   3.910078E+05	   3.879778E-01
   86.9000	   2.541082E-01	   1.591369E+05	   6.717469E+00	   7.468366E+06	  -1.060739E+02	   7.568538E+05	  -1.969043E+00	   4.764002E+04	   8.994763E+00	   7.447830E+06	  -1.089328E+02	   2.398661E+05	   1.497668E+00
   87.0000	   2.514770E-01	   1.593044E+05	   5.750997E+00	   7.541326E+06	  -9.572644E+01	   7.663459E+05	  -3.008145E+00	   1.971329E+04	   7.976409E+00	   7.543901E+06	  -9.862355E+01	   1.007544E+05	  -3.126042E-01
   87.1000	   2.381306E-01	   1.603684E+05	   4.569598E+00	   7.617612E+06	  -8.314034E+01	   7.815665E+05	  -7.604260E+00	  -4.728157E+03	   6.739399E+00	   7.638307E+06	  -8.605313E+01	  -1.990665E+04	  -5.726015E+00
   87.2000	   2.153427E-01	   1.622014E+05	   2.272227E+00	   7.696131E+06	  -6.674635E+01	   8.061604E+05	  -8.853386E+00	  -2.519996E+04	   4.383232E+00	   7.730216E+06	  -6.965211E+01	  -1.152895E+05	  -7.832845E+00
   87.3000	   1.863388E-01	   1.647323E+05	  -1.938553E-01	   7.776012E+06	  -5.419945E+01	   8.433285E+05	  -9.728745E+00	  -4.126958E+04	   1.855662E+00	   7.819061E+06	  -5.707504E+01	  -1.795369E+05	  -9.600054E+00
   87.4000	   1.543963E-01	   1.678957E+05	  -2.474141E+00	   7.856593E+06	  -4.698945E+01	   8.946948E+05	  -1.105965E+01	  -5.262018E+04	  -4.883547E-01	   7.904507E+06	  -4.981114E+01	  -2.089587E+05	  -1.185042E+01
   87.5000	   1.213448E-01	   1.715517E+05	  -3.383258E+00	   7.937498E+06	  -2.049216E+01	   9.584486E+05	  -1.378681E+01	  -5.913907E+04	  -1.463037E+00	   7.986524E+06	  -2.323560E+01	  -2.039317E+05	  -1.551817E+01
   87.6000	   8.924105E-02	   1.756490E+05	  -2.084386E+01	   8.018658E+06	  -2.724604E+02	   1.024873E+06	  -1.823306E+01	  -6.075833E+04	  -1.899067E+01	   8.065394E+06	  -2.751007E+02	  -1.733910E+05	  -2.091991E+01
   87.7000	   6.162923E-02	   1.802547E+05	  -1.609442E+01	   8.099877E+06	  -1.962304E+02	   1.084595E+06	   8.053023E+00	  -5.742368E+04	  -1.430937E+01	   8.141277E+06	  -1.987422E+02	  -1.265770E+05	   4.401473E+00
   87.8000	   4.163375E-02	   1.854472E+05	  -8.823850E+00	   8.181583E+06	  -8.072913E+01	   1.131834E+06	   4.228112E+01	  -4.919606E+04	  -7.107749E+00	   8.214962E+06	  -8.308727E+01	  -6.976630E+04	   3.766063E+01
   87.9000	   3.046806E-02	   1.912309E+05	   5.043308E+00	   8.264076E+06	   1.316850E+02	   1.161891E+06	   7.024080E+01	  -3.632671E+04	   6.689934E+00	   8.287114E+06	   1.295055E+02	  -8.736430E+03	   6.465125E+01
   88.0000	   2.912773E-02	   1.976411E+05	  -1.885225E+01	   8.347560E+06	  -2.104586E+02	   1.172405E+06	   7.475229E+01	  -1.913951E+04	  -1.727537E+01	   8.358323E+06	  -2.124357E+02	   5.254239E+04	   6.819678E+01
   88.1000	   3.970007E-02	   2.047986E+05	   6.996936E-01	   8.432024E+06	   8.731973E+01	   1.162913E+06	   3.522845E+01	   2.040244E+03	   2.206795E+00	   8.428974E+06	   8.556765E+01	   1.115445E+05	   2.771241E+01
   88.2000	   6.353804E-02	   2.127845E+05	   6.119438E-01	   8.517364E+06	   9.818100E+01	   1.134561E+06	   5.988999E+01	   2.677899E+04	   2.049408E+00	   8.499394E+06	   9.667425E+01	   1.669770E+05	   5.142034E+01
   88.3000	   9.985694E-02	   2.215805E+05	   4.792035E+01	   8.602860E+06	   7.834971E+02	   1.088979E+06	   2.794290E+01	   5.449499E+04	   4.928847E+01	   8.569326E+06	   7.822535E+02	   2.177466E+05	   1.852732E+01
   88.4000	   1.475150E-01	   2.311437E+05	  -1.395569E+00	   8.688321E+06	   4.620779E+01	   1.028504E+06	   3.255137E+01	   8.455301E+04	  -9.639290E-02	   8.639077E+06	   4.524191E+01	   2.632752E+05	   2.219788E+01
   88.5000	   2.064258E-01	   2.414030E+05	  -1.333251E+00	   8.773031E+06	   3.433266E+01	   9.560667E+05	   3.072057E+01	   1.162814E+05	  -1.025696E-01	   8.708471E+06	   3.365579E+01	   3.034770E+05	   1.943714E+01
   88.6000	   2.758467E-01	   2.521796E+05	  -2.519916E+00	   8.856081E+06	   2.115261E+01	   8.745842E+05	   2.759195E+01	   1.489113E+05	  -1.357288E+00	   8.777172E+06	   2.077234E+01	   3.382478E+05	   1.538656E+01
   88.7000	   3.530771E-01	   2.632121E+05	  -4.205668E+00	   8.936806E+06	   4.494129E+00	   7.863815E+05	   2.265011E+01	   1.816200E+05	  -3.110719E+00	   8.845119E+06	   4.414270E+00	   3.669664E+05	   9.530913E+00
   88.8000	   4.353194E-01	   2.742064E+05	  -5.807909E+00	   9.014545E+06	  -1.440296E+01	   6.932775E+05	   1.426358E+01	   2.135954E+05	  -4.780397E+00	   8.912275E+06	  -1.418231E+01	   3.886612E+05	   2.393806E-01
   88.9000	   5.211632E-01	   2.848038E+05	  -7.409221E+00	   9.088526E+06	  -3.917832E+01	   5.968739E+05	   2.120884E+00	   2.440180E+05	  -6.449096E+00	   8.978496E+06	  -3.866060E+01	   4.023673E+05	  -1.279820E+01
   89.0000	   6.089411E-01	   2.945984E+05	  -9.091498E+00	   9.158046E+06	  -7.141779E+01	   4.984226E+05	  -1.297562E+01	   2.720884E+05	  -8.198959E+00	   9.043691E+06	  -7.060964E+01	   4.070529E+05	  -2.877728E+01
   89.1000	   6.954640E-01	   3.032316E+05	  -9.693828E+00	   9.222572E+06	  -9.471594E+01	   3.987193E+05	  -2.280380E+01	   2.971293E+05	  -8.869371E+00	   9.107905E+06	  -9.362685E+01	   4.015586E+05	  -3.947261E+01
   89.2000	   7.778824E-01	   3.103833E+05	  -9.141296E+00	   9.281526E+06	  -1.063664E+02	   2.985319E+05	  -2.694973E+01	   3.185813E+05	  -8.385752E+00	   9.171083E+06	  -1.050082E+02	   3.850618E+05	  -4.446612E+01
   89.3000	   8.551579E-01	   3.157038E+05	  -7.483229E+00	   9.334118E+06	  -1.035715E+02	   1.991928E+05	  -2.572589E+01	   3.359368E+05	  -6.797775E+00	   9.232875E+06	  -1.019579E+02	   3.576915E+05	  -4.406511E+01
   89.4000	   9.263945E-01	   3.188781E+05	  -4.659857E+00	   9.379502E+06	  -7.747682E+01	   1.025437E+05	  -1.762816E+01	   3.488034E+05	  -4.046026E+00	   9.292773E+06	  -7.562283E+01	   3.204866E+05	  -3.675938E+01
   89.5000	   9.895200E-01	   3.197177E+05	  -1.979961E+00	   9.416951E+06	  -4.908186E+01	   1.052461E+04	  -8.175574E+00	   3.569932E+05	  -1.439624E+00	   9.350267E+06	  -4.700345E+01	   2.749851E+05	  -2.806100E+01
   89.6000	   1.043069E+00	   3.180771E+05	  -3.337243E-01	   9.445742E+06	  -3.556803E+01	  -7.464382E+04	   1.371330E-02	   3.604333E+05	   1.309475E-01	   9.404711E+06	  -3.328164E+01	   2.233984E+05	  -2.058054E+01
   89.7000	   1.087565E+00	   3.137538E+05	   6.189536E-01	   9.465077E+06	  -3.073780E+01	  -1.501761E+05	   2.880045E+00	   3.590602E+05	   1.005538E+00	   9.455235E+06	  -2.825995E+01	   1.688771E+05	  -1.836961E+01
   89.8000	   1.123771E+00	   3.065748E+05	   4.923885E-01	   9.474351E+06	  -3.224126E+01	  -2.133455E+05	   1.480662E+00	   3.528968E+05	   7.982799E-01	   9.501003E+06	  -2.958834E+01	   1.148604E+05	  -2.036272E+01
   89.9000	   1.151278E+00	   2.964747E+05	   3.945007E-01	   9.473410E+06	  -2.407694E+01	  -2.624006E+05	  -1.809511E-01	   3.421220E+05	   6.169906E-01	   9.541479E+06	  -2.126496E+01	   6.412597E+04	  -2.254814E+01
   90.0000	   1.170185E+00	   2.833950E+05	   5.294184E-02	   9.462427E+06	  -1.395765E+01	  -2.963608E+05	  -4.435018E-01	   3.269592E+05	   1.893002E-01	   9.576298E+06	  -1.100210E+01	   1.895151E+04	  -2.325664E+01
   90.1000	   1.182396E+00	   2.672231E+05	  -2.309844E+00	   9.441782E+06	   7.321363E+01	  -3.147051E+05	  -3.074010E+01	   3.076048E+05	  -2.262278E+00	   9.605165E+06	   7.629781E+01	  -1.862152E+04	  -5.391389E+01
   90.2000	   1.189810E+00	   2.478874E+05	  -1.267309E+00	   9.411987E+06	   4.457237E+00	  -3.172791E+05	  -3.519096E+00	   2.843114E+05	  -1.311039E+00	   9.627801E+06	   7.655660E+00	  -4.674909E+04	  -2.696156E+01
   90.3000	   1.192854E+00	   2.254413E+05	  -1.572939E+00	   9.374326E+06	   9.532043E+00	  -3.060663E+05	  -3.167861E-01	   2.574614E+05	  -1.710232E+00	   9.644599E+06	   1.283084E+01	  -6.561173E+04	  -2.393022E+01
   90.4000	   1.192118E+00	   1.999515E+05	  -1.691396E+00	   9.330063E+06	   1.018238E+01	  -2.832032E+05	   5.158732E+00	   2.274438E+05	  -1.924201E+00	   9.655869E+06	   1.356810E+01	  -7.549387E+04	  -1.852335E+01
   90.5000	   1.189638E+00	   1.714867E+05	   1.354937E-01	   9.280482E+06	   2.812054E+01	  -2.510311E+05	   8.363468E+00	   1.946323E+05	  -1.943939E-01	   9.661897E+06	   3.158003E+01	  -7.689497E+04	  -1.528161E+01
   90.6000	   1.187091E+00	   1.402049E+05	  -4.767700E-01	   9.226744E+06	   2.151573E+01	  -2.127654E+05	   9.799453E+00	   1.594631E+05	  -9.048721E-01	   9.662846E+06	   2.503602E+01	  -7.126392E+04	  -1.370100E+01
   90.7000	   1.184369E+00	   1.063572E+05	  -2.575147E+00	   9.170293E+06	  -2.123052E+00	  -1.721296E+05	   1.304540E+01	   1.224293E+05	  -3.102112E+00	   9.659183E+06	   1.445067E+00	  -6.069063E+04	  -1.020223E+01
   90.8000	   1.181240E+00	   7.021207E+04	  -1.932694E+00	   9.112517E+06	  -2.656159E+00	  -1.325978E+05	   1.677940E+01	   8.399819E+04	  -2.558653E+00	   9.651377E+06	   9.466774E-01	  -4.720634E+04	  -6.108114E+00
   90.9000	   1.178690E+00	   3.207112E+04	  -1.056515E+00	   9.054237E+06	  -1.588268E+00	  -9.751561E+04	   1.837321E+01	   4.462114E+04	  -1.781053E+00	   9.639411E+06	   2.035877E+00	  -3.295271E+04	  -4.049174E+00
   91.0000	   1.177208E+00	  -7.705150E+03	  -4.043301E-01	   8.996095E+06	  -2.595402E-01	  -6.992640E+04	   1.647889E+01	   4.754904E+03	  -1.226470E+00	   9.623194E+06	   3.372061E+00	  -2.004864E+04	  -5.377015E+00
   91.1000	   1.175430E+00	  -4.874395E+04	  -3.229269E-02	   8.938566E+06	   1.374564E+00	  -5.249990E+04	   1.369066E+01	  -3.518679E+04	  -9.504898E-01	   9.602591E+06	   4.999194E+00	  -1.054982E+04	  -7.502264E+00
   91.2000	   1.171879E+00	  -9.066990E+04	   2.964394E-01	   8.881794E+06	   1.748167E+00	  -4.733962E+04	   1.129573E+01	  -7.484330E+04	  -7.156979E-01	   9.577267E+06	   5.350722E+00	  -6.272227E+03	  -9.143655E+00
   91.3000	   1.166380E+00	  -1.330526E+05	   5.160114E-01	   8.825458E+06	   1.196063E+00	  -5.615397E+04	   1.006508E+01	  -1.138521E+05	  -5.873842E-01	   9.546567E+06	   4.760695E+00	  -8.968995E+03	  -9.537045E+00
   91.4000	   1.158433E+00	  -1.754187E+05	   7.586571E-01	   8.768966E+06	   3.031651E+00	  -8.035565E+04	   9.400530E+00	  -1.518569E+05	  -4.327667E-01	   9.509702E+06	   6.541741E+00	  -2.041889E+04	  -9.288092E+00
   91.5000	   1.145914E+00	  -2.173108E+05	   1.038033E+00	   8.711671E+06	   6.779269E+00	  -1.209147E+05	   9.716293E+00	  -1.885604E+05	  -2.376621E-01	   9.465960E+06	   1.021745E+01	  -4.225751E+04	  -7.990496E+00
   91.6000	   1.126858E+00	  -2.582591E+05	   1.470462E+00	   8.652771E+06	   9.547816E+00	  -1.784891E+05	   9.676481E+00	  -2.236878E+05	   1.147465E-01	   9.414598E+06	   1.289604E+01	  -7.606982E+04	  -6.988250E+00
   91.7000	   1.100899E+00	  -2.977218E+05	   2.212497E+00	   8.591208E+06	   1.176268E+01	  -2.537053E+05	   8.074999E+00	  -2.569180E+05	   7.814643E-01	   9.354721E+06	   1.500237E+01	  -1.236227E+05	  -7.495458E+00
   91.8000	   1.067661E+00	  -3.351395E+05	   3.237671E+00	   8.525922E+06	   1.264033E+01	  -3.469046E+05	   3.229317E+00	  -2.879273E+05	   1.736423E+00	   9.285524E+06	   1.575257E+01	  -1.865535E+05	  -1.120235E+01
   91.9000	   1.025460E+00	  -3.700142E+05	   4.671817E+00	   8.456125E+06	   1.733533E+01	  -4.578513E+05	  -3.977565E+00	  -3.164578E+05	   3.105797E+00	   9.206537E+06	   2.030109E+01	  -2.660147E+05	  -1.723313E+01
   92.0000	   9.730504E-01	  -4.018715E+05	   3.039540E+01	   8.381179E+06	   3.145870E+02	  -5.858296E+05	  -8.953969E+01	  -3.422675E+05	   2.877032E+01	   9.117486E+06	   3.173874E+02	  -3.626987E+05	  -1.015883E+02
   92.1000	   9.110175E-01	  -4.302069E+05	   6.139182E+00	   8.300200E+06	   6.888235E+00	  -7.305312E+05	  -1.683056E+01	  -3.650667E+05	   4.460956E+00	   9.017879E+06	   9.504892E+00	  -4.776575E+05	  -2.764716E+01
   92.2000	   8.401290E-01	  -4.545654E+05	   6.816437E+00	   8.212730E+06	   4.418034E+00	  -8.901798E+05	  -2.630118E+01	  -3.845864E+05	   5.091089E+00	   8.907656E+06	   6.833344E+00	  -6.103590E+05	  -3.586543E+01
   92.3000	   7.599750E-01	  -4.746288E+05	   6.655488E+00	   8.118516E+06	  -6.851261E+00	  -1.062909E+06	  -3.086998E+01	  -4.006579E+05	   4.889082E+00	   8.786947E+06	  -4.653804E+00	  -7.600022E+05	  -3.916548E+01
   92.4000	   6.706257E-01	  -4.901728E+05	   6.749792E+00	   8.017428E+06	  -1.127088E+01	  -1.246566E+06	  -3.147965E+01	  -4.131615E+05	   4.948348E+00	   8.655985E+06	  -9.306397E+00	  -9.252692E+05	  -3.849308E+01
   92.5000	   5.739621E-01	  -5.010409E+05	   7.179269E+00	   7.909678E+06	  -7.845904E+00	  -1.434321E+06	  -2.971883E+01	  -4.219961E+05	   5.348691E+00	   8.515314E+06	  -6.127899E+00	  -1.099888E+06	  -3.543917E+01
   92.6000	   4.719583E-01	  -5.072319E+05	   2.159629E-01	   7.796472E+06	  -1.498569E+02	  -1.611932E+06	   1.648701E+01	  -4.271631E+05	  -1.638028E+00	   8.366434E+06	  -1.483971E+02	  -1.269875E+06	   1.206907E+01
   92.7000	   3.652628E-01	  -5.089680E+05	   4.673072E+00	   7.678910E+06	  -1.355476E+01	  -1.769111E+06	  -1.694606E+01	  -4.288347E+05	   2.801147E+00	   8.210702E+06	  -1.236272E+01	  -1.424880E+06	  -2.005358E+01
   92.8000	   2.547960E-01	  -5.065074E+05	   3.167410E+00	   7.557783E+06	  -9.513315E+00	  -1.900590E+06	  -1.091244E+01	  -4.271684E+05	   1.282743E+00	   8.049130E+06	  -8.596729E+00	  -1.559261E+06	  -1.270247E+01
   92.9000	   1.430367E-01	  -5.001963E+05	   1.960043E+00	   7.433372E+06	  -6.148040E+00	  -2.002688E+06	  -7.122710E+00	  -4.223631E+05	   6.750115E-02	   7.882198E+06	  -5.512444E+00	  -1.668666E+06	  -7.589170E+00
   93.0000	   3.228980E-02	  -4.904639E+05	   1.577904E+00	   7.306235E+06	  -1.377500E+01	  -2.072315E+06	  -7.531604E+00	  -4.146622E+05	  -3.179890E-01	   7.710640E+06	  -1.342386E+01	  -1.749072E+06	  -6.669456E+00
   93.1000	  -7.674003E-02	  -4.778351E+05	   2.046249E+00	   7.177394E+06	  -5.564061E+00	  -2.108205E+06	  -9.364602E+00	  -4.043748E+05	   1.511711E-01	   7.535650E+06	  -5.498808E+00	  -1.798067E+06	  -7.170150E+00
   93.2000	  -1.833529E-01	  -4.628424E+05	  -4.532574E-01	   7.047814E+06	  -2.012172E+01	  -2.110680E+06	  -1.425371E+01	  -3.917987E+05	  -2.343712E+00	   7.358372E+06	  -2.034187E+01	  -1.814672E+06	  -1.072499E+01
   93.3000	  -2.855473E-01	  -4.459742E+05	   1.693955E+01	   6.918078E+06	  -1.427140E+02	  -2.080138E+06	   1.561641E+01	  -3.771813E+05	   1.505718E+01	   7.179582E+06	  -1.432172E+02	  -1.797906E+06	   2.047913E+01
   93.4000	  -3.817101E-01	  -4.276932E+05	  -1.103415E+00	   6.788588E+06	   3.874557E+00	  -2.017588E+06	  -1.260370E+01	  -3.607505E+05	  -2.974566E+00	   6.999901E+06	   3.092372E+00	  -1.747392E+06	  -6.409971E+00
   93.5000	  -4.719890E-01	  -4.084253E+05	  -8.810165E-01	   6.659882E+06	   1.240798E+01	  -1.925675E+06	  -1.082103E+01	  -3.427178E+05	  -2.738121E+00	   6.820122E+06	   1.135255E+01	  -1.664466E+06	  -3.302526E+00
   93.6000	  -5.566583E-01	  -3.885297E+05	  -1.159018E+00	   6.532701E+06	   1.687206E+01	  -1.808915E+06	  -1.114412E+01	  -3.232598E+05	  -2.999518E+00	   6.641275E+06	   1.555068E+01	  -1.552480E+06	  -2.310803E+00
   93.7000	  -6.347533E-01	  -3.683217E+05	  -1.183512E+00	   6.409862E+06	   1.854134E+01	  -1.686504E+06	  -1.298702E+01	  -3.025541E+05	  -3.005084E+00	   6.466510E+06	   1.696285E+01	  -1.429700E+06	  -2.852935E+00
   93.8000	  -7.056922E-01	  -3.480977E+05	  -6.690297E-01	   6.292747E+06	   1.647328E+01	  -1.569165E+06	  -1.355717E+01	  -2.808122E+05	  -2.469537E+00	   6.297573E+06	   1.464797E+01	  -1.306199E+06	  -2.140772E+00
   93.9000	  -7.705941E-01	  -3.281248E+05	   3.910932E-02	   6.181482E+06	   1.263371E+01	  -1.458550E+06	  -1.282023E+01	  -2.582777E+05	  -1.738338E+00	   6.134988E+06	   1.057336E+01	  -1.183320E+06	  -1.445488E-01
   94.0000	  -8.305983E-01	  -3.086322E+05	   7.366636E-01	   6.076123E+06	   8.283812E+00	  -1.355760E+06	  -1.250421E+01	  -2.352212E+05	  -1.015819E+00	   5.979230E+06	   6.001603E+00	  -1.062218E+06	   1.403067E+00
   94.1000	  -8.854671E-01	  -2.898224E+05	   1.403345E+00	   5.976814E+06	   4.220974E+00	  -1.261626E+06	  -1.234351E+01	  -2.119524E+05	  -3.222949E-01	   5.830865E+06	   1.731520E+00	  -9.441638E+05	   2.763066E+00
   94.2000	  -9.351629E-01	  -2.718806E+05	   2.177583E+00	   5.883672E+06	  -3.695232E-01	  -1.176686E+06	  -1.121422E+01	  -1.888276E+05	   4.806836E-01	   5.690432E+06	  -3.050231E+00	  -8.305071E+05	   5.054886E+00
   94.3000	  -9.811499E-01	  -2.549398E+05	   2.998657E+00	   5.796655E+06	  -4.522815E+00	  -1.100993E+06	  -8.789048E+00	  -1.662082E+05	   1.332484E+00	   5.558282E+06	  -7.377450E+00	  -7.224589E+05	   8.601525E+00
   94.4000	  -1.024719E+00	  -2.390711E+05	   3.700781E+00	   5.715688E+06	  -7.815940E+00	  -1.034147E+06	  -6.152677E+00	  -1.444417E+05	   2.067455E+00	   5.434706E+06	  -1.082593E+01	  -6.210781E+05	   1.231428E+01
   94.5000	  -1.065599E+00	  -2.243099E+05	   4.479471E+00	   5.640824E+06	  -1.084386E+01	  -9.754935E+05	  -2.054177E+00	  -1.238762E+05	   2.881308E+00	   5.320060E+06	  -1.398949E+01	  -5.273990E+05	   1.744033E+01
   94.6000	  -1.103544E+00	  -2.106387E+05	   5.165624E+00	   5.572080E+06	  -1.387308E+01	  -9.240473E+05	   1.443400E+00	  -1.048281E+05	   3.605175E+00	   5.214610E+06	  -1.713367E+01	  -4.422825E+05	   2.191314E+01
   94.7000	  -1.139664E+00	  -1.979372E+05	   5.361632E+00	   5.509290E+06	  -1.663315E+01	  -8.783260E+05	  -7.036569E-01	  -8.751630E+04	   3.841717E+00	   5.118358E+06	  -1.998726E+01	  -3.661533E+05	   2.068585E+01
   94.8000	  -1.174795E+00	  -1.861170E+05	   2.173810E+02	   5.452725E+06	  -1.440662E+03	  -8.381765E+05	   1.710253E+02	  -7.218069E+04	   2.159048E+02	   5.031669E+06	  -1.444088E+03	  -3.007344E+05	   1.932761E+02
   94.9000	  -1.208153E+00	  -1.747362E+05	   1.751161E+01	   5.401096E+06	   5.806173E+01	  -7.974611E+05	   3.083407E+02	  -5.867881E+04	   1.608242E+01	   4.953262E+06	   5.458662E+01	  -2.416346E+05	   3.313918E+02
   95.0000	  -1.238957E+00	  -1.637002E+05	   2.914864E+00	   5.355430E+06	  -1.253262E+01	  -7.582314E+05	  -2.132215E+01	  -4.717236E+04	   1.536470E+00	   4.884089E+06	  -1.603515E+01	  -1.924318E+05	   2.465644E+00
   95.1000	  -1.267794E+00	  -1.527786E+05	   2.433026E+00	   5.315370E+06	  -9.747007E+00	  -7.180042E+05	  -2.222098E+01	  -3.762938E+04	   1.109431E+00	   4.823648E+06	  -1.325546E+01	  -1.518686E+05	   2.237601E+00
   95.2000	  -1.295041E+00	  -1.416321E+05	   1.859123E+00	   5.280664E+06	  -6.622300E+00	  -6.747759E+05	  -2.388288E+01	  -2.984093E+04	   5.945752E-01	   4.771469E+06	  -1.011607E+01	  -1.187989E+05	   1.178434E+00
   95.3000	  -1.319548E+00	  -1.300338E+05	   1.250186E+00	   5.251342E+06	  -3.989501E+00	  -6.272782E+05	  -2.588821E+01	  -2.363451E+04	   4.913188E-02	   4.727312E+06	  -7.449290E+00	  -9.239673E+04	  -2.942444E-01
   95.4000	  -1.340275E+00	  -1.177942E+05	   7.161901E-01	   5.227456E+06	  -1.448290E+00	  -5.745653E+05	  -2.618876E+01	  -1.879550E+04	  -4.167836E-01	   4.690918E+06	  -4.856458E+00	  -7.171659E+04	  -1.341335E-01
   95.5000	  -1.357671E+00	  -1.047494E+05	   2.264411E-01	   5.208963E+06	   6.758955E-01	  -5.159522E+05	  -2.702579E+01	  -1.505525E+04	  -8.337931E-01	   4.661906E+06	  -2.665024E+00	  -5.562845E+04	  -5.843236E-01
   95.6000	  -1.372104E+00	  -9.080231E+04	  -2.738199E-01	   5.195883E+06	   2.460751E+00	  -4.511766E+05	  -2.947330E+01	  -1.213723E+04	  -1.256654E+00	   4.639950E+06	  -7.995799E-01	  -4.299958E+04	  -2.720509E+00
   95.7000	  -1.382537E+00	  -7.594628E+04	  -7.172211E-01	   5.188418E+06	   3.915280E+00	  -3.804891E+05	  -3.170111E+01	  -9.788285E+03	  -1.618068E+00	   4.624912E+06	   7.463878E-01	  -3.282655E+04	  -4.714201E+00
   95.8000	  -1.388147E+00	  -6.023230E+04	  -1.007783E+00	   5.186794E+06	   5.414060E+00	  -3.044955E+05	  -3.219962E+01	  -7.758114E+03	  -1.822204E+00	   4.616696E+06	   2.344868E+00	  -2.413939E+04	  -5.057374E+00
   95.9000	  -1.389672E+00	  -4.374859E+04	  -1.248696E+00	   5.191130E+06	   6.662284E+00	  -2.240316E+05	  -3.269075E+01	  -5.793244E+03	  -1.972466E+00	   4.615137E+06	   3.698487E+00	  -1.595621E+04	  -5.473533E+00
   96.0000	  -1.387823E+00	  -2.662898E+04	  -1.402230E+00	   5.201578E+06	   7.382631E+00	  -1.401751E+05	  -3.411093E+01	  -3.662074E+03	  -2.031406E+00	   4.620142E+06	   4.527504E+00	  -7.385212E+03	  -6.900650E+00
   96.1000	  -1.381932E+00	  -9.043168E+03	  -1.447655E+00	   5.218432E+06	   7.887545E+00	  -5.419233E+04	  -3.504903E+01	  -1.163110E+03	  -1.978627E+00	   4.631806E+06	   5.142223E+00	   2.329417E+03	  -7.929197E+00
   96.2000	  -1.371524E+00	   8.828807E+03	  -1.368834E+00	   5.241976E+06	   8.486320E+00	   3.260920E+04	  -3.393937E+01	   1.882306E+03	  -1.798376E+00	   4.650267E+06	   5.850207E+00	   1.385400E+04	  -6.995103E+00
   96.3000	  -1.357637E+00	   2.681507E+04	  -1.162437E+00	   5.272360E+06	   8.605109E+00	   1.190120E+05	  -3.229440E+01	   5.630984E+03	  -1.487735E+00	   4.675584E+06	   6.076404E+00	   2.779873E+04	  -5.612545E+00
   96.4000	  -1.341213E+00	   4.476355E+04	  -9.004193E-01	   5.309740E+06	   8.150784E+00	   2.039567E+05	  -3.186417E+01	   1.021342E+04	  -1.119099E+00	   4.707864E+06	   5.727075E+00	   4.469727E+04	  -5.533373E+00
   96.5000	  -1.321730E+00	   6.255419E+04	  -5.299363E-01	   5.354392E+06	   7.242919E+00	   2.866086E+05	  -3.111318E+01	   1.573275E+04	  -6.400731E-01	   4.747378E+06	   4.921850E+00	   6.499626E+04	  -5.223967E+00
   96.6000	  -1.298747E+00	   8.010936E+04	  -2.004910E-01	   5.406582E+06	   6.052890E+00	   3.664379E+05	  -2.777361E+01	   2.226480E+04	  -2.006075E-01	   4.794422E+06	   3.832829E+00	   8.907887E+04	  -2.418508E+00
   96.7000	  -1.273225E+00	   9.740479E+04	   2.463889E-01	   5.466434E+06	   4.649747E+00	   4.433019E+05	  -2.569544E+01	   2.986256E+04	   3.573359E-01	   4.849173E+06	   2.530413E+00	   1.173074E+05	  -9.690287E-01
   96.8000	  -1.245928E+00	   1.144796E+05	  -6.080790E+00	   5.534096E+06	   3.743784E+01	   5.175242E+05	  -3.366627E+00	   3.856418E+04	  -5.858146E+00	   4.911849E+06	   3.542085E+01	   1.500895E+05	   2.063444E+01
   96.9000	  -1.216070E+00	   1.314427E+05	   8.470595E-01	   5.609782E+06	  -1.021574E+00	   5.896602E+05	  -2.483636E+01	   4.840138E+04	   1.181661E+00	   4.982746E+06	  -2.932276E+00	   1.876512E+05	  -1.659275E+00
   97.0000	  -1.182875E+00	   1.484688E+05	   1.117131E+00	   5.693828E+06	  -4.048573E+00	   6.610144E+05	  -2.271200E+01	   5.940220E+04	   1.563621E+00	   5.062274E+06	  -5.846479E+00	   2.305881E+05	  -4.593947E-01
   97.1000	  -1.146920E+00	   1.657953E+05	   1.228322E+00	   5.786354E+06	  -5.249146E+00	   7.330784E+05	  -2.098326E+01	   7.159830E+04	   1.786353E+00	   5.150628E+06	  -6.925122E+00	   2.793574E+05	   2.428019E-01
   97.2000	  -1.108578E+00	   1.837305E+05	   1.467175E+00	   5.887513E+06	  -6.231118E+00	   8.078278E+05	  -2.127860E+01	   8.504780E+04	   2.136173E+00	   5.248032E+06	  -7.773552E+00	   3.346498E+05	  -1.182316E+00
   97.3000	  -1.066696E+00	   2.026382E+05	   1.919047E+00	   5.997634E+06	  -7.509480E+00	   8.875826E+05	  -2.136414E+01	   9.983648E+04	   2.698262E+00	   5.354874E+06	  -8.904652E+00	   3.973388E+05	  -2.501501E+00
   97.4000	  -1.020184E+00	   2.229144E+05	   2.547556E+00	   6.117047E+06	  -8.422737E+00	   9.749075E+05	  -2.095745E+01	   1.160741E+05	   3.436110E+00	   5.471544E+06	  -9.655372E+00	   4.684805E+05	  -3.432261E+00
   97.5000	  -9.693778E-01	   2.449833E+05	   3.219344E+00	   6.245930E+06	  -9.520401E+00	   1.072595E+06	  -2.217295E+01	   1.339101E+05	   4.216262E+00	   5.598284E+06	  -1.057439E+01	   5.494046E+05	  -6.088076E+00
   97.6000	  -9.145187E-01	   2.692786E+05	   3.683378E+00	   6.384464E+06	  -1.095974E+01	   1.183597E+06	  -2.486951E+01	   1.535344E+05	   4.787607E+00	   5.735353E+06	  -1.181899E+01	   6.417489E+05	  -1.032597E+01
   97.7000	  -8.544498E-01	   2.962176E+05	   3.678954E+00	   6.532979E+06	  -1.187314E+01	   1.310948E+06	  -2.527904E+01	   1.751706E+05	   4.889360E+00	   5.883178E+06	  -1.252247E+01	   7.474796E+05	  -1.237483E+01
   97.8000	  -7.881997E-01	   3.261781E+05	   2.634619E+00	   6.691754E+06	  -1.138655E+01	   1.457687E+06	  -1.873147E+01	   1.990691E+05	   3.949957E+00	   6.042179E+06	  -1.181262E+01	   8.689026E+05	  -7.560335E+00
   97.9000	  -7.163472E-01	   3.594628E+05	   1.292053E+00	   6.860839E+06	  -9.847420E+00	   1.626698E+06	  -1.160787E+01	   2.254832E+05	   2.710910E+00	   6.212589E+06	  -1.003966E+01	   1.008567E+06	  -2.258049E+00
   98.0000	  -6.394955E-01	   3.962905E+05	   7.054000E-01	   7.040211E+06	  -7.615769E+00	   1.820690E+06	  -1.190693E+01	   2.546699E+05	   2.226116E+00	   6.394626E+06	  -7.567103E+00	   1.169293E+06	  -4.459721E+00
   98.1000	  -5.569533E-01	   4.367218E+05	   2.217608E+00	   7.229814E+06	  -4.867894E+00	   2.041465E+06	  -3.137829E+01	   2.868185E+05	   3.838162E+00	   6.588543E+06	  -4.575426E+00	   1.353458E+06	  -2.590668E+01
   98.2000	  -4.682825E-01	   4.804255E+05	   9.602900E-01	   7.427678E+06	   1.710603E+00	   2.273918E+06	  -2.814215E+01	   3.218153E+05	   2.678172E+00	   6.792746E+06	   2.245126E+00	   1.546992E+06	  -2.470938E+01
   98.3000	  -3.746297E-01	   5.265671E+05	  -6.445687E-01	   7.629099E+06	   1.303934E+00	   2.483337E+06	  -1.671149E+01	   3.591254E+05	   1.167491E+00	   7.002980E+06	   2.073859E+00	   1.716638E+06	  -1.536968E+01
   98.4000	  -2.771744E-01	   5.740335E+05	  -2.590016E+00	   7.830434E+06	   4.399303E+01	   2.649034E+06	   3.173986E+00	   3.980056E+05	  -6.877254E-01	   7.216117E+06	   4.498673E+01	   1.843526E+06	   2.385161E+00
   98.5000	  -1.757748E-01	   6.214942E+05	   1.416487E+00	   8.029377E+06	  -2.241240E+01	   2.761838E+06	  -2.047571E+01	   4.375481E+05	   3.404109E+00	   7.430420E+06	  -2.121139E+01	   1.920575E+06	  -2.342116E+01
   98.6000	  -7.047550E-02	   6.675071E+05	   1.558508E+00	   8.224069E+06	  -1.756529E+01	   2.817325E+06	  -1.759155E+01	   4.767668E+05	   3.625463E+00	   7.644641E+06	  -1.617792E+01	   1.945625E+06	  -2.270485E+01
   98.7000	   3.719678E-02	   7.106475E+05	   6.387680E-01	   8.412113E+06	  -1.291460E+00	   2.812440E+06	  -1.464071E+01	   5.147027E+05	   2.777832E+00	   7.857014E+06	   2.573379E-01	   1.917934E+06	  -2.191736E+01
   98.8000	   1.457949E-01	   7.495439E+05	   1.105810E+00	   8.590956E+06	   1.251056E+01	   2.746172E+06	  -1.694540E+01	   5.504352E+05	   3.308440E+00	   8.065612E+06	   1.419250E+01	   1.838729E+06	  -2.636447E+01
   98.9000	   2.553204E-01	   7.828331E+05	   2.938093E+01	   8.758432E+06	   4.405042E+02	   2.619394E+06	   4.157231E+01	   5.830121E+05	   3.163721E+01	   8.268862E+06	   4.422885E+02	   1.710918E+06	   3.004873E+01
   99.0000	   3.657309E-01	   8.094276E+05	   2.024286E+01	   8.912313E+06	   5.426832E+02	   2.432516E+06	   1.714981E+02	   6.116929E+05	   2.254147E+01	   8.465064E+06	   5.445370E+02	   1.536618E+06	   1.579252E+02
   99.1000	   4.756364E-01	   8.283708E+05	  -3.245464E+00	   9.050388E+06	  -2.234079E+01	   2.190442E+06	   3.354881E+00	   6.357831E+05	  -9.171801E-01	   8.652441E+06	  -2.045088E+01	   1.322009E+06	  -1.219516E+01
   99.2000	   5.838414E-01	   8.387439E+05	  -4.377153E+00	   9.170579E+06	  -4.045320E+01	   1.905166E+06	   1.987343E+01	   6.545217E+05	  -2.033121E+00	   8.829224E+06	  -3.856079E+01	   1.079831E+06	   2.435437E+00
   99.3000	   6.906871E-01	   8.399279E+05	  -5.200263E+00	   9.270078E+06	  -2.581416E+01	   1.594233E+06	   2.850310E+01	   6.673309E+05	  -2.855530E+00	   8.992757E+06	  -2.395205E+01	   8.277836E+05	   9.282461E+00
   99.4000	   7.965311E-01	   8.314861E+05	  -5.557559E+00	   9.347188E+06	  -2.228563E+01	   1.274640E+06	   3.431749E+01	   6.736897E+05	  -3.228109E+00	   9.141316E+06	  -2.048498E+01	   5.823869E+05	   1.343467E+01
   99.5000	   9.004109E-01	   8.133363E+05	  -5.043782E+00	   9.402043E+06	  -1.865356E+01	   9.535094E+05	   4.120325E+01	   6.733036E+05	  -2.746305E+00	   9.274815E+06	  -1.694325E+01	   3.496416E+05	   1.879254E+01
   99.6000	   1.001537E+00	   7.856192E+05	  -4.966281E+00	   9.435446E+06	  -1.015539E+01	   6.373058E+05	   4.779336E+01	   6.659766E+05	  -2.717907E+00	   9.393623E+06	  -8.561337E+00	   1.342682E+05	   2.400120E+01
   99.7000	   1.100587E+00	   7.485886E+05	  -3.728246E+00	   9.448523E+06	   3.277484E+00	   3.333735E+05	   4.832710E+01	   6.515104E+05	  -1.546253E+00	   9.498220E+06	   4.732785E+00	  -5.870223E+04	   2.331015E+01
   99.8000	   1.198165E+00	   7.026945E+05	  -3.147250E+00	   9.442860E+06	   1.483795E+01	   4.892012E+04	   4.763683E+01	   6.298034E+05	  -1.048746E+00	   9.589338E+06	   1.613581E+01	  -2.248680E+05	   2.155977E+01
   99.9000	   1.293429E+00	   6.486650E+05	  -2.802392E+00	   9.420600E+06	   1.611153E+01	  -2.101410E+05	   4.543409E+01	   6.009516E+05	  -8.039985E-01	   9.668065E+06	   1.723725E+01	  -3.615098E+05	   1.846721E+01
  100.0000	   1.385552E+00	   5.873670E+05	  -2.245721E+00	   9.384142E+06	   1.458130E+01	  -4.385864E+05	   4.271066E+01	   5.651340E+05	  -3.632449E-01	   9.735574E+06	   1.552426E+01	  -4.668622E+05	   1.502731E+01
  100.1000	   1.475006E+00	   5.196961E+05	  -1.108877E+00	   9.335925E+06	   1.854817E+01	  -6.314363E+05	   4.069056E+01	   5.225289E+05	   6.429991E-01	   9.792925E+06	   1.930171E+01	  -5.395322E+05	   1.246464E+01
  100.2000	   1.562025E+00	   4.466619E+05	  -9.319605E-01	   9.278521E+06	   1.112539E+01	  -7.848840E+05	   3.836812E+01	   4.734285E+05	   6.760553E-01	   9.841200E+06	   1.168651E+01	  -5.792819E+05	   9.771420E+00
  100.3000	   1.645252E+00	   3.694024E+05	  -3.236431E-01	   9.214673E+06	   9.271381E+00	  -8.967353E+05	   3.462779E+01	   4.182824E+05	   1.128940E+00	   9.881578E+06	   9.640358E+00	  -5.873212E+05	   5.827618E+00
  100.4000	   1.723215E+00	   2.890343E+05	   8.293146E+00	   9.147155E+06	   7.480722E+01	  -9.656018E+05	   2.477460E+01	   3.575761E+05	   9.580649E+00	   9.915240E+06	   7.498707E+01	  -5.653608E+05	  -4.068501E+00
  100.5000	   1.795646E+00	   2.065762E+05	   2.148983E+00	   9.078145E+06	   2.635950E+01	  -9.911308E+05	   2.415170E+01	   2.917808E+05	   3.263873E+00	   9.942786E+06	   2.635536E+01	  -5.157118E+05	  -4.582538E+00
  100.6000	   1.862007E+00	   1.230336E+05	   2.042582E+00	   9.010202E+06	   2.658147E+01	  -9.736057E+05	   2.061004E+01	   2.214617E+05	   2.979587E+00	   9.965258E+06	   2.639992E+01	  -4.407742E+05	  -7.873933E+00
  100.7000	   1.920185E+00	   3.941077E+04	   1.090446E+00	   8.945285E+06	   2.349092E+01	  -9.153504E+05	   1.970146E+01	   1.473081E+05	   1.846642E+00	   9.983202E+06	   2.313933E+01	  -3.443519E+05	  -8.402518E+00
  100.8000	   1.968023E+00	  -4.336577E+04	   6.185741E-01	   8.885017E+06	   2.060845E+01	  -8.199636E+05	   1.925580E+01	   7.007048E+04	   1.193424E+00	   9.996970E+06	   2.009436E+01	  -2.308219E+05	  -8.350976E+00
  100.9000	   2.004704E+00	  -1.244066E+05	   4.889049E-01	   8.830413E+06	   1.768071E+01	  -6.926184E+05	   1.910840E+01	  -9.390876E+03	   8.842301E-01	   1.000649E+07	   1.701131E+01	  -1.054015E+05	  -7.896882E+00
  101.0000	   2.029328E+00	  -2.027766E+05	   1.124450E+00	   8.781894E+06	   1.836912E+01	  -5.406198E+05	   1.791891E+01	  -9.002164E+04	   1.344353E+00	   1.001128E+07	   1.755089E+01	   2.529849E+04	  -8.393503E+00
  101.1000	   2.039671E+00	  -2.775607E+05	   1.680059E+00	   8.739392E+06	   6.209099E+00	  -3.731016E+05	   1.336073E+01	  -1.706444E+05	   1.730782E+00	   1.001062E+07	   5.247587E+00	   1.535516E+05	  -1.218000E+01
  101.2000	   2.033743E+00	  -3.479304E+05	   2.130090E+00	   8.702364E+06	  -7.574782E+00	  -2.002820E+05	   8.106713E+00	  -2.500352E+05	   2.019826E+00	   1.000354E+07	  -8.674946E+00	   2.712019E+05	  -1.659530E+01
  101.3000	   2.011193E+00	  -4.130906E+05	   2.867158E+00	   8.669803E+06	  -1.939630E+01	  -3.297510E+04	   1.679430E+00	  -3.268871E+05	   2.605816E+00	   9.988821E+06	  -2.063123E+01	   3.700705E+05	  -2.212759E+01
  101.4000	   1.971907E+00	  -4.723358E+05	   3.839304E+00	   8.640493E+06	  -2.174137E+01	   1.182074E+05	   1.119221E+00	  -3.998874E+05	   3.438237E+00	   9.965293E+06	  -2.310754E+01	   4.426480E+05	  -2.174609E+01
  101.5000	   1.914755E+00	  -5.252102E+05	   3.773989E+00	   8.613275E+06	  -8.260056E+00	   2.440995E+05	   4.575678E+00	  -4.679030E+05	   3.245699E+00	   9.932048E+06	  -9.753806E+00	   4.832140E+05	  -1.730937E+01
  101.6000	   1.839124E+00	  -5.714694E+05	   4.200291E+00	   8.587049E+06	  -1.628210E+01	   3.374505E+05	  -2.318082E+00	  -5.299688E+05	   3.558116E+00	   9.888428E+06	  -1.789897E+01	   4.881691E+05	  -2.319106E+01
  101.7000	   1.746263E+00	  -6.109245E+05	   6.098279E+00	   8.560712E+06	  -5.584204E+01	   3.928535E+05	  -2.232538E+01	  -5.851622E+05	   5.356080E+00	   9.833949E+06	  -5.757611E+01	   4.558222E+05	  -4.215986E+01
  101.8000	   1.637844E+00	  -6.435270E+05	   9.781353E+00	   8.533296E+06	  -5.214403E+01	   4.070944E+05	  -4.078096E+01	  -6.327164E+05	   8.953214E+00	   9.768395E+06	  -5.398723E+01	   3.865940E+05	  -5.955460E+01
  101.9000	   1.514630E+00	  -6.694898E+05	   1.159997E+01	   8.504080E+06	   2.889367E+01	   3.795669E+05	  -3.762369E+01	  -6.721693E+05	   1.069991E+01	   9.691906E+06	   2.695218E+01	   2.832972E+05	  -5.531707E+01
  102.0000	   1.377914E+00	  -6.891431E+05	   1.222213E+01	   8.472460E+06	   6.173756E+01	   3.117830E+05	  -3.144071E+01	  -7.032466E+05	   1.126386E+01	   9.604811E+06	   5.971189E+01	   1.505197E+05	  -4.803643E+01
  102.1000	   1.230785E+00	  -7.027173E+05	   7.998409E+00	   8.437670E+06	  -2.654570E+01	   2.059059E+05	  -1.162121E+01	  -7.256652E+05	   6.995097E+00	   9.507320E+06	  -2.863787E+01	  -6.950548E+03	  -2.710315E+01
  102.2000	   1.076596E+00	  -7.104647E+05	   8.726830E+00	   8.398945E+06	  -1.115120E+01	   6.517239E+04	  -1.361329E+01	  -7.392744E+05	   7.690964E+00	   9.399657E+06	  -1.328843E+01	  -1.837920E+05	  -2.796622E+01
  102.3000	   9.175569E-01	  -7.128023E+05	   5.643137E+00	   8.355598E+06	   8.962533E+00	  -1.061039E+05	  -1.125251E+01	  -7.442115E+05	   4.586374E+00	   9.282107E+06	   6.805328E+00	  -3.742089E+05	  -2.446186E+01
  102.4000	   7.560880E-01	  -7.101404E+05	   3.595156E+00	   8.306916E+06	   1.217986E+01	  -3.032958E+05	   2.670426E+00	  -7.407381E+05	   2.528250E+00	   9.154903E+06	   1.003114E+01	  -5.727354E+05	  -9.381516E+00
  102.5000	   5.960207E-01	  -7.027285E+05	   2.850103E+00	   8.252146E+06	   3.683712E+01	  -5.218118E+05	   2.118189E+01	  -7.290887E+05	   1.782866E+00	   9.018183E+06	   3.472823E+01	  -7.745962E+05	   1.030021E+01
  102.6000	   4.410291E-01	  -6.908089E+05	   1.645042E+00	   8.190696E+06	   7.437905E+01	  -7.563550E+05	   2.427249E+01	  -7.096212E+05	   5.863463E-01	   8.872193E+06	   7.234358E+01	  -9.749532E+05	   1.457244E+01
  102.7000	   2.931968E-01	  -6.747272E+05	  -2.690038E+00	   8.122312E+06	   6.478271E+01	  -1.000173E+06	   2.430872E+01	  -6.829193E+05	  -3.732232E+00	   8.717452E+06	   6.285569E+01	  -1.168120E+06	   1.579961E+01
  102.8000	   1.543604E-01	  -6.548304E+05	  -8.752522E+00	   8.047846E+06	   3.126438E+00	  -1.238763E+06	  -5.586727E+01	  -6.496787E+05	  -9.771103E+00	   8.555526E+06	   1.343465E+00	  -1.341209E+06	  -6.317893E+01
  102.9000	   2.732576E-02	  -6.313828E+05	  -2.092897E+00	   7.967464E+06	  -4.127714E+01	  -1.459855E+06	   5.164843E+01	  -6.106062E+05	  -3.081532E+00	   8.387242E+06	  -4.288082E+01	  -1.484044E+06	   4.553717E+01
  103.0000	  -8.564844E-02	  -6.046855E+05	   1.511611E+01	   7.882828E+06	   1.678126E+02	  -1.652463E+06	   7.746004E+01	  -5.665214E+05	   1.416306E+01	   8.214874E+06	   1.664222E+02	  -1.588116E+06	   7.254778E+01
  103.1000	  -1.842254E-01	  -5.751378E+05	  -2.562820E+00	   7.794947E+06	  -8.592917E+00	  -1.807796E+06	   3.143427E+01	  -5.183958E+05	  -3.475220E+00	   8.040009E+06	  -9.738419E+00	  -1.647409E+06	   2.771452E+01
  103.2000	  -2.685738E-01	  -5.431328E+05	  -7.141528E-01	   7.703828E+06	   1.115963E+01	  -1.919569E+06	   2.797387E+01	  -4.672271E+05	  -1.581358E+00	   7.863208E+06	   1.028773E+01	  -1.658600E+06	   2.543444E+01
  103.3000	  -3.380601E-01	  -5.090504E+05	   3.103005E+00	   7.609399E+06	   8.213413E-01	  -1.981466E+06	   2.083531E+01	  -4.140101E+05	   2.285133E+00	   7.684934E+06	   2.478288E-01	  -1.618422E+06	   1.945776E+01
  103.4000	  -3.926620E-01	  -4.733338E+05	   2.834300E+00	   7.511836E+06	   2.175651E+00	  -1.988827E+06	   1.357736E-01	  -3.597916E+05	   2.069574E+00	   7.505900E+06	   1.920795E+00	  -1.525253E+06	  -1.049087E-01
  103.5000	  -4.342311E-01	  -4.364753E+05	   2.954125E+00	   7.411826E+06	  -3.314066E+00	  -1.940986E+06	  -1.015008E+01	  -3.056363E+05	   2.246102E+00	   7.327320E+06	  -3.235100E+00	  -1.381360E+06	  -9.285650E+00
  103.6000	  -4.649858E-01	  -3.990315E+05	   3.869463E+00	   7.311224E+06	  -8.099328E+00	  -1.844981E+06	   2.134137E-01	  -2.526239E+05	   3.221509E+00	   7.151586E+06	  -7.676915E+00	  -1.196515E+06	   2.144549E+00
  103.7000	  -4.861100E-01	  -3.616894E+05	   5.935898E+00	   7.212818E+06	  -2.734913E+01	  -1.714872E+06	   5.125870E+00	  -2.019005E+05	   5.351229E+00	   6.982017E+06	  -2.657950E+01	  -9.872549E+05	   8.078919E+00
  103.8000	  -4.990754E-01	  -3.251443E+05	   3.442094E+00	   7.118874E+06	  -1.646284E+01	  -1.564325E+06	   6.657753E+00	  -1.545430E+05	   2.923817E+00	   6.821410E+06	  -1.534824E+01	  -7.693829E+05	   1.058206E+01
  103.9000	  -5.068362E-01	  -2.899797E+05	   2.853094E+00	   7.030974E+06	  -1.697330E+01	  -1.405521E+06	   8.962496E+00	  -1.114316E+05	   2.404215E+00	   6.671856E+06	  -1.552203E+01	  -5.568459E+05	   1.380223E+01
  104.0000	  -5.122884E-01	  -2.566425E+05	   2.942767E+00	   6.950364E+06	  -1.874419E+01	  -1.250090E+06	   1.209026E+01	  -7.321811E+04	   2.566192E+00	   6.535085E+06	  -1.697046E+01	  -3.626201E+05	   1.778539E+01
  104.1000	  -5.168421E-01	  -2.254635E+05	   3.325742E+00	   6.878096E+06	  -2.333547E+01	  -1.108400E+06	   1.216049E+01	  -4.034414E+04	   3.024258E+00	   6.412583E+06	  -2.125907E+01	  -1.979845E+05	   1.864776E+01
  104.2000	  -5.217396E-01	  -1.964800E+05	   3.673607E+00	   6.813981E+06	  -2.819971E+01	  -9.803686E+05	   9.676558E+00	  -1.286492E+04	   3.449843E+00	   6.304539E+06	  -2.584560E+01	  -6.332204E+04	   1.689063E+01
  104.3000	  -5.292724E-01	  -1.695141E+05	   4.020020E+00	   6.757264E+06	  -3.227188E+01	  -8.631699E+05	   7.239158E+00	   9.468838E+03	   3.876386E+00	   6.210489E+06	  -2.966954E+01	   4.416726E+04	   1.511389E+01
  104.4000	  -5.412938E-01	  -1.442881E+05	   4.148148E+00	   6.707080E+06	  -3.432731E+01	  -7.538976E+05	   4.623464E+00	   2.708924E+04	   4.086766E+00	   6.129766E+06	  -3.150997E+01	   1.277910E+05	   1.309304E+01
  104.5000	  -5.578598E-01	  -1.205320E+05	   4.029880E+00	   6.662698E+06	  -3.433617E+01	  -6.501041E+05	   2.101600E+00	   4.049537E+04	   4.052500E+00	   6.061724E+06	  -3.133994E+01	   1.907935E+05	   1.110166E+01
  104.6000	  -5.786225E-01	  -9.795848E+04	   3.600041E+00	   6.623350E+06	  -3.158698E+01	  -5.496762E+05	   4.423117E-01	   5.026716E+04	   3.707937E+00	   6.005560E+06	  -2.844987E+01	   2.364487E+05	   9.911032E+00
  104.7000	  -6.041341E-01	  -7.624388E+04	   2.894568E+00	   6.588111E+06	  -2.643164E+01	  -4.506952E+05	  -2.086939E-01	   5.707381E+04	   3.088443E+00	   5.960181E+06	  -2.319259E+01	   2.681523E+05	   9.670206E+00
  104.8000	  -6.344699E-01	  -5.511964E+04	   1.985151E+00	   6.556154E+06	  -1.942761E+01	  -3.517866E+05	  -2.921851E-02	   6.156874E+04	   2.265028E+00	   5.924464E+06	  -1.612546E+01	   2.890231E+05	   1.020539E+01
  104.9000	  -6.679675E-01	  -3.443146E+04	   9.624782E-01	   6.526938E+06	  -1.118951E+01	  -2.523081E+05	   8.748447E-01	   6.431822E+04	   1.327612E+00	   5.897443E+06	  -7.862044E+00	   3.016600E+05	   1.141520E+01
  105.0000	  -7.027047E-01	  -1.409551E+04	  -1.075865E-01	   6.500042E+06	  -2.603508E+00	  -1.520861E+05	   1.626229E+00	   6.583179E+04	   3.412009E-01	   5.878158E+06	   7.133218E-01	   3.083477E+05	   1.242703E+01
  105.1000	  -7.378917E-01	   5.924127E+03	  -1.121636E+00	   6.475070E+06	   5.322461E+00	  -5.125420E+04	   1.221277E+00	   6.657270E+04	  -5.917213E-01	   5.865568E+06	   8.595222E+00	   3.111576E+05	   1.224190E+01
  105.2000	  -7.725652E-01	   2.558361E+04	  -2.017634E+00	   6.451821E+06	   1.156256E+01	   4.965015E+04	  -1.417144E+00	   6.691427E+04	  -1.410088E+00	   5.858752E+06	   1.476080E+01	   3.117915E+05	   9.787118E+00
  105.3000	  -8.043811E-01	   4.476070E+04	  -2.664275E+00	   6.430381E+06	   1.584962E+01	   1.497010E+05	  -5.706825E+00	   6.713082E+04	  -1.983586E+00	   5.857012E+06	   1.894613E+01	   3.115391E+05	   5.648919E+00
  105.4000	  -8.311183E-01	   6.329801E+04	  -3.120461E+00	   6.410950E+06	   1.879374E+01	   2.477797E+05	  -1.105299E+01	   6.743151E+04	  -2.372102E+00	   5.859742E+06	   2.176458E+01	   3.114184E+05	   4.255323E-01
  105.5000	  -8.520727E-01	   8.102512E+04	  -3.367227E+00	   6.393734E+06	   1.976230E+01	   3.426888E+05	  -1.741438E+01	   6.797475E+04	  -2.557630E+00	   5.866340E+06	   2.258666E+01	   3.122368E+05	  -5.838974E+00
  105.6000	  -8.667459E-01	   9.776338E+04	  -3.429645E+00	   6.379022E+06	   1.830536E+01	   4.331746E+05	  -2.474444E+01	   6.886649E+04	  -2.566143E+00	   5.876320E+06	   2.096518E+01	   3.145668E+05	  -1.309599E+01
  105.7000	  -8.736085E-01	   1.133444E+05	  -3.293707E+00	   6.367202E+06	   1.564014E+01	   5.180029E+05	  -3.102689E+01	   7.017410E+04	  -2.384458E+00	   5.889355E+06	   1.811971E+01	   3.187799E+05	  -1.932787E+01
  105.8000	  -8.715340E-01	   1.276245E+05	  -3.011986E+00	   6.358628E+06	   1.303115E+01	   5.960364E+05	  -3.457531E+01	   7.193773E+04	  -2.065879E+00	   5.905170E+06	   1.531657E+01	   3.250894E+05	  -2.284753E+01
  105.9000	  -8.611283E-01	   1.404878E+05	  -2.639527E+00	   6.353528E+06	   1.023141E+01	   6.662850E+05	  -3.548157E+01	   7.417123E+04	  -1.666075E+00	   5.923470E+06	   1.231004E+01	   3.335727E+05	  -2.374675E+01
  106.0000	  -8.433432E-01	   1.518513E+05	  -2.118515E+00	   6.352059E+06	   6.763270E+00	   7.279579E+05	  -3.424282E+01	   7.686704E+04	  -1.127737E+00	   5.944022E+06	   8.623284E+00	   3.442027E+05	  -2.252309E+01
  106.1000	  -8.181539E-01	   1.616672E+05	  -1.594922E+00	   6.354351E+06	   3.570113E+00	   7.804907E+05	  -3.091529E+01	   7.999977E+04	  -5.972167E-01	   5.966696E+06	   5.200117E+00	   3.568632E+05	  -1.923347E+01
  106.2000	  -7.859003E-01	   1.699109E+05	  -1.069814E+00	   6.360434E+06	   1.017095E+00	   8.235277E+05	  -2.613461E+01	   8.351623E+04	  -7.583804E-02	   5.991403E+06	   2.405899E+00	   3.713266E+05	  -1.451440E+01
  106.3000	  -7.485287E-01	   1.765790E+05	  -4.669509E-01	   6.370190E+06	  -1.835213E+00	   8.569530E+05	  -2.089446E+01	   8.733679E+04	   5.125128E-01	   6.018048E+06	  -6.986569E-01	   3.872932E+05	  -9.360342E+00
  106.4000	  -7.081392E-01	   1.816913E+05	   2.310687E-01	   6.383418E+06	  -5.632820E+00	   8.809139E+05	  -1.608920E+01	   9.136265E+04	   1.185232E+00	   6.046578E+06	  -4.759314E+00	   4.044264E+05	  -4.666318E+00
  106.5000	  -6.656021E-01	   1.852815E+05	   1.020830E+00	   6.399910E+06	  -9.954296E+00	   8.957664E+05	  -1.212490E+01	   9.547120E+04	   1.939022E+00	   6.077046E+06	  -9.354136E+00	   4.223247E+05	  -8.386408E-01
  106.6000	  -6.218458E-01	   1.873901E+05	   1.817710E+00	   6.419397E+06	  -1.435434E+01	   9.020321E+05	  -9.341117E+00	   9.951651E+04	   2.689498E+00	   6.109538E+06	  -1.403692E+01	   4.405106E+05	   1.783432E+00
  106.7000	  -5.790722E-01	   1.880772E+05	   2.558289E+00	   6.441484E+06	  -1.871255E+01	   9.004262E+05	  -7.725227E+00	   1.033489E+05	   3.373593E+00	   6.144080E+06	  -1.868589E+01	   4.585000E+05	   3.213456E+00
  106.8000	  -5.393024E-01	   1.874250E+05	   3.170378E+00	   6.465730E+06	  -2.274396E+01	   8.918245E+05	  -6.956820E+00	   1.068256E+05	   3.919584E+00	   6.180690E+06	  -2.301418E+01	   4.758163E+05	   3.773505E+00
  106.9000	  -5.030068E-01	   1.855176E+05	   3.604840E+00	   6.491708E+06	  -2.577331E+01	   8.771234E+05	  -6.632235E+00	   1.097989E+05	   4.278905E+00	   6.219409E+06	  -2.634411E+01	   4.919070E+05	   3.869718E+00
  107.0000	  -4.704199E-01	   1.824471E+05	   3.743808E+00	   6.518950E+06	  -2.686813E+01	   8.572142E+05	  -6.726019E+00	   1.121312E+05	   4.334363E+00	   6.260220E+06	  -2.774034E+01	   5.061738E+05	   3.530833E+00
  107.1000	  -4.427987E-01	   1.783332E+05	   3.596918E+00	   6.546888E+06	  -2.609366E+01	   8.330379E+05	  -6.769391E+00	   1.137223E+05	   4.096360E+00	   6.302961E+06	  -2.726483E+01	   5.180883E+05	   3.229728E+00
  107.2000	  -4.210409E-01	   1.733082E+05	   3.172754E+00	   6.574938E+06	  -2.350563E+01	   8.055070E+05	  -6.565188E+00	   1.145035E+05	   3.574332E+00	   6.347383E+06	  -2.496980E+01	   5.271719E+05	   3.168318E+00
  107.3000	  -4.043859E-01	   1.674856E+05	   2.545735E+00	   6.602579E+06	  -1.924373E+01	   7.753462E+05	  -6.350868E+00	   1.144124E+05	   2.843621E+00	   6.393212E+06	  -2.099129E+01	   5.328922E+05	   3.114525E+00
  107.4000	  -3.917989E-01	   1.609655E+05	   1.811452E+00	   6.629300E+06	  -1.372607E+01	   7.431099E+05	  -6.514209E+00	   1.134050E+05	   2.000797E+00	   6.440086E+06	  -1.574379E+01	   5.347296E+05	   2.686392E+00
  107.5000	  -3.833030E-01	   1.538516E+05	   1.019761E+00	   6.654585E+06	  -7.450655E+00	   7.092937E+05	  -6.855213E+00	   1.114769E+05	   1.096735E+00	   6.487522E+06	  -9.721835E+00	   5.323279E+05	   2.089942E+00
  107.6000	  -3.786781E-01	   1.462237E+05	   3.056658E-01	   6.677995E+06	  -1.453669E+00	   6.742284E+05	  -7.269000E+00	   1.086389E+05	   2.674780E-01	   6.535009E+06	  -3.958387E+00	   5.254195E+05	   1.436128E+00
  107.7000	  -3.762270E-01	   1.381082E+05	  -2.952454E-01	   6.699220E+06	   3.850386E+00	   6.379350E+05	  -7.968263E+00	   1.048882E+05	  -4.503419E-01	   6.582054E+06	   1.134890E+00	   5.136943E+05	   5.180771E-01
  107.8000	  -3.742027E-01	   1.294940E+05	  -7.748240E-01	   6.718039E+06	   8.453986E+00	   6.002030E+05	  -9.243852E+00	   1.002235E+05	  -1.047549E+00	   6.628158E+06	   5.552864E+00	   4.968822E+05	  -9.496991E-01
  107.9000	  -3.721790E-01	   1.203510E+05	  -1.088360E+00	   6.734309E+06	   1.189692E+01	   5.607152E+05	  -9.857853E+00	   9.466011E+04	  -1.478441E+00	   6.672815E+06	   8.837218E+00	   4.748643E+05	  -1.724614E+00
  108.0000	  -3.697737E-01	   1.106154E+05	  -1.163362E+00	   6.748004E+06	   1.366557E+01	   5.189682E+05	  -8.712879E+00	   8.821028E+04	  -1.669577E+00	   6.715572E+06	   1.047569E+01	   4.475684E+05	  -7.055498E-01
  108.1000	  -3.654191E-01	   1.001814E+05	  -1.051871E+00	   6.759198E+06	   1.436881E+01	   4.742009E+05	  -6.195160E+00	   8.086800E+04	  -1.672109E+00	   6.756034E+06	   1.107796E+01	   4.148574E+05	   1.723889E+00
  108.2000	  -3.577672E-01	   8.892978E+04	  -8.648943E-01	   6.768030E+06	   1.496329E+01	   4.255402E+05	  -3.313551E+00	   7.262926E+04	  -1.596217E+00	   6.793846E+06	   1.160095E+01	   3.766259E+05	   4.556270E+00
  108.3000	  -3.470281E-01	   7.675223E+04	  -6.283344E-01	   6.774696E+06	   1.490957E+01	   3.721648E+05	  -4.540116E-01	   6.350731E+04	  -1.467047E+00	   6.828705E+06	   1.150493E+01	   3.329053E+05	   7.405725E+00
  108.4000	  -3.336526E-01	   6.355111E+04	  -3.161314E-01	   6.779430E+06	   1.381790E+01	   3.132976E+05	   2.321810E+00	   5.352260E+04	  -1.257843E+00	   6.860371E+06	   1.039935E+01	   2.837925E+05	   1.020935E+01
  108.5000	  -3.170500E-01	   4.924447E+04	  -3.634416E-02	   6.782478E+06	   1.254044E+01	   2.482129E+05	   3.825692E+00	   4.269789E+04	  -1.076035E+00	   6.888646E+06	   9.135109E+00	   2.293923E+05	   1.177640E+01
  108.6000	  -2.969216E-01	   3.379179E+04	   1.871203E-01	   6.784084E+06	   1.162332E+01	   1.764043E+05	   3.161242E+00	   3.107480E+04	  -9.449555E-01	   6.913382E+06	   8.256638E+00	   1.699215E+05	   1.120674E+01
  108.7000	  -2.745281E-01	   1.721083E+04	   4.038232E-01	   6.784506E+06	   1.062619E+01	   9.773277E+04	   1.187023E+00	   1.872241E+04	  -8.145162E-01	   6.934508E+06	   7.321504E+00	   1.057991E+05	   9.354178E+00
  108.8000	  -2.513164E-01	  -4.237048E+02	   6.975313E-01	   6.784006E+06	   9.219284E+00	   1.241993E+04	  -8.030316E-01	   5.729031E+03	  -6.004634E-01	   6.952018E+06	   5.997559E+00	   3.759105E+04	   7.506935E+00
  108.9000	  -2.275749E-01	  -1.898289E+04	   1.057276E+00	   6.782826E+06	   7.916396E+00	  -7.897174E+04	  -2.946028E+00	  -7.805069E+03	  -3.133126E-01	   6.965954E+06	   4.796022E+00	  -3.404863E+04	   5.521586E+00
  109.0000	  -2.037077E-01	  -3.827029E+04	   1.456907E+00	   6.781223E+06	   6.923752E+00	  -1.754434E+05	  -5.487639E+00	  -2.175725E+04	   2.121191E-02	   6.976436E+06	   3.920424E+00	  -1.083040E+05	   3.145661E+00
  109.1000	  -1.814588E-01	  -5.802136E+04	   1.920076E+00	   6.779479E+06	   5.755142E+00	  -2.755245E+05	  -7.213453E+00	  -3.598178E+04	   4.271698E-01	   6.983669E+06	   2.881859E+00	  -1.841711E+05	   1.586508E+00
  109.2000	  -1.625177E-01	  -7.791635E+04	   2.430516E+00	   6.777892E+06	   4.259205E+00	  -3.773754E+05	  -7.162882E+00	  -5.032043E+04	   8.886839E-01	   6.987917E+06	   1.526386E+00	  -2.605518E+05	   1.797581E+00
  109.3000	  -1.471657E-01	  -9.758462E+04	   2.886695E+00	   6.776774E+06	   2.786160E+00	  -4.788487E+05	  -6.335561E+00	  -6.460169E+04	   1.304595E+00	   6.989498E+06	   2.018765E-01	  -3.362904E+05	   2.772204E+00
  109.4000	  -1.355418E-01	  -1.166095E+05	   3.265632E+00	   6.776474E+06	   1.133502E+00	  -5.775322E+05	  -5.997673E+00	  -7.863817E+04	   1.652282E+00	   6.988788E+06	  -1.296198E+00	  -4.101762E+05	   3.237347E+00
  109.5000	  -1.288893E-01	  -1.345434E+05	   3.556404E+00	   6.777368E+06	  -4.769608E-01	  -6.708508E+05	  -5.627971E+00	  -9.223234E+04	   1.921166E+00	   6.986202E+06	  -2.747643E+00	  -4.809908E+05	   3.707703E+00
  109.6000	  -1.281947E-01	  -1.509229E+05	   3.757812E+00	   6.779846E+06	  -1.834231E+00	  -7.561849E+05	  -4.664639E+00	  -1.051799E+05	   2.110382E+00	   6.982170E+06	  -3.942615E+00	  -5.475612E+05	   4.738860E+00
  109.7000	  -1.328813E-01	  -1.652730E+05	   3.910265E+00	   6.784340E+06	  -2.994983E+00	  -8.309321E+05	  -4.408694E+00	  -1.172617E+05	   2.260653E+00	   6.977153E+06	  -4.938459E+00	  -6.087472E+05	   5.023913E+00
  109.8000	  -1.421208E-01	  -1.771267E+05	   4.043589E+00	   6.791316E+06	  -4.232115E+00	  -8.926212E+05	  -5.820269E+00	  -1.282501E+05	   2.402097E+00	   6.971639E+06	  -6.008279E+00	  -6.634761E+05	   3.597173E+00
  109.9000	  -1.561319E-01	  -1.860535E+05	   4.141390E+00	   6.801250E+06	  -5.311290E+00	  -9.390423E+05	  -7.764776E+00	  -1.379240E+05	   2.518595E+00	   6.966102E+06	  -6.917532E+00	  -7.107933E+05	   1.587982E+00
  110.0000	  -1.748870E-01	  -1.916660E+05	   4.163117E+00	   6.814630E+06	  -5.857292E+00	  -9.682700E+05	  -8.825702E+00	  -1.460624E+05	   2.569839E+00	   6.961018E+06	  -7.290469E+00	  -7.498076E+05	   4.079227E-01
  110.1000	  -1.968630E-01	  -1.936160E+05	   4.146975E+00	   6.832014E+06	  -6.149340E+00	  -9.786519E+05	  -9.669834E+00	  -1.524295E+05	   2.594246E+00	   6.956926E+06	  -7.405550E+00	  -7.796121E+05	  -6.144955E-01
  110.2000	  -2.203938E-01	  -1.916178E+05	   4.133531E+00	   6.853999E+06	  -6.634420E+00	  -9.689021E+05	  -1.098456E+01	  -1.567886E+05	   2.632545E+00	   6.954406E+06	  -7.708905E+00	  -7.993164E+05	  -2.171040E+00
  110.3000	  -2.450129E-01	  -1.854764E+05	   4.002558E+00	   6.881154E+06	  -6.667503E+00	  -9.381750E+05	  -1.150150E+01	  -1.589223E+05	   2.564614E+00	   6.954022E+06	  -7.554669E+00	  -8.080801E+05	  -2.997412E+00
  110.4000	  -2.701977E-01	  -1.750734E+05	   3.734865E+00	   6.914046E+06	  -6.022014E+00	  -8.859868E+05	  -1.022987E+01	  -1.586159E+05	   2.371294E+00	   6.956364E+06	  -6.715570E+00	  -8.050041E+05	  -2.106533E+00
  110.5000	  -2.941375E-01	  -1.603399E+05	   3.349626E+00	   6.953304E+06	  -5.133020E+00	  -8.121020E+05	  -8.110018E+00	  -1.556280E+05	   2.071694E+00	   6.962136E+06	  -5.626207E+00	  -7.890138E+05	  -4.420076E-01
  110.6000	  -3.150890E-01	  -1.412798E+05	   2.859598E+00	   6.999556E+06	  -4.478855E+00	  -7.166184E+05	  -6.045147E+00	  -1.497179E+05	   1.678394E+00	   6.972096E+06	  -4.764737E+00	  -7.589551E+05	   1.090262E+00
  110.7000	  -3.327073E-01	  -1.179922E+05	   2.214530E+00	   7.053300E+06	  -3.886114E+00	  -6.000196E+05	  -3.064519E+00	  -1.406736E+05	   1.140830E+00	   6.986958E+06	  -3.957911E+00	  -7.136826E+05	   3.458979E+00
  110.8000	  -3.467793E-01	  -9.063828E+04	   1.416906E+00	   7.114960E+06	  -3.130569E+00	  -4.630269E+05	   1.354707E+00	  -1.282888E+05	   4.610157E-01	   7.007446E+06	  -2.981981E+00	  -6.519648E+05	   7.185797E+00
  110.9000	  -3.559635E-01	  -5.940560E+04	   6.972388E-01	   7.184970E+06	  -2.890196E+00	  -3.064526E+05	   5.226625E+00	  -1.123396E+05	  -1.311818E-01	   7.034396E+06	  -2.515699E+00	  -5.724086E+05	   1.028449E+01
  111.0000	  -3.590987E-01	  -2.454081E+04	   2.109238E-01	   7.263662E+06	  -3.487598E+00	  -1.313201E+05	   6.847038E+00	  -9.263250E+04	  -4.812000E-01	   7.068651E+06	  -2.882694E+00	  -4.736649E+05	   1.105164E+01
  111.1000	  -3.564949E-01	   1.362238E+04	  -3.105940E-03	   7.351123E+06	  -4.682374E+00	   6.104454E+04	   6.845847E+00	  -6.904947E+04	  -5.511357E-01	   7.110912E+06	  -3.843760E+00	  -3.546155E+05	   1.011902E+01
  111.2000	  -3.486252E-01	   5.469885E+04	   3.397347E-02	   7.447268E+06	  -6.437815E+00	   2.691723E+05	   6.754039E+00	  -4.152970E+04	  -3.633940E-01	   7.161808E+06	  -5.363497E+00	  -2.143149E+05	   9.020708E+00
  111.3000	  -3.348223E-01	   9.826911E+04	   2.869017E-01	   7.551958E+06	  -8.695093E+00	   4.914330E+05	   6.324418E+00	  -1.007100E+04	   4.534762E-02	   7.222009E+06	  -7.384432E+00	  -5.211102E+04	   7.513864E+00
  111.4000	  -3.145458E-01	   1.437897E+05	   2.828592E-01	   7.664370E+06	  -1.035378E+01	   7.210682E+05	   6.772021E+00	   2.516359E+04	   2.006778E-01	   7.291570E+06	  -8.807493E+00	   1.272926E+05	   6.819111E+00
  111.5000	  -2.886312E-01	   1.905458E+05	  -1.403160E-01	   7.782760E+06	  -1.069524E+01	   9.459475E+05	   7.737096E+00	   6.378282E+04	  -6.130525E-02	   7.369681E+06	  -8.915347E+00	   3.135023E+05	   6.583539E+00
  111.6000	  -2.579700E-01	   2.377676E+05	  -1.627086E-01	   7.905496E+06	  -1.243026E+01	   1.157379E+06	   7.019152E+00	   1.052702E+05	   7.745590E-02	   7.455670E+06	  -1.042010E+01	   4.991738E+05	   4.614670E+00
  111.7000	  -2.221904E-01	   2.846589E+05	   4.350420E-01	   8.031084E+06	  -1.563045E+01	   1.348526E+06	   2.960855E+00	   1.490031E+05	   8.343868E-01	   7.549004E+06	  -1.339463E+01	   6.783699E+05	  -7.357262E-01
  111.8000	  -1.809156E-01	   3.303817E+05	   7.587791E-01	   8.157855E+06	  -1.640348E+01	   1.512843E+06	  -5.949162E+00	   1.942298E+05	   1.313358E+00	   7.648946E+06	  -1.394793E+01	   8.449641E+05	  -1.096890E+01
  111.9000	  -1.350192E-01	   3.741201E+05	   3.070083E+00	   8.283777E+06	  -2.719847E+01	   1.643930E+06	  -1.390193E+01	   2.401318E+05	   3.773987E+00	   7.754335E+06	  -2.453048E+01	   9.924766E+05	  -2.026492E+01
  112.0000	  -8.532955E-02	   4.151312E+05	   2.637355E+00	   8.406759E+06	  -2.350109E+01	   1.736546E+06	  -6.233420E+00	   2.858748E+05	   3.482767E+00	   7.863864E+06	  -2.062946E+01	   1.115100E+06	  -1.394805E+01
  112.1000	  -3.133852E-02	   4.527283E+05	  -5.014441E+00	   8.524825E+06	  -9.336765E+01	   1.786618E+06	   1.620751E+01	   3.305978E+05	  -4.037151E+00	   7.976226E+06	  -9.030283E+01	   1.207735E+06	   7.145076E+00
  112.2000	   2.751423E-02	   4.862787E+05	  -1.419065E+00	   8.636199E+06	   2.384554E+00	   1.792065E+06	   1.088990E+01	   3.734189E+05	  -3.212040E-01	   8.090174E+06	   5.630243E+00	   1.266871E+06	   4.961178E-01
  112.3000	   9.054977E-02	   5.152780E+05	  -2.479591E+00	   8.739463E+06	   1.271779E+01	   1.753322E+06	   1.230853E+01	   4.135218E+05	  -1.273967E+00	   8.204666E+06	   1.613003E+01	   1.291168E+06	   6.126412E-01
  112.4000	   1.571038E-01	   5.393388E+05	  -3.110531E+00	   8.833491E+06	   1.159265E+01	   1.672330E+06	   8.765699E+00	   4.501576E+05	  -1.811260E+00	   8.318781E+06	   1.515492E+01	   1.280534E+06	  -4.190295E+00
  112.5000	   2.277775E-01	   5.581119E+05	  -2.269319E+01	   8.917478E+06	  -2.533563E+02	   1.552121E+06	  -2.247936E+01	   4.825825E+05	  -2.131547E+01	   8.431742E+06	  -2.496629E+02	   1.235794E+06	  -3.664095E+01
  112.6000	   3.031322E-01	   5.713182E+05	  -8.610091E+00	   8.990645E+06	  -3.635669E+01	   1.397868E+06	  -2.381971E+00	   5.101061E+05	  -7.169959E+00	   8.542622E+06	  -3.255318E+01	   1.159837E+06	  -1.768254E+01
  112.7000	   3.823739E-01	   5.788249E+05	  -5.922680E+00	   9.052237E+06	   4.213646E-01	   1.218348E+06	   8.733421E+00	   5.321844E+05	  -4.436777E+00	   8.650343E+06	   4.311457E+00	   1.059169E+06	  -7.628142E+00
  112.8000	   4.645875E-01	   5.805702E+05	  -4.666954E+00	   9.101800E+06	  -3.130719E+00	   1.022331E+06	   8.820735E+00	   5.483601E+05	  -3.152269E+00	   8.753965E+06	   8.203368E-01	   9.403939E+05	  -8.513249E+00
  112.9000	   5.499818E-01	   5.764622E+05	  -3.432089E+00	   9.139280E+06	  -1.340462E+01	   8.172659E+05	   7.368153E+00	   5.581767E+05	  -1.905710E+00	   8.852801E+06	  -9.420132E+00	   8.089749E+05	  -1.084017E+01
  113.0000	   6.386001E-01	   5.664375E+05	   4.644415E+01	   9.164857E+06	   5.724961E+02	   6.107791E+05	  -4.556196E+01	   5.612492E+05	   4.796527E+01	   8.946267E+06	   5.764849E+02	   6.708038E+05	  -6.453821E+01
  113.1000	   7.290242E-01	   5.505612E+05	  -1.733295E+00	   9.178628E+06	   4.099226E-01	   4.096164E+05	   5.548184E+00	   5.573747E+05	  -2.340022E-01	   9.033588E+06	   4.372676E+00	   5.311951E+05	  -1.408260E+01
  113.2000	   8.196307E-01	   5.289331E+05	   4.887529E+01	   9.181460E+06	   6.148784E+02	   2.200809E+05	   5.028096E+01	   5.464448E+05	   5.033675E+01	   9.114675E+06	   6.187841E+02	   3.953591E+05	   3.011464E+01
  113.3000	   9.098727E-01	   5.015822E+05	  -2.577947E+00	   9.173522E+06	  -2.176186E+00	   4.795597E+04	   8.775807E+00	   5.283448E+05	  -1.169525E+00	   9.188679E+06	   1.641119E+00	   2.683434E+05	  -1.180293E+01
  113.4000	   9.990427E-01	   4.685732E+05	  -3.089993E+00	   9.155664E+06	  -7.996796E+00	  -1.020779E+05	   9.642602E+00	   5.030609E+05	  -1.748871E+00	   9.255395E+06	  -4.298855E+00	   1.544526E+05	  -1.122276E+01
  113.5000	   1.085022E+00	   4.301167E+05	  -2.677473E+00	   9.128619E+06	  -5.738795E+00	  -2.266557E+05	   7.721548E+00	   4.707878E+05	  -1.416802E+00	   9.314485E+06	  -2.190399E+00	   5.701924E+04	  -1.330342E+01
  113.6000	   1.165581E+00	   3.864734E+05	  -1.880002E+00	   9.093290E+06	  -5.325211E-01	  -3.238050E+05	   5.023962E+00	   4.318281E+05	  -7.116933E-01	   9.365789E+06	   2.837483E+00	  -2.170369E+04	  -1.603368E+01
  113.7000	   1.239705E+00	   3.378825E+05	  -1.428812E+00	   9.050464E+06	   4.005488E+00	  -3.923359E+05	   3.205026E-01	   3.865130E+05	  -3.634347E-01	   9.409048E+06	   7.170087E+00	  -7.997418E+04	  -2.064425E+01
  113.8000	   1.306399E+00	   2.846820E+05	  -1.450961E+00	   9.000939E+06	   2.204105E+00	  -4.324629E+05	  -4.569373E+00	   3.353140E+05	  -4.976639E-01	   9.444052E+06	   5.138604E+00	  -1.172359E+05	  -2.531813E+01
  113.9000	   1.363475E+00	   2.273788E+05	  -1.236987E+00	   8.945698E+06	   3.746871E+00	  -4.464169E+05	  -7.816902E+00	   2.789014E+05	  -4.034470E-01	   9.470822E+06	   6.429338E+00	  -1.347864E+05	  -2.822997E+01
  114.0000	   1.408867E+00	   1.665443E+05	  -1.396044E+00	   8.885715E+06	  -7.172267E-01	  -4.376924E+05	  -9.406254E+00	   2.180301E+05	  -6.884331E-01	   9.489421E+06	   1.694461E+00	  -1.350859E+05	  -2.936820E+01
  114.1000	   1.441955E+00	   1.027768E+05	  -1.100321E+00	   8.821748E+06	  -5.063803E+00	  -4.104898E+05	  -1.094625E+01	   1.534894E+05	  -5.233032E-01	   9.499757E+06	  -2.938082E+00	  -1.212589E+05	  -3.034653E+01
  114.2000	   1.462382E+00	   3.678170E+04	  -1.397137E-01	   8.754477E+06	  -5.127978E+00	  -3.700197E+05	  -1.056142E+01	   8.617408E+04	   3.035509E-01	   9.501716E+06	  -3.299519E+00	  -9.745202E+04	  -2.929497E+01
  114.3000	   1.468818E+00	  -3.064277E+04	   9.267535E-01	   8.684648E+06	  -1.524619E+00	  -3.224080E+05	  -9.743421E+00	   1.706018E+04	   1.234575E+00	   9.495309E+06	  -5.640796E-04	  -6.878813E+04	  -2.771105E+01
  114.4000	   1.460238E+00	  -9.868544E+04	   1.738781E+00	   8.612878E+06	   2.816473E+00	  -2.739775E+05	  -8.534431E+00	  -5.288188E+04	   1.910905E+00	   9.480480E+06	   4.033321E+00	  -4.068410E+04	  -2.564320E+01
  114.5000	   1.437209E+00	  -1.665023E+05	   1.754579E+00	   8.539472E+06	   2.825708E-01	  -2.311270E+05	  -7.140366E+00	  -1.226729E+05	   1.792135E+00	   9.456916E+06	   1.193822E+00	  -1.875746E+04	  -2.330391E+01
  114.6000	   1.400656E+00	  -2.331881E+05	   1.158703E+00	   8.464570E+06	  -2.640523E+00	  -2.004415E+05	  -6.432685E+00	  -1.912996E+05	   1.064152E+00	   9.424196E+06	  -2.028889E+00	  -8.950041E+03	  -2.157143E+01
  114.7000	   1.350581E+00	  -2.978535E+05	   5.453519E-01	   8.388324E+06	   7.165221E-01	  -1.882413E+05	  -6.940578E+00	  -2.577923E+05	   3.224269E-01	   9.381969E+06	   1.038690E+00	  -1.707988E+04	  -2.098206E+01
  114.8000	   1.287262E+00	  -3.596466E+05	   5.710446E-01	   8.310740E+06	   7.948056E+00	  -2.004331E+05	  -8.531273E+00	  -3.212451E+05	   2.246895E-01	   9.329797E+06	   7.994733E+00	  -4.868282E+04	  -2.141036E+01
  114.9000	   1.212496E+00	  -4.176851E+05	   4.289936E-01	   8.231529E+06	   9.825955E+00	  -2.426394E+05	  -1.162703E+01	  -3.807448E+05	  -3.469934E-02	   9.267014E+06	   9.614415E+00	  -1.091220E+05	  -2.328623E+01
  115.0000	   1.128309E+00	  -4.711066E+05	   4.070196E-01	   8.150318E+06	   1.121598E+01	  -3.197016E+05	  -1.644725E+01	  -4.354164E+05	  -1.668353E-01	   9.192937E+06	   1.076612E+01	  -2.030662E+05	  -2.683702E+01
  115.1000	   1.035631E+00	  -5.192073E+05	   7.874075E-01	   8.066870E+06	   1.448405E+01	  -4.348427E+05	  -2.178767E+01	  -4.845557E+05	   1.115836E-01	   9.107098E+06	   1.381756E+01	  -3.336216E+05	  -3.086667E+01
  115.2000	   9.354569E-01	  -5.614254E+05	   2.417199E-01	   7.980944E+06	   9.439512E+00	  -5.897946E+05	  -1.798422E+01	  -5.276063E+05	  -5.269357E-01	   9.009114E+06	   8.578947E+00	  -5.024269E+05	  -2.571965E+01
  115.3000	   8.300561E-01	  -5.972881E+05	  -3.094140E-01	   7.892662E+06	   4.221473E+00	  -7.801411E+05	  -5.440803E+00	  -5.641015E+05	  -1.160895E+00	   8.899063E+06	   3.189237E+00	  -7.049664E+05	  -1.180873E+01
  115.4000	   7.216842E-01	  -6.265181E+05	  -5.922673E-02	   7.802886E+06	   1.549630E+00	  -9.935923E+05	   4.353640E+00	  -5.937646E+05	  -9.827434E-01	   8.777871E+06	   3.669575E-01	  -9.288194E+05	  -6.318724E-01
  115.5000	   6.112570E-01	  -6.490645E+05	   1.967531E-01	   7.712320E+06	   1.398351E+01	  -1.220003E+06	   9.519791E+00	  -6.165355E+05	  -7.873196E-01	   8.646423E+06	   1.266948E+01	  -1.163660E+06	   5.922331E+00
  115.6000	   4.995240E-01	  -6.649879E+05	  -6.127104E-01	   7.621480E+06	   2.233248E+01	  -1.450500E+06	   6.994462E+00	  -6.324544E+05	  -1.645271E+00	   8.505541E+06	   2.090313E+01	  -1.400376E+06	   4.781319E+00
  115.7000	   3.883032E-01	  -6.743448E+05	  -1.481111E+00	   7.530842E+06	   1.396170E+01	  -1.675708E+06	   3.392275E+00	  -6.415445E+05	  -2.549616E+00	   8.356139E+06	   1.242930E+01	  -1.629298E+06	   2.550327E+00
  115.8000	   2.792379E-01	  -6.772674E+05	   2.012734E+01	   7.441036E+06	   3.185357E+02	  -1.885613E+06	  -2.686179E+01	  -6.438942E+05	   1.903580E+01	   8.199416E+06	   3.169082E+02	  -1.840071E+06	  -2.635499E+01
  115.9000	   1.725191E-01	  -6.740234E+05	   2.099160E-02	   7.352418E+06	   1.439834E+01	  -2.072235E+06	   7.233345E+00	  -6.397194E+05	  -1.080457E+00	   8.036430E+06	   1.267925E+01	  -2.024354E+06	   9.057282E+00
  116.0000	   6.810583E-02	  -6.649393E+05	   8.704789E-01	   7.265474E+06	  -2.924814E+00	  -2.228490E+06	   6.115363E+00	  -6.292918E+05	  -2.276332E-01	   7.868485E+06	  -4.736679E+00	  -2.174710E+06	   9.215988E+00
  116.1000	  -3.299290E-02	  -6.503161E+05	   1.296071E+00	   7.180266E+06	  -6.503975E+00	  -2.348434E+06	   5.674708E+00	  -6.128610E+05	   2.145112E-01	   7.696577E+06	  -8.414075E+00	  -2.284884E+06	   1.000310E+01
  116.2000	  -1.298991E-01	  -6.305203E+05	   5.145464E-01	   7.096734E+06	   2.212829E-01	  -2.427004E+06	   3.783314E+00	  -5.907529E+05	  -5.373998E-01	   7.521673E+06	  -1.796309E+00	  -2.349591E+06	   9.282536E+00
  116.3000	  -2.230985E-01	  -6.060422E+05	   6.615511E-01	   7.014822E+06	   7.387880E+00	  -2.460851E+06	   1.127891E+00	  -5.634342E+05	  -3.479981E-01	   7.344818E+06	   5.250490E+00	  -2.365383E+06	   7.733566E+00
  116.4000	  -3.131872E-01	  -5.773942E+05	   9.080294E-01	   6.934642E+06	   6.232756E+00	  -2.448192E+06	  -3.417104E+00	  -5.314189E+05	  -4.673583E-02	   7.167282E+06	   3.961143E+00	  -2.330538E+06	   4.223815E+00
  116.5000	  -3.995619E-01	  -5.450640E+05	   9.953585E-01	   6.856668E+06	   2.858274E+00	  -2.388796E+06	  -8.618068E+00	  -4.952266E+05	   1.072560E-01	   6.990710E+06	   4.369713E-01	  -2.245082E+06	  -1.928631E-02
  116.6000	  -4.815802E-01	  -5.095899E+05	   1.815141E+00	   6.781832E+06	  -4.164657E+00	  -2.285525E+06	  -1.006339E+01	  -4.554628E+05	   1.004971E+00	   6.817214E+06	  -6.751012E+00	  -2.112344E+06	  -5.896138E-01
  116.7000	  -5.597850E-01	  -4.716321E+05	   2.700695E+00	   6.711604E+06	  -6.792456E+00	  -2.146370E+06	  -3.313808E+00	  -4.128926E+05	   1.979020E+00	   6.649406E+06	  -9.557949E+00	  -1.941006E+06	   6.947284E+00
  116.8000	  -6.346701E-01	  -4.318622E+05	   3.288924E+00	   6.647368E+06	  -8.390554E+00	  -1.980425E+06	   1.458845E+00	  -3.683306E+05	   2.665514E+00	   6.489756E+06	  -1.134687E+01	  -1.741074E+06	   1.241547E+01
  116.9000	  -7.053900E-01	  -3.909044E+05	   2.935331E+00	   6.590316E+06	  -7.344461E+00	  -1.795647E+06	   1.264665E+00	  -3.225800E+05	   2.419081E+00	   6.340463E+06	  -1.049984E+01	  -1.521615E+06	   1.282160E+01
  117.0000	  -7.709462E-01	  -3.493521E+05	   2.424131E+00	   6.541554E+06	  -6.208203E+00	  -1.600269E+06	   4.789586E-01	  -2.764443E+05	   2.022989E+00	   6.203534E+06	  -9.566569E+00	  -1.292145E+06	   1.253817E+01
  117.1000	  -8.314503E-01	  -3.077250E+05	   1.969339E+00	   6.502079E+06	  -4.024808E+00	  -1.404156E+06	   1.304634E+00	  -2.306775E+05	   1.690239E+00	   6.080746E+06	  -7.585052E+00	  -1.063935E+06	   1.376586E+01
  117.2000	  -8.869407E-01	  -2.663740E+05	   1.629277E+00	   6.472618E+06	  -1.660233E+00	  -1.215663E+06	   2.630065E+00	  -1.858798E+05	   1.478073E+00	   5.973479E+06	  -5.415716E+00	  -8.468174E+05	   1.539142E+01
  117.3000	  -9.361398E-01	  -2.254348E+05	   1.247484E+00	   6.453209E+06	   5.907319E-01	  -1.034940E+06	   2.854023E+00	  -1.424394E+05	   1.228900E+00	   5.882288E+06	  -3.347564E+00	  -6.424210E+05	   1.581252E+01
  117.4000	  -9.776808E-01	  -1.849382E+05	   9.401785E-01	   6.443738E+06	   2.427503E+00	  -8.605272E+05	   2.483679E+00	  -1.006313E+05	   1.057751E+00	   5.807438E+06	  -1.675372E+00	  -4.507055E+05	   1.553573E+01
  117.5000	  -1.011412E+00	  -1.448032E+05	   5.765595E-01	   6.443834E+06	   4.418575E+00	  -6.904414E+05	   1.500749E+00	  -6.059734E+04	   8.326030E-01	   5.748807E+06	   1.749414E-01	  -2.709656E+05	   1.454271E+01
  117.6000	  -1.037250E+00	  -1.048685E+05	   2.701369E-01	   6.453089E+06	   6.261032E+00	  -5.224381E+05	  -1.313039E-01	  -2.236433E+04	   6.657102E-01	   5.706120E+06	   1.905593E+00	  -1.020308E+05	   1.279740E+01
  117.7000	  -1.053970E+00	  -6.496266E+04	   1.258110E-01	   6.471302E+06	   7.414323E+00	  -3.544029E+05	  -1.860120E+00	   1.409742E+04	   6.606941E-01	   5.679206E+06	   2.980484E+00	   5.740995E+04	   1.085315E+01
  117.8000	  -1.060436E+00	  -2.492082E+04	   6.443573E-02	   6.498277E+06	   8.298073E+00	  -1.844272E+05	  -2.777240E+00	   4.886802E+04	   7.371210E-01	   5.667816E+06	   3.822821E+00	   2.087855E+05	   9.620056E+00
  117.9000	  -1.056901E+00	   1.542615E+04	   2.976407E-02	   6.533612E+06	   9.143477E+00	  -1.076483E+04	  -2.584255E+00	   8.209739E+04	   8.374571E-01	   5.671431E+06	   4.666355E+00	   3.537282E+05	   9.398822E+00
  118.0000	  -1.043863E+00	   5.620530E+04	  -8.128691E-02	   6.576896E+06	   9.651749E+00	   1.679537E+05	  -1.861310E+00	   1.139645E+05	   8.573441E-01	   5.689488E+06	   5.213699E+00	   4.938850E+05	   9.612309E+00
  118.1000	  -1.020825E+00	   9.744615E+04	  -3.276854E-01	   6.627900E+06	   9.898840E+00	   3.525093E+05	  -6.082347E-01	   1.446241E+05	   7.365642E-01	   5.721589E+06	   5.540974E+00	   6.307120E+05	   1.026455E+01
  118.2000	  -9.874845E-01	   1.390823E+05	  -9.116555E-01	   6.686364E+06	   1.056166E+01	   5.431104E+05	   2.251145E+00	   1.742079E+05	   2.716747E-01	   5.767303E+06	   6.324008E+00	   7.654811E+05	   1.243646E+01
  118.3000	  -9.449984E-01	   1.809735E+05	  -1.733706E+00	   6.751787E+06	   1.131986E+01	   7.394695E+05	   5.861813E+00	   2.028411E+05	  -4.390097E-01	   5.825981E+06	   7.240133E+00	   8.993237E+05	   1.527869E+01
  118.4000	  -8.947831E-01	   2.228774E+05	  -2.276551E+00	   6.823603E+06	   1.067510E+01	   9.406882E+05	   6.939921E+00	   2.306064E+05	  -8.793345E-01	   5.896942E+06	   6.787579E+00	   1.033068E+06	   1.551410E+01
  118.5000	  -8.372317E-01	   2.644127E+05	  -2.480421E+00	   6.901336E+06	   8.783996E+00	   1.145112E+06	   6.669520E+00	   2.574953E+05	  -9.906081E-01	   5.979631E+06	   5.118507E+00	   1.167029E+06	   1.433444E+01
  118.6000	  -7.728485E-01	   3.050809E+05	  -2.495538E+00	   6.984404E+06	   6.059115E+00	   1.350377E+06	   8.833904E+00	   2.834152E+05	  -9.240752E-01	   6.073431E+06	   2.640245E+00	   1.300969E+06	   1.553167E+01
  118.7000	  -7.034585E-01	   3.443153E+05	  -2.815589E+00	   7.071962E+06	   2.135517E+00	   1.553581E+06	   1.602034E+01	   3.082220E+05	  -1.174389E+00	   6.177495E+06	  -1.017969E+00	   1.434186E+06	   2.170270E+01
  118.8000	  -6.309834E-01	   3.814650E+05	  -3.634652E+00	   7.162843E+06	  -3.146238E+00	   1.749129E+06	   2.623314E+01	   3.316856E+05	  -1.936524E+00	   6.290685E+06	  -6.021702E+00	   1.563257E+06	   3.086227E+01
  118.9000	  -5.561230E-01	   4.157452E+05	  -4.023587E+00	   7.255440E+06	  -8.133384E+00	   1.926448E+06	   2.927598E+01	   3.534214E+05	  -2.282170E+00	   6.411434E+06	  -1.072435E+01	   1.679658E+06	   3.282517E+01
  119.0000	  -4.794714E-01	   4.463647E+05	  -3.740537E+00	   7.348438E+06	  -1.215887E+01	   2.078666E+06	   2.530840E+01	   3.729999E+05	  -1.970217E+00	   6.538460E+06	  -1.446475E+01	   1.778344E+06	   2.776252E+01
  119.1000	  -4.027202E-01	   4.726209E+05	  -3.428938E+00	   7.440668E+06	  -1.421908E+01	   2.202067E+06	   1.952362E+01	   3.900241E+05	  -1.644756E+00	   6.670605E+06	  -1.624472E+01	   1.857125E+06	   2.087942E+01
  119.2000	  -3.274495E-01	   4.939196E+05	  -3.066081E+00	   7.531090E+06	  -1.469952E+01	   2.294398E+06	   1.340610E+01	   4.041349E+05	  -1.283626E+00	   6.806783E+06	  -1.645439E+01	   1.914894E+06	   1.367219E+01
  119.3000	  -2.538356E-01	   5.097409E+05	  -2.685509E+00	   7.618721E+06	  -1.497611E+01	   2.353455E+06	   6.501889E+00	   4.149659E+05	  -9.207867E-01	   6.945898E+06	  -1.647343E+01	   1.950160E+06	   5.698510E+00
  119.4000	  -1.817954E-01	   5.197057E+05	  -1.342953E+00	   7.702433E+06	  -2.019280E+01	   2.376728E+06	   3.169387E+00	   4.222009E+05	   3.877582E-01	   7.086616E+06	  -2.144849E+01	   1.960661E+06	   1.327888E+00
  119.5000	  -1.122343E-01	   5.236515E+05	  -1.744472E+00	   7.780996E+06	  -1.395614E+01	   2.362551E+06	   7.961180E+00	   4.256477E+05	  -6.415032E-02	   7.227388E+06	  -1.498772E+01	   1.944500E+06	   5.123240E+00
  119.6000	  -4.589380E-02	   5.215982E+05	  -2.290203E+00	   7.853356E+06	  -7.768066E+00	   2.310996E+06	   1.325573E+01	   4.252038E+05	  -6.765594E-01	   7.366724E+06	  -8.593602E+00	   1.901050E+06	   9.472353E+00
  119.7000	   1.788086E-02	   5.136778E+05	  -2.482962E+00	   7.918918E+06	  -1.460027E+00	   2.223860E+06	   1.673757E+01	   4.207924E+05	  -9.519885E-01	   7.503456E+06	  -2.097090E+00	   1.830974E+06	   1.206784E+01
  119.8000	   7.994913E-02	   5.001716E+05	  -2.394397E+00	   7.977468E+06	   7.464118E+00	   2.104400E+06	   1.859537E+01	   4.124087E+05	  -9.615605E-01	   7.636678E+06	   6.999284E+00	   1.736024E+06	   1.310508E+01
  119.9000	   1.400756E-01	   4.815437E+05	  -1.888101E+00	   8.029123E+06	   1.495345E+01	   1.957486E+06	   1.960349E+01	   4.001677E+05	  -5.681159E-01	   7.765684E+06	   1.464661E+01	   1.619264E+06	   1.336355E+01
  120.0000	   1.980288E-01	   4.583662E+05	  -1.010242E+00	   8.074185E+06	   1.677621E+01	   1.788860E+06	   1.963334E+01	   3.842460E+05	   1.831648E-01	   7.889849E+06	   1.661562E+01	   1.484414E+06	   1.271820E+01
