
These predictions were generated by MoorDyn (v2.3.82025-02-27) on 13-Apr-2026 at 09:08:13.

 
 
 
      Time        FAIRTEN1       LINE1NAPX
       (s)             (N)             (m)
    0.0000   4.2596977E+05   1.0137443E+00
    0.0100   4.2597003E+05   1.0137443E+00
    0.0200   4.2611157E+05   1.0137451E+00
    0.0300   4.2626880E+05   1.0137461E+00
    0.0400   4.2644073E+05   1.0137472E+00
    0.0500   4.2662637E+05   1.0137483E+00
    0.0600   4.2682468E+05   1.0137495E+00
    0.0700   4.2703496E+05   1.0137508E+00
    0.0800   4.2725646E+05   1.0137521E+00
    0.0900   4.2748854E+05   1.0137536E+00
    0.1000   4.2773052E+05   1.0137550E+00
    0.1100   4.2798199E+05   1.0137566E+00
    0.1200   4.2824247E+05   1.0137582E+00
    0.1300   4.2851161E+05   1.0137598E+00
    0.1400   4.2878892E+05   1.0137615E+00
    0.1500   4.2907406E+05   1.0137633E+00
    0.1600   4.2936673E+05   1.0137651E+00
    0.1700   4.2966674E+05   1.0137669E+00
    0.1800   4.2997379E+05   1.0137688E+00
    0.1900   4.3028766E+05   1.0137707E+00
    0.2000   4.3060822E+05   1.0137727E+00
    0.2100   4.3093522E+05   1.0137747E+00
    0.2200   4.3126847E+05   1.0137767E+00
    0.2300   4.3160788E+05   1.0137788E+00
    0.2400   4.3195321E+05   1.0137809E+00
    0.2500   4.3230451E+05   1.0137831E+00
    0.2600   4.3266151E+05   1.0137852E+00
    0.2700   4.3302417E+05   1.0137875E+00
    0.2800   4.3339236E+05   1.0137897E+00
    0.2900   4.3376600E+05   1.0137920E+00
    0.3000   4.3414507E+05   1.0137943E+00
    0.3100   4.3452943E+05   1.0137967E+00
    0.3200   4.3491900E+05   1.0137991E+00
    0.3300   4.3531376E+05   1.0138015E+00
    0.3400   4.3571374E+05   1.0138039E+00
    0.3500   4.3611886E+05   1.0138064E+00
    0.3600   4.3652909E+05   1.0138089E+00
    0.3700   4.3694426E+05   1.0138115E+00
    0.3800   4.3736429E+05   1.0138141E+00
    0.3900   4.3778913E+05   1.0138167E+00
    0.4000   4.3821878E+05   1.0138193E+00
    0.4100   4.3865331E+05   1.0138220E+00
    0.4200   4.3909265E+05   1.0138247E+00
    0.4300   4.3953661E+05   1.0138274E+00
    0.4400   4.3998524E+05   1.0138301E+00
    0.4500   4.4043843E+05   1.0138329E+00
    0.4600   4.4089617E+05   1.0138357E+00
    0.4700   4.4135845E+05   1.0138386E+00
    0.4800   4.4182516E+05   1.0138414E+00
    0.4900   4.4229624E+05   1.0138443E+00
    0.5000   4.4277166E+05   1.0138472E+00
    0.5100   4.4325145E+05   1.0138502E+00
    0.5200   4.4373552E+05   1.0138531E+00
    0.5300   4.4422380E+05   1.0138561E+00
    0.5400   4.4471628E+05   1.0138592E+00
    0.5500   4.4521283E+05   1.0138622E+00
    0.5600   4.4571335E+05   1.0138653E+00
    0.5700   4.4621778E+05   1.0138684E+00
    0.5800   4.4672611E+05   1.0138715E+00
    0.5900   4.4723838E+05   1.0138746E+00
    0.6000   4.4775449E+05   1.0138778E+00
    0.6100   4.4827438E+05   1.0138810E+00
    0.6200   4.4879802E+05   1.0138842E+00
    0.6300   4.4932526E+05   1.0138874E+00
    0.6400   4.4985599E+05   1.0138907E+00
    0.6500   4.5039013E+05   1.0138940E+00
    0.6600   4.5092763E+05   1.0138973E+00
    0.6700   4.5146849E+05   1.0139006E+00
    0.6800   4.5201258E+05   1.0139039E+00
    0.6900   4.5255996E+05   1.0139073E+00
    0.7000   4.5311056E+05   1.0139107E+00
    0.7100   4.5366415E+05   1.0139141E+00
    0.7200   4.5422075E+05   1.0139175E+00
    0.7300   4.5478019E+05   1.0139209E+00
    0.7400   4.5534254E+05   1.0139244E+00
    0.7500   4.5590771E+05   1.0139278E+00
    0.7600   4.5647566E+05   1.0139313E+00
    0.7700   4.5704616E+05   1.0139348E+00
    0.7800   4.5761924E+05   1.0139383E+00
    0.7900   4.5819473E+05   1.0139419E+00
    0.8000   4.5877253E+05   1.0139454E+00
    0.8100   4.5935272E+05   1.0139490E+00
    0.8200   4.5993504E+05   1.0139526E+00
    0.8300   4.6051946E+05   1.0139562E+00
    0.8400   4.6110596E+05   1.0139598E+00
    0.8500   4.6169436E+05   1.0139634E+00
    0.8600   4.6228468E+05   1.0139670E+00
    0.8700   4.6287679E+05   1.0139706E+00
    0.8800   4.6347057E+05   1.0139743E+00
    0.8900   4.6406594E+05   1.0139779E+00
    0.9000   4.6466280E+05   1.0139816E+00
    0.9100   4.6526111E+05   1.0139853E+00
    0.9200   4.6586081E+05   1.0139890E+00
    0.9300   4.6646169E+05   1.0139927E+00
    0.9400   4.6706375E+05   1.0139964E+00
    0.9500   4.6766697E+05   1.0140001E+00
    0.9600   4.6827120E+05   1.0140038E+00
    0.9700   4.6887626E+05   1.0140075E+00
    0.9800   4.6948219E+05   1.0140112E+00
    0.9900   4.7008886E+05   1.0140149E+00
    1.0000   4.7069612E+05   1.0140187E+00
    1.0100   4.7130387E+05   1.0140224E+00
    1.0200   4.7191197E+05   1.0140261E+00
    1.0300   4.7252050E+05   1.0140299E+00
    1.0400   4.7312935E+05   1.0140336E+00
    1.0500   4.7373842E+05   1.0140374E+00
    1.0600   4.7434759E+05   1.0140411E+00
    1.0700   4.7495677E+05   1.0140449E+00
    1.0800   4.7556587E+05   1.0140486E+00
    1.0900   4.7617477E+05   1.0140524E+00
    1.1000   4.7678337E+05   1.0140561E+00
    1.1100   4.7739157E+05   1.0140598E+00
    1.1200   4.7799926E+05   1.0140636E+00
    1.1300   4.7860633E+05   1.0140673E+00
    1.1400   4.7921264E+05   1.0140710E+00
    1.1500   4.7981825E+05   1.0140748E+00
    1.1600   4.8042303E+05   1.0140785E+00
    1.1700   4.8102682E+05   1.0140822E+00
    1.1800   4.8162965E+05   1.0140859E+00
    1.1900   4.8223135E+05   1.0140896E+00
    1.2000   4.8283174E+05   1.0140933E+00
    1.2100   4.8343080E+05   1.0140970E+00
    1.2200   4.8402852E+05   1.0141006E+00
    1.2300   4.8462465E+05   1.0141043E+00
    1.2400   4.8521916E+05   1.0141080E+00
    1.2500   4.8581195E+05   1.0141116E+00
    1.2600   4.8640293E+05   1.0141152E+00
    1.2700   4.8699198E+05   1.0141189E+00
    1.2800   4.8757915E+05   1.0141225E+00
    1.2900   4.8816428E+05   1.0141261E+00
    1.3000   4.8874736E+05   1.0141297E+00
    1.3100   4.8932820E+05   1.0141332E+00
    1.3200   4.8990675E+05   1.0141368E+00
    1.3300   4.9048294E+05   1.0141404E+00
    1.3400   4.9105666E+05   1.0141439E+00
    1.3500   4.9162780E+05   1.0141474E+00
    1.3600   4.9219638E+05   1.0141509E+00
    1.3700   4.9276222E+05   1.0141544E+00
    1.3800   4.9332528E+05   1.0141578E+00
    1.3900   4.9388552E+05   1.0141613E+00
    1.4000   4.9444282E+05   1.0141647E+00
    1.4100   4.9499708E+05   1.0141681E+00
    1.4200   4.9554830E+05   1.0141715E+00
    1.4300   4.9609631E+05   1.0141749E+00
    1.4400   4.9664105E+05   1.0141783E+00
    1.4500   4.9718244E+05   1.0141816E+00
    1.4600   4.9772036E+05   1.0141849E+00
    1.4700   4.9825483E+05   1.0141882E+00
    1.4800   4.9878567E+05   1.0141915E+00
    1.4900   4.9931281E+05   1.0141947E+00
    1.5000   4.9983615E+05   1.0141979E+00
    1.5100   5.0035575E+05   1.0142011E+00
    1.5200   5.0087142E+05   1.0142043E+00
    1.5300   5.0138312E+05   1.0142075E+00
    1.5400   5.0189077E+05   1.0142106E+00
    1.5500   5.0239441E+05   1.0142137E+00
    1.5600   5.0289388E+05   1.0142168E+00
    1.5700   5.0338913E+05   1.0142198E+00
    1.5800   5.0388008E+05   1.0142229E+00
    1.5900   5.0436677E+05   1.0142259E+00
    1.6000   5.0484903E+05   1.0142288E+00
    1.6100   5.0532680E+05   1.0142318E+00
    1.6200   5.0579999E+05   1.0142347E+00
    1.6300   5.0626863E+05   1.0142376E+00
    1.6400   5.0673270E+05   1.0142404E+00
    1.6500   5.0719213E+05   1.0142433E+00
    1.6600   5.0764681E+05   1.0142461E+00
    1.6700   5.0809673E+05   1.0142489E+00
    1.6800   5.0854186E+05   1.0142516E+00
    1.6900   5.0898210E+05   1.0142543E+00
    1.7000   5.0941730E+05   1.0142570E+00
    1.7100   5.0984743E+05   1.0142597E+00
    1.7200   5.1027241E+05   1.0142623E+00
    1.7300   5.1069227E+05   1.0142649E+00
    1.7400   5.1110702E+05   1.0142674E+00
    1.7500   5.1151657E+05   1.0142700E+00
    1.7600   5.1192079E+05   1.0142725E+00
    1.7700   5.1231968E+05   1.0142749E+00
    1.7800   5.1271318E+05   1.0142774E+00
    1.7900   5.1310133E+05   1.0142798E+00
    1.8000   5.1348395E+05   1.0142821E+00
    1.8100   5.1386116E+05   1.0142845E+00
    1.8200   5.1423283E+05   1.0142867E+00
    1.8300   5.1459897E+05   1.0142890E+00
    1.8400   5.1495949E+05   1.0142912E+00
    1.8500   5.1531427E+05   1.0142934E+00
    1.8600   5.1566330E+05   1.0142956E+00
    1.8700   5.1600669E+05   1.0142977E+00
    1.8800   5.1634430E+05   1.0142998E+00
    1.8900   5.1667610E+05   1.0143019E+00
    1.9000   5.1700202E+05   1.0143039E+00
    1.9100   5.1732207E+05   1.0143059E+00
    1.9200   5.1763624E+05   1.0143078E+00
    1.9300   5.1794442E+05   1.0143097E+00
    1.9400   5.1824662E+05   1.0143116E+00
    1.9500   5.1854279E+05   1.0143134E+00
    1.9600   5.1883300E+05   1.0143152E+00
    1.9700   5.1911724E+05   1.0143170E+00
    1.9800   5.1939544E+05   1.0143187E+00
    1.9900   5.1966748E+05   1.0143204E+00
    2.0000   5.1993331E+05   1.0143220E+00
    2.0100   5.2019304E+05   1.0143236E+00
    2.0200   5.2044669E+05   1.0143252E+00
    2.0300   5.2069420E+05   1.0143268E+00
    2.0400   5.2093547E+05   1.0143283E+00
    2.0500   5.2117048E+05   1.0143297E+00
    2.0600   5.2139918E+05   1.0143311E+00
    2.0700   5.2162159E+05   1.0143325E+00
    2.0800   5.2183770E+05   1.0143339E+00
    2.0900   5.2204757E+05   1.0143352E+00
    2.1000   5.2225103E+05   1.0143364E+00
    2.1100   5.2244822E+05   1.0143377E+00
    2.1200   5.2263900E+05   1.0143389E+00
    2.1300   5.2282335E+05   1.0143400E+00
    2.1400   5.2300136E+05   1.0143411E+00
    2.1500   5.2317306E+05   1.0143422E+00
    2.1600   5.2333838E+05   1.0143432E+00
    2.1700   5.2349722E+05   1.0143442E+00
    2.1800   5.2364956E+05   1.0143452E+00
    2.1900   5.2379549E+05   1.0143461E+00
    2.2000   5.2393504E+05   1.0143470E+00
    2.2100   5.2406818E+05   1.0143478E+00
    2.2200   5.2419477E+05   1.0143486E+00
    2.2300   5.2431482E+05   1.0143493E+00
    2.2400   5.2442843E+05   1.0143501E+00
    2.2500   5.2453563E+05   1.0143507E+00
    2.2600   5.2463637E+05   1.0143514E+00
    2.2700   5.2473054E+05   1.0143520E+00
    2.2800   5.2481813E+05   1.0143525E+00
    2.2900   5.2489926E+05   1.0143530E+00
    2.3000   5.2497394E+05   1.0143535E+00
    2.3100   5.2504215E+05   1.0143540E+00
    2.3200   5.2510376E+05   1.0143544E+00
    2.3300   5.2515878E+05   1.0143547E+00
    2.3400   5.2520731E+05   1.0143550E+00
    2.3500   5.2524937E+05   1.0143553E+00
    2.3600   5.2528494E+05   1.0143555E+00
    2.3700   5.2531388E+05   1.0143557E+00
    2.3800   5.2533621E+05   1.0143559E+00
    2.3900   5.2535203E+05   1.0143560E+00
    2.4000   5.2536136E+05   1.0143561E+00
    2.4100   5.2536416E+05   1.0143561E+00
    2.4200   5.2536032E+05   1.0143561E+00
    2.4300   5.2535001E+05   1.0143561E+00
    2.4400   5.2533316E+05   1.0143560E+00
    2.4500   5.2530979E+05   1.0143559E+00
    2.4600   5.2527987E+05   1.0143557E+00
    2.4700   5.2524345E+05   1.0143555E+00
    2.4800   5.2520053E+05   1.0143553E+00
    2.4900   5.2515103E+05   1.0143550E+00
    2.5000   5.2509499E+05   1.0143547E+00
    2.5100   5.2503235E+05   1.0143543E+00
    2.5200   5.2496318E+05   1.0143539E+00
    2.5300   5.2488748E+05   1.0143534E+00
    2.5400   5.2480517E+05   1.0143530E+00
    2.5500   5.2471626E+05   1.0143524E+00
    2.5600   5.2462090E+05   1.0143519E+00
    2.5700   5.2451897E+05   1.0143513E+00
    2.5800   5.2441045E+05   1.0143506E+00
    2.5900   5.2429545E+05   1.0143499E+00
    2.6000   5.2417399E+05   1.0143492E+00
    2.6100   5.2404603E+05   1.0143484E+00
    2.6200   5.2391163E+05   1.0143476E+00
    2.6300   5.2377077E+05   1.0143468E+00
    2.6400   5.2362339E+05   1.0143459E+00
    2.6500   5.2346950E+05   1.0143450E+00
    2.6600   5.2330907E+05   1.0143440E+00
    2.6700   5.2314216E+05   1.0143430E+00
    2.6800   5.2296875E+05   1.0143420E+00
    2.6900   5.2278878E+05   1.0143409E+00
    2.7000   5.2260227E+05   1.0143398E+00
    2.7100   5.2240917E+05   1.0143386E+00
    2.7200   5.2220955E+05   1.0143374E+00
    2.7300   5.2200340E+05   1.0143361E+00
    2.7400   5.2179082E+05   1.0143349E+00
    2.7500   5.2157165E+05   1.0143335E+00
    2.7600   5.2134604E+05   1.0143322E+00
    2.7700   5.2111386E+05   1.0143308E+00
    2.7800   5.2087510E+05   1.0143293E+00
    2.7900   5.2062988E+05   1.0143278E+00
    2.8000   5.2037820E+05   1.0143263E+00
    2.8100   5.2012003E+05   1.0143247E+00
    2.8200   5.1985543E+05   1.0143231E+00
    2.8300   5.1958440E+05   1.0143215E+00
    2.8400   5.1930685E+05   1.0143198E+00
    2.8500   5.1902283E+05   1.0143181E+00
    2.8600   5.1873227E+05   1.0143163E+00
    2.8700   5.1843526E+05   1.0143145E+00
    2.8800   5.1813178E+05   1.0143127E+00
    2.8900   5.1782176E+05   1.0143108E+00
    2.9000   5.1750523E+05   1.0143089E+00
    2.9100   5.1718215E+05   1.0143069E+00
    2.9200   5.1685259E+05   1.0143049E+00
    2.9300   5.1651653E+05   1.0143029E+00
    2.9400   5.1617391E+05   1.0143008E+00
    2.9500   5.1582475E+05   1.0142987E+00
    2.9600   5.1546902E+05   1.0142965E+00
    2.9700   5.1510677E+05   1.0142943E+00
    2.9800   5.1473800E+05   1.0142921E+00
    2.9900   5.1436264E+05   1.0142898E+00
    3.0000   5.1398070E+05   1.0142874E+00
    3.0100   5.1359216E+05   1.0142851E+00
    3.0200   5.1319706E+05   1.0142827E+00
    3.0300   5.1279541E+05   1.0142802E+00
    3.0400   5.1238730E+05   1.0142777E+00
    3.0500   5.1197257E+05   1.0142752E+00
    3.0600   5.1155136E+05   1.0142727E+00
    3.0700   5.1112354E+05   1.0142700E+00
    3.0800   5.1068912E+05   1.0142674E+00
    3.0900   5.1024818E+05   1.0142647E+00
    3.1000   5.0980075E+05   1.0142620E+00
    3.1100   5.0934678E+05   1.0142592E+00
    3.1200   5.0888615E+05   1.0142564E+00
    3.1300   5.0841884E+05   1.0142536E+00
    3.1400   5.0794495E+05   1.0142507E+00
    3.1500   5.0746449E+05   1.0142477E+00
    3.1600   5.0697742E+05   1.0142448E+00
    3.1700   5.0648377E+05   1.0142418E+00
    3.1800   5.0598355E+05   1.0142387E+00
    3.1900   5.0547664E+05   1.0142356E+00
    3.2000   5.0496308E+05   1.0142325E+00
    3.2100   5.0444279E+05   1.0142293E+00
    3.2200   5.0391582E+05   1.0142261E+00
    3.2300   5.0338214E+05   1.0142228E+00
    3.2400   5.0284184E+05   1.0142195E+00
    3.2500   5.0229491E+05   1.0142162E+00
    3.2600   5.0174129E+05   1.0142128E+00
    3.2700   5.0118101E+05   1.0142094E+00
    3.2800   5.0061405E+05   1.0142059E+00
    3.2900   5.0004027E+05   1.0142024E+00
    3.3000   4.9945969E+05   1.0141989E+00
    3.3100   4.9887240E+05   1.0141953E+00
    3.3200   4.9827842E+05   1.0141917E+00
    3.3300   4.9767770E+05   1.0141880E+00
    3.3400   4.9707031E+05   1.0141843E+00
    3.3500   4.9645622E+05   1.0141805E+00
    3.3600   4.9583534E+05   1.0141767E+00
    3.3700   4.9520768E+05   1.0141729E+00
    3.3800   4.9457317E+05   1.0141690E+00
    3.3900   4.9393188E+05   1.0141651E+00
    3.4000   4.9328375E+05   1.0141612E+00
    3.4100   4.9262886E+05   1.0141572E+00
    3.4200   4.9196720E+05   1.0141531E+00
    3.4300   4.9129870E+05   1.0141490E+00
    3.4400   4.9062339E+05   1.0141449E+00
    3.4500   4.8994121E+05   1.0141407E+00
    3.4600   4.8925222E+05   1.0141365E+00
    3.4700   4.8855639E+05   1.0141323E+00
    3.4800   4.8785363E+05   1.0141280E+00
    3.4900   4.8714395E+05   1.0141236E+00
    3.5000   4.8642746E+05   1.0141192E+00
    3.5100   4.8570418E+05   1.0141148E+00
    3.5200   4.8497408E+05   1.0141104E+00
    3.5300   4.8423705E+05   1.0141059E+00
    3.5400   4.8349306E+05   1.0141013E+00
    3.5500   4.8274222E+05   1.0140967E+00
    3.5600   4.8198453E+05   1.0140921E+00
    3.5700   4.8121993E+05   1.0140874E+00
    3.5800   4.8044846E+05   1.0140827E+00
    3.5900   4.7967009E+05   1.0140779E+00
    3.6000   4.7888489E+05   1.0140731E+00
    3.6100   4.7809285E+05   1.0140683E+00
    3.6200   4.7729389E+05   1.0140634E+00
    3.6300   4.7648803E+05   1.0140584E+00
    3.6400   4.7567522E+05   1.0140535E+00
    3.6500   4.7485550E+05   1.0140485E+00
    3.6600   4.7402884E+05   1.0140434E+00
    3.6700   4.7319532E+05   1.0140383E+00
    3.6800   4.7235494E+05   1.0140332E+00
    3.6900   4.7150761E+05   1.0140280E+00
    3.7000   4.7065337E+05   1.0140227E+00
    3.7100   4.6979216E+05   1.0140175E+00
    3.7200   4.6892403E+05   1.0140122E+00
    3.7300   4.6804896E+05   1.0140068E+00
    3.7400   4.6716703E+05   1.0140014E+00
    3.7500   4.6627824E+05   1.0139960E+00
    3.7600   4.6538251E+05   1.0139905E+00
    3.7700   4.6447987E+05   1.0139849E+00
    3.7800   4.6357047E+05   1.0139794E+00
    3.7900   4.6265416E+05   1.0139738E+00
    3.8000   4.6173094E+05   1.0139681E+00
    3.8100   4.6080088E+05   1.0139624E+00
    3.8200   4.5986401E+05   1.0139567E+00
    3.8300   4.5892024E+05   1.0139509E+00
    3.8400   4.5796962E+05   1.0139451E+00
    3.8500   4.5701228E+05   1.0139392E+00
    3.8600   4.5604812E+05   1.0139333E+00
    3.8700   4.5507713E+05   1.0139274E+00
    3.8800   4.5409939E+05   1.0139214E+00
    3.8900   4.5311492E+05   1.0139153E+00
    3.9000   4.5212369E+05   1.0139093E+00
    3.9100   4.5112572E+05   1.0139032E+00
    3.9200   4.5012101E+05   1.0138970E+00
    3.9300   4.4910962E+05   1.0138908E+00
    3.9400   4.4809157E+05   1.0138846E+00
    3.9500   4.4706697E+05   1.0138783E+00
    3.9600   4.4603568E+05   1.0138720E+00
    3.9700   4.4499785E+05   1.0138656E+00
    3.9800   4.4395336E+05   1.0138592E+00
    3.9900   4.4290241E+05   1.0138528E+00
    4.0000   4.4184490E+05   1.0138463E+00
    4.0100   4.4078090E+05   1.0138398E+00
    4.0200   4.3971034E+05   1.0138332E+00
    4.0300   4.3863331E+05   1.0138266E+00
    4.0400   4.3754980E+05   1.0138200E+00
    4.0500   4.3645992E+05   1.0138133E+00
    4.0600   4.3536371E+05   1.0138066E+00
    4.0700   4.3426112E+05   1.0137998E+00
    4.0800   4.3315224E+05   1.0137930E+00
    4.0900   4.3203707E+05   1.0137862E+00
    4.1000   4.3091573E+05   1.0137793E+00
    4.1100   4.2978826E+05   1.0137724E+00
    4.1200   4.2865464E+05   1.0137654E+00
    4.1300   4.2751496E+05   1.0137584E+00
    4.1400   4.2636924E+05   1.0137514E+00
    4.1500   4.2521744E+05   1.0137444E+00
    4.1600   4.2405963E+05   1.0137373E+00
    4.1700   4.2289580E+05   1.0137301E+00
    4.1800   4.2172608E+05   1.0137229E+00
    4.1900   4.2055051E+05   1.0137157E+00
    4.2000   4.1936907E+05   1.0137085E+00
    4.2100   4.1818186E+05   1.0137012E+00
    4.2200   4.1698893E+05   1.0136939E+00
    4.2300   4.1579023E+05   1.0136865E+00
    4.2400   4.1458586E+05   1.0136792E+00
    4.2500   4.1337585E+05   1.0136717E+00
    4.2600   4.1216032E+05   1.0136643E+00
    4.2700   4.1093936E+05   1.0136568E+00
    4.2800   4.0971299E+05   1.0136493E+00
    4.2900   4.0848117E+05   1.0136417E+00
    4.3000   4.0724398E+05   1.0136341E+00
    4.3100   4.0600144E+05   1.0136265E+00
    4.3200   4.0475368E+05   1.0136188E+00
    4.3300   4.0350079E+05   1.0136112E+00
    4.3400   4.0224278E+05   1.0136034E+00
    4.3500   4.0097982E+05   1.0135957E+00
    4.3600   3.9971180E+05   1.0135879E+00
    4.3700   3.9843895E+05   1.0135801E+00
    4.3800   3.9716124E+05   1.0135723E+00
    4.3900   3.9587878E+05   1.0135644E+00
    4.4000   3.9459164E+05   1.0135565E+00
    4.4100   3.9329980E+05   1.0135486E+00
    4.4200   3.9200340E+05   1.0135406E+00
    4.4300   3.9070252E+05   1.0135326E+00
    4.4400   3.8939719E+05   1.0135246E+00
    4.4500   3.8808756E+05   1.0135166E+00
    4.4600   3.8677357E+05   1.0135085E+00
    4.4700   3.8545547E+05   1.0135004E+00
    4.4800   3.8413326E+05   1.0134923E+00
    4.4900   3.8280692E+05   1.0134841E+00
    4.5000   3.8147655E+05   1.0134760E+00
    4.5100   3.8014221E+05   1.0134678E+00
    4.5200   3.7880410E+05   1.0134596E+00
    4.5300   3.7746220E+05   1.0134513E+00
    4.5400   3.7611660E+05   1.0134431E+00
    4.5500   3.7476738E+05   1.0134348E+00
    4.5600   3.7341476E+05   1.0134265E+00
    4.5700   3.7205871E+05   1.0134182E+00
    4.5800   3.7069938E+05   1.0134098E+00
    4.5900   3.6933686E+05   1.0134014E+00
    4.6000   3.6797120E+05   1.0133931E+00
    4.6100   3.6660243E+05   1.0133846E+00
    4.6200   3.6523073E+05   1.0133762E+00
    4.6300   3.6385623E+05   1.0133678E+00
    4.6400   3.6247903E+05   1.0133593E+00
    4.6500   3.6109920E+05   1.0133508E+00
    4.6600   3.5971680E+05   1.0133424E+00
    4.6700   3.5833184E+05   1.0133338E+00
    4.6800   3.5694448E+05   1.0133253E+00
    4.6900   3.5555487E+05   1.0133168E+00
    4.7000   3.5416312E+05   1.0133082E+00
    4.7100   3.5276932E+05   1.0132997E+00
    4.7200   3.5137354E+05   1.0132911E+00
    4.7300   3.4997582E+05   1.0132825E+00
    4.7400   3.4857636E+05   1.0132739E+00
    4.7500   3.4717518E+05   1.0132653E+00
    4.7600   3.4577242E+05   1.0132567E+00
    4.7700   3.4436824E+05   1.0132481E+00
    4.7800   3.4296277E+05   1.0132394E+00
    4.7900   3.4155611E+05   1.0132308E+00
    4.8000   3.4014838E+05   1.0132221E+00
    4.8100   3.3873965E+05   1.0132135E+00
    4.8200   3.3733001E+05   1.0132048E+00
    4.8300   3.3591951E+05   1.0131961E+00
    4.8400   3.3450839E+05   1.0131875E+00
    4.8500   3.3309671E+05   1.0131788E+00
    4.8600   3.3168450E+05   1.0131701E+00
    4.8700   3.3027197E+05   1.0131614E+00
    4.8800   3.2885916E+05   1.0131527E+00
    4.8900   3.2744627E+05   1.0131440E+00
    4.9000   3.2603333E+05   1.0131354E+00
    4.9100   3.2462054E+05   1.0131267E+00
    4.9200   3.2320792E+05   1.0131180E+00
    4.9300   3.2179569E+05   1.0131093E+00
    4.9400   3.2038387E+05   1.0131006E+00
    4.9500   3.1897267E+05   1.0130919E+00
    4.9600   3.1756214E+05   1.0130833E+00
    4.9700   3.1615250E+05   1.0130746E+00
    4.9800   3.1474380E+05   1.0130659E+00
    4.9900   3.1333611E+05   1.0130573E+00
    5.0000   3.1192970E+05   1.0130486E+00
    5.0100   3.1052463E+05   1.0130400E+00
    5.0200   3.0912103E+05   1.0130313E+00
    5.0300   3.0771900E+05   1.0130227E+00
    5.0400   3.0631869E+05   1.0130141E+00
    5.0500   3.0492025E+05   1.0130055E+00
    5.0600   3.0352366E+05   1.0129969E+00
    5.0700   3.0212913E+05   1.0129883E+00
    5.0800   3.0073687E+05   1.0129798E+00
    5.0900   2.9934694E+05   1.0129712E+00
    5.1000   2.9795942E+05   1.0129627E+00
    5.1100   2.9657443E+05   1.0129541E+00
    5.1200   2.9519210E+05   1.0129456E+00
    5.1300   2.9381260E+05   1.0129371E+00
    5.1400   2.9243612E+05   1.0129287E+00
    5.1500   2.9106273E+05   1.0129202E+00
    5.1600   2.8969250E+05   1.0129118E+00
    5.1700   2.8832554E+05   1.0129034E+00
    5.1800   2.8696202E+05   1.0128950E+00
    5.1900   2.8560211E+05   1.0128866E+00
    5.2000   2.8424588E+05   1.0128782E+00
    5.2100   2.8289359E+05   1.0128699E+00
    5.2200   2.8154538E+05   1.0128616E+00
    5.2300   2.8020123E+05   1.0128533E+00
    5.2400   2.7886138E+05   1.0128451E+00
    5.2500   2.7752590E+05   1.0128369E+00
    5.2600   2.7619494E+05   1.0128287E+00
    5.2700   2.7486868E+05   1.0128205E+00
    5.2800   2.7354717E+05   1.0128123E+00
    5.2900   2.7223052E+05   1.0128042E+00
    5.3000   2.7091889E+05   1.0127962E+00
    5.3100   2.6961250E+05   1.0127881E+00
    5.3200   2.6831144E+05   1.0127801E+00
    5.3300   2.6701586E+05   1.0127721E+00
    5.3400   2.6572579E+05   1.0127642E+00
    5.3500   2.6444131E+05   1.0127562E+00
    5.3600   2.6316259E+05   1.0127484E+00
    5.3700   2.6188984E+05   1.0127405E+00
    5.3800   2.6062315E+05   1.0127327E+00
    5.3900   2.5936269E+05   1.0127249E+00
    5.4000   2.5810851E+05   1.0127172E+00
    5.4100   2.5686075E+05   1.0127095E+00
    5.4200   2.5561959E+05   1.0127019E+00
    5.4300   2.5438511E+05   1.0126942E+00
    5.4400   2.5315748E+05   1.0126867E+00
    5.4500   2.5193674E+05   1.0126791E+00
    5.4600   2.5072303E+05   1.0126717E+00
    5.4700   2.4951656E+05   1.0126642E+00
    5.4800   2.4831742E+05   1.0126568E+00
    5.4900   2.4712581E+05   1.0126495E+00
    5.5000   2.4594180E+05   1.0126422E+00
    5.5100   2.4476558E+05   1.0126349E+00
    5.5200   2.4359721E+05   1.0126277E+00
    5.5300   2.4243687E+05   1.0126205E+00
    5.5400   2.4128461E+05   1.0126134E+00
    5.5500   2.4014061E+05   1.0126064E+00
    5.5600   2.3900492E+05   1.0125994E+00
    5.5700   2.3787772E+05   1.0125924E+00
    5.5800   2.3675907E+05   1.0125855E+00
    5.5900   2.3564914E+05   1.0125786E+00
    5.6000   2.3454801E+05   1.0125718E+00
    5.6100   2.3345587E+05   1.0125651E+00
    5.6200   2.3237281E+05   1.0125584E+00
    5.6300   2.3129886E+05   1.0125518E+00
    5.6400   2.3023412E+05   1.0125452E+00
    5.6500   2.2917883E+05   1.0125387E+00
    5.6600   2.2813311E+05   1.0125322E+00
    5.6700   2.2709705E+05   1.0125258E+00
    5.6800   2.2607063E+05   1.0125195E+00
    5.6900   2.2505413E+05   1.0125132E+00
    5.7000   2.2404759E+05   1.0125069E+00
    5.7100   2.2305115E+05   1.0125008E+00
    5.7200   2.2206486E+05   1.0124947E+00
    5.7300   2.2108892E+05   1.0124886E+00
    5.7400   2.2012343E+05   1.0124827E+00
    5.7500   2.1916846E+05   1.0124768E+00
    5.7600   2.1822415E+05   1.0124709E+00
    5.7700   2.1729062E+05   1.0124651E+00
    5.7800   2.1636791E+05   1.0124594E+00
    5.7900   2.1545617E+05   1.0124538E+00
    5.8000   2.1455551E+05   1.0124482E+00
    5.8100   2.1366597E+05   1.0124427E+00
    5.8200   2.1278771E+05   1.0124373E+00
    5.8300   2.1192084E+05   1.0124319E+00
    5.8400   2.1106542E+05   1.0124266E+00
    5.8500   2.1022144E+05   1.0124214E+00
    5.8600   2.0938904E+05   1.0124162E+00
    5.8700   2.0856827E+05   1.0124111E+00
    5.8800   2.0775935E+05   1.0124061E+00
    5.8900   2.0696243E+05   1.0124012E+00
    5.9000   2.0617743E+05   1.0123963E+00
    5.9100   2.0540458E+05   1.0123915E+00
    5.9200   2.0464390E+05   1.0123868E+00
    5.9300   2.0389552E+05   1.0123821E+00
    5.9400   2.0315955E+05   1.0123776E+00
    5.9500   2.0243603E+05   1.0123731E+00
    5.9600   2.0172498E+05   1.0123686E+00
    5.9700   2.0102654E+05   1.0123643E+00
    5.9800   2.0034084E+05   1.0123600E+00
    5.9900   1.9966792E+05   1.0123559E+00
    6.0000   1.9900782E+05   1.0123518E+00
    6.0100   1.9836072E+05   1.0123477E+00
    6.0200   1.9772656E+05   1.0123438E+00
    6.0300   1.9710543E+05   1.0123399E+00
    6.0400   1.9649740E+05   1.0123361E+00
    6.0500   1.9590268E+05   1.0123324E+00
    6.0600   1.9532124E+05   1.0123288E+00
    6.0700   1.9475323E+05   1.0123253E+00
    6.0800   1.9419857E+05   1.0123218E+00
    6.0900   1.9365734E+05   1.0123184E+00
    6.1000   1.9312974E+05   1.0123151E+00
    6.1100   1.9261579E+05   1.0123119E+00
    6.1200   1.9211547E+05   1.0123088E+00
    6.1300   1.9162892E+05   1.0123057E+00
    6.1400   1.9115622E+05   1.0123028E+00
    6.1500   1.9069746E+05   1.0122999E+00
    6.1600   1.9025268E+05   1.0122971E+00
    6.1700   1.8982191E+05   1.0122944E+00
    6.1800   1.8940514E+05   1.0122918E+00
    6.1900   1.8900253E+05   1.0122893E+00
    6.2000   1.8861401E+05   1.0122868E+00
    6.2100   1.8823970E+05   1.0122845E+00
    6.2200   1.8787967E+05   1.0122822E+00
    6.2300   1.8753398E+05   1.0122800E+00
    6.2400   1.8720266E+05   1.0122779E+00
    6.2500   1.8688573E+05   1.0122759E+00
    6.2600   1.8658318E+05   1.0122740E+00
    6.2700   1.8629497E+05   1.0122722E+00
    6.2800   1.8602124E+05   1.0122704E+00
    6.2900   1.8576210E+05   1.0122688E+00
    6.3000   1.8551745E+05   1.0122672E+00
    6.3100   1.8528737E+05   1.0122658E+00
    6.3200   1.8507191E+05   1.0122644E+00
    6.3300   1.8487108E+05   1.0122631E+00
    6.3400   1.8468492E+05   1.0122619E+00
    6.3500   1.8451341E+05   1.0122608E+00
    6.3600   1.8435653E+05   1.0122598E+00
    6.3700   1.8421442E+05   1.0122588E+00
    6.3800   1.8408702E+05   1.0122580E+00
    6.3900   1.8397442E+05   1.0122572E+00
    6.4000   1.8387655E+05   1.0122566E+00
    6.4100   1.8379346E+05   1.0122560E+00
    6.4200   1.8372522E+05   1.0122555E+00
    6.4300   1.8367184E+05   1.0122551E+00
    6.4400   1.8363337E+05   1.0122548E+00
    6.4500   1.8360980E+05   1.0122546E+00
    6.4600   1.8360112E+05   1.0122545E+00
    6.4700   1.8360730E+05   1.0122545E+00
    6.4800   1.8362830E+05   1.0122546E+00
    6.4900   1.8366425E+05   1.0122547E+00
    6.5000   1.8371507E+05   1.0122550E+00
    6.5100   1.8378067E+05   1.0122553E+00
    6.5200   1.8386113E+05   1.0122557E+00
    6.5300   1.8395650E+05   1.0122563E+00
    6.5400   1.8406665E+05   1.0122569E+00
    6.5500   1.8419160E+05   1.0122576E+00
    6.5600   1.8433137E+05   1.0122584E+00
    6.5700   1.8448594E+05   1.0122593E+00
    6.5800   1.8465530E+05   1.0122602E+00
    6.5900   1.8483940E+05   1.0122613E+00
    6.6000   1.8503820E+05   1.0122625E+00
    6.6100   1.8525178E+05   1.0122637E+00
    6.6200   1.8548008E+05   1.0122651E+00
    6.6300   1.8572314E+05   1.0122665E+00
    6.6400   1.8598086E+05   1.0122680E+00
    6.6500   1.8625327E+05   1.0122696E+00
    6.6600   1.8654021E+05   1.0122713E+00
    6.6700   1.8684167E+05   1.0122731E+00
    6.6800   1.8715764E+05   1.0122750E+00
    6.6900   1.8748808E+05   1.0122770E+00
    6.7000   1.8783294E+05   1.0122790E+00
    6.7100   1.8819230E+05   1.0122812E+00
    6.7200   1.8856608E+05   1.0122834E+00
    6.7300   1.8895415E+05   1.0122857E+00
    6.7400   1.8935655E+05   1.0122881E+00
    6.7500   1.8977330E+05   1.0122906E+00
    6.7600   1.9020421E+05   1.0122932E+00
    6.7700   1.9064926E+05   1.0122959E+00
    6.7800   1.9110839E+05   1.0122986E+00
    6.7900   1.9158154E+05   1.0123015E+00
    6.8000   1.9206877E+05   1.0123044E+00
    6.8100   1.9256997E+05   1.0123074E+00
    6.8200   1.9308498E+05   1.0123105E+00
    6.8300   1.9361380E+05   1.0123137E+00
    6.8400   1.9415642E+05   1.0123170E+00
    6.8500   1.9471278E+05   1.0123204E+00
    6.8600   1.9528280E+05   1.0123238E+00
    6.8700   1.9586638E+05   1.0123273E+00
    6.8800   1.9646336E+05   1.0123309E+00
    6.8900   1.9707377E+05   1.0123346E+00
    6.9000   1.9769759E+05   1.0123384E+00
    6.9100   1.9833475E+05   1.0123422E+00
    6.9200   1.9898518E+05   1.0123462E+00
    6.9300   1.9964875E+05   1.0123502E+00
    6.9400   2.0032532E+05   1.0123543E+00
    6.9500   2.0101487E+05   1.0123585E+00
    6.9600   2.0171736E+05   1.0123627E+00
    6.9700   2.0243271E+05   1.0123671E+00
    6.9800   2.0316080E+05   1.0123715E+00
    6.9900   2.0390146E+05   1.0123760E+00
    7.0000   2.0465469E+05   1.0123805E+00
    7.0100   2.0542042E+05   1.0123852E+00
    7.0200   2.0619855E+05   1.0123899E+00
    7.0300   2.0698894E+05   1.0123947E+00
    7.0400   2.0779158E+05   1.0123996E+00
    7.0500   2.0860623E+05   1.0124045E+00
    7.0600   2.0943280E+05   1.0124095E+00
    7.0700   2.1027132E+05   1.0124146E+00
    7.0800   2.1112159E+05   1.0124198E+00
    7.0900   2.1198356E+05   1.0124250E+00
    7.1000   2.1285711E+05   1.0124303E+00
    7.1100   2.1374206E+05   1.0124357E+00
    7.1200   2.1463839E+05   1.0124412E+00
    7.1300   2.1554600E+05   1.0124467E+00
    7.1400   2.1646473E+05   1.0124523E+00
    7.1500   2.1739457E+05   1.0124579E+00
    7.1600   2.1833544E+05   1.0124636E+00
    7.1700   2.1928718E+05   1.0124694E+00
    7.1800   2.2024962E+05   1.0124753E+00
    7.1900   2.2122265E+05   1.0124812E+00
    7.2000   2.2220615E+05   1.0124872E+00
    7.2100   2.2320009E+05   1.0124932E+00
    7.2200   2.2420418E+05   1.0124994E+00
    7.2300   2.2521847E+05   1.0125055E+00
    7.2400   2.2624272E+05   1.0125118E+00
    7.2500   2.2727681E+05   1.0125181E+00
    7.2600   2.2832057E+05   1.0125244E+00
    7.2700   2.2937392E+05   1.0125308E+00
    7.2800   2.3043670E+05   1.0125373E+00
    7.2900   2.3150887E+05   1.0125438E+00
    7.3000   2.3259030E+05   1.0125504E+00
    7.3100   2.3368081E+05   1.0125571E+00
    7.3200   2.3478028E+05   1.0125638E+00
    7.3300   2.3588855E+05   1.0125705E+00
    7.3400   2.3700553E+05   1.0125774E+00
    7.3500   2.3813105E+05   1.0125842E+00
    7.3600   2.3926505E+05   1.0125911E+00
    7.3700   2.4040738E+05   1.0125981E+00
    7.3800   2.4155779E+05   1.0126051E+00
    7.3900   2.4271613E+05   1.0126122E+00
    7.4000   2.4388233E+05   1.0126193E+00
    7.4100   2.4505624E+05   1.0126265E+00
    7.4200   2.4623780E+05   1.0126337E+00
    7.4300   2.4742682E+05   1.0126409E+00
    7.4400   2.4862306E+05   1.0126482E+00
    7.4500   2.4982650E+05   1.0126556E+00
    7.4600   2.5103688E+05   1.0126629E+00
    7.4700   2.5225415E+05   1.0126704E+00
    7.4800   2.5347820E+05   1.0126778E+00
    7.4900   2.5470880E+05   1.0126854E+00
    7.5000   2.5594578E+05   1.0126929E+00
    7.5100   2.5718905E+05   1.0127005E+00
    7.5200   2.5843842E+05   1.0127081E+00
    7.5300   2.5969376E+05   1.0127158E+00
    7.5400   2.6095483E+05   1.0127235E+00
    7.5500   2.6222162E+05   1.0127312E+00
    7.5600   2.6349384E+05   1.0127390E+00
    7.5700   2.6477144E+05   1.0127468E+00
    7.5800   2.6605424E+05   1.0127546E+00
    7.5900   2.6734213E+05   1.0127625E+00
    7.6000   2.6863486E+05   1.0127704E+00
    7.6100   2.6993225E+05   1.0127783E+00
    7.6200   2.7123417E+05   1.0127863E+00
    7.6300   2.7254053E+05   1.0127943E+00
    7.6400   2.7385113E+05   1.0128023E+00
    7.6500   2.7516579E+05   1.0128103E+00
    7.6600   2.7648440E+05   1.0128184E+00
    7.6700   2.7780670E+05   1.0128265E+00
    7.6800   2.7913266E+05   1.0128346E+00
    7.6900   2.8046210E+05   1.0128427E+00
    7.7000   2.8179490E+05   1.0128508E+00
    7.7100   2.8313077E+05   1.0128590E+00
    7.7200   2.8446966E+05   1.0128672E+00
    7.7300   2.8581136E+05   1.0128754E+00
    7.7400   2.8715569E+05   1.0128836E+00
    7.7500   2.8850251E+05   1.0128918E+00
    7.7600   2.8985169E+05   1.0129001E+00
    7.7700   2.9120298E+05   1.0129084E+00
    7.7800   2.9255630E+05   1.0129166E+00
    7.7900   2.9391142E+05   1.0129249E+00
    7.8000   2.9526816E+05   1.0129332E+00
    7.8100   2.9662650E+05   1.0129415E+00
    7.8200   2.9798627E+05   1.0129498E+00
    7.8300   2.9934733E+05   1.0129582E+00
    7.8400   3.0070936E+05   1.0129665E+00
    7.8500   3.0207224E+05   1.0129748E+00
    7.8600   3.0343586E+05   1.0129832E+00
    7.8700   3.0480012E+05   1.0129915E+00
    7.8800   3.0616472E+05   1.0129999E+00
    7.8900   3.0752960E+05   1.0130082E+00
    7.9000   3.0889447E+05   1.0130166E+00
    7.9100   3.1025924E+05   1.0130249E+00
    7.9200   3.1162384E+05   1.0130333E+00
    7.9300   3.1298799E+05   1.0130416E+00
    7.9400   3.1435160E+05   1.0130500E+00
    7.9500   3.1571457E+05   1.0130583E+00
    7.9600   3.1707662E+05   1.0130667E+00
    7.9700   3.1843763E+05   1.0130750E+00
    7.9800   3.1979747E+05   1.0130833E+00
    7.9900   3.2115601E+05   1.0130916E+00
    8.0000   3.2251309E+05   1.0130999E+00
    8.0100   3.2386856E+05   1.0131082E+00
    8.0200   3.2522223E+05   1.0131165E+00
    8.0300   3.2657388E+05   1.0131248E+00
    8.0400   3.2792349E+05   1.0131331E+00
    8.0500   3.2927079E+05   1.0131413E+00
    8.0600   3.3061571E+05   1.0131495E+00
    8.0700   3.3195812E+05   1.0131578E+00
    8.0800   3.3329789E+05   1.0131660E+00
    8.0900   3.3463483E+05   1.0131742E+00
    8.1000   3.3596874E+05   1.0131823E+00
    8.1100   3.3729957E+05   1.0131905E+00
    8.1200   3.3862705E+05   1.0131986E+00
    8.1300   3.3995106E+05   1.0132067E+00
    8.1400   3.4127142E+05   1.0132148E+00
    8.1500   3.4258812E+05   1.0132229E+00
    8.1600   3.4390091E+05   1.0132309E+00
    8.1700   3.4520970E+05   1.0132389E+00
    8.1800   3.4651432E+05   1.0132469E+00
    8.1900   3.4781458E+05   1.0132549E+00
    8.2000   3.4911043E+05   1.0132628E+00
    8.2100   3.5040175E+05   1.0132707E+00
    8.2200   3.5168838E+05   1.0132786E+00
    8.2300   3.5297012E+05   1.0132865E+00
    8.2400   3.5424687E+05   1.0132943E+00
    8.2500   3.5551851E+05   1.0133021E+00
    8.2600   3.5678483E+05   1.0133099E+00
    8.2700   3.5804576E+05   1.0133176E+00
    8.2800   3.5930117E+05   1.0133253E+00
    8.2900   3.6055087E+05   1.0133329E+00
    8.3000   3.6179478E+05   1.0133406E+00
    8.3100   3.6303277E+05   1.0133481E+00
    8.3200   3.6426482E+05   1.0133557E+00
    8.3300   3.6549065E+05   1.0133632E+00
    8.3400   3.6671029E+05   1.0133707E+00
    8.3500   3.6792352E+05   1.0133781E+00
    8.3600   3.6913022E+05   1.0133855E+00
    8.3700   3.7033038E+05   1.0133929E+00
    8.3800   3.7152376E+05   1.0134002E+00
    8.3900   3.7271037E+05   1.0134075E+00
    8.4000   3.7389000E+05   1.0134147E+00
    8.4100   3.7506252E+05   1.0134219E+00
    8.4200   3.7622790E+05   1.0134290E+00
    8.4300   3.7738606E+05   1.0134361E+00
    8.4400   3.7853680E+05   1.0134432E+00
    8.4500   3.7968006E+05   1.0134502E+00
    8.4600   3.8081567E+05   1.0134572E+00
    8.4700   3.8194357E+05   1.0134641E+00
    8.4800   3.8306360E+05   1.0134709E+00
    8.4900   3.8417571E+05   1.0134778E+00
    8.5000   3.8527975E+05   1.0134845E+00
    8.5100   3.8637568E+05   1.0134913E+00
    8.5200   3.8746335E+05   1.0134979E+00
    8.5300   3.8854270E+05   1.0135046E+00
    8.5400   3.8961360E+05   1.0135111E+00
    8.5500   3.9067599E+05   1.0135176E+00
    8.5600   3.9172989E+05   1.0135241E+00
    8.5700   3.9277525E+05   1.0135305E+00
    8.5800   3.9381191E+05   1.0135369E+00
    8.5900   3.9483979E+05   1.0135432E+00
    8.6000   3.9585872E+05   1.0135494E+00
    8.6100   3.9686862E+05   1.0135556E+00
    8.6200   3.9786948E+05   1.0135618E+00
    8.6300   3.9886119E+05   1.0135679E+00
    8.6400   3.9984373E+05   1.0135739E+00
    8.6500   4.0081696E+05   1.0135799E+00
    8.6600   4.0178084E+05   1.0135858E+00
    8.6700   4.0273539E+05   1.0135916E+00
    8.6800   4.0368053E+05   1.0135974E+00
    8.6900   4.0461609E+05   1.0136032E+00
    8.7000   4.0554214E+05   1.0136088E+00
    8.7100   4.0645847E+05   1.0136145E+00
    8.7200   4.0736512E+05   1.0136200E+00
    8.7300   4.0826203E+05   1.0136255E+00
    8.7400   4.0914921E+05   1.0136310E+00
    8.7500   4.1002656E+05   1.0136364E+00
    8.7600   4.1089405E+05   1.0136417E+00
    8.7700   4.1175155E+05   1.0136470E+00
    8.7800   4.1259900E+05   1.0136522E+00
    8.7900   4.1343639E+05   1.0136573E+00
    8.8000   4.1426363E+05   1.0136624E+00
    8.8100   4.1508067E+05   1.0136674E+00
    8.8200   4.1588755E+05   1.0136724E+00
    8.8300   4.1668417E+05   1.0136772E+00
    8.8400   4.1747053E+05   1.0136821E+00
    8.8500   4.1824668E+05   1.0136868E+00
    8.8600   4.1901256E+05   1.0136915E+00
    8.8700   4.1976816E+05   1.0136962E+00
    8.8800   4.2051339E+05   1.0137008E+00
    8.8900   4.2124821E+05   1.0137053E+00
    8.9000   4.2197263E+05   1.0137097E+00
    8.9100   4.2268657E+05   1.0137141E+00
    8.9200   4.2338999E+05   1.0137184E+00
    8.9300   4.2408294E+05   1.0137227E+00
    8.9400   4.2476534E+05   1.0137269E+00
    8.9500   4.2543717E+05   1.0137310E+00
    8.9600   4.2609849E+05   1.0137351E+00
    8.9700   4.2674922E+05   1.0137391E+00
    8.9800   4.2738937E+05   1.0137430E+00
    8.9900   4.2801899E+05   1.0137469E+00
    9.0000   4.2863802E+05   1.0137507E+00
    9.0100   4.2924648E+05   1.0137544E+00
    9.0200   4.2984444E+05   1.0137581E+00
    9.0300   4.3043184E+05   1.0137617E+00
    9.0400   4.3100872E+05   1.0137652E+00
    9.0500   4.3157514E+05   1.0137687E+00
    9.0600   4.3213108E+05   1.0137721E+00
    9.0700   4.3267657E+05   1.0137755E+00
    9.0800   4.3321152E+05   1.0137788E+00
    9.0900   4.3373592E+05   1.0137820E+00
    9.1000   4.3424980E+05   1.0137852E+00
    9.1100   4.3475328E+05   1.0137883E+00
    9.1200   4.3524635E+05   1.0137913E+00
    9.1300   4.3572906E+05   1.0137943E+00
    9.1400   4.3620136E+05   1.0137972E+00
    9.1500   4.3666325E+05   1.0138000E+00
    9.1600   4.3711482E+05   1.0138028E+00
    9.1700   4.3755602E+05   1.0138055E+00
    9.1800   4.3798687E+05   1.0138081E+00
    9.1900   4.3840747E+05   1.0138107E+00
    9.2000   4.3881780E+05   1.0138133E+00
    9.2100   4.3921789E+05   1.0138157E+00
    9.2200   4.3960787E+05   1.0138181E+00
    9.2300   4.3998773E+05   1.0138205E+00
    9.2400   4.4035754E+05   1.0138227E+00
    9.2500   4.4071726E+05   1.0138249E+00
    9.2600   4.4106691E+05   1.0138271E+00
    9.2700   4.4140659E+05   1.0138292E+00
    9.2800   4.4173629E+05   1.0138312E+00
    9.2900   4.4205605E+05   1.0138332E+00
    9.3000   4.4236601E+05   1.0138351E+00
    9.3100   4.4266618E+05   1.0138369E+00
    9.3200   4.4295664E+05   1.0138387E+00
    9.3300   4.4323739E+05   1.0138405E+00
    9.3400   4.4350847E+05   1.0138421E+00
    9.3500   4.4377002E+05   1.0138437E+00
    9.3600   4.4402205E+05   1.0138453E+00
    9.3700   4.4426466E+05   1.0138468E+00
    9.3800   4.4449785E+05   1.0138482E+00
    9.3900   4.4472168E+05   1.0138496E+00
    9.4000   4.4493630E+05   1.0138509E+00
    9.4100   4.4514176E+05   1.0138522E+00
    9.4200   4.4533799E+05   1.0138534E+00
    9.4300   4.4552520E+05   1.0138546E+00
    9.4400   4.4570349E+05   1.0138557E+00
    9.4500   4.4587286E+05   1.0138567E+00
    9.4600   4.4603340E+05   1.0138577E+00
    9.4700   4.4618509E+05   1.0138587E+00
    9.4800   4.4632800E+05   1.0138595E+00
    9.4900   4.4646228E+05   1.0138604E+00
    9.5000   4.4658799E+05   1.0138611E+00
    9.5100   4.4670528E+05   1.0138619E+00
    9.5200   4.4681418E+05   1.0138625E+00
    9.5300   4.4691466E+05   1.0138632E+00
    9.5400   4.4700694E+05   1.0138637E+00
    9.5500   4.4709096E+05   1.0138643E+00
    9.5600   4.4716696E+05   1.0138647E+00
    9.5700   4.4723489E+05   1.0138652E+00
    9.5800   4.4729478E+05   1.0138655E+00
    9.5900   4.4734678E+05   1.0138659E+00
    9.6000   4.4739092E+05   1.0138661E+00
    9.6100   4.4742735E+05   1.0138664E+00
    9.6200   4.4745613E+05   1.0138666E+00
    9.6300   4.4747740E+05   1.0138667E+00
    9.6400   4.4749124E+05   1.0138668E+00
    9.6500   4.4749781E+05   1.0138668E+00
    9.6600   4.4749718E+05   1.0138668E+00
    9.6700   4.4748938E+05   1.0138668E+00
    9.6800   4.4747450E+05   1.0138667E+00
    9.6900   4.4745257E+05   1.0138666E+00
    9.7000   4.4742373E+05   1.0138664E+00
    9.7100   4.4738802E+05   1.0138662E+00
    9.7200   4.4734560E+05   1.0138659E+00
    9.7300   4.4729656E+05   1.0138656E+00
    9.7400   4.4724090E+05   1.0138653E+00
    9.7500   4.4717874E+05   1.0138649E+00
    9.7600   4.4711032E+05   1.0138645E+00
    9.7700   4.4703559E+05   1.0138641E+00
    9.7800   4.4695465E+05   1.0138636E+00
    9.7900   4.4686770E+05   1.0138630E+00
    9.8000   4.4677487E+05   1.0138625E+00
    9.8100   4.4667622E+05   1.0138619E+00
    9.8200   4.4657175E+05   1.0138612E+00
    9.8300   4.4646158E+05   1.0138606E+00
    9.8400   4.4634576E+05   1.0138599E+00
    9.8500   4.4622447E+05   1.0138591E+00
    9.8600   4.4609781E+05   1.0138584E+00
    9.8700   4.4596584E+05   1.0138576E+00
    9.8800   4.4582872E+05   1.0138567E+00
    9.8900   4.4568658E+05   1.0138559E+00
    9.9000   4.4553947E+05   1.0138550E+00
    9.9100   4.4538740E+05   1.0138540E+00
    9.9200   4.4523050E+05   1.0138531E+00
    9.9300   4.4506884E+05   1.0138521E+00
    9.9400   4.4490263E+05   1.0138511E+00
    9.9500   4.4473183E+05   1.0138500E+00
    9.9600   4.4455656E+05   1.0138489E+00
    9.9700   4.4437704E+05   1.0138479E+00
    9.9800   4.4419329E+05   1.0138467E+00
    9.9900   4.4400543E+05   1.0138456E+00
   10.0000   4.4381357E+05   1.0138444E+00
   10.0100   4.4361775E+05   1.0138432E+00
   10.0200   4.4341816E+05   1.0138420E+00
   10.0300   4.4321494E+05   1.0138407E+00
   10.0400   4.4300801E+05   1.0138395E+00
   10.0500   4.4279761E+05   1.0138382E+00
   10.0600   4.4258377E+05   1.0138369E+00
   10.0700   4.4236666E+05   1.0138356E+00
   10.0800   4.4214640E+05   1.0138342E+00
   10.0900   4.4192309E+05   1.0138328E+00
   10.1000   4.4169678E+05   1.0138315E+00
   10.1100   4.4146751E+05   1.0138301E+00
   10.1200   4.4123544E+05   1.0138286E+00
   10.1300   4.4100055E+05   1.0138272E+00
   10.1400   4.4076293E+05   1.0138257E+00
   10.1500   4.4052268E+05   1.0138243E+00
   10.1600   4.4028002E+05   1.0138228E+00
   10.1700   4.4003499E+05   1.0138213E+00
   10.1800   4.3978775E+05   1.0138198E+00
   10.1900   4.3953829E+05   1.0138182E+00
   10.2000   4.3928673E+05   1.0138167E+00
   10.2100   4.3903318E+05   1.0138151E+00
   10.2200   4.3877772E+05   1.0138136E+00
   10.2300   4.3852042E+05   1.0138120E+00
   10.2400   4.3826132E+05   1.0138104E+00
   10.2500   4.3800062E+05   1.0138088E+00
   10.2600   4.3773833E+05   1.0138072E+00
   10.2700   4.3747461E+05   1.0138056E+00
   10.2800   4.3720962E+05   1.0138040E+00
   10.2900   4.3694330E+05   1.0138023E+00
   10.3000   4.3667579E+05   1.0138007E+00
   10.3100   4.3640719E+05   1.0137990E+00
   10.3200   4.3613760E+05   1.0137974E+00
   10.3300   4.3586710E+05   1.0137957E+00
   10.3400   4.3559576E+05   1.0137941E+00
   10.3500   4.3532366E+05   1.0137924E+00
   10.3600   4.3505085E+05   1.0137907E+00
   10.3700   4.3477738E+05   1.0137890E+00
   10.3800   4.3450346E+05   1.0137874E+00
   10.3900   4.3422915E+05   1.0137857E+00
   10.4000   4.3395446E+05   1.0137840E+00
   10.4100   4.3367943E+05   1.0137823E+00
   10.4200   4.3340426E+05   1.0137806E+00
   10.4300   4.3312897E+05   1.0137789E+00
   10.4400   4.3285358E+05   1.0137772E+00
   10.4500   4.3257830E+05   1.0137756E+00
   10.4600   4.3230314E+05   1.0137739E+00
   10.4700   4.3202812E+05   1.0137722E+00
   10.4800   4.3175345E+05   1.0137705E+00
   10.4900   4.3147915E+05   1.0137688E+00
   10.5000   4.3120525E+05   1.0137671E+00
   10.5100   4.3093179E+05   1.0137655E+00
   10.5200   4.3065881E+05   1.0137638E+00
   10.5300   4.3038653E+05   1.0137621E+00
   10.5400   4.3011500E+05   1.0137604E+00
   10.5500   4.2984429E+05   1.0137588E+00
   10.5600   4.2957446E+05   1.0137571E+00
   10.5700   4.2930560E+05   1.0137555E+00
   10.5800   4.2903778E+05   1.0137538E+00
   10.5900   4.2877094E+05   1.0137522E+00
   10.6000   4.2850519E+05   1.0137506E+00
   10.6100   4.2824064E+05   1.0137489E+00
   10.6200   4.2797725E+05   1.0137473E+00
   10.6300   4.2771518E+05   1.0137457E+00
   10.6400   4.2745440E+05   1.0137441E+00
   10.6500   4.2719510E+05   1.0137425E+00
   10.6600   4.2693728E+05   1.0137409E+00
   10.6700   4.2668098E+05   1.0137394E+00
   10.6800   4.2642625E+05   1.0137378E+00
   10.6900   4.2617314E+05   1.0137362E+00
   10.7000   4.2592175E+05   1.0137347E+00
   10.7100   4.2567216E+05   1.0137332E+00
   10.7200   4.2542433E+05   1.0137316E+00
   10.7300   4.2517838E+05   1.0137301E+00
   10.7400   4.2493431E+05   1.0137286E+00
   10.7500   4.2469229E+05   1.0137271E+00
   10.7600   4.2445234E+05   1.0137257E+00
   10.7700   4.2421452E+05   1.0137242E+00
   10.7800   4.2397888E+05   1.0137228E+00
   10.7900   4.2374535E+05   1.0137213E+00
   10.8000   4.2351404E+05   1.0137199E+00
   10.8100   4.2328509E+05   1.0137185E+00
   10.8200   4.2305850E+05   1.0137171E+00
   10.8300   4.2283426E+05   1.0137157E+00
   10.8400   4.2261242E+05   1.0137144E+00
   10.8500   4.2239306E+05   1.0137130E+00
   10.8600   4.2217625E+05   1.0137117E+00
   10.8700   4.2196194E+05   1.0137104E+00
   10.8800   4.2175027E+05   1.0137091E+00
   10.8900   4.2154125E+05   1.0137078E+00
   10.9000   4.2133491E+05   1.0137065E+00
   10.9100   4.2113129E+05   1.0137052E+00
   10.9200   4.2093048E+05   1.0137040E+00
   10.9300   4.2073242E+05   1.0137028E+00
   10.9400   4.2053726E+05   1.0137016E+00
   10.9500   4.2034499E+05   1.0137004E+00
   10.9600   4.2015566E+05   1.0136992E+00
   10.9700   4.1996931E+05   1.0136981E+00
   10.9800   4.1978586E+05   1.0136970E+00
   10.9900   4.1960545E+05   1.0136959E+00
   11.0000   4.1942805E+05   1.0136948E+00
   11.0100   4.1925369E+05   1.0136937E+00
   11.0200   4.1908240E+05   1.0136926E+00
   11.0300   4.1891426E+05   1.0136916E+00
   11.0400   4.1874923E+05   1.0136906E+00
   11.0500   4.1858744E+05   1.0136896E+00
   11.0600   4.1842891E+05   1.0136886E+00
   11.0700   4.1827367E+05   1.0136877E+00
   11.0800   4.1812163E+05   1.0136867E+00
   11.0900   4.1797290E+05   1.0136858E+00
   11.1000   4.1782745E+05   1.0136849E+00
   11.1100   4.1768528E+05   1.0136840E+00
   11.1200   4.1754644E+05   1.0136832E+00
   11.1300   4.1741102E+05   1.0136823E+00
   11.1400   4.1727893E+05   1.0136815E+00
   11.1500   4.1715036E+05   1.0136807E+00
   11.1600   4.1702529E+05   1.0136800E+00
   11.1700   4.1690379E+05   1.0136792E+00
   11.1800   4.1678577E+05   1.0136785E+00
   11.1900   4.1667135E+05   1.0136778E+00
   11.2000   4.1656053E+05   1.0136771E+00
   11.2100   4.1645333E+05   1.0136764E+00
   11.2200   4.1634965E+05   1.0136758E+00
   11.2300   4.1624958E+05   1.0136752E+00
   11.2400   4.1615310E+05   1.0136746E+00
   11.2500   4.1606022E+05   1.0136740E+00
   11.2600   4.1597098E+05   1.0136735E+00
   11.2700   4.1588546E+05   1.0136729E+00
   11.2800   4.1580362E+05   1.0136724E+00
   11.2900   4.1572544E+05   1.0136719E+00
   11.3000   4.1565096E+05   1.0136715E+00
   11.3100   4.1558024E+05   1.0136710E+00
   11.3200   4.1551322E+05   1.0136706E+00
   11.3300   4.1544986E+05   1.0136702E+00
   11.3400   4.1539018E+05   1.0136699E+00
   11.3500   4.1533423E+05   1.0136695E+00
   11.3600   4.1528211E+05   1.0136692E+00
   11.3700   4.1523377E+05   1.0136689E+00
   11.3800   4.1518921E+05   1.0136686E+00
   11.3900   4.1514848E+05   1.0136684E+00
   11.4000   4.1511147E+05   1.0136681E+00
   11.4100   4.1507831E+05   1.0136679E+00
   11.4200   4.1504898E+05   1.0136677E+00
   11.4300   4.1502351E+05   1.0136676E+00
   11.4400   4.1500180E+05   1.0136674E+00
   11.4500   4.1498395E+05   1.0136673E+00
   11.4600   4.1496995E+05   1.0136672E+00
   11.4700   4.1495980E+05   1.0136672E+00
   11.4800   4.1495357E+05   1.0136671E+00
   11.4900   4.1495118E+05   1.0136671E+00
   11.5000   4.1495260E+05   1.0136671E+00
   11.5100   4.1495784E+05   1.0136671E+00
   11.5200   4.1496694E+05   1.0136672E+00
   11.5300   4.1497982E+05   1.0136673E+00
   11.5400   4.1499661E+05   1.0136674E+00
   11.5500   4.1501732E+05   1.0136675E+00
   11.5600   4.1504180E+05   1.0136676E+00
   11.5700   4.1507013E+05   1.0136678E+00
   11.5800   4.1510227E+05   1.0136680E+00
   11.5900   4.1513819E+05   1.0136682E+00
   11.6000   4.1517793E+05   1.0136684E+00
   11.6100   4.1522155E+05   1.0136687E+00
   11.6200   4.1526900E+05   1.0136690E+00
   11.6300   4.1532025E+05   1.0136693E+00
   11.6400   4.1537532E+05   1.0136696E+00
   11.6500   4.1543427E+05   1.0136700E+00
   11.6600   4.1549702E+05   1.0136704E+00
   11.6700   4.1556354E+05   1.0136708E+00
   11.6800   4.1563384E+05   1.0136712E+00
   11.6900   4.1570796E+05   1.0136717E+00
   11.7000   4.1578582E+05   1.0136721E+00
   11.7100   4.1586737E+05   1.0136726E+00
   11.7200   4.1595260E+05   1.0136732E+00
   11.7300   4.1604155E+05   1.0136737E+00
   11.7400   4.1613430E+05   1.0136743E+00
   11.7500   4.1623077E+05   1.0136749E+00
   11.7600   4.1633096E+05   1.0136755E+00
   11.7700   4.1643487E+05   1.0136761E+00
   11.7800   4.1654240E+05   1.0136768E+00
   11.7900   4.1665363E+05   1.0136774E+00
   11.8000   4.1676854E+05   1.0136781E+00
   11.8100   4.1688713E+05   1.0136789E+00
   11.8200   4.1700943E+05   1.0136796E+00
   11.8300   4.1713536E+05   1.0136804E+00
   11.8400   4.1726486E+05   1.0136812E+00
   11.8500   4.1739791E+05   1.0136820E+00
   11.8600   4.1753454E+05   1.0136828E+00
   11.8700   4.1767480E+05   1.0136837E+00
   11.8800   4.1781863E+05   1.0136846E+00
   11.8900   4.1796598E+05   1.0136855E+00
   11.9000   4.1811686E+05   1.0136864E+00
   11.9100   4.1827131E+05   1.0136873E+00
   11.9200   4.1842922E+05   1.0136883E+00
   11.9300   4.1859053E+05   1.0136893E+00
   11.9400   4.1875523E+05   1.0136903E+00
   11.9500   4.1892332E+05   1.0136913E+00
   11.9600   4.1909486E+05   1.0136924E+00
   11.9700   4.1926976E+05   1.0136934E+00
   11.9800   4.1944795E+05   1.0136945E+00
   11.9900   4.1962943E+05   1.0136956E+00
   12.0000   4.1981422E+05   1.0136968E+00
   12.0100   4.2000218E+05   1.0136979E+00
   12.0200   4.2019342E+05   1.0136991E+00
   12.0300   4.2038787E+05   1.0137003E+00
   12.0400   4.2058553E+05   1.0137015E+00
   12.0500   4.2078641E+05   1.0137027E+00
   12.0600   4.2099038E+05   1.0137040E+00
   12.0700   4.2119754E+05   1.0137052E+00
   12.0800   4.2140782E+05   1.0137065E+00
   12.0900   4.2162121E+05   1.0137078E+00
   12.1000   4.2183754E+05   1.0137092E+00
   12.1100   4.2205685E+05   1.0137105E+00
   12.1200   4.2227904E+05   1.0137119E+00
   12.1300   4.2250423E+05   1.0137132E+00
   12.1400   4.2273237E+05   1.0137146E+00
   12.1500   4.2296329E+05   1.0137161E+00
   12.1600   4.2319700E+05   1.0137175E+00
   12.1700   4.2343357E+05   1.0137189E+00
   12.1800   4.2367291E+05   1.0137204E+00
   12.1900   4.2391496E+05   1.0137219E+00
   12.2000   4.2415969E+05   1.0137234E+00
   12.2100   4.2440709E+05   1.0137249E+00
   12.2200   4.2465703E+05   1.0137264E+00
   12.2300   4.2490954E+05   1.0137280E+00
   12.2400   4.2516456E+05   1.0137295E+00
   12.2500   4.2542200E+05   1.0137311E+00
   12.2600   4.2568183E+05   1.0137327E+00
   12.2700   4.2594403E+05   1.0137343E+00
   12.2800   4.2620863E+05   1.0137359E+00
   12.2900   4.2647547E+05   1.0137376E+00
   12.3000   4.2674464E+05   1.0137392E+00
   12.3100   4.2701603E+05   1.0137409E+00
   12.3200   4.2728959E+05   1.0137426E+00
   12.3300   4.2756527E+05   1.0137443E+00
   12.3400   4.2784306E+05   1.0137460E+00
   12.3500   4.2812297E+05   1.0137477E+00
   12.3600   4.2840484E+05   1.0137494E+00
   12.3700   4.2868874E+05   1.0137512E+00
   12.3800   4.2897455E+05   1.0137529E+00
   12.3900   4.2926219E+05   1.0137547E+00
   12.4000   4.2955159E+05   1.0137565E+00
   12.4100   4.2984272E+05   1.0137582E+00
   12.4200   4.3013555E+05   1.0137600E+00
   12.4300   4.3043008E+05   1.0137619E+00
   12.4400   4.3072613E+05   1.0137637E+00
   12.4500   4.3102373E+05   1.0137655E+00
   12.4600   4.3132277E+05   1.0137673E+00
   12.4700   4.3162329E+05   1.0137692E+00
   12.4800   4.3192520E+05   1.0137710E+00
   12.4900   4.3222842E+05   1.0137729E+00
   12.5000   4.3253287E+05   1.0137748E+00
   12.5100   4.3283849E+05   1.0137766E+00
   12.5200   4.3314526E+05   1.0137785E+00
   12.5300   4.3345313E+05   1.0137804E+00
   12.5400   4.3376191E+05   1.0137823E+00
   12.5500   4.3407159E+05   1.0137842E+00
   12.5600   4.3438217E+05   1.0137861E+00
   12.5700   4.3469348E+05   1.0137880E+00
   12.5800   4.3500555E+05   1.0137899E+00
   12.5900   4.3531823E+05   1.0137919E+00
   12.6000   4.3563155E+05   1.0137938E+00
   12.6100   4.3594538E+05   1.0137957E+00
   12.6200   4.3625976E+05   1.0137976E+00
   12.6300   4.3657457E+05   1.0137996E+00
   12.6400   4.3688970E+05   1.0138015E+00
   12.6500   4.3720501E+05   1.0138035E+00
   12.6600   4.3752059E+05   1.0138054E+00
   12.6700   4.3783632E+05   1.0138073E+00
   12.6800   4.3815209E+05   1.0138093E+00
   12.6900   4.3846780E+05   1.0138112E+00
   12.7000   4.3878333E+05   1.0138131E+00
   12.7100   4.3909875E+05   1.0138151E+00
   12.7200   4.3941396E+05   1.0138170E+00
   12.7300   4.3972883E+05   1.0138190E+00
   12.7400   4.4004326E+05   1.0138209E+00
   12.7500   4.4035730E+05   1.0138228E+00
   12.7600   4.4067083E+05   1.0138248E+00
   12.7700   4.4098370E+05   1.0138267E+00
   12.7800   4.4129579E+05   1.0138286E+00
   12.7900   4.4160712E+05   1.0138305E+00
   12.8000   4.4191755E+05   1.0138324E+00
   12.8100   4.4222708E+05   1.0138343E+00
   12.8200   4.4253554E+05   1.0138362E+00
   12.8300   4.4284292E+05   1.0138381E+00
   12.8400   4.4314903E+05   1.0138400E+00
   12.8500   4.4345384E+05   1.0138419E+00
   12.8600   4.4375729E+05   1.0138437E+00
   12.8700   4.4405932E+05   1.0138456E+00
   12.8800   4.4435987E+05   1.0138474E+00
   12.8900   4.4465883E+05   1.0138493E+00
   12.9000   4.4495609E+05   1.0138511E+00
   12.9100   4.4525153E+05   1.0138529E+00
   12.9200   4.4554517E+05   1.0138547E+00
   12.9300   4.4583686E+05   1.0138565E+00
   12.9400   4.4612657E+05   1.0138583E+00
   12.9500   4.4641409E+05   1.0138601E+00
   12.9600   4.4669938E+05   1.0138618E+00
   12.9700   4.4698234E+05   1.0138636E+00
   12.9800   4.4726288E+05   1.0138653E+00
   12.9900   4.4754086E+05   1.0138670E+00
   13.0000   4.4781630E+05   1.0138687E+00
   13.0100   4.4808901E+05   1.0138704E+00
   13.0200   4.4835895E+05   1.0138720E+00
   13.0300   4.4862605E+05   1.0138737E+00
   13.0400   4.4889022E+05   1.0138753E+00
   13.0500   4.4915132E+05   1.0138769E+00
   13.0600   4.4940936E+05   1.0138785E+00
   13.0700   4.4966415E+05   1.0138801E+00
   13.0800   4.4991563E+05   1.0138816E+00
   13.0900   4.5016370E+05   1.0138832E+00
   13.1000   4.5040825E+05   1.0138847E+00
   13.1100   4.5064927E+05   1.0138861E+00
   13.1200   4.5088656E+05   1.0138876E+00
   13.1300   4.5112005E+05   1.0138890E+00
   13.1400   4.5134964E+05   1.0138905E+00
   13.1500   4.5157535E+05   1.0138919E+00
   13.1600   4.5179698E+05   1.0138932E+00
   13.1700   4.5201447E+05   1.0138946E+00
   13.1800   4.5222773E+05   1.0138959E+00
   13.1900   4.5243676E+05   1.0138972E+00
   13.2000   4.5264139E+05   1.0138984E+00
   13.2100   4.5284152E+05   1.0138997E+00
   13.2200   4.5303706E+05   1.0139009E+00
   13.2300   4.5322801E+05   1.0139020E+00
   13.2400   4.5341415E+05   1.0139032E+00
   13.2500   4.5359539E+05   1.0139043E+00
   13.2600   4.5377177E+05   1.0139054E+00
   13.2700   4.5394307E+05   1.0139065E+00
   13.2800   4.5410924E+05   1.0139075E+00
   13.2900   4.5427014E+05   1.0139085E+00
   13.3000   4.5442576E+05   1.0139094E+00
   13.3100   4.5457602E+05   1.0139104E+00
   13.3200   4.5472081E+05   1.0139113E+00
   13.3300   4.5486011E+05   1.0139121E+00
   13.3400   4.5499385E+05   1.0139130E+00
   13.3500   4.5512192E+05   1.0139138E+00
   13.3600   4.5524411E+05   1.0139145E+00
   13.3700   4.5536034E+05   1.0139152E+00
   13.3800   4.5547066E+05   1.0139159E+00
   13.3900   4.5557486E+05   1.0139166E+00
   13.4000   4.5567283E+05   1.0139172E+00
   13.4100   4.5576461E+05   1.0139177E+00
   13.4200   4.5585013E+05   1.0139183E+00
   13.4300   4.5592927E+05   1.0139188E+00
   13.4400   4.5600203E+05   1.0139192E+00
   13.4500   4.5606831E+05   1.0139196E+00
   13.4600   4.5612797E+05   1.0139200E+00
   13.4700   4.5618096E+05   1.0139204E+00
   13.4800   4.5622715E+05   1.0139206E+00
   13.4900   4.5626654E+05   1.0139209E+00
   13.5000   4.5629903E+05   1.0139211E+00
   13.5100   4.5632445E+05   1.0139213E+00
   13.5200   4.5634274E+05   1.0139214E+00
   13.5300   4.5635394E+05   1.0139215E+00
   13.5400   4.5635800E+05   1.0139215E+00
   13.5500   4.5635481E+05   1.0139215E+00
   13.5600   4.5634433E+05   1.0139214E+00
   13.5700   4.5632648E+05   1.0139213E+00
   13.5800   4.5630107E+05   1.0139212E+00
   13.5900   4.5626819E+05   1.0139210E+00
   13.6000   4.5622768E+05   1.0139207E+00
   13.6100   4.5617946E+05   1.0139205E+00
   13.6200   4.5612355E+05   1.0139201E+00
   13.6300   4.5605989E+05   1.0139197E+00
   13.6400   4.5598833E+05   1.0139193E+00
   13.6500   4.5590881E+05   1.0139188E+00
   13.6600   4.5582138E+05   1.0139183E+00
   13.6700   4.5572599E+05   1.0139177E+00
   13.6800   4.5562248E+05   1.0139171E+00
   13.6900   4.5551081E+05   1.0139164E+00
   13.7000   4.5539103E+05   1.0139157E+00
   13.7100   4.5526309E+05   1.0139149E+00
   13.7200   4.5512684E+05   1.0139141E+00
   13.7300   4.5498225E+05   1.0139132E+00
   13.7400   4.5482933E+05   1.0139123E+00
   13.7500   4.5466804E+05   1.0139113E+00
   13.7600   4.5449842E+05   1.0139103E+00
   13.7700   4.5432040E+05   1.0139092E+00
   13.7800   4.5413383E+05   1.0139080E+00
   13.7900   4.5393883E+05   1.0139068E+00
   13.8000   4.5373523E+05   1.0139056E+00
   13.8100   4.5352314E+05   1.0139043E+00
   13.8200   4.5330240E+05   1.0139030E+00
   13.8300   4.5307309E+05   1.0139016E+00
   13.8400   4.5283522E+05   1.0139001E+00
   13.8500   4.5258869E+05   1.0138986E+00
   13.8600   4.5233350E+05   1.0138971E+00
   13.8700   4.5206954E+05   1.0138954E+00
   13.8800   4.5179678E+05   1.0138938E+00
   13.8900   4.5151530E+05   1.0138921E+00
   13.9000   4.5122504E+05   1.0138903E+00
   13.9100   4.5092607E+05   1.0138885E+00
   13.9200   4.5061833E+05   1.0138866E+00
   13.9300   4.5030186E+05   1.0138846E+00
   13.9400   4.4997658E+05   1.0138826E+00
   13.9500   4.4964253E+05   1.0138806E+00
   13.9600   4.4929962E+05   1.0138785E+00
   13.9700   4.4894786E+05   1.0138764E+00
   13.9800   4.4858734E+05   1.0138741E+00
   13.9900   4.4821805E+05   1.0138719E+00
   14.0000   4.4784005E+05   1.0138696E+00
   14.0100   4.4745333E+05   1.0138672E+00
   14.0200   4.4705795E+05   1.0138648E+00
   14.0300   4.4665387E+05   1.0138623E+00
   14.0400   4.4624114E+05   1.0138598E+00
   14.0500   4.4581971E+05   1.0138572E+00
   14.0600   4.4538962E+05   1.0138546E+00
   14.0700   4.4495081E+05   1.0138519E+00
   14.0800   4.4450329E+05   1.0138491E+00
   14.0900   4.4404719E+05   1.0138464E+00
   14.1000   4.4358251E+05   1.0138435E+00
   14.1100   4.4310935E+05   1.0138406E+00
   14.1200   4.4262771E+05   1.0138377E+00
   14.1300   4.4213769E+05   1.0138347E+00
   14.1400   4.4163927E+05   1.0138316E+00
   14.1500   4.4113255E+05   1.0138285E+00
   14.1600   4.4061752E+05   1.0138253E+00
   14.1700   4.4009425E+05   1.0138221E+00
   14.1800   4.3956273E+05   1.0138189E+00
   14.1900   4.3902305E+05   1.0138156E+00
   14.2000   4.3847519E+05   1.0138122E+00
   14.2100   4.3791923E+05   1.0138088E+00
   14.2200   4.3735533E+05   1.0138053E+00
   14.2300   4.3678338E+05   1.0138018E+00
   14.2400   4.3620358E+05   1.0137983E+00
   14.2500   4.3561598E+05   1.0137947E+00
   14.2600   4.3502060E+05   1.0137910E+00
   14.2700   4.3441751E+05   1.0137873E+00
   14.2800   4.3380674E+05   1.0137836E+00
   14.2900   4.3318836E+05   1.0137798E+00
   14.3000   4.3256259E+05   1.0137760E+00
   14.3100   4.3192935E+05   1.0137721E+00
   14.3200   4.3128886E+05   1.0137681E+00
   14.3300   4.3064106E+05   1.0137642E+00
   14.3400   4.2998618E+05   1.0137602E+00
   14.3500   4.2932420E+05   1.0137561E+00
   14.3600   4.2865518E+05   1.0137520E+00
   14.3700   4.2797930E+05   1.0137478E+00
   14.3800   4.2729666E+05   1.0137437E+00
   14.3900   4.2660728E+05   1.0137394E+00
   14.4000   4.2591129E+05   1.0137352E+00
   14.4100   4.2520874E+05   1.0137309E+00
   14.4200   4.2449980E+05   1.0137265E+00
   14.4300   4.2378455E+05   1.0137221E+00
   14.4400   4.2306302E+05   1.0137177E+00
   14.4500   4.2233534E+05   1.0137132E+00
   14.4600   4.2160175E+05   1.0137087E+00
   14.4700   4.2086225E+05   1.0137042E+00
   14.4800   4.2011694E+05   1.0136996E+00
   14.4900   4.1936607E+05   1.0136950E+00
   14.5000   4.1860960E+05   1.0136904E+00
   14.5100   4.1784766E+05   1.0136857E+00
   14.5200   4.1708045E+05   1.0136810E+00
   14.5300   4.1630796E+05   1.0136762E+00
   14.5400   4.1553048E+05   1.0136715E+00
   14.5500   4.1474806E+05   1.0136666E+00
   14.5600   4.1396086E+05   1.0136618E+00
   14.5700   4.1316902E+05   1.0136570E+00
   14.5800   4.1237261E+05   1.0136521E+00
   14.5900   4.1157181E+05   1.0136471E+00
   14.6000   4.1076679E+05   1.0136422E+00
   14.6100   4.0995764E+05   1.0136372E+00
   14.6200   4.0914443E+05   1.0136322E+00
   14.6300   4.0832734E+05   1.0136272E+00
   14.6400   4.0750652E+05   1.0136222E+00
   14.6500   4.0668208E+05   1.0136171E+00
   14.6600   4.0585409E+05   1.0136120E+00
   14.6700   4.0502275E+05   1.0136069E+00
   14.6800   4.0418823E+05   1.0136018E+00
   14.6900   4.0335067E+05   1.0135967E+00
   14.7000   4.0251017E+05   1.0135915E+00
   14.7100   4.0166697E+05   1.0135863E+00
   14.7200   4.0082111E+05   1.0135811E+00
   14.7300   3.9997278E+05   1.0135759E+00
   14.7400   3.9912214E+05   1.0135707E+00
   14.7500   3.9826932E+05   1.0135654E+00
   14.7600   3.9741443E+05   1.0135602E+00
   14.7700   3.9655773E+05   1.0135549E+00
   14.7800   3.9569930E+05   1.0135496E+00
   14.7900   3.9483935E+05   1.0135444E+00
   14.8000   3.9397810E+05   1.0135391E+00
   14.8100   3.9311556E+05   1.0135338E+00
   14.8200   3.9225191E+05   1.0135285E+00
   14.8300   3.9138731E+05   1.0135231E+00
   14.8400   3.9052192E+05   1.0135178E+00
   14.8500   3.8965589E+05   1.0135125E+00
   14.8600   3.8878935E+05   1.0135072E+00
   14.8700   3.8792262E+05   1.0135018E+00
   14.8800   3.8705583E+05   1.0134965E+00
   14.8900   3.8618911E+05   1.0134912E+00
   14.9000   3.8532258E+05   1.0134859E+00
   14.9100   3.8445638E+05   1.0134805E+00
   14.9200   3.8359064E+05   1.0134752E+00
   14.9300   3.8272550E+05   1.0134699E+00
   14.9400   3.8186129E+05   1.0134646E+00
   14.9500   3.8099816E+05   1.0134593E+00
   14.9600   3.8013628E+05   1.0134540E+00
   14.9700   3.7927564E+05   1.0134487E+00
   14.9800   3.7841644E+05   1.0134434E+00
   14.9900   3.7755889E+05   1.0134381E+00
   15.0000   3.7670321E+05   1.0134329E+00
   15.0100   3.7584948E+05   1.0134276E+00
   15.0200   3.7499795E+05   1.0134224E+00
   15.0300   3.7414875E+05   1.0134171E+00
   15.0400   3.7330200E+05   1.0134119E+00
   15.0500   3.7245787E+05   1.0134067E+00
   15.0600   3.7161656E+05   1.0134016E+00
   15.0700   3.7077809E+05   1.0133964E+00
   15.0800   3.6994274E+05   1.0133913E+00
   15.0900   3.6911060E+05   1.0133861E+00
   15.1000   3.6828182E+05   1.0133810E+00
   15.1100   3.6745658E+05   1.0133760E+00
   15.1200   3.6663510E+05   1.0133709E+00
   15.1300   3.6581745E+05   1.0133659E+00
   15.1400   3.6500375E+05   1.0133609E+00
   15.1500   3.6419417E+05   1.0133559E+00
   15.1600   3.6338893E+05   1.0133509E+00
   15.1700   3.6258809E+05   1.0133460E+00
   15.1800   3.6179196E+05   1.0133411E+00
   15.1900   3.6100054E+05   1.0133362E+00
   15.2000   3.6021405E+05   1.0133314E+00
   15.2100   3.5943261E+05   1.0133266E+00
   15.2200   3.5865635E+05   1.0133218E+00
   15.2300   3.5788551E+05   1.0133170E+00
   15.2400   3.5712018E+05   1.0133123E+00
   15.2500   3.5636050E+05   1.0133076E+00
   15.2600   3.5560670E+05   1.0133030E+00
   15.2700   3.5485888E+05   1.0132984E+00
   15.2800   3.5411720E+05   1.0132938E+00
   15.2900   3.5338172E+05   1.0132893E+00
   15.3000   3.5265255E+05   1.0132848E+00
   15.3100   3.5192990E+05   1.0132803E+00
   15.3200   3.5121384E+05   1.0132759E+00
   15.3300   3.5050453E+05   1.0132715E+00
   15.3400   3.4980202E+05   1.0132672E+00
   15.3500   3.4910644E+05   1.0132629E+00
   15.3600   3.4841798E+05   1.0132587E+00
   15.3700   3.4773674E+05   1.0132545E+00
   15.3800   3.4706291E+05   1.0132503E+00
   15.3900   3.4639656E+05   1.0132462E+00
   15.4000   3.4573785E+05   1.0132421E+00
   15.4100   3.4508686E+05   1.0132381E+00
   15.4200   3.4444373E+05   1.0132342E+00
   15.4300   3.4380852E+05   1.0132302E+00
   15.4400   3.4318138E+05   1.0132264E+00
   15.4500   3.4256235E+05   1.0132225E+00
   15.4600   3.4195159E+05   1.0132188E+00
   15.4700   3.4134914E+05   1.0132151E+00
   15.4800   3.4075515E+05   1.0132114E+00
   15.4900   3.4016969E+05   1.0132078E+00
   15.5000   3.3959290E+05   1.0132042E+00
   15.5100   3.3902485E+05   1.0132007E+00
   15.5200   3.3846570E+05   1.0131973E+00
   15.5300   3.3791555E+05   1.0131939E+00
   15.5400   3.3737438E+05   1.0131905E+00
   15.5500   3.3684231E+05   1.0131872E+00
   15.5600   3.3631935E+05   1.0131840E+00
   15.5700   3.3580562E+05   1.0131808E+00
   15.5800   3.3530116E+05   1.0131777E+00
   15.5900   3.3480613E+05   1.0131746E+00
   15.6000   3.3432058E+05   1.0131716E+00
   15.6100   3.3384452E+05   1.0131687E+00
   15.6200   3.3337804E+05   1.0131658E+00
   15.6300   3.3292117E+05   1.0131630E+00
   15.6400   3.3247403E+05   1.0131602E+00
   15.6500   3.3203668E+05   1.0131575E+00
   15.6600   3.3160911E+05   1.0131548E+00
   15.6700   3.3119141E+05   1.0131523E+00
   15.6800   3.3078359E+05   1.0131497E+00
   15.6900   3.3038580E+05   1.0131473E+00
   15.7000   3.2999809E+05   1.0131449E+00
   15.7100   3.2962046E+05   1.0131425E+00
   15.7200   3.2925301E+05   1.0131402E+00
   15.7300   3.2889576E+05   1.0131380E+00
   15.7400   3.2854871E+05   1.0131359E+00
   15.7500   3.2821191E+05   1.0131338E+00
   15.7600   3.2788539E+05   1.0131317E+00
   15.7700   3.2756910E+05   1.0131298E+00
   15.7800   3.2726309E+05   1.0131279E+00
   15.7900   3.2696736E+05   1.0131260E+00
   15.8000   3.2668201E+05   1.0131243E+00
   15.8100   3.2640709E+05   1.0131225E+00
   15.8200   3.2614258E+05   1.0131209E+00
   15.8300   3.2588838E+05   1.0131193E+00
   15.8400   3.2564452E+05   1.0131178E+00
   15.8500   3.2541096E+05   1.0131163E+00
   15.8600   3.2518777E+05   1.0131149E+00
   15.8700   3.2497497E+05   1.0131136E+00
   15.8800   3.2477249E+05   1.0131123E+00
   15.8900   3.2458038E+05   1.0131111E+00
   15.9000   3.2439866E+05   1.0131100E+00
   15.9100   3.2422722E+05   1.0131089E+00
   15.9200   3.2406613E+05   1.0131079E+00
   15.9300   3.2391534E+05   1.0131069E+00
   15.9400   3.2377477E+05   1.0131061E+00
   15.9500   3.2364444E+05   1.0131052E+00
   15.9600   3.2352430E+05   1.0131045E+00
   15.9700   3.2341441E+05   1.0131038E+00
   15.9800   3.2331478E+05   1.0131031E+00
   15.9900   3.2322534E+05   1.0131026E+00
   16.0000   3.2314595E+05   1.0131020E+00
   16.0100   3.2307658E+05   1.0131016E+00
   16.0200   3.2301715E+05   1.0131012E+00
   16.0300   3.2296768E+05   1.0131009E+00
   16.0400   3.2292810E+05   1.0131006E+00
   16.0500   3.2289848E+05   1.0131004E+00
   16.0600   3.2287861E+05   1.0131002E+00
   16.0700   3.2286842E+05   1.0131002E+00
   16.0800   3.2286793E+05   1.0131001E+00
   16.0900   3.2287707E+05   1.0131002E+00
   16.1000   3.2289573E+05   1.0131002E+00
   16.1100   3.2292389E+05   1.0131004E+00
   16.1200   3.2296145E+05   1.0131006E+00
   16.1300   3.2300842E+05   1.0131009E+00
   16.1400   3.2306473E+05   1.0131012E+00
   16.1500   3.2313024E+05   1.0131016E+00
   16.1600   3.2320491E+05   1.0131020E+00
   16.1700   3.2328861E+05   1.0131025E+00
   16.1800   3.2338132E+05   1.0131030E+00
   16.1900   3.2348295E+05   1.0131036E+00
   16.2000   3.2359330E+05   1.0131043E+00
   16.2100   3.2371230E+05   1.0131050E+00
   16.2200   3.2383995E+05   1.0131057E+00
   16.2300   3.2397617E+05   1.0131066E+00
   16.2400   3.2412081E+05   1.0131074E+00
   16.2500   3.2427380E+05   1.0131083E+00
   16.2600   3.2443499E+05   1.0131093E+00
   16.2700   3.2460431E+05   1.0131103E+00
   16.2800   3.2478160E+05   1.0131114E+00
   16.2900   3.2496680E+05   1.0131125E+00
   16.3000   3.2515976E+05   1.0131137E+00
   16.3100   3.2536040E+05   1.0131149E+00
   16.3200   3.2556873E+05   1.0131161E+00
   16.3300   3.2578449E+05   1.0131174E+00
   16.3400   3.2600769E+05   1.0131188E+00
   16.3500   3.2623822E+05   1.0131202E+00
   16.3600   3.2647588E+05   1.0131216E+00
   16.3700   3.2672057E+05   1.0131231E+00
   16.3800   3.2697224E+05   1.0131246E+00
   16.3900   3.2723075E+05   1.0131262E+00
   16.4000   3.2749585E+05   1.0131278E+00
   16.4100   3.2776755E+05   1.0131294E+00
   16.4200   3.2804575E+05   1.0131311E+00
   16.4300   3.2833024E+05   1.0131328E+00
   16.4400   3.2862088E+05   1.0131346E+00
   16.4500   3.2891760E+05   1.0131364E+00
   16.4600   3.2922022E+05   1.0131382E+00
   16.4700   3.2952863E+05   1.0131401E+00
   16.4800   3.2984276E+05   1.0131420E+00
   16.4900   3.3016245E+05   1.0131439E+00
   16.5000   3.3048760E+05   1.0131459E+00
   16.5100   3.3081796E+05   1.0131479E+00
   16.5200   3.3115356E+05   1.0131499E+00
   16.5300   3.3149410E+05   1.0131520E+00
   16.5400   3.3183953E+05   1.0131541E+00
   16.5500   3.3218965E+05   1.0131562E+00
   16.5600   3.3254435E+05   1.0131584E+00
   16.5700   3.3290354E+05   1.0131606E+00
   16.5800   3.3326701E+05   1.0131628E+00
   16.5900   3.3363478E+05   1.0131650E+00
   16.6000   3.3400655E+05   1.0131673E+00
   16.6100   3.3438226E+05   1.0131696E+00
   16.6200   3.3476170E+05   1.0131719E+00
   16.6300   3.3514489E+05   1.0131742E+00
   16.6400   3.3553151E+05   1.0131766E+00
   16.6500   3.3592150E+05   1.0131789E+00
   16.6600   3.3631479E+05   1.0131813E+00
   16.6700   3.3671120E+05   1.0131837E+00
   16.6800   3.3711057E+05   1.0131862E+00
   16.6900   3.3751278E+05   1.0131886E+00
   16.7000   3.3791774E+05   1.0131911E+00
   16.7100   3.3832520E+05   1.0131936E+00
   16.7200   3.3873514E+05   1.0131961E+00
   16.7300   3.3914738E+05   1.0131986E+00
   16.7400   3.3956174E+05   1.0132011E+00
   16.7500   3.3997809E+05   1.0132037E+00
   16.7600   3.4039633E+05   1.0132062E+00
   16.7700   3.4081636E+05   1.0132088E+00
   16.7800   3.4123792E+05   1.0132113E+00
   16.7900   3.4166096E+05   1.0132139E+00
   16.8000   3.4208545E+05   1.0132165E+00
   16.8100   3.4251118E+05   1.0132191E+00
   16.8200   3.4293797E+05   1.0132217E+00
   16.8300   3.4336581E+05   1.0132243E+00
   16.8400   3.4379454E+05   1.0132269E+00
   16.8500   3.4422401E+05   1.0132295E+00
   16.8600   3.4465408E+05   1.0132322E+00
   16.8700   3.4508460E+05   1.0132348E+00
   16.8800   3.4551543E+05   1.0132374E+00
   16.8900   3.4594646E+05   1.0132400E+00
   16.9000   3.4637756E+05   1.0132427E+00
   16.9100   3.4680859E+05   1.0132453E+00
   16.9200   3.4723943E+05   1.0132479E+00
   16.9300   3.4766995E+05   1.0132506E+00
   16.9400   3.4810001E+05   1.0132532E+00
   16.9500   3.4852968E+05   1.0132558E+00
   16.9600   3.4895879E+05   1.0132584E+00
   16.9700   3.4938721E+05   1.0132610E+00
   16.9800   3.4981478E+05   1.0132637E+00
   16.9900   3.5024134E+05   1.0132663E+00
   17.0000   3.5066689E+05   1.0132689E+00
   17.0100   3.5109125E+05   1.0132714E+00
   17.0200   3.5151441E+05   1.0132740E+00
   17.0300   3.5193614E+05   1.0132766E+00
   17.0400   3.5235640E+05   1.0132792E+00
   17.0500   3.5277514E+05   1.0132817E+00
   17.0600   3.5319226E+05   1.0132843E+00
   17.0700   3.5360768E+05   1.0132868E+00
   17.0800   3.5402129E+05   1.0132893E+00
   17.0900   3.5443293E+05   1.0132918E+00
   17.1000   3.5484265E+05   1.0132943E+00
   17.1100   3.5525025E+05   1.0132968E+00
   17.1200   3.5565573E+05   1.0132993E+00
   17.1300   3.5605885E+05   1.0133018E+00
   17.1400   3.5645954E+05   1.0133042E+00
   17.1500   3.5685790E+05   1.0133066E+00
   17.1600   3.5725379E+05   1.0133091E+00
   17.1700   3.5764708E+05   1.0133115E+00
   17.1800   3.5803775E+05   1.0133139E+00
   17.1900   3.5842579E+05   1.0133162E+00
   17.2000   3.5881096E+05   1.0133186E+00
   17.2100   3.5919335E+05   1.0133209E+00
   17.2200   3.5957285E+05   1.0133232E+00
   17.2300   3.5994931E+05   1.0133255E+00
   17.2400   3.6032272E+05   1.0133278E+00
   17.2500   3.6069305E+05   1.0133301E+00
   17.2600   3.6106023E+05   1.0133323E+00
   17.2700   3.6142416E+05   1.0133345E+00
   17.2800   3.6178487E+05   1.0133367E+00
   17.2900   3.6214237E+05   1.0133389E+00
   17.3000   3.6249645E+05   1.0133411E+00
   17.3100   3.6284722E+05   1.0133432E+00
   17.3200   3.6319458E+05   1.0133453E+00
   17.3300   3.6353857E+05   1.0133474E+00
   17.3400   3.6387900E+05   1.0133495E+00
   17.3500   3.6421584E+05   1.0133516E+00
   17.3600   3.6454918E+05   1.0133536E+00
   17.3700   3.6487892E+05   1.0133556E+00
   17.3800   3.6520508E+05   1.0133576E+00
   17.3900   3.6552763E+05   1.0133596E+00
   17.4000   3.6584654E+05   1.0133615E+00
   17.4100   3.6616187E+05   1.0133635E+00
   17.4200   3.6647350E+05   1.0133654E+00
   17.4300   3.6678143E+05   1.0133672E+00
   17.4400   3.6708563E+05   1.0133691E+00
   17.4500   3.6738619E+05   1.0133709E+00
   17.4600   3.6768300E+05   1.0133727E+00
   17.4700   3.6797609E+05   1.0133745E+00
   17.4800   3.6826542E+05   1.0133763E+00
   17.4900   3.6855113E+05   1.0133780E+00
   17.5000   3.6883311E+05   1.0133798E+00
   17.5100   3.6911139E+05   1.0133815E+00
   17.5200   3.6938598E+05   1.0133831E+00
   17.5300   3.6965683E+05   1.0133848E+00
   17.5400   3.6992404E+05   1.0133864E+00
   17.5500   3.7018766E+05   1.0133880E+00
   17.5600   3.7044771E+05   1.0133896E+00
   17.5700   3.7070416E+05   1.0133912E+00
   17.5800   3.7095694E+05   1.0133927E+00
   17.5900   3.7120615E+05   1.0133942E+00
   17.6000   3.7145181E+05   1.0133957E+00
   17.6100   3.7169392E+05   1.0133972E+00
   17.6200   3.7193262E+05   1.0133987E+00
   17.6300   3.7216782E+05   1.0134001E+00
   17.6400   3.7239960E+05   1.0134015E+00
   17.6500   3.7262798E+05   1.0134029E+00
   17.6600   3.7285311E+05   1.0134043E+00
   17.6700   3.7307497E+05   1.0134056E+00
   17.6800   3.7329363E+05   1.0134070E+00
   17.6900   3.7350916E+05   1.0134083E+00
   17.7000   3.7372159E+05   1.0134096E+00
   17.7100   3.7393090E+05   1.0134109E+00
   17.7200   3.7413723E+05   1.0134121E+00
   17.7300   3.7434051E+05   1.0134134E+00
   17.7400   3.7454080E+05   1.0134146E+00
   17.7500   3.7473833E+05   1.0134158E+00
   17.7600   3.7493310E+05   1.0134170E+00
   17.7700   3.7512508E+05   1.0134181E+00
   17.7800   3.7531440E+05   1.0134193E+00
   17.7900   3.7550116E+05   1.0134204E+00
   17.8000   3.7568542E+05   1.0134215E+00
   17.8100   3.7586723E+05   1.0134227E+00
   17.8200   3.7604659E+05   1.0134237E+00
   17.8300   3.7622368E+05   1.0134248E+00
   17.8400   3.7639846E+05   1.0134259E+00
   17.8500   3.7657103E+05   1.0134269E+00
   17.8600   3.7674149E+05   1.0134280E+00
   17.8700   3.7690991E+05   1.0134290E+00
   17.8800   3.7707634E+05   1.0134300E+00
   17.8900   3.7724097E+05   1.0134310E+00
   17.9000   3.7740381E+05   1.0134320E+00
   17.9100   3.7756503E+05   1.0134330E+00
   17.9200   3.7772458E+05   1.0134340E+00
   17.9300   3.7788260E+05   1.0134349E+00
   17.9400   3.7803920E+05   1.0134359E+00
   17.9500   3.7819447E+05   1.0134368E+00
   17.9600   3.7834850E+05   1.0134377E+00
   17.9700   3.7850134E+05   1.0134387E+00
   17.9800   3.7865305E+05   1.0134396E+00
   17.9900   3.7880385E+05   1.0134405E+00
   18.0000   3.7895378E+05   1.0134414E+00
   18.0100   3.7910284E+05   1.0134423E+00
   18.0200   3.7925124E+05   1.0134432E+00
   18.0300   3.7939898E+05   1.0134441E+00
   18.0400   3.7954624E+05   1.0134450E+00
   18.0500   3.7969318E+05   1.0134459E+00
   18.0600   3.7983979E+05   1.0134468E+00
   18.0700   3.7998625E+05   1.0134477E+00
   18.0800   3.8013252E+05   1.0134486E+00
   18.0900   3.8027878E+05   1.0134495E+00
   18.1000   3.8042517E+05   1.0134504E+00
   18.1100   3.8057169E+05   1.0134513E+00
   18.1200   3.8071850E+05   1.0134521E+00
   18.1300   3.8086575E+05   1.0134530E+00
   18.1400   3.8101345E+05   1.0134539E+00
   18.1500   3.8116177E+05   1.0134548E+00
   18.1600   3.8131072E+05   1.0134557E+00
   18.1700   3.8146047E+05   1.0134567E+00
   18.1800   3.8161106E+05   1.0134576E+00
   18.1900   3.8176268E+05   1.0134585E+00
   18.2000   3.8191539E+05   1.0134594E+00
   18.2100   3.8206922E+05   1.0134604E+00
   18.2200   3.8222443E+05   1.0134613E+00
   18.2300   3.8238109E+05   1.0134623E+00
   18.2400   3.8253930E+05   1.0134632E+00
   18.2500   3.8269917E+05   1.0134642E+00
   18.2600   3.8286065E+05   1.0134652E+00
   18.2700   3.8302389E+05   1.0134662E+00
   18.2800   3.8318905E+05   1.0134672E+00
   18.2900   3.8335615E+05   1.0134682E+00
   18.3000   3.8352540E+05   1.0134692E+00
   18.3100   3.8369685E+05   1.0134703E+00
   18.3200   3.8387057E+05   1.0134713E+00
   18.3300   3.8404668E+05   1.0134724E+00
   18.3400   3.8422529E+05   1.0134735E+00
   18.3500   3.8440640E+05   1.0134746E+00
   18.3600   3.8459018E+05   1.0134757E+00
   18.3700   3.8477667E+05   1.0134768E+00
   18.3800   3.8496594E+05   1.0134780E+00
   18.3900   3.8515807E+05   1.0134792E+00
   18.4000   3.8535320E+05   1.0134803E+00
   18.4100   3.8555148E+05   1.0134816E+00
   18.4200   3.8575294E+05   1.0134828E+00
   18.4300   3.8595762E+05   1.0134840E+00
   18.4400   3.8616560E+05   1.0134853E+00
   18.4500   3.8637702E+05   1.0134866E+00
   18.4600   3.8659202E+05   1.0134879E+00
   18.4700   3.8681064E+05   1.0134892E+00
   18.4800   3.8703292E+05   1.0134906E+00
   18.4900   3.8725898E+05   1.0134920E+00
   18.5000   3.8748894E+05   1.0134934E+00
   18.5100   3.8772283E+05   1.0134948E+00
   18.5200   3.8796068E+05   1.0134962E+00
   18.5300   3.8820259E+05   1.0134977E+00
   18.5400   3.8844869E+05   1.0134992E+00
   18.5500   3.8869900E+05   1.0135008E+00
   18.5600   3.8895355E+05   1.0135023E+00
   18.5700   3.8921246E+05   1.0135039E+00
   18.5800   3.8947567E+05   1.0135055E+00
   18.5900   3.8974340E+05   1.0135071E+00
   18.6000   3.9001569E+05   1.0135088E+00
   18.6100   3.9029249E+05   1.0135105E+00
   18.6200   3.9057395E+05   1.0135122E+00
   18.6300   3.9086012E+05   1.0135140E+00
   18.6400   3.9115107E+05   1.0135157E+00
   18.6500   3.9144677E+05   1.0135175E+00
   18.6600   3.9174724E+05   1.0135194E+00
   18.6700   3.9205253E+05   1.0135212E+00
   18.6800   3.9236277E+05   1.0135231E+00
   18.6900   3.9267794E+05   1.0135251E+00
   18.7000   3.9299810E+05   1.0135270E+00
   18.7100   3.9332336E+05   1.0135290E+00
   18.7200   3.9365368E+05   1.0135310E+00
   18.7300   3.9398912E+05   1.0135331E+00
   18.7400   3.9432975E+05   1.0135352E+00
   18.7500   3.9467555E+05   1.0135373E+00
   18.7600   3.9502654E+05   1.0135394E+00
   18.7700   3.9538282E+05   1.0135416E+00
   18.7800   3.9574434E+05   1.0135438E+00
   18.7900   3.9611113E+05   1.0135461E+00
   18.8000   3.9648326E+05   1.0135483E+00
   18.8100   3.9686070E+05   1.0135506E+00
   18.8200   3.9724346E+05   1.0135530E+00
   18.8300   3.9763161E+05   1.0135554E+00
   18.8400   3.9802512E+05   1.0135578E+00
   18.8500   3.9842400E+05   1.0135602E+00
   18.8600   3.9882833E+05   1.0135627E+00
   18.8700   3.9923806E+05   1.0135652E+00
   18.8800   3.9965320E+05   1.0135677E+00
   18.8900   4.0007365E+05   1.0135703E+00
   18.9000   4.0049955E+05   1.0135729E+00
   18.9100   4.0093073E+05   1.0135756E+00
   18.9200   4.0136726E+05   1.0135782E+00
   18.9300   4.0180909E+05   1.0135809E+00
   18.9400   4.0225625E+05   1.0135837E+00
   18.9500   4.0270878E+05   1.0135865E+00
   18.9600   4.0316666E+05   1.0135893E+00
   18.9700   4.0362987E+05   1.0135921E+00
   18.9800   4.0409832E+05   1.0135950E+00
   18.9900   4.0457195E+05   1.0135979E+00
   19.0000   4.0505076E+05   1.0136008E+00
   19.0100   4.0553482E+05   1.0136038E+00
   19.0200   4.0602405E+05   1.0136068E+00
   19.0300   4.0651847E+05   1.0136098E+00
   19.0400   4.0701793E+05   1.0136129E+00
   19.0500   4.0752239E+05   1.0136160E+00
   19.0600   4.0803180E+05   1.0136191E+00
   19.0700   4.0854623E+05   1.0136222E+00
   19.0800   4.0906558E+05   1.0136254E+00
   19.0900   4.0958983E+05   1.0136286E+00
   19.1000   4.1011900E+05   1.0136319E+00
   19.1100   4.1065299E+05   1.0136351E+00
   19.1200   4.1119175E+05   1.0136385E+00
   19.1300   4.1173512E+05   1.0136418E+00
   19.1400   4.1228314E+05   1.0136451E+00
   19.1500   4.1283574E+05   1.0136485E+00
   19.1600   4.1339291E+05   1.0136520E+00
   19.1700   4.1395450E+05   1.0136554E+00
   19.1800   4.1452040E+05   1.0136589E+00
   19.1900   4.1509056E+05   1.0136624E+00
   19.2000   4.1566499E+05   1.0136659E+00
   19.2100   4.1624353E+05   1.0136694E+00
   19.2200   4.1682610E+05   1.0136730E+00
   19.2300   4.1741265E+05   1.0136766E+00
   19.2400   4.1800318E+05   1.0136802E+00
   19.2500   4.1859754E+05   1.0136839E+00
   19.2600   4.1919565E+05   1.0136876E+00
   19.2700   4.1979745E+05   1.0136912E+00
   19.2800   4.2040293E+05   1.0136950E+00
   19.2900   4.2101193E+05   1.0136987E+00
   19.3000   4.2162433E+05   1.0137025E+00
   19.3100   4.2224007E+05   1.0137062E+00
   19.3200   4.2285911E+05   1.0137100E+00
   19.3300   4.2348126E+05   1.0137139E+00
   19.3400   4.2410656E+05   1.0137177E+00
   19.3500   4.2473489E+05   1.0137215E+00
   19.3600   4.2536618E+05   1.0137254E+00
   19.3700   4.2600021E+05   1.0137293E+00
   19.3800   4.2663695E+05   1.0137332E+00
   19.3900   4.2727625E+05   1.0137372E+00
   19.4000   4.2791797E+05   1.0137411E+00
   19.4100   4.2856218E+05   1.0137450E+00
   19.4200   4.2920862E+05   1.0137490E+00
   19.4300   4.2985723E+05   1.0137530E+00
   19.4400   4.3050799E+05   1.0137570E+00
   19.4500   4.3116070E+05   1.0137610E+00
   19.4600   4.3181520E+05   1.0137650E+00
   19.4700   4.3247153E+05   1.0137691E+00
   19.4800   4.3312955E+05   1.0137731E+00
   19.4900   4.3378917E+05   1.0137771E+00
   19.5000   4.3445030E+05   1.0137812E+00
   19.5100   4.3511268E+05   1.0137853E+00
   19.5200   4.3577626E+05   1.0137894E+00
   19.5300   4.3644100E+05   1.0137934E+00
   19.5400   4.3710668E+05   1.0137975E+00
   19.5500   4.3777328E+05   1.0138016E+00
   19.5600   4.3844063E+05   1.0138057E+00
   19.5700   4.3910852E+05   1.0138098E+00
   19.5800   4.3977699E+05   1.0138139E+00
   19.5900   4.4044584E+05   1.0138180E+00
   19.6000   4.4111493E+05   1.0138222E+00
   19.6100   4.4178410E+05   1.0138263E+00
   19.6200   4.4245335E+05   1.0138304E+00
   19.6300   4.4312255E+05   1.0138345E+00
   19.6400   4.4379152E+05   1.0138386E+00
   19.6500   4.4446011E+05   1.0138427E+00
   19.6600   4.4512816E+05   1.0138468E+00
   19.6700   4.4579567E+05   1.0138509E+00
   19.6800   4.4646248E+05   1.0138550E+00
   19.6900   4.4712839E+05   1.0138591E+00
   19.7000   4.4779340E+05   1.0138632E+00
   19.7100   4.4845731E+05   1.0138673E+00
   19.7200   4.4912008E+05   1.0138714E+00
   19.7300   4.4978148E+05   1.0138754E+00
   19.7400   4.5044146E+05   1.0138795E+00
   19.7500   4.5109994E+05   1.0138835E+00
   19.7600   4.5175682E+05   1.0138876E+00
   19.7700   4.5241200E+05   1.0138916E+00
   19.7800   4.5306535E+05   1.0138956E+00
   19.7900   4.5371672E+05   1.0138996E+00
   19.8000   4.5436595E+05   1.0139036E+00
   19.8100   4.5501283E+05   1.0139076E+00
   19.8200   4.5565733E+05   1.0139116E+00
   19.8300   4.5629938E+05   1.0139155E+00
   19.8400   4.5693890E+05   1.0139194E+00
   19.8500   4.5757576E+05   1.0139234E+00
   19.8600   4.5820982E+05   1.0139273E+00
   19.8700   4.5884089E+05   1.0139311E+00
   19.8800   4.5946895E+05   1.0139350E+00
   19.8900   4.6009375E+05   1.0139389E+00
   19.9000   4.6071520E+05   1.0139427E+00
   19.9100   4.6133332E+05   1.0139465E+00
   19.9200   4.6194795E+05   1.0139503E+00
   19.9300   4.6255907E+05   1.0139540E+00
   19.9400   4.6316641E+05   1.0139578E+00
   19.9500   4.6376986E+05   1.0139615E+00
   19.9600   4.6436946E+05   1.0139652E+00
   19.9700   4.6496500E+05   1.0139688E+00
   19.9800   4.6555643E+05   1.0139725E+00
   19.9900   4.6614363E+05   1.0139761E+00
   20.0000   4.6672645E+05   1.0139797E+00
   20.0100   4.6730488E+05   1.0139832E+00
   20.0200   4.6787884E+05   1.0139868E+00
   20.0300   4.6844821E+05   1.0139903E+00
   20.0400   4.6901283E+05   1.0139938E+00
   20.0500   4.6957265E+05   1.0139972E+00
   20.0600   4.7012758E+05   1.0140006E+00
   20.0700   4.7067747E+05   1.0140040E+00
   20.0800   4.7122230E+05   1.0140074E+00
   20.0900   4.7176199E+05   1.0140107E+00
   20.1000   4.7229640E+05   1.0140140E+00
   20.1100   4.7282552E+05   1.0140172E+00
   20.1200   4.7334928E+05   1.0140205E+00
   20.1300   4.7386755E+05   1.0140237E+00
   20.1400   4.7438031E+05   1.0140268E+00
   20.1500   4.7488750E+05   1.0140300E+00
   20.1600   4.7538897E+05   1.0140330E+00
   20.1700   4.7588472E+05   1.0140361E+00
   20.1800   4.7637467E+05   1.0140391E+00
   20.1900   4.7685866E+05   1.0140421E+00
   20.2000   4.7733668E+05   1.0140451E+00
   20.2100   4.7780862E+05   1.0140480E+00
   20.2200   4.7827451E+05   1.0140508E+00
   20.2300   4.7873430E+05   1.0140537E+00
   20.2400   4.7918787E+05   1.0140565E+00
   20.2500   4.7963521E+05   1.0140592E+00
   20.2600   4.8007626E+05   1.0140620E+00
   20.2700   4.8051088E+05   1.0140646E+00
   20.2800   4.8093902E+05   1.0140673E+00
   20.2900   4.8136058E+05   1.0140699E+00
   20.3000   4.8177558E+05   1.0140724E+00
   20.3100   4.8218393E+05   1.0140750E+00
   20.3200   4.8258568E+05   1.0140774E+00
   20.3300   4.8298079E+05   1.0140799E+00
   20.3400   4.8336915E+05   1.0140823E+00
   20.3500   4.8375076E+05   1.0140846E+00
   20.3600   4.8412554E+05   1.0140869E+00
   20.3700   4.8449351E+05   1.0140892E+00
   20.3800   4.8485464E+05   1.0140915E+00
   20.3900   4.8520898E+05   1.0140936E+00
   20.4000   4.8555650E+05   1.0140958E+00
   20.4100   4.8589712E+05   1.0140979E+00
   20.4200   4.8623084E+05   1.0141000E+00
   20.4300   4.8655761E+05   1.0141020E+00
   20.4400   4.8687745E+05   1.0141040E+00
   20.4500   4.8719033E+05   1.0141059E+00
   20.4600   4.8749631E+05   1.0141078E+00
   20.4700   4.8779538E+05   1.0141096E+00
   20.4800   4.8808745E+05   1.0141114E+00
   20.4900   4.8837254E+05   1.0141132E+00
   20.5000   4.8865058E+05   1.0141149E+00
   20.5100   4.8892161E+05   1.0141166E+00
   20.5200   4.8918560E+05   1.0141182E+00
   20.5300   4.8944261E+05   1.0141198E+00
   20.5400   4.8969263E+05   1.0141214E+00
   20.5500   4.8993575E+05   1.0141229E+00
   20.5600   4.9017197E+05   1.0141244E+00
   20.5700   4.9040125E+05   1.0141258E+00
   20.5800   4.9062362E+05   1.0141272E+00
   20.5900   4.9083905E+05   1.0141285E+00
   20.6000   4.9104760E+05   1.0141298E+00
   20.6100   4.9124926E+05   1.0141311E+00
   20.6200   4.9144414E+05   1.0141323E+00
   20.6300   4.9163226E+05   1.0141334E+00
   20.6400   4.9181355E+05   1.0141346E+00
   20.6500   4.9198808E+05   1.0141356E+00
   20.6600   4.9215600E+05   1.0141367E+00
   20.6700   4.9231721E+05   1.0141377E+00
   20.6800   4.9247173E+05   1.0141387E+00
   20.6900   4.9261966E+05   1.0141396E+00
   20.7000   4.9276105E+05   1.0141405E+00
   20.7100   4.9289587E+05   1.0141413E+00
   20.7200   4.9302421E+05   1.0141421E+00
   20.7300   4.9314624E+05   1.0141429E+00
   20.7400   4.9326190E+05   1.0141436E+00
   20.7500   4.9337124E+05   1.0141443E+00
   20.7600   4.9347442E+05   1.0141449E+00
   20.7700   4.9357133E+05   1.0141456E+00
   20.7800   4.9366219E+05   1.0141461E+00
   20.7900   4.9374695E+05   1.0141467E+00
   20.8000   4.9382566E+05   1.0141472E+00
   20.8100   4.9389851E+05   1.0141476E+00
   20.8200   4.9396543E+05   1.0141480E+00
   20.8300   4.9402647E+05   1.0141484E+00
   20.8400   4.9408178E+05   1.0141488E+00
   20.8500   4.9413148E+05   1.0141491E+00
   20.8600   4.9417559E+05   1.0141494E+00
   20.8700   4.9421427E+05   1.0141497E+00
   20.8800   4.9424744E+05   1.0141499E+00
   20.8900   4.9427531E+05   1.0141501E+00
   20.9000   4.9429785E+05   1.0141502E+00
   20.9100   4.9431517E+05   1.0141503E+00
   20.9200   4.9432729E+05   1.0141504E+00
   20.9300   4.9433440E+05   1.0141505E+00
   20.9400   4.9433658E+05   1.0141505E+00
   20.9500   4.9433389E+05   1.0141505E+00
   20.9600   4.9432651E+05   1.0141505E+00
   20.9700   4.9431438E+05   1.0141504E+00
   20.9800   4.9429758E+05   1.0141503E+00
   20.9900   4.9427631E+05   1.0141502E+00
   21.0000   4.9425054E+05   1.0141501E+00
   21.0100   4.9422037E+05   1.0141499E+00
   21.0200   4.9418604E+05   1.0141497E+00
   21.0300   4.9414755E+05   1.0141495E+00
   21.0400   4.9410504E+05   1.0141492E+00
   21.0500   4.9405862E+05   1.0141490E+00
   21.0600   4.9400834E+05   1.0141487E+00
   21.0700   4.9395438E+05   1.0141483E+00
   21.0800   4.9389671E+05   1.0141480E+00
   21.0900   4.9383545E+05   1.0141476E+00
   21.1000   4.9377085E+05   1.0141473E+00
   21.1100   4.9370293E+05   1.0141469E+00
   21.1200   4.9363188E+05   1.0141464E+00
   21.1300   4.9355765E+05   1.0141460E+00
   21.1400   4.9348034E+05   1.0141455E+00
   21.1500   4.9340022E+05   1.0141451E+00
   21.1600   4.9331732E+05   1.0141446E+00
   21.1700   4.9323164E+05   1.0141441E+00
   21.1800   4.9314336E+05   1.0141435E+00
   21.1900   4.9305259E+05   1.0141430E+00
   21.2000   4.9295944E+05   1.0141424E+00
   21.2100   4.9286398E+05   1.0141418E+00
   21.2200   4.9276646E+05   1.0141413E+00
   21.2300   4.9266688E+05   1.0141407E+00
   21.2400   4.9256544E+05   1.0141401E+00
   21.2500   4.9246212E+05   1.0141394E+00
   21.2600   4.9235707E+05   1.0141388E+00
   21.2700   4.9225040E+05   1.0141382E+00
   21.2800   4.9214222E+05   1.0141375E+00
   21.2900   4.9203262E+05   1.0141369E+00
   21.3000   4.9192168E+05   1.0141362E+00
   21.3100   4.9180963E+05   1.0141355E+00
   21.3200   4.9169651E+05   1.0141348E+00
   21.3300   4.9158255E+05   1.0141341E+00
   21.3400   4.9146776E+05   1.0141334E+00
   21.3500   4.9135235E+05   1.0141328E+00
   21.3600   4.9123631E+05   1.0141321E+00
   21.3700   4.9111982E+05   1.0141313E+00
   21.3800   4.9100290E+05   1.0141306E+00
   21.3900   4.9088570E+05   1.0141299E+00
   21.4000   4.9076839E+05   1.0141292E+00
   21.4100   4.9065096E+05   1.0141285E+00
   21.4200   4.9053357E+05   1.0141278E+00
   21.4300   4.9041640E+05   1.0141271E+00
   21.4400   4.9029942E+05   1.0141264E+00
   21.4500   4.9018281E+05   1.0141257E+00
   21.4600   4.9006673E+05   1.0141250E+00
   21.4700   4.8995120E+05   1.0141243E+00
   21.4800   4.8983639E+05   1.0141236E+00
   21.4900   4.8972232E+05   1.0141229E+00
   21.5000   4.8960919E+05   1.0141222E+00
   21.5100   4.8949703E+05   1.0141216E+00
   21.5200   4.8938588E+05   1.0141209E+00
   21.5300   4.8927597E+05   1.0141202E+00
   21.5400   4.8916737E+05   1.0141196E+00
   21.5500   4.8906017E+05   1.0141189E+00
   21.5600   4.8895446E+05   1.0141183E+00
   21.5700   4.8885035E+05   1.0141177E+00
   21.5800   4.8874797E+05   1.0141170E+00
   21.5900   4.8864729E+05   1.0141164E+00
   21.6000   4.8854848E+05   1.0141158E+00
   21.6100   4.8845155E+05   1.0141152E+00
   21.6200   4.8835670E+05   1.0141147E+00
   21.6300   4.8826399E+05   1.0141141E+00
   21.6400   4.8817350E+05   1.0141136E+00
   21.6500   4.8808532E+05   1.0141130E+00
   21.6600   4.8799959E+05   1.0141125E+00
   21.6700   4.8791626E+05   1.0141120E+00
   21.6800   4.8783552E+05   1.0141115E+00
   21.6900   4.8775741E+05   1.0141111E+00
   21.7000   4.8768197E+05   1.0141106E+00
   21.7100   4.8760929E+05   1.0141102E+00
   21.7200   4.8753948E+05   1.0141098E+00
   21.7300   4.8747271E+05   1.0141094E+00
   21.7400   4.8740895E+05   1.0141090E+00
   21.7500   4.8734826E+05   1.0141086E+00
   21.7600   4.8729070E+05   1.0141083E+00
   21.7700   4.8723637E+05   1.0141080E+00
   21.7800   4.8718541E+05   1.0141077E+00
   21.7900   4.8713782E+05   1.0141074E+00
   21.8000   4.8709363E+05   1.0141071E+00
   21.8100   4.8705290E+05   1.0141069E+00
   21.8200   4.8701576E+05   1.0141067E+00
   21.8300   4.8698216E+05   1.0141065E+00
   21.8400   4.8695229E+05   1.0141063E+00
   21.8500   4.8692621E+05   1.0141061E+00
   21.8600   4.8690399E+05   1.0141060E+00
   21.8700   4.8688561E+05   1.0141059E+00
   21.8800   4.8687104E+05   1.0141058E+00
   21.8900   4.8686033E+05   1.0141058E+00
   21.9000   4.8685355E+05   1.0141057E+00
   21.9100   4.8685084E+05   1.0141057E+00
   21.9200   4.8685217E+05   1.0141058E+00
   21.9300   4.8685759E+05   1.0141058E+00
   21.9400   4.8686716E+05   1.0141059E+00
   21.9500   4.8688084E+05   1.0141060E+00
   21.9600   4.8689879E+05   1.0141061E+00
   21.9700   4.8692105E+05   1.0141062E+00
   21.9800   4.8694751E+05   1.0141064E+00
   21.9900   4.8697832E+05   1.0141066E+00
   22.0000   4.8701348E+05   1.0141068E+00
   22.0100   4.8705301E+05   1.0141071E+00
   22.0200   4.8709685E+05   1.0141074E+00
   22.0300   4.8714514E+05   1.0141077E+00
   22.0400   4.8719788E+05   1.0141080E+00
   22.0500   4.8725513E+05   1.0141084E+00
   22.0600   4.8731683E+05   1.0141087E+00
   22.0700   4.8738296E+05   1.0141092E+00
   22.0800   4.8745354E+05   1.0141096E+00
   22.0900   4.8752865E+05   1.0141101E+00
   22.1000   4.8760825E+05   1.0141106E+00
   22.1100   4.8769232E+05   1.0141111E+00
   22.1200   4.8778091E+05   1.0141117E+00
   22.1300   4.8787395E+05   1.0141122E+00
   22.1400   4.8797157E+05   1.0141128E+00
   22.1500   4.8807361E+05   1.0141135E+00
   22.1600   4.8818015E+05   1.0141141E+00
   22.1700   4.8829111E+05   1.0141148E+00
   22.1800   4.8840647E+05   1.0141156E+00
   22.1900   4.8852628E+05   1.0141163E+00
   22.2000   4.8865061E+05   1.0141171E+00
   22.2100   4.8877942E+05   1.0141179E+00
   22.2200   4.8891270E+05   1.0141187E+00
   22.2300   4.8905033E+05   1.0141196E+00
   22.2400   4.8919241E+05   1.0141204E+00
   22.2500   4.8933891E+05   1.0141214E+00
   22.2600   4.8948965E+05   1.0141223E+00
   22.2700   4.8964471E+05   1.0141233E+00
   22.2800   4.8980402E+05   1.0141242E+00
   22.2900   4.8996756E+05   1.0141253E+00
   22.3000   4.9013535E+05   1.0141263E+00
   22.3100   4.9030729E+05   1.0141274E+00
   22.3200   4.9048331E+05   1.0141285E+00
   22.3300   4.9066340E+05   1.0141296E+00
   22.3400   4.9084758E+05   1.0141307E+00
   22.3500   4.9103576E+05   1.0141319E+00
   22.3600   4.9122787E+05   1.0141331E+00
   22.3700   4.9142389E+05   1.0141343E+00
   22.3800   4.9162384E+05   1.0141355E+00
   22.3900   4.9182762E+05   1.0141368E+00
   22.4000   4.9203516E+05   1.0141381E+00
   22.4100   4.9224643E+05   1.0141394E+00
   22.4200   4.9246145E+05   1.0141407E+00
   22.4300   4.9268008E+05   1.0141421E+00
   22.4400   4.9290225E+05   1.0141434E+00
   22.4500   4.9312791E+05   1.0141448E+00
   22.4600   4.9335705E+05   1.0141462E+00
   22.4700   4.9358953E+05   1.0141477E+00
   22.4800   4.9382542E+05   1.0141491E+00
   22.4900   4.9406463E+05   1.0141506E+00
   22.5000   4.9430697E+05   1.0141521E+00
   22.5100   4.9455241E+05   1.0141536E+00
   22.5200   4.9480083E+05   1.0141552E+00
   22.5300   4.9505228E+05   1.0141567E+00
   22.5400   4.9530668E+05   1.0141583E+00
   22.5500   4.9556399E+05   1.0141599E+00
   22.5600   4.9582400E+05   1.0141615E+00
   22.5700   4.9608674E+05   1.0141631E+00
   22.5800   4.9635207E+05   1.0141648E+00
   22.5900   4.9661988E+05   1.0141664E+00
   22.6000   4.9689009E+05   1.0141681E+00
   22.6100   4.9716266E+05   1.0141698E+00
   22.6200   4.9743754E+05   1.0141715E+00
   22.6300   4.9771458E+05   1.0141732E+00
   22.6400   4.9799378E+05   1.0141749E+00
   22.6500   4.9827501E+05   1.0141767E+00
   22.6600   4.9855818E+05   1.0141784E+00
   22.6700   4.9884318E+05   1.0141802E+00
   22.6800   4.9912994E+05   1.0141820E+00
   22.6900   4.9941844E+05   1.0141837E+00
   22.7000   4.9970844E+05   1.0141855E+00
   22.7100   4.9999994E+05   1.0141873E+00
   22.7200   5.0029277E+05   1.0141892E+00
   22.7300   5.0058694E+05   1.0141910E+00
   22.7400   5.0088231E+05   1.0141928E+00
   22.7500   5.0117875E+05   1.0141946E+00
   22.7600   5.0147613E+05   1.0141965E+00
   22.7700   5.0177435E+05   1.0141983E+00
   22.7800   5.0207331E+05   1.0142002E+00
   22.7900   5.0237290E+05   1.0142020E+00
   22.8000   5.0267306E+05   1.0142039E+00
   22.8100   5.0297370E+05   1.0142057E+00
   22.8200   5.0327475E+05   1.0142076E+00
   22.8300   5.0357614E+05   1.0142095E+00
   22.8400   5.0387781E+05   1.0142113E+00
   22.8500   5.0417950E+05   1.0142132E+00
   22.8600   5.0448118E+05   1.0142151E+00
   22.8700   5.0478277E+05   1.0142169E+00
   22.8800   5.0508421E+05   1.0142188E+00
   22.8900   5.0538526E+05   1.0142207E+00
   22.9000   5.0568585E+05   1.0142225E+00
   22.9100   5.0598591E+05   1.0142244E+00
   22.9200   5.0628537E+05   1.0142262E+00
   22.9300   5.0658414E+05   1.0142281E+00
   22.9400   5.0688212E+05   1.0142299E+00
   22.9500   5.0717904E+05   1.0142318E+00
   22.9600   5.0747496E+05   1.0142336E+00
   22.9700   5.0776977E+05   1.0142354E+00
   22.9800   5.0806333E+05   1.0142372E+00
   22.9900   5.0835548E+05   1.0142390E+00
   23.0000   5.0864608E+05   1.0142408E+00
   23.0100   5.0893511E+05   1.0142426E+00
   23.0200   5.0922237E+05   1.0142444E+00
   23.0300   5.0950784E+05   1.0142462E+00
   23.0400   5.0979145E+05   1.0142479E+00
   23.0500   5.1007294E+05   1.0142497E+00
   23.0600   5.1035223E+05   1.0142514E+00
   23.0700   5.1062917E+05   1.0142531E+00
   23.0800   5.1090380E+05   1.0142548E+00
   23.0900   5.1117595E+05   1.0142565E+00
   23.1000   5.1144559E+05   1.0142582E+00
   23.1100   5.1171249E+05   1.0142598E+00
   23.1200   5.1197657E+05   1.0142615E+00
   23.1300   5.1223772E+05   1.0142631E+00
   23.1400   5.1249579E+05   1.0142647E+00
   23.1500   5.1275079E+05   1.0142663E+00
   23.1600   5.1300251E+05   1.0142679E+00
   23.1700   5.1325087E+05   1.0142694E+00
   23.1800   5.1349578E+05   1.0142709E+00
   23.1900   5.1373708E+05   1.0142724E+00
   23.2000   5.1397479E+05   1.0142739E+00
   23.2100   5.1420885E+05   1.0142753E+00
   23.2200   5.1443900E+05   1.0142768E+00
   23.2300   5.1466530E+05   1.0142782E+00
   23.2400   5.1488758E+05   1.0142796E+00
   23.2500   5.1510582E+05   1.0142809E+00
   23.2600   5.1531974E+05   1.0142823E+00
   23.2700   5.1552941E+05   1.0142836E+00
   23.2800   5.1573466E+05   1.0142848E+00
   23.2900   5.1593545E+05   1.0142861E+00
   23.3000   5.1613169E+05   1.0142873E+00
   23.3100   5.1632325E+05   1.0142885E+00
   23.3200   5.1650992E+05   1.0142897E+00
   23.3300   5.1669164E+05   1.0142908E+00
   23.3400   5.1686831E+05   1.0142919E+00
   23.3500   5.1703992E+05   1.0142930E+00
   23.3600   5.1720642E+05   1.0142940E+00
   23.3700   5.1736770E+05   1.0142950E+00
   23.3800   5.1752361E+05   1.0142960E+00
   23.3900   5.1767410E+05   1.0142970E+00
   23.4000   5.1781906E+05   1.0142979E+00
   23.4100   5.1795833E+05   1.0142987E+00
   23.4200   5.1809187E+05   1.0142996E+00
   23.4300   5.1821956E+05   1.0143004E+00
   23.4400   5.1834141E+05   1.0143011E+00
   23.4500   5.1845736E+05   1.0143019E+00
   23.4600   5.1856728E+05   1.0143026E+00
   23.4700   5.1867117E+05   1.0143032E+00
   23.4800   5.1876895E+05   1.0143038E+00
   23.4900   5.1886047E+05   1.0143044E+00
   23.5000   5.1894571E+05   1.0143050E+00
   23.5100   5.1902454E+05   1.0143055E+00
   23.5200   5.1909681E+05   1.0143059E+00
   23.5300   5.1916245E+05   1.0143064E+00
   23.5400   5.1922149E+05   1.0143067E+00
   23.5500   5.1927390E+05   1.0143071E+00
   23.5600   5.1931959E+05   1.0143074E+00
   23.5700   5.1935836E+05   1.0143076E+00
   23.5800   5.1939033E+05   1.0143079E+00
   23.5900   5.1941534E+05   1.0143080E+00
   23.6000   5.1943334E+05   1.0143082E+00
   23.6100   5.1944421E+05   1.0143082E+00
   23.6200   5.1944792E+05   1.0143083E+00
   23.6300   5.1944438E+05   1.0143083E+00
   23.6400   5.1943357E+05   1.0143082E+00
   23.6500   5.1941542E+05   1.0143082E+00
   23.6600   5.1938994E+05   1.0143080E+00
   23.6700   5.1935707E+05   1.0143078E+00
   23.6800   5.1931665E+05   1.0143076E+00
   23.6900   5.1926863E+05   1.0143073E+00
   23.7000   5.1921307E+05   1.0143070E+00
   23.7100   5.1914993E+05   1.0143066E+00
   23.7200   5.1907907E+05   1.0143062E+00
   23.7300   5.1900049E+05   1.0143058E+00
   23.7400   5.1891423E+05   1.0143053E+00
   23.7500   5.1882012E+05   1.0143047E+00
   23.7600   5.1871822E+05   1.0143041E+00
   23.7700   5.1860852E+05   1.0143034E+00
   23.7800   5.1849093E+05   1.0143027E+00
   23.7900   5.1836545E+05   1.0143020E+00
   23.8000   5.1823198E+05   1.0143012E+00
   23.8100   5.1809053E+05   1.0143003E+00
   23.8200   5.1794101E+05   1.0142994E+00
   23.8300   5.1778342E+05   1.0142985E+00
   23.8400   5.1761768E+05   1.0142975E+00
   23.8500   5.1744379E+05   1.0142964E+00
   23.8600   5.1726185E+05   1.0142954E+00
   23.8700   5.1707169E+05   1.0142942E+00
   23.8800   5.1687339E+05   1.0142930E+00
   23.8900   5.1666697E+05   1.0142918E+00
   23.9000   5.1645233E+05   1.0142905E+00
   23.9100   5.1622949E+05   1.0142891E+00
   23.9200   5.1599836E+05   1.0142877E+00
   23.9300   5.1575893E+05   1.0142863E+00
   23.9400   5.1551131E+05   1.0142848E+00
   23.9500   5.1525548E+05   1.0142832E+00
   23.9600   5.1499136E+05   1.0142816E+00
   23.9700   5.1471895E+05   1.0142800E+00
   23.9800   5.1443833E+05   1.0142783E+00
   23.9900   5.1414949E+05   1.0142765E+00
   24.0000   5.1385234E+05   1.0142747E+00
   24.0100   5.1354688E+05   1.0142728E+00
   24.0200   5.1323317E+05   1.0142709E+00
   24.0300   5.1291122E+05   1.0142690E+00
   24.0400   5.1258091E+05   1.0142670E+00
   24.0500   5.1224242E+05   1.0142649E+00
   24.0600   5.1189563E+05   1.0142628E+00
   24.0700   5.1154054E+05   1.0142606E+00
   24.0800   5.1117720E+05   1.0142584E+00
   24.0900   5.1080561E+05   1.0142562E+00
   24.1000   5.1042583E+05   1.0142539E+00
   24.1100   5.1003784E+05   1.0142515E+00
   24.1200   5.0964171E+05   1.0142491E+00
   24.1300   5.0923740E+05   1.0142466E+00
   24.1400   5.0882500E+05   1.0142441E+00
   24.1500   5.0840447E+05   1.0142415E+00
   24.1600   5.0797589E+05   1.0142389E+00
   24.1700   5.0753923E+05   1.0142363E+00
   24.1800   5.0709456E+05   1.0142336E+00
   24.1900   5.0664186E+05   1.0142308E+00
   24.2000   5.0618120E+05   1.0142280E+00
   24.2100   5.0571256E+05   1.0142251E+00
   24.2200   5.0523602E+05   1.0142222E+00
   24.2300   5.0475157E+05   1.0142193E+00
   24.2400   5.0425929E+05   1.0142163E+00
   24.2500   5.0375916E+05   1.0142132E+00
   24.2600   5.0325128E+05   1.0142101E+00
   24.2700   5.0273565E+05   1.0142070E+00
   24.2800   5.0221235E+05   1.0142038E+00
   24.2900   5.0168140E+05   1.0142005E+00
   24.3000   5.0114291E+05   1.0141972E+00
   24.3100   5.0059689E+05   1.0141939E+00
   24.3200   5.0004329E+05   1.0141905E+00
   24.3300   4.9948231E+05   1.0141871E+00
   24.3400   4.9891391E+05   1.0141836E+00
   24.3500   4.9833814E+05   1.0141801E+00
   24.3600   4.9775515E+05   1.0141765E+00
   24.3700   4.9716482E+05   1.0141729E+00
   24.3800   4.9656732E+05   1.0141693E+00
   24.3900   4.9596275E+05   1.0141656E+00
   24.4000   4.9535111E+05   1.0141618E+00
   24.4100   4.9473250E+05   1.0141581E+00
   24.4200   4.9410697E+05   1.0141542E+00
   24.4300   4.9347448E+05   1.0141504E+00
   24.4400   4.9283507E+05   1.0141465E+00
   24.4500   4.9218892E+05   1.0141425E+00
   24.4600   4.9153611E+05   1.0141385E+00
   24.4700   4.9087666E+05   1.0141345E+00
   24.4800   4.9021069E+05   1.0141304E+00
   24.4900   4.8953824E+05   1.0141263E+00
   24.5000   4.8885930E+05   1.0141221E+00
   24.5100   4.8817395E+05   1.0141180E+00
   24.5200   4.8748238E+05   1.0141137E+00
   24.5300   4.8678454E+05   1.0141095E+00
   24.5400   4.8608048E+05   1.0141051E+00
   24.5500   4.8537037E+05   1.0141008E+00
   24.5600   4.8465431E+05   1.0140964E+00
   24.5700   4.8393233E+05   1.0140920E+00
   24.5800   4.8320458E+05   1.0140875E+00
   24.5900   4.8247115E+05   1.0140831E+00
   24.6000   4.8173204E+05   1.0140785E+00
   24.6100   4.8098741E+05   1.0140740E+00
   24.6200   4.8023732E+05   1.0140694E+00
   24.6300   4.7948180E+05   1.0140648E+00
   24.6400   4.7872097E+05   1.0140601E+00
   24.6500   4.7795491E+05   1.0140554E+00
   24.6600   4.7718365E+05   1.0140507E+00
   24.6700   4.7640731E+05   1.0140459E+00
   24.6800   4.7562599E+05   1.0140411E+00
   24.6900   4.7483972E+05   1.0140363E+00
   24.7000   4.7404864E+05   1.0140315E+00
   24.7100   4.7325286E+05   1.0140266E+00
   24.7200   4.7245242E+05   1.0140217E+00
   24.7300   4.7164751E+05   1.0140168E+00
   24.7400   4.7083806E+05   1.0140118E+00
   24.7500   4.7002415E+05   1.0140068E+00
   24.7600   4.6920600E+05   1.0140018E+00
   24.7700   4.6838357E+05   1.0139968E+00
   24.7800   4.6755698E+05   1.0139917E+00
   24.7900   4.6672647E+05   1.0139866E+00
   24.8000   4.6589207E+05   1.0139815E+00
   24.8100   4.6505394E+05   1.0139764E+00
   24.8200   4.6421218E+05   1.0139712E+00
   24.8300   4.6336688E+05   1.0139660E+00
   24.8400   4.6251808E+05   1.0139608E+00
   24.8500   4.6166595E+05   1.0139556E+00
   24.8600   4.6081045E+05   1.0139504E+00
   24.8700   4.5995168E+05   1.0139451E+00
   24.8800   4.5908989E+05   1.0139398E+00
   24.8900   4.5822512E+05   1.0139345E+00
   24.9000   4.5735735E+05   1.0139292E+00
   24.9100   4.5648675E+05   1.0139239E+00
   24.9200   4.5561342E+05   1.0139185E+00
   24.9300   4.5473744E+05   1.0139132E+00
   24.9400   4.5385906E+05   1.0139078E+00
   24.9500   4.5297829E+05   1.0139024E+00
   24.9600   4.5209532E+05   1.0138970E+00
   24.9700   4.5121013E+05   1.0138915E+00
   24.9800   4.5032283E+05   1.0138861E+00
   24.9900   4.4943355E+05   1.0138806E+00
   25.0000   4.4854237E+05   1.0138752E+00
   25.0100   4.4764934E+05   1.0138697E+00
   25.0200   4.4675470E+05   1.0138642E+00
   25.0300   4.4585846E+05   1.0138587E+00
   25.0400   4.4496082E+05   1.0138532E+00
   25.0500   4.4406176E+05   1.0138477E+00
   25.0600   4.4316144E+05   1.0138422E+00
   25.0700   4.4225999E+05   1.0138366E+00
   25.0800   4.4135755E+05   1.0138311E+00
   25.0900   4.4045424E+05   1.0138256E+00
   25.1000   4.3955015E+05   1.0138200E+00
   25.1100   4.3864538E+05   1.0138145E+00
   25.1200   4.3774003E+05   1.0138089E+00
   25.1300   4.3683418E+05   1.0138033E+00
   25.1400   4.3592789E+05   1.0137978E+00
   25.1500   4.3502125E+05   1.0137922E+00
   25.1600   4.3411450E+05   1.0137867E+00
   25.1700   4.3320770E+05   1.0137811E+00
   25.1800   4.3230093E+05   1.0137755E+00
   25.1900   4.3139423E+05   1.0137700E+00
   25.2000   4.3048787E+05   1.0137644E+00
   25.2100   4.2958190E+05   1.0137588E+00
   25.2200   4.2867639E+05   1.0137533E+00
   25.2300   4.2777143E+05   1.0137477E+00
   25.2400   4.2686710E+05   1.0137422E+00
   25.2500   4.2596348E+05   1.0137366E+00
   25.2600   4.2506067E+05   1.0137311E+00
   25.2700   4.2415878E+05   1.0137255E+00
   25.2800   4.2325791E+05   1.0137200E+00
   25.2900   4.2235820E+05   1.0137145E+00
   25.3000   4.2145979E+05   1.0137090E+00
   25.3100   4.2056282E+05   1.0137035E+00
   25.3200   4.1966728E+05   1.0136980E+00
   25.3300   4.1877336E+05   1.0136925E+00
   25.3400   4.1788107E+05   1.0136870E+00
   25.3500   4.1699063E+05   1.0136815E+00
   25.3600   4.1610211E+05   1.0136761E+00
   25.3700   4.1521557E+05   1.0136706E+00
   25.3800   4.1433112E+05   1.0136652E+00
   25.3900   4.1344889E+05   1.0136598E+00
   25.4000   4.1256901E+05   1.0136544E+00
   25.4100   4.1169148E+05   1.0136490E+00
   25.4200   4.1081651E+05   1.0136436E+00
   25.4300   4.0994412E+05   1.0136383E+00
   25.4400   4.0907441E+05   1.0136329E+00
   25.4500   4.0820747E+05   1.0136276E+00
   25.4600   4.0734343E+05   1.0136223E+00
   25.4700   4.0648229E+05   1.0136170E+00
   25.4800   4.0562423E+05   1.0136117E+00
   25.4900   4.0476931E+05   1.0136065E+00
   25.5000   4.0391761E+05   1.0136012E+00
   25.5100   4.0306926E+05   1.0135960E+00
   25.5200   4.0222440E+05   1.0135908E+00
   25.5300   4.0138305E+05   1.0135857E+00
   25.5400   4.0054528E+05   1.0135805E+00
   25.5500   3.9971116E+05   1.0135754E+00
   25.5600   3.9888083E+05   1.0135703E+00
   25.5700   3.9805447E+05   1.0135652E+00
   25.5800   3.9723211E+05   1.0135601E+00
   25.5900   3.9641383E+05   1.0135551E+00
   25.6000   3.9559976E+05   1.0135501E+00
   25.6100   3.9478989E+05   1.0135451E+00
   25.6200   3.9398425E+05   1.0135402E+00
   25.6300   3.9318294E+05   1.0135352E+00
   25.6400   3.9238608E+05   1.0135303E+00
   25.6500   3.9159386E+05   1.0135255E+00
   25.6600   3.9080632E+05   1.0135206E+00
   25.6700   3.9002357E+05   1.0135158E+00
   25.6800   3.8924559E+05   1.0135110E+00
   25.6900   3.8847239E+05   1.0135063E+00
   25.7000   3.8770407E+05   1.0135015E+00
   25.7100   3.8694075E+05   1.0134969E+00
   25.7200   3.8618245E+05   1.0134922E+00
   25.7300   3.8542940E+05   1.0134876E+00
   25.7400   3.8468155E+05   1.0134830E+00
   25.7500   3.8393907E+05   1.0134784E+00
   25.7600   3.8320204E+05   1.0134739E+00
   25.7700   3.8247037E+05   1.0134693E+00
   25.7800   3.8174425E+05   1.0134649E+00
   25.7900   3.8102373E+05   1.0134604E+00
   25.8000   3.8030894E+05   1.0134560E+00
   25.8100   3.7959988E+05   1.0134517E+00
   25.8200   3.7889660E+05   1.0134474E+00
   25.8300   3.7819924E+05   1.0134431E+00
   25.8400   3.7750781E+05   1.0134388E+00
   25.8500   3.7682239E+05   1.0134346E+00
   25.8600   3.7614295E+05   1.0134304E+00
   25.8700   3.7546951E+05   1.0134263E+00
   25.8800   3.7480217E+05   1.0134221E+00
   25.8900   3.7414109E+05   1.0134181E+00
   25.9000   3.7348633E+05   1.0134140E+00
   25.9100   3.7283783E+05   1.0134100E+00
   25.9200   3.7219578E+05   1.0134061E+00
   25.9300   3.7156008E+05   1.0134022E+00
   25.9400   3.7093087E+05   1.0133983E+00
   25.9500   3.7030822E+05   1.0133945E+00
   25.9600   3.6969204E+05   1.0133907E+00
   25.9700   3.6908253E+05   1.0133869E+00
   25.9800   3.6847958E+05   1.0133832E+00
   25.9900   3.6788335E+05   1.0133795E+00
   26.0000   3.6729388E+05   1.0133759E+00
   26.0100   3.6671112E+05   1.0133723E+00
   26.0200   3.6613525E+05   1.0133687E+00
   26.0300   3.6556619E+05   1.0133652E+00
   26.0400   3.6500410E+05   1.0133618E+00
   26.0500   3.6444887E+05   1.0133584E+00
   26.0600   3.6390062E+05   1.0133550E+00
   26.0700   3.6335941E+05   1.0133516E+00
   26.0800   3.6282515E+05   1.0133483E+00
   26.0900   3.6229803E+05   1.0133451E+00
   26.1000   3.6177797E+05   1.0133419E+00
   26.1100   3.6126494E+05   1.0133387E+00
   26.1200   3.6075901E+05   1.0133356E+00
   26.1300   3.6026033E+05   1.0133325E+00
   26.1400   3.5976892E+05   1.0133295E+00
   26.1500   3.5928473E+05   1.0133265E+00
   26.1600   3.5880778E+05   1.0133235E+00
   26.1700   3.5833817E+05   1.0133206E+00
   26.1800   3.5787590E+05   1.0133178E+00
   26.1900   3.5742086E+05   1.0133150E+00
   26.2000   3.5697324E+05   1.0133122E+00
   26.2100   3.5653289E+05   1.0133095E+00
   26.2200   3.5609998E+05   1.0133068E+00
   26.2300   3.5567435E+05   1.0133042E+00
   26.2400   3.5525615E+05   1.0133016E+00
   26.2500   3.5484538E+05   1.0132991E+00
   26.2600   3.5444200E+05   1.0132966E+00
   26.2700   3.5404599E+05   1.0132941E+00
   26.2800   3.5365747E+05   1.0132917E+00
   26.2900   3.5327641E+05   1.0132894E+00
   26.3000   3.5290272E+05   1.0132871E+00
   26.3100   3.5253638E+05   1.0132848E+00
   26.3200   3.5217744E+05   1.0132826E+00
   26.3300   3.5182587E+05   1.0132804E+00
   26.3400   3.5148170E+05   1.0132783E+00
   26.3500   3.5114488E+05   1.0132762E+00
   26.3600   3.5081544E+05   1.0132741E+00
   26.3700   3.5049347E+05   1.0132721E+00
   26.3800   3.5017900E+05   1.0132702E+00
   26.3900   3.4987192E+05   1.0132683E+00
   26.4000   3.4957224E+05   1.0132664E+00
   26.4100   3.4927985E+05   1.0132646E+00
   26.4200   3.4899489E+05   1.0132628E+00
   26.4300   3.4871726E+05   1.0132611E+00
   26.4400   3.4844690E+05   1.0132594E+00
   26.4500   3.4818385E+05   1.0132578E+00
   26.4600   3.4792806E+05   1.0132562E+00
   26.4700   3.4767953E+05   1.0132547E+00
   26.4800   3.4743819E+05   1.0132532E+00
   26.4900   3.4720404E+05   1.0132517E+00
   26.5000   3.4697716E+05   1.0132503E+00
   26.5100   3.4675752E+05   1.0132489E+00
   26.5200   3.4654499E+05   1.0132476E+00
   26.5300   3.4633955E+05   1.0132463E+00
   26.5400   3.4614121E+05   1.0132451E+00
   26.5500   3.4594991E+05   1.0132439E+00
   26.5600   3.4576567E+05   1.0132427E+00
   26.5700   3.4558839E+05   1.0132416E+00
   26.5800   3.4541805E+05   1.0132406E+00
   26.5900   3.4525472E+05   1.0132395E+00
   26.6000   3.4509836E+05   1.0132386E+00
   26.6100   3.4494883E+05   1.0132376E+00
   26.6200   3.4480623E+05   1.0132367E+00
   26.6300   3.4467039E+05   1.0132359E+00
   26.6400   3.4454140E+05   1.0132351E+00
   26.6500   3.4441923E+05   1.0132343E+00
   26.6600   3.4430376E+05   1.0132336E+00
   26.6700   3.4419494E+05   1.0132329E+00
   26.6800   3.4409278E+05   1.0132322E+00
   26.6900   3.4399721E+05   1.0132316E+00
   26.7000   3.4390821E+05   1.0132311E+00
   26.7100   3.4382566E+05   1.0132305E+00
   26.7200   3.4374950E+05   1.0132300E+00
   26.7300   3.4367978E+05   1.0132296E+00
   26.7400   3.4361638E+05   1.0132292E+00
   26.7500   3.4355931E+05   1.0132288E+00
   26.7600   3.4350843E+05   1.0132285E+00
   26.7700   3.4346368E+05   1.0132282E+00
   26.7800   3.4342508E+05   1.0132279E+00
   26.7900   3.4339252E+05   1.0132277E+00
   26.8000   3.4336596E+05   1.0132275E+00
   26.8100   3.4334544E+05   1.0132274E+00
   26.8200   3.4333086E+05   1.0132273E+00
   26.8300   3.4332223E+05   1.0132272E+00
   26.8400   3.4331939E+05   1.0132272E+00
   26.8500   3.4332229E+05   1.0132272E+00
   26.8600   3.4333092E+05   1.0132272E+00
   26.8700   3.4334516E+05   1.0132273E+00
   26.8800   3.4336495E+05   1.0132274E+00
   26.8900   3.4339029E+05   1.0132275E+00
   26.9000   3.4342107E+05   1.0132277E+00
   26.9100   3.4345724E+05   1.0132279E+00
   26.9200   3.4349878E+05   1.0132281E+00
   26.9300   3.4354560E+05   1.0132284E+00
   26.9400   3.4359763E+05   1.0132287E+00
   26.9500   3.4365487E+05   1.0132290E+00
   26.9600   3.4371720E+05   1.0132294E+00
   26.9700   3.4378454E+05   1.0132298E+00
   26.9800   3.4385690E+05   1.0132302E+00
   26.9900   3.4393412E+05   1.0132307E+00
   27.0000   3.4401614E+05   1.0132311E+00
   27.0100   3.4410292E+05   1.0132316E+00
   27.0200   3.4419448E+05   1.0132322E+00
   27.0300   3.4429072E+05   1.0132328E+00
   27.0400   3.4439160E+05   1.0132334E+00
   27.0500   3.4449692E+05   1.0132340E+00
   27.0600   3.4460675E+05   1.0132346E+00
   27.0700   3.4472099E+05   1.0132353E+00
   27.0800   3.4483962E+05   1.0132360E+00
   27.0900   3.4496247E+05   1.0132368E+00
   27.1000   3.4508942E+05   1.0132375E+00
   27.1100   3.4522040E+05   1.0132383E+00
   27.1200   3.4535539E+05   1.0132391E+00
   27.1300   3.4549441E+05   1.0132400E+00
   27.1400   3.4563733E+05   1.0132408E+00
   27.1500   3.4578408E+05   1.0132417E+00
   27.1600   3.4593462E+05   1.0132426E+00
   27.1700   3.4608880E+05   1.0132435E+00
   27.1800   3.4624665E+05   1.0132445E+00
   27.1900   3.4640810E+05   1.0132455E+00
   27.2000   3.4657308E+05   1.0132465E+00
   27.2100   3.4674141E+05   1.0132475E+00
   27.2200   3.4691312E+05   1.0132485E+00
   27.2300   3.4708809E+05   1.0132496E+00
   27.2400   3.4726623E+05   1.0132506E+00
   27.2500   3.4744752E+05   1.0132517E+00
   27.2600   3.4763193E+05   1.0132528E+00
   27.2700   3.4781931E+05   1.0132540E+00
   27.2800   3.4800954E+05   1.0132551E+00
   27.2900   3.4820271E+05   1.0132563E+00
   27.3000   3.4839877E+05   1.0132575E+00
   27.3100   3.4859750E+05   1.0132587E+00
   27.3200   3.4879891E+05   1.0132599E+00
   27.3300   3.4900286E+05   1.0132611E+00
   27.3400   3.4920940E+05   1.0132624E+00
   27.3500   3.4941845E+05   1.0132637E+00
   27.3600   3.4962994E+05   1.0132649E+00
   27.3700   3.4984385E+05   1.0132662E+00
   27.3800   3.5005997E+05   1.0132675E+00
   27.3900   3.5027834E+05   1.0132689E+00
   27.4000   3.5049882E+05   1.0132702E+00
   27.4100   3.5072146E+05   1.0132716E+00
   27.4200   3.5094618E+05   1.0132729E+00
   27.4300   3.5117291E+05   1.0132743E+00
   27.4400   3.5140160E+05   1.0132757E+00
   27.4500   3.5163206E+05   1.0132771E+00
   27.4600   3.5186428E+05   1.0132785E+00
   27.4700   3.5209827E+05   1.0132799E+00
   27.4800   3.5233390E+05   1.0132813E+00
   27.4900   3.5257120E+05   1.0132828E+00
   27.5000   3.5281009E+05   1.0132842E+00
   27.5100   3.5305047E+05   1.0132857E+00
   27.5200   3.5329226E+05   1.0132872E+00
   27.5300   3.5353541E+05   1.0132886E+00
   27.5400   3.5377987E+05   1.0132901E+00
   27.5500   3.5402563E+05   1.0132916E+00
   27.5600   3.5427265E+05   1.0132931E+00
   27.5700   3.5452078E+05   1.0132946E+00
   27.5800   3.5477001E+05   1.0132961E+00
   27.5900   3.5502039E+05   1.0132977E+00
   27.6000   3.5527175E+05   1.0132992E+00
   27.6100   3.5552416E+05   1.0133007E+00
   27.6200   3.5577750E+05   1.0133023E+00
   27.6300   3.5603165E+05   1.0133038E+00
   27.6400   3.5628670E+05   1.0133054E+00
   27.6500   3.5654256E+05   1.0133069E+00
   27.6600   3.5679915E+05   1.0133085E+00
   27.6700   3.5705640E+05   1.0133100E+00
   27.6800   3.5731424E+05   1.0133116E+00
   27.6900   3.5757262E+05   1.0133132E+00
   27.7000   3.5783166E+05   1.0133147E+00
   27.7100   3.5809132E+05   1.0133163E+00
   27.7200   3.5835156E+05   1.0133179E+00
   27.7300   3.5861236E+05   1.0133195E+00
   27.7400   3.5887350E+05   1.0133211E+00
   27.7500   3.5913497E+05   1.0133227E+00
   27.7600   3.5939675E+05   1.0133243E+00
   27.7700   3.5965883E+05   1.0133259E+00
   27.7800   3.5992120E+05   1.0133275E+00
   27.7900   3.6018385E+05   1.0133291E+00
   27.8000   3.6044678E+05   1.0133307E+00
   27.8100   3.6070999E+05   1.0133323E+00
   27.8200   3.6097330E+05   1.0133339E+00
   27.8300   3.6123672E+05   1.0133355E+00
   27.8400   3.6150026E+05   1.0133371E+00
   27.8500   3.6176391E+05   1.0133387E+00
   27.8600   3.6202769E+05   1.0133403E+00
   27.8700   3.6229162E+05   1.0133419E+00
   27.8800   3.6255552E+05   1.0133435E+00
   27.8900   3.6281940E+05   1.0133451E+00
   27.9000   3.6308328E+05   1.0133467E+00
   27.9100   3.6334717E+05   1.0133483E+00
   27.9200   3.6361108E+05   1.0133499E+00
   27.9300   3.6387502E+05   1.0133515E+00
   27.9400   3.6413883E+05   1.0133531E+00
   27.9500   3.6440252E+05   1.0133547E+00
   27.9600   3.6466609E+05   1.0133563E+00
   27.9700   3.6492956E+05   1.0133580E+00
   27.9800   3.6519294E+05   1.0133596E+00
   27.9900   3.6545624E+05   1.0133612E+00
   28.0000   3.6571945E+05   1.0133628E+00
   28.0100   3.6598259E+05   1.0133644E+00
   28.0200   3.6624566E+05   1.0133660E+00
   28.0300   3.6650867E+05   1.0133676E+00
   28.0400   3.6677162E+05   1.0133692E+00
   28.0500   3.6703451E+05   1.0133708E+00
   28.0600   3.6729735E+05   1.0133724E+00
   28.0700   3.6756014E+05   1.0133740E+00
   28.0800   3.6782287E+05   1.0133756E+00
   28.0900   3.6808556E+05   1.0133772E+00
   28.1000   3.6834821E+05   1.0133788E+00
   28.1100   3.6861080E+05   1.0133804E+00
   28.1200   3.6887335E+05   1.0133820E+00
   28.1300   3.6913585E+05   1.0133836E+00
   28.1400   3.6939831E+05   1.0133852E+00
   28.1500   3.6966071E+05   1.0133868E+00
   28.1600   3.6992307E+05   1.0133884E+00
   28.1700   3.7018537E+05   1.0133900E+00
   28.1800   3.7044762E+05   1.0133916E+00
   28.1900   3.7070982E+05   1.0133932E+00
   28.2000   3.7097213E+05   1.0133948E+00
   28.2100   3.7123456E+05   1.0133964E+00
   28.2200   3.7149710E+05   1.0133980E+00
   28.2300   3.7175977E+05   1.0133996E+00
   28.2400   3.7202255E+05   1.0134012E+00
   28.2500   3.7228546E+05   1.0134028E+00
   28.2600   3.7254850E+05   1.0134044E+00
   28.2700   3.7281167E+05   1.0134060E+00
   28.2800   3.7307498E+05   1.0134076E+00
   28.2900   3.7333863E+05   1.0134092E+00
   28.3000   3.7360262E+05   1.0134108E+00
   28.3100   3.7386698E+05   1.0134124E+00
   28.3200   3.7413172E+05   1.0134140E+00
   28.3300   3.7439688E+05   1.0134156E+00
   28.3400   3.7466248E+05   1.0134173E+00
   28.3500   3.7492855E+05   1.0134189E+00
   28.3600   3.7519515E+05   1.0134205E+00
   28.3700   3.7546230E+05   1.0134221E+00
   28.3800   3.7573008E+05   1.0134238E+00
   28.3900   3.7599854E+05   1.0134254E+00
   28.4000   3.7626756E+05   1.0134271E+00
   28.4100   3.7653722E+05   1.0134287E+00
   28.4200   3.7680760E+05   1.0134304E+00
   28.4300   3.7707879E+05   1.0134320E+00
   28.4400   3.7735071E+05   1.0134337E+00
   28.4500   3.7762346E+05   1.0134353E+00
   28.4600   3.7789717E+05   1.0134370E+00
   28.4700   3.7817177E+05   1.0134387E+00
   28.4800   3.7844740E+05   1.0134404E+00
   28.4900   3.7872403E+05   1.0134420E+00
   28.5000   3.7900181E+05   1.0134437E+00
   28.5100   3.7928075E+05   1.0134454E+00
   28.5200   3.7956084E+05   1.0134472E+00
   28.5300   3.7984211E+05   1.0134489E+00
   28.5400   3.8012457E+05   1.0134506E+00
   28.5500   3.8040828E+05   1.0134523E+00
   28.5600   3.8069329E+05   1.0134541E+00
   28.5700   3.8097967E+05   1.0134558E+00
   28.5800   3.8126751E+05   1.0134576E+00
   28.5900   3.8155692E+05   1.0134593E+00
   28.6000   3.8184784E+05   1.0134611E+00
   28.6100   3.8214040E+05   1.0134629E+00
   28.6200   3.8243457E+05   1.0134647E+00
   28.6300   3.8273054E+05   1.0134665E+00
   28.6400   3.8302831E+05   1.0134683E+00
   28.6500   3.8332792E+05   1.0134701E+00
   28.6600   3.8362943E+05   1.0134720E+00
   28.6700   3.8393290E+05   1.0134738E+00
   28.6800   3.8423844E+05   1.0134757E+00
   28.6900   3.8454598E+05   1.0134776E+00
   28.7000   3.8485566E+05   1.0134795E+00
   28.7100   3.8516748E+05   1.0134814E+00
   28.7200   3.8548144E+05   1.0134833E+00
   28.7300   3.8579775E+05   1.0134852E+00
   28.7400   3.8611647E+05   1.0134872E+00
   28.7500   3.8643752E+05   1.0134891E+00
   28.7600   3.8676099E+05   1.0134911E+00
   28.7700   3.8708703E+05   1.0134931E+00
   28.7800   3.8741563E+05   1.0134951E+00
   28.7900   3.8774680E+05   1.0134971E+00
   28.8000   3.8808058E+05   1.0134992E+00
   28.8100   3.8841705E+05   1.0135012E+00
   28.8200   3.8875631E+05   1.0135033E+00
   28.8300   3.8909831E+05   1.0135054E+00
   28.8400   3.8944322E+05   1.0135075E+00
   28.8500   3.8979105E+05   1.0135096E+00
   28.8600   3.9014186E+05   1.0135118E+00
   28.8700   3.9049571E+05   1.0135140E+00
   28.8800   3.9085274E+05   1.0135161E+00
   28.8900   3.9121291E+05   1.0135183E+00
   28.9000   3.9157622E+05   1.0135206E+00
   28.9100   3.9194271E+05   1.0135228E+00
   28.9200   3.9231246E+05   1.0135251E+00
   28.9300   3.9268558E+05   1.0135274E+00
   28.9400   3.9306205E+05   1.0135297E+00
   28.9500   3.9344203E+05   1.0135320E+00
   28.9600   3.9382559E+05   1.0135343E+00
   28.9700   3.9421262E+05   1.0135367E+00
   28.9800   3.9460325E+05   1.0135391E+00
   28.9900   3.9499746E+05   1.0135415E+00
   29.0000   3.9539546E+05   1.0135439E+00
   29.0100   3.9579711E+05   1.0135464E+00
   29.0200   3.9620254E+05   1.0135489E+00
   29.0300   3.9661189E+05   1.0135514E+00
   29.0400   3.9702517E+05   1.0135539E+00
   29.0500   3.9744243E+05   1.0135565E+00
   29.0600   3.9786360E+05   1.0135590E+00
   29.0700   3.9828880E+05   1.0135616E+00
   29.0800   3.9871805E+05   1.0135643E+00
   29.0900   3.9915140E+05   1.0135669E+00
   29.1000   3.9958894E+05   1.0135696E+00
   29.1100   4.0003064E+05   1.0135723E+00
   29.1200   4.0047651E+05   1.0135750E+00
   29.1300   4.0092660E+05   1.0135778E+00
   29.1400   4.0138101E+05   1.0135806E+00
   29.1500   4.0183971E+05   1.0135834E+00
   29.1600   4.0230272E+05   1.0135862E+00
   29.1700   4.0277010E+05   1.0135891E+00
   29.1800   4.0324198E+05   1.0135920E+00
   29.1900   4.0371832E+05   1.0135949E+00
   29.2000   4.0419916E+05   1.0135978E+00
   29.2100   4.0468460E+05   1.0136008E+00
   29.2200   4.0517457E+05   1.0136038E+00
   29.2300   4.0566908E+05   1.0136068E+00
   29.2400   4.0616820E+05   1.0136099E+00
   29.2500   4.0667183E+05   1.0136130E+00
   29.2600   4.0718014E+05   1.0136161E+00
   29.2700   4.0769316E+05   1.0136193E+00
   29.2800   4.0821078E+05   1.0136224E+00
   29.2900   4.0873314E+05   1.0136256E+00
   29.3000   4.0926023E+05   1.0136289E+00
   29.3100   4.0979212E+05   1.0136321E+00
   29.3200   4.1032872E+05   1.0136354E+00
   29.3300   4.1087003E+05   1.0136387E+00
   29.3400   4.1141608E+05   1.0136421E+00
   29.3500   4.1196694E+05   1.0136455E+00
   29.3600   4.1252259E+05   1.0136489E+00
   29.3700   4.1308302E+05   1.0136523E+00
   29.3800   4.1364831E+05   1.0136558E+00
   29.3900   4.1421840E+05   1.0136593E+00
   29.4000   4.1479328E+05   1.0136628E+00
   29.4100   4.1537299E+05   1.0136663E+00
   29.4200   4.1595745E+05   1.0136699E+00
   29.4300   4.1654681E+05   1.0136735E+00
   29.4400   4.1714092E+05   1.0136772E+00
   29.4500   4.1773987E+05   1.0136809E+00
   29.4600   4.1834359E+05   1.0136846E+00
   29.4700   4.1895210E+05   1.0136883E+00
   29.4800   4.1956545E+05   1.0136921E+00
   29.4900   4.2018358E+05   1.0136958E+00
   29.5000   4.2080648E+05   1.0136997E+00
   29.5100   4.2143417E+05   1.0137035E+00
   29.5200   4.2206658E+05   1.0137074E+00
   29.5300   4.2270366E+05   1.0137113E+00
   29.5400   4.2334543E+05   1.0137152E+00
   29.5500   4.2399196E+05   1.0137192E+00
   29.5600   4.2464319E+05   1.0137232E+00
   29.5700   4.2529911E+05   1.0137272E+00
   29.5800   4.2595958E+05   1.0137313E+00
   29.5900   4.2662471E+05   1.0137354E+00
   29.6000   4.2729446E+05   1.0137395E+00
   29.6100   4.2796867E+05   1.0137436E+00
   29.6200   4.2864740E+05   1.0137478E+00
   29.6300   4.2933059E+05   1.0137520E+00
   29.6400   4.3001823E+05   1.0137562E+00
   29.6500   4.3071036E+05   1.0137604E+00
   29.6600   4.3140689E+05   1.0137647E+00
   29.6700   4.3210777E+05   1.0137690E+00
   29.6800   4.3281300E+05   1.0137733E+00
   29.6900   4.3352246E+05   1.0137777E+00
   29.7000   4.3423606E+05   1.0137821E+00
   29.7100   4.3495378E+05   1.0137865E+00
   29.7200   4.3567562E+05   1.0137909E+00
   29.7300   4.3640146E+05   1.0137954E+00
   29.7400   4.3713141E+05   1.0137999E+00
   29.7500   4.3786524E+05   1.0138044E+00
   29.7600   4.3860298E+05   1.0138089E+00
   29.7700   4.3934467E+05   1.0138135E+00
   29.7800   4.4009024E+05   1.0138180E+00
   29.7900   4.4083963E+05   1.0138226E+00
   29.8000   4.4159269E+05   1.0138273E+00
   29.8100   4.4234945E+05   1.0138319E+00
   29.8200   4.4310981E+05   1.0138366E+00
   29.8300   4.4387373E+05   1.0138413E+00
   29.8400   4.4464119E+05   1.0138460E+00
   29.8500   4.4541203E+05   1.0138507E+00
   29.8600   4.4618614E+05   1.0138555E+00
   29.8700   4.4696344E+05   1.0138603E+00
   29.8800   4.4774387E+05   1.0138650E+00
   29.8900   4.4852744E+05   1.0138699E+00
   29.9000   4.4931397E+05   1.0138747E+00
   29.9100   4.5010354E+05   1.0138795E+00
   29.9200   4.5089606E+05   1.0138844E+00
   29.9300   4.5169146E+05   1.0138893E+00
   29.9400   4.5248954E+05   1.0138942E+00
   29.9500   4.5329032E+05   1.0138991E+00
   29.9600   4.5409364E+05   1.0139041E+00
   29.9700   4.5489939E+05   1.0139090E+00
   29.9800   4.5570749E+05   1.0139140E+00
   29.9900   4.5651787E+05   1.0139190E+00
   30.0000   4.5733050E+05   1.0139240E+00
   30.0100   4.5814536E+05   1.0139290E+00
   30.0200   4.5896230E+05   1.0139340E+00
   30.0300   4.5978116E+05   1.0139390E+00
   30.0400   4.6060182E+05   1.0139441E+00
   30.0500   4.6142438E+05   1.0139491E+00
   30.0600   4.6224856E+05   1.0139542E+00
   30.0700   4.6307430E+05   1.0139593E+00
   30.0800   4.6390157E+05   1.0139643E+00
   30.0900   4.6473033E+05   1.0139694E+00
   30.1000   4.6556040E+05   1.0139745E+00
   30.1100   4.6639178E+05   1.0139797E+00
   30.1200   4.6722431E+05   1.0139848E+00
   30.1300   4.6805785E+05   1.0139899E+00
   30.1400   4.6889226E+05   1.0139950E+00
   30.1500   4.6972741E+05   1.0140002E+00
   30.1600   4.7056337E+05   1.0140053E+00
   30.1700   4.7140003E+05   1.0140104E+00
   30.1800   4.7223729E+05   1.0140156E+00
   30.1900   4.7307487E+05   1.0140207E+00
   30.2000   4.7391270E+05   1.0140259E+00
   30.2100   4.7475068E+05   1.0140311E+00
   30.2200   4.7558873E+05   1.0140362E+00
   30.2300   4.7642677E+05   1.0140414E+00
   30.2400   4.7726472E+05   1.0140465E+00
   30.2500   4.7810249E+05   1.0140517E+00
   30.2600   4.7894000E+05   1.0140568E+00
   30.2700   4.7977698E+05   1.0140620E+00
   30.2800   4.8061334E+05   1.0140671E+00
   30.2900   4.8144898E+05   1.0140723E+00
   30.3000   4.8228380E+05   1.0140774E+00
   30.3100   4.8311768E+05   1.0140825E+00
   30.3200   4.8395049E+05   1.0140877E+00
   30.3300   4.8478228E+05   1.0140928E+00
   30.3400   4.8561290E+05   1.0140979E+00
   30.3500   4.8644219E+05   1.0141030E+00
   30.3600   4.8726997E+05   1.0141081E+00
   30.3700   4.8809624E+05   1.0141132E+00
   30.3800   4.8892078E+05   1.0141182E+00
   30.3900   4.8974356E+05   1.0141233E+00
   30.4000   4.9056451E+05   1.0141284E+00
   30.4100   4.9138335E+05   1.0141334E+00
   30.4200   4.9219999E+05   1.0141384E+00
   30.4300   4.9301446E+05   1.0141434E+00
   30.4400   4.9382663E+05   1.0141484E+00
   30.4500   4.9463630E+05   1.0141534E+00
   30.4600   4.9544344E+05   1.0141584E+00
   30.4700   4.9624783E+05   1.0141633E+00
   30.4800   4.9704937E+05   1.0141683E+00
   30.4900   4.9784795E+05   1.0141732E+00
   30.5000   4.9864342E+05   1.0141781E+00
   30.5100   4.9943578E+05   1.0141830E+00
   30.5200   5.0022481E+05   1.0141878E+00
   30.5300   5.0101043E+05   1.0141927E+00
   30.5400   5.0179253E+05   1.0141975E+00
   30.5500   5.0257098E+05   1.0142023E+00
   30.5600   5.0334574E+05   1.0142071E+00
   30.5700   5.0411661E+05   1.0142118E+00
   30.5800   5.0488347E+05   1.0142165E+00
   30.5900   5.0564639E+05   1.0142212E+00
   30.6000   5.0640517E+05   1.0142259E+00
   30.6100   5.0715977E+05   1.0142306E+00
   30.6200   5.0790992E+05   1.0142352E+00
   30.6300   5.0865566E+05   1.0142398E+00
   30.6400   5.0939680E+05   1.0142443E+00
   30.6500   5.1013328E+05   1.0142489E+00
   30.6600   5.1086499E+05   1.0142534E+00
   30.6700   5.1159178E+05   1.0142579E+00
   30.6800   5.1231359E+05   1.0142623E+00
   30.6900   5.1303035E+05   1.0142667E+00
   30.7000   5.1374190E+05   1.0142711E+00
   30.7100   5.1444822E+05   1.0142755E+00
   30.7200   5.1514905E+05   1.0142798E+00
   30.7300   5.1584442E+05   1.0142841E+00
   30.7400   5.1653414E+05   1.0142883E+00
   30.7500   5.1721812E+05   1.0142926E+00
   30.7600   5.1789621E+05   1.0142967E+00
   30.7700   5.1856838E+05   1.0143009E+00
   30.7800   5.1923453E+05   1.0143050E+00
   30.7900   5.1989468E+05   1.0143091E+00
   30.8000   5.2054860E+05   1.0143131E+00
   30.8100   5.2119617E+05   1.0143171E+00
   30.8200   5.2183738E+05   1.0143211E+00
   30.8300   5.2247216E+05   1.0143250E+00
   30.8400   5.2310036E+05   1.0143289E+00
   30.8500   5.2372192E+05   1.0143327E+00
   30.8600   5.2433675E+05   1.0143365E+00
   30.8700   5.2494483E+05   1.0143402E+00
   30.8800   5.2554608E+05   1.0143439E+00
   30.8900   5.2614034E+05   1.0143476E+00
   30.9000   5.2672755E+05   1.0143512E+00
   30.9100   5.2730759E+05   1.0143548E+00
   30.9200   5.2788041E+05   1.0143584E+00
   30.9300   5.2844592E+05   1.0143619E+00
   30.9400   5.2900409E+05   1.0143653E+00
   30.9500   5.2955483E+05   1.0143687E+00
   30.9600   5.3009816E+05   1.0143721E+00
   30.9700   5.3063398E+05   1.0143754E+00
   30.9800   5.3116216E+05   1.0143786E+00
   30.9900   5.3168261E+05   1.0143819E+00
   31.0000   5.3219537E+05   1.0143850E+00
   31.0100   5.3270040E+05   1.0143882E+00
   31.0200   5.3319754E+05   1.0143912E+00
   31.0300   5.3368676E+05   1.0143943E+00
   31.0400   5.3416792E+05   1.0143972E+00
   31.0500   5.3464098E+05   1.0144002E+00
   31.0600   5.3510599E+05   1.0144030E+00
   31.0700   5.3556291E+05   1.0144059E+00
   31.0800   5.3601161E+05   1.0144086E+00
   31.0900   5.3645205E+05   1.0144114E+00
   31.1000   5.3688410E+05   1.0144140E+00
   31.1100   5.3730771E+05   1.0144167E+00
   31.1200   5.3772294E+05   1.0144192E+00
   31.1300   5.3812972E+05   1.0144218E+00
   31.1400   5.3852811E+05   1.0144242E+00
   31.1500   5.3891804E+05   1.0144267E+00
   31.1600   5.3929937E+05   1.0144290E+00
   31.1700   5.3967203E+05   1.0144313E+00
   31.1800   5.4003605E+05   1.0144336E+00
   31.1900   5.4039135E+05   1.0144358E+00
   31.2000   5.4073793E+05   1.0144379E+00
   31.2100   5.4107573E+05   1.0144400E+00
   31.2200   5.4140473E+05   1.0144421E+00
   31.2300   5.4172501E+05   1.0144441E+00
   31.2400   5.4203655E+05   1.0144460E+00
   31.2500   5.4233925E+05   1.0144479E+00
   31.2600   5.4263307E+05   1.0144497E+00
   31.2700   5.4291806E+05   1.0144515E+00
   31.2800   5.4319418E+05   1.0144532E+00
   31.2900   5.4346147E+05   1.0144549E+00
   31.3000   5.4371986E+05   1.0144565E+00
   31.3100   5.4396937E+05   1.0144581E+00
   31.3200   5.4420992E+05   1.0144596E+00
   31.3300   5.4444152E+05   1.0144610E+00
   31.3400   5.4466426E+05   1.0144624E+00
   31.3500   5.4487812E+05   1.0144637E+00
   31.3600   5.4508298E+05   1.0144650E+00
   31.3700   5.4527901E+05   1.0144662E+00
   31.3800   5.4546606E+05   1.0144674E+00
   31.3900   5.4564428E+05   1.0144685E+00
   31.4000   5.4581369E+05   1.0144696E+00
   31.4100   5.4597425E+05   1.0144706E+00
   31.4200   5.4612595E+05   1.0144716E+00
   31.4300   5.4626874E+05   1.0144725E+00
   31.4400   5.4640260E+05   1.0144733E+00
   31.4500   5.4652764E+05   1.0144741E+00
   31.4600   5.4664383E+05   1.0144749E+00
   31.4700   5.4675124E+05   1.0144755E+00
   31.4800   5.4684985E+05   1.0144762E+00
   31.4900   5.4693972E+05   1.0144767E+00
   31.5000   5.4702098E+05   1.0144773E+00
   31.5100   5.4709349E+05   1.0144777E+00
   31.5200   5.4715740E+05   1.0144782E+00
   31.5300   5.4721272E+05   1.0144785E+00
   31.5400   5.4725939E+05   1.0144788E+00
   31.5500   5.4729763E+05   1.0144791E+00
   31.5600   5.4732735E+05   1.0144793E+00
   31.5700   5.4734857E+05   1.0144795E+00
   31.5800   5.4736139E+05   1.0144796E+00
   31.5900   5.4736582E+05   1.0144796E+00
   31.6000   5.4736195E+05   1.0144796E+00
   31.6100   5.4734980E+05   1.0144796E+00
   31.6200   5.4732944E+05   1.0144795E+00
   31.6300   5.4730089E+05   1.0144793E+00
   31.6400   5.4726423E+05   1.0144791E+00
   31.6500   5.4721946E+05   1.0144789E+00
   31.6600   5.4716667E+05   1.0144786E+00
   31.6700   5.4710588E+05   1.0144782E+00
   31.6800   5.4703716E+05   1.0144778E+00
   31.6900   5.4696053E+05   1.0144774E+00
   31.7000   5.4687609E+05   1.0144769E+00
   31.7100   5.4678403E+05   1.0144763E+00
   31.7200   5.4668428E+05   1.0144758E+00
   31.7300   5.4657704E+05   1.0144751E+00
   31.7400   5.4646225E+05   1.0144744E+00
   31.7500   5.4633996E+05   1.0144737E+00
   31.7600   5.4621029E+05   1.0144729E+00
   31.7700   5.4607329E+05   1.0144721E+00
   31.7800   5.4592912E+05   1.0144713E+00
   31.7900   5.4577786E+05   1.0144704E+00
   31.8000   5.4561948E+05   1.0144694E+00
   31.8100   5.4545410E+05   1.0144684E+00
   31.8200   5.4528191E+05   1.0144674E+00
   31.8300   5.4510284E+05   1.0144663E+00
   31.8400   5.4491695E+05   1.0144652E+00
   31.8500   5.4472438E+05   1.0144640E+00
   31.8600   5.4452522E+05   1.0144629E+00
   31.8700   5.4431965E+05   1.0144616E+00
   31.8800   5.4410759E+05   1.0144603E+00
   31.8900   5.4388927E+05   1.0144590E+00
   31.9000   5.4366467E+05   1.0144577E+00
   31.9100   5.4343386E+05   1.0144563E+00
   31.9200   5.4319704E+05   1.0144548E+00
   31.9300   5.4295433E+05   1.0144534E+00
   31.9400   5.4270580E+05   1.0144519E+00
   31.9500   5.4245145E+05   1.0144503E+00
   31.9600   5.4219138E+05   1.0144488E+00
   31.9700   5.4192583E+05   1.0144472E+00
   31.9800   5.4165478E+05   1.0144455E+00
   31.9900   5.4137835E+05   1.0144438E+00
   32.0000   5.4109657E+05   1.0144421E+00
   32.0100   5.4080963E+05   1.0144404E+00
   32.0200   5.4051763E+05   1.0144386E+00
   32.0300   5.4022063E+05   1.0144368E+00
   32.0400   5.3991881E+05   1.0144350E+00
   32.0500   5.3961230E+05   1.0144331E+00
   32.0600   5.3930116E+05   1.0144313E+00
   32.0700   5.3898544E+05   1.0144293E+00
   32.0800   5.3866526E+05   1.0144274E+00
   32.0900   5.3834075E+05   1.0144254E+00
   32.1000   5.3801196E+05   1.0144234E+00
   32.1100   5.3767907E+05   1.0144214E+00
   32.1200   5.3734223E+05   1.0144194E+00
   32.1300   5.3700154E+05   1.0144173E+00
   32.1400   5.3665704E+05   1.0144152E+00
   32.1500   5.3630895E+05   1.0144131E+00
   32.1600   5.3595722E+05   1.0144109E+00
   32.1700   5.3560198E+05   1.0144088E+00
   32.1800   5.3524348E+05   1.0144066E+00
   32.1900   5.3488175E+05   1.0144044E+00
   32.2000   5.3451698E+05   1.0144022E+00
   32.2100   5.3414914E+05   1.0144000E+00
   32.2200   5.3377833E+05   1.0143977E+00
   32.2300   5.3340484E+05   1.0143954E+00
   32.2400   5.3302870E+05   1.0143931E+00
   32.2500   5.3264993E+05   1.0143908E+00
   32.2600   5.3226872E+05   1.0143885E+00
   32.2700   5.3188521E+05   1.0143862E+00
   32.2800   5.3149951E+05   1.0143838E+00
   32.2900   5.3111172E+05   1.0143815E+00
   32.3000   5.3072192E+05   1.0143791E+00
   32.3100   5.3033033E+05   1.0143767E+00
   32.3200   5.2993700E+05   1.0143743E+00
   32.3300   5.2954209E+05   1.0143719E+00
   32.3400   5.2914562E+05   1.0143695E+00
   32.3500   5.2874773E+05   1.0143671E+00
   32.3600   5.2834857E+05   1.0143647E+00
   32.3700   5.2794826E+05   1.0143622E+00
   32.3800   5.2754691E+05   1.0143598E+00
   32.3900   5.2714463E+05   1.0143573E+00
   32.4000   5.2674150E+05   1.0143549E+00
   32.4100   5.2633761E+05   1.0143524E+00
   32.4200   5.2593302E+05   1.0143499E+00
   32.4300   5.2552799E+05   1.0143475E+00
   32.4400   5.2512257E+05   1.0143450E+00
   32.4500   5.2471681E+05   1.0143425E+00
   32.4600   5.2431096E+05   1.0143401E+00
   32.4700   5.2390504E+05   1.0143376E+00
   32.4800   5.2349913E+05   1.0143351E+00
   32.4900   5.2309343E+05   1.0143326E+00
   32.5000   5.2268801E+05   1.0143302E+00
   32.5100   5.2228292E+05   1.0143277E+00
   32.5200   5.2187839E+05   1.0143252E+00
   32.5300   5.2147449E+05   1.0143228E+00
   32.5400   5.2107129E+05   1.0143203E+00
   32.5500   5.2066886E+05   1.0143179E+00
   32.5600   5.2026729E+05   1.0143154E+00
   32.5700   5.1986668E+05   1.0143130E+00
   32.5800   5.1946712E+05   1.0143105E+00
   32.5900   5.1906874E+05   1.0143081E+00
   32.6000   5.1867166E+05   1.0143057E+00
   32.6100   5.1827604E+05   1.0143033E+00
   32.6200   5.1788202E+05   1.0143009E+00
   32.6300   5.1748961E+05   1.0142985E+00
   32.6400   5.1709900E+05   1.0142961E+00
   32.6500   5.1671022E+05   1.0142937E+00
   32.6600   5.1632333E+05   1.0142914E+00
   32.6700   5.1593841E+05   1.0142890E+00
   32.6800   5.1555554E+05   1.0142867E+00
   32.6900   5.1517485E+05   1.0142844E+00
   32.7000   5.1479649E+05   1.0142821E+00
   32.7100   5.1442061E+05   1.0142798E+00
   32.7200   5.1404724E+05   1.0142775E+00
   32.7300   5.1367642E+05   1.0142752E+00
   32.7400   5.1330821E+05   1.0142730E+00
   32.7500   5.1294273E+05   1.0142708E+00
   32.7600   5.1258009E+05   1.0142686E+00
   32.7700   5.1222047E+05   1.0142664E+00
   32.7800   5.1186387E+05   1.0142642E+00
   32.7900   5.1151034E+05   1.0142620E+00
   32.8000   5.1115996E+05   1.0142599E+00
   32.8100   5.1081285E+05   1.0142578E+00
   32.8200   5.1046916E+05   1.0142557E+00
   32.8300   5.1012890E+05   1.0142536E+00
   32.8400   5.0979211E+05   1.0142516E+00
   32.8500   5.0945888E+05   1.0142495E+00
   32.8600   5.0912934E+05   1.0142475E+00
   32.8700   5.0880347E+05   1.0142455E+00
   32.8800   5.0848147E+05   1.0142436E+00
   32.8900   5.0816341E+05   1.0142416E+00
   32.9000   5.0784923E+05   1.0142397E+00
   32.9100   5.0753907E+05   1.0142378E+00
   32.9200   5.0723296E+05   1.0142360E+00
   32.9300   5.0693096E+05   1.0142341E+00
   32.9400   5.0663317E+05   1.0142323E+00
   32.9500   5.0633975E+05   1.0142305E+00
   32.9600   5.0605073E+05   1.0142288E+00
   32.9700   5.0576616E+05   1.0142270E+00
   32.9800   5.0548600E+05   1.0142253E+00
   32.9900   5.0521041E+05   1.0142236E+00
   33.0000   5.0493943E+05   1.0142220E+00
   33.0100   5.0467315E+05   1.0142204E+00
   33.0200   5.0441154E+05   1.0142188E+00
   33.0300   5.0415459E+05   1.0142172E+00
   33.0400   5.0390238E+05   1.0142157E+00
   33.0500   5.0365503E+05   1.0142142E+00
   33.0600   5.0341251E+05   1.0142127E+00
   33.0700   5.0317489E+05   1.0142112E+00
   33.0800   5.0294225E+05   1.0142098E+00
   33.0900   5.0271456E+05   1.0142084E+00
   33.1000   5.0249204E+05   1.0142071E+00
   33.1100   5.0227459E+05   1.0142058E+00
   33.1200   5.0206234E+05   1.0142045E+00
   33.1300   5.0185531E+05   1.0142032E+00
   33.1400   5.0165359E+05   1.0142020E+00
   33.1500   5.0145711E+05   1.0142008E+00
   33.1600   5.0126589E+05   1.0141996E+00
   33.1700   5.0108000E+05   1.0141985E+00
   33.1800   5.0089957E+05   1.0141974E+00
   33.1900   5.0072461E+05   1.0141964E+00
   33.2000   5.0055499E+05   1.0141953E+00
   33.2100   5.0039086E+05   1.0141943E+00
   33.2200   5.0023222E+05   1.0141934E+00
   33.2300   5.0007913E+05   1.0141924E+00
   33.2400   4.9993154E+05   1.0141915E+00
   33.2500   4.9978947E+05   1.0141907E+00
   33.2600   4.9965299E+05   1.0141899E+00
   33.2700   4.9952204E+05   1.0141891E+00
   33.2800   4.9939665E+05   1.0141883E+00
   33.2900   4.9927688E+05   1.0141876E+00
   33.3000   4.9916270E+05   1.0141869E+00
   33.3100   4.9905412E+05   1.0141862E+00
   33.3200   4.9895122E+05   1.0141856E+00
   33.3300   4.9885397E+05   1.0141850E+00
   33.3400   4.9876240E+05   1.0141845E+00
   33.3500   4.9867658E+05   1.0141840E+00
   33.3600   4.9859649E+05   1.0141835E+00
   33.3700   4.9852217E+05   1.0141830E+00
   33.3800   4.9845354E+05   1.0141826E+00
   33.3900   4.9839058E+05   1.0141823E+00
   33.4000   4.9833332E+05   1.0141819E+00
   33.4100   4.9828171E+05   1.0141816E+00
   33.4200   4.9823572E+05   1.0141813E+00
   33.4300   4.9819541E+05   1.0141811E+00
   33.4400   4.9816071E+05   1.0141809E+00
   33.4500   4.9813162E+05   1.0141807E+00
   33.4600   4.9810820E+05   1.0141806E+00
   33.4700   4.9809039E+05   1.0141805E+00
   33.4800   4.9807819E+05   1.0141804E+00
   33.4900   4.9807167E+05   1.0141804E+00
   33.5000   4.9807077E+05   1.0141804E+00
   33.5100   4.9807550E+05   1.0141805E+00
   33.5200   4.9808575E+05   1.0141805E+00
   33.5300   4.9810166E+05   1.0141806E+00
   33.5400   4.9812307E+05   1.0141808E+00
   33.5500   4.9815004E+05   1.0141810E+00
   33.5600   4.9818254E+05   1.0141812E+00
   33.5700   4.9822058E+05   1.0141814E+00
   33.5800   4.9826406E+05   1.0141817E+00
   33.5900   4.9831295E+05   1.0141820E+00
   33.6000   4.9836726E+05   1.0141823E+00
   33.6100   4.9842689E+05   1.0141827E+00
   33.6200   4.9849180E+05   1.0141831E+00
   33.6300   4.9856201E+05   1.0141836E+00
   33.6400   4.9863759E+05   1.0141840E+00
   33.6500   4.9871850E+05   1.0141846E+00
   33.6600   4.9880457E+05   1.0141851E+00
   33.6700   4.9889587E+05   1.0141857E+00
   33.6800   4.9899234E+05   1.0141863E+00
   33.6900   4.9909401E+05   1.0141869E+00
   33.7000   4.9920074E+05   1.0141876E+00
   33.7100   4.9931247E+05   1.0141883E+00
   33.7200   4.9942921E+05   1.0141890E+00
   33.7300   4.9955099E+05   1.0141898E+00
   33.7400   4.9967775E+05   1.0141905E+00
   33.7500   4.9980947E+05   1.0141914E+00
   33.7600   4.9994600E+05   1.0141922E+00
   33.7700   5.0008724E+05   1.0141931E+00
   33.7800   5.0023317E+05   1.0141940E+00
   33.7900   5.0038379E+05   1.0141949E+00
   33.8000   5.0053916E+05   1.0141959E+00
   33.8100   5.0069923E+05   1.0141969E+00
   33.8200   5.0086380E+05   1.0141979E+00
   33.8300   5.0103291E+05   1.0141990E+00
   33.8400   5.0120647E+05   1.0142000E+00
   33.8500   5.0138444E+05   1.0142011E+00
   33.8600   5.0156682E+05   1.0142023E+00
   33.8700   5.0175349E+05   1.0142034E+00
   33.8800   5.0194438E+05   1.0142046E+00
   33.8900   5.0213944E+05   1.0142058E+00
   33.9000   5.0233871E+05   1.0142071E+00
   33.9100   5.0254206E+05   1.0142083E+00
   33.9200   5.0274941E+05   1.0142096E+00
   33.9300   5.0296075E+05   1.0142109E+00
   33.9400   5.0317609E+05   1.0142122E+00
   33.9500   5.0339530E+05   1.0142136E+00
   33.9600   5.0361832E+05   1.0142150E+00
   33.9700   5.0384510E+05   1.0142164E+00
   33.9800   5.0407566E+05   1.0142178E+00
   33.9900   5.0430986E+05   1.0142193E+00
   34.0000   5.0454761E+05   1.0142207E+00
   34.0100   5.0478886E+05   1.0142222E+00
   34.0200   5.0503360E+05   1.0142237E+00
   34.0300   5.0528168E+05   1.0142253E+00
   34.0400   5.0553315E+05   1.0142268E+00
   34.0500   5.0578795E+05   1.0142284E+00
   34.0600   5.0604602E+05   1.0142300E+00
   34.0700   5.0630717E+05   1.0142316E+00
   34.0800   5.0657145E+05   1.0142333E+00
   34.0900   5.0683873E+05   1.0142349E+00
   34.1000   5.0710892E+05   1.0142366E+00
   34.1100   5.0738198E+05   1.0142383E+00
   34.1200   5.0765788E+05   1.0142400E+00
   34.1300   5.0793664E+05   1.0142417E+00
   34.1400   5.0821812E+05   1.0142434E+00
   34.1500   5.0850221E+05   1.0142452E+00
   34.1600   5.0878884E+05   1.0142470E+00
   34.1700   5.0907795E+05   1.0142488E+00
   34.1800   5.0936953E+05   1.0142506E+00
   34.1900   5.0966357E+05   1.0142524E+00
   34.2000   5.0995994E+05   1.0142542E+00
   34.2100   5.1025851E+05   1.0142561E+00
   34.2200   5.1055918E+05   1.0142579E+00
   34.2300   5.1086207E+05   1.0142598E+00
   34.2400   5.1116693E+05   1.0142617E+00
   34.2500   5.1147375E+05   1.0142636E+00
   34.2600   5.1178252E+05   1.0142655E+00
   34.2700   5.1209308E+05   1.0142674E+00
   34.2800   5.1240546E+05   1.0142693E+00
   34.2900   5.1271954E+05   1.0142713E+00
   34.3000   5.1303521E+05   1.0142732E+00
   34.3100   5.1335239E+05   1.0142752E+00
   34.3200   5.1367101E+05   1.0142772E+00
   34.3300   5.1399101E+05   1.0142792E+00
   34.3400   5.1431236E+05   1.0142811E+00
   34.3500   5.1463503E+05   1.0142831E+00
   34.3600   5.1495901E+05   1.0142851E+00
   34.3700   5.1528414E+05   1.0142871E+00
   34.3800   5.1561042E+05   1.0142892E+00
   34.3900   5.1593771E+05   1.0142912E+00
   34.4000   5.1626606E+05   1.0142932E+00
   34.4100   5.1659533E+05   1.0142953E+00
   34.4200   5.1692542E+05   1.0142973E+00
   34.4300   5.1725622E+05   1.0142993E+00
   34.4400   5.1758780E+05   1.0143014E+00
   34.4500   5.1792009E+05   1.0143034E+00
   34.4600   5.1825300E+05   1.0143055E+00
   34.4700   5.1858645E+05   1.0143076E+00
   34.4800   5.1892038E+05   1.0143096E+00
   34.4900   5.1925473E+05   1.0143117E+00
   34.5000   5.1958943E+05   1.0143138E+00
   34.5100   5.1992445E+05   1.0143158E+00
   34.5200   5.2025971E+05   1.0143179E+00
   34.5300   5.2059518E+05   1.0143200E+00
   34.5400   5.2093082E+05   1.0143221E+00
   34.5500   5.2126640E+05   1.0143242E+00
   34.5600   5.2160187E+05   1.0143262E+00
   34.5700   5.2193719E+05   1.0143283E+00
   34.5800   5.2227233E+05   1.0143304E+00
   34.5900   5.2260722E+05   1.0143324E+00
   34.6000   5.2294182E+05   1.0143345E+00
   34.6100   5.2327608E+05   1.0143366E+00
   34.6200   5.2360994E+05   1.0143387E+00
   34.6300   5.2394333E+05   1.0143407E+00
   34.6400   5.2427620E+05   1.0143428E+00
   34.6500   5.2460847E+05   1.0143448E+00
   34.6600   5.2494007E+05   1.0143469E+00
   34.6700   5.2527089E+05   1.0143489E+00
   34.6800   5.2560105E+05   1.0143510E+00
   34.6900   5.2593042E+05   1.0143530E+00
   34.7000   5.2625891E+05   1.0143551E+00
   34.7100   5.2658657E+05   1.0143571E+00
   34.7200   5.2691327E+05   1.0143591E+00
   34.7300   5.2723889E+05   1.0143611E+00
   34.7400   5.2756343E+05   1.0143631E+00
   34.7500   5.2788693E+05   1.0143651E+00
   34.7600   5.2820921E+05   1.0143671E+00
   34.7700   5.2853026E+05   1.0143691E+00
   34.7800   5.2885007E+05   1.0143711E+00
   34.7900   5.2916859E+05   1.0143731E+00
   34.8000   5.2948579E+05   1.0143750E+00
   34.8100   5.2980159E+05   1.0143770E+00
   34.8200   5.3011592E+05   1.0143789E+00
   34.8300   5.3042868E+05   1.0143809E+00
   34.8400   5.3073995E+05   1.0143828E+00
   34.8500   5.3104960E+05   1.0143847E+00
   34.8600   5.3135766E+05   1.0143866E+00
   34.8700   5.3166396E+05   1.0143885E+00
   34.8800   5.3196851E+05   1.0143904E+00
   34.8900   5.3227129E+05   1.0143923E+00
   34.9000   5.3257225E+05   1.0143942E+00
   34.9100   5.3287134E+05   1.0143960E+00
   34.9200   5.3316847E+05   1.0143979E+00
   34.9300   5.3346372E+05   1.0143997E+00
   34.9400   5.3375696E+05   1.0144015E+00
   34.9500   5.3404824E+05   1.0144033E+00
   34.9600   5.3433738E+05   1.0144051E+00
   34.9700   5.3462438E+05   1.0144069E+00
   34.9800   5.3490919E+05   1.0144087E+00
   34.9900   5.3519177E+05   1.0144104E+00
   35.0000   5.3547220E+05   1.0144122E+00
   35.0100   5.3575039E+05   1.0144139E+00
   35.0200   5.3602638E+05   1.0144156E+00
   35.0300   5.3630002E+05   1.0144173E+00
   35.0400   5.3657130E+05   1.0144190E+00
   35.0500   5.3684021E+05   1.0144207E+00
   35.0600   5.3710668E+05   1.0144223E+00
   35.0700   5.3737063E+05   1.0144240E+00
   35.0800   5.3763214E+05   1.0144256E+00
   35.0900   5.3789108E+05   1.0144272E+00
   35.1000   5.3814746E+05   1.0144288E+00
   35.1100   5.3840128E+05   1.0144304E+00
   35.1200   5.3865248E+05   1.0144319E+00
   35.1300   5.3890101E+05   1.0144335E+00
   35.1400   5.3914695E+05   1.0144350E+00
   35.1500   5.3939017E+05   1.0144365E+00
   35.1600   5.3963069E+05   1.0144380E+00
   35.1700   5.3986852E+05   1.0144395E+00
   35.1800   5.4010361E+05   1.0144410E+00
   35.1900   5.4033590E+05   1.0144424E+00
   35.2000   5.4056548E+05   1.0144438E+00
   35.2100   5.4079221E+05   1.0144452E+00
   35.2200   5.4101613E+05   1.0144466E+00
   35.2300   5.4123722E+05   1.0144480E+00
   35.2400   5.4145545E+05   1.0144494E+00
   35.2500   5.4167073E+05   1.0144507E+00
   35.2600   5.4188316E+05   1.0144520E+00
   35.2700   5.4209259E+05   1.0144534E+00
   35.2800   5.4229904E+05   1.0144546E+00
   35.2900   5.4250249E+05   1.0144559E+00
   35.3000   5.4270288E+05   1.0144572E+00
   35.3100   5.4290030E+05   1.0144584E+00
   35.3200   5.4309464E+05   1.0144596E+00
   35.3300   5.4328592E+05   1.0144608E+00
   35.3400   5.4347414E+05   1.0144620E+00
   35.3500   5.4365924E+05   1.0144631E+00
   35.3600   5.4384135E+05   1.0144643E+00
   35.3700   5.4402034E+05   1.0144654E+00
   35.3800   5.4419625E+05   1.0144665E+00
   35.3900   5.4436909E+05   1.0144676E+00
   35.4000   5.4453883E+05   1.0144687E+00
   35.4100   5.4470539E+05   1.0144697E+00
   35.4200   5.4486887E+05   1.0144707E+00
   35.4300   5.4502912E+05   1.0144717E+00
   35.4400   5.4518616E+05   1.0144727E+00
   35.4500   5.4533996E+05   1.0144737E+00
   35.4600   5.4549064E+05   1.0144746E+00
   35.4700   5.4563810E+05   1.0144756E+00
   35.4800   5.4578239E+05   1.0144765E+00
   35.4900   5.4592354E+05   1.0144774E+00
   35.5000   5.4606151E+05   1.0144782E+00
   35.5100   5.4619625E+05   1.0144791E+00
   35.5200   5.4632785E+05   1.0144799E+00
   35.5300   5.4645619E+05   1.0144807E+00
   35.5400   5.4658128E+05   1.0144815E+00
   35.5500   5.4670310E+05   1.0144823E+00
   35.5600   5.4682160E+05   1.0144830E+00
   35.5700   5.4693688E+05   1.0144837E+00
   35.5800   5.4704898E+05   1.0144845E+00
   35.5900   5.4715792E+05   1.0144852E+00
   35.6000   5.4726370E+05   1.0144858E+00
   35.6100   5.4736625E+05   1.0144865E+00
   35.6200   5.4746549E+05   1.0144871E+00
   35.6300   5.4756148E+05   1.0144877E+00
   35.6400   5.4765424E+05   1.0144883E+00
   35.6500   5.4774375E+05   1.0144889E+00
   35.6600   5.4782997E+05   1.0144894E+00
   35.6700   5.4791299E+05   1.0144900E+00
   35.6800   5.4799268E+05   1.0144905E+00
   35.6900   5.4806907E+05   1.0144910E+00
   35.7000   5.4814215E+05   1.0144914E+00
   35.7100   5.4821203E+05   1.0144919E+00
   35.7200   5.4827864E+05   1.0144923E+00
   35.7300   5.4834204E+05   1.0144927E+00
   35.7400   5.4840223E+05   1.0144931E+00
   35.7500   5.4845922E+05   1.0144935E+00
   35.7600   5.4851295E+05   1.0144939E+00
   35.7700   5.4856351E+05   1.0144942E+00
   35.7800   5.4861079E+05   1.0144945E+00
   35.7900   5.4865481E+05   1.0144948E+00
   35.8000   5.4869555E+05   1.0144951E+00
   35.8100   5.4873315E+05   1.0144953E+00
   35.8200   5.4876753E+05   1.0144956E+00
   35.8300   5.4879874E+05   1.0144958E+00
   35.8400   5.4882682E+05   1.0144960E+00
   35.8500   5.4885175E+05   1.0144961E+00
   35.8600   5.4887349E+05   1.0144963E+00
   35.8700   5.4889196E+05   1.0144964E+00
   35.8800   5.4890723E+05   1.0144965E+00
   35.8900   5.4891933E+05   1.0144966E+00
   35.9000   5.4892826E+05   1.0144967E+00
   35.9100   5.4893396E+05   1.0144968E+00
   35.9200   5.4893656E+05   1.0144968E+00
   35.9300   5.4893594E+05   1.0144968E+00
   35.9400   5.4893213E+05   1.0144968E+00
   35.9500   5.4892513E+05   1.0144968E+00
   35.9600   5.4891491E+05   1.0144968E+00
   35.9700   5.4890157E+05   1.0144967E+00
   35.9800   5.4888520E+05   1.0144966E+00
   35.9900   5.4886565E+05   1.0144965E+00
   36.0000   5.4884292E+05   1.0144964E+00
   36.0100   5.4881699E+05   1.0144963E+00
   36.0200   5.4878797E+05   1.0144961E+00
   36.0300   5.4875577E+05   1.0144960E+00
   36.0400   5.4872043E+05   1.0144958E+00
   36.0500   5.4868196E+05   1.0144956E+00
   36.0600   5.4864033E+05   1.0144953E+00
   36.0700   5.4859568E+05   1.0144951E+00
   36.0800   5.4854790E+05   1.0144948E+00
   36.0900   5.4849705E+05   1.0144945E+00
   36.1000   5.4844316E+05   1.0144942E+00
   36.1100   5.4838620E+05   1.0144939E+00
   36.1200   5.4832614E+05   1.0144935E+00
   36.1300   5.4826306E+05   1.0144932E+00
   36.1400   5.4819686E+05   1.0144928E+00
   36.1500   5.4812755E+05   1.0144924E+00
   36.1600   5.4805515E+05   1.0144920E+00
   36.1700   5.4797961E+05   1.0144915E+00
   36.1800   5.4790103E+05   1.0144911E+00
   36.1900   5.4781932E+05   1.0144906E+00
   36.2000   5.4773450E+05   1.0144901E+00
   36.2100   5.4764659E+05   1.0144896E+00
   36.2200   5.4755556E+05   1.0144890E+00
   36.2300   5.4746151E+05   1.0144885E+00
   36.2400   5.4736436E+05   1.0144879E+00
   36.2500   5.4726415E+05   1.0144873E+00
   36.2600   5.4716090E+05   1.0144867E+00
   36.2700   5.4705458E+05   1.0144861E+00
   36.2800   5.4694514E+05   1.0144854E+00
   36.2900   5.4683268E+05   1.0144848E+00
   36.3000   5.4671708E+05   1.0144841E+00
   36.3100   5.4659835E+05   1.0144834E+00
   36.3200   5.4647650E+05   1.0144826E+00
   36.3300   5.4635164E+05   1.0144819E+00
   36.3400   5.4622372E+05   1.0144811E+00
   36.3500   5.4609278E+05   1.0144804E+00
   36.3600   5.4595870E+05   1.0144796E+00
   36.3700   5.4582146E+05   1.0144787E+00
   36.3800   5.4568104E+05   1.0144779E+00
   36.3900   5.4553754E+05   1.0144770E+00
   36.4000   5.4539086E+05   1.0144762E+00
   36.4100   5.4524104E+05   1.0144753E+00
   36.4200   5.4508808E+05   1.0144744E+00
   36.4300   5.4493196E+05   1.0144734E+00
   36.4400   5.4477262E+05   1.0144725E+00
   36.4500   5.4461012E+05   1.0144715E+00
   36.4600   5.4444453E+05   1.0144705E+00
   36.4700   5.4427585E+05   1.0144695E+00
   36.4800   5.4410406E+05   1.0144684E+00
   36.4900   5.4392910E+05   1.0144674E+00
   36.5000   5.4375088E+05   1.0144663E+00
   36.5100   5.4356945E+05   1.0144652E+00
   36.5200   5.4338483E+05   1.0144641E+00
   36.5300   5.4319700E+05   1.0144630E+00
   36.5400   5.4300590E+05   1.0144618E+00
   36.5500   5.4281163E+05   1.0144607E+00
   36.5600   5.4261406E+05   1.0144595E+00
   36.5700   5.4241320E+05   1.0144583E+00
   36.5800   5.4220904E+05   1.0144570E+00
   36.5900   5.4200153E+05   1.0144558E+00
   36.6000   5.4179074E+05   1.0144545E+00
   36.6100   5.4157656E+05   1.0144532E+00
   36.6200   5.4135900E+05   1.0144519E+00
   36.6300   5.4113803E+05   1.0144506E+00
   36.6400   5.4091377E+05   1.0144492E+00
   36.6500   5.4068613E+05   1.0144479E+00
   36.6600   5.4045515E+05   1.0144465E+00
   36.6700   5.4022084E+05   1.0144450E+00
   36.6800   5.3998318E+05   1.0144436E+00
   36.6900   5.3974209E+05   1.0144421E+00
   36.7000   5.3949747E+05   1.0144407E+00
   36.7100   5.3924936E+05   1.0144392E+00
   36.7200   5.3899776E+05   1.0144376E+00
   36.7300   5.3874263E+05   1.0144361E+00
   36.7400   5.3848389E+05   1.0144345E+00
   36.7500   5.3822161E+05   1.0144330E+00
   36.7600   5.3795580E+05   1.0144313E+00
   36.7700   5.3768644E+05   1.0144297E+00
   36.7800   5.3741349E+05   1.0144281E+00
   36.7900   5.3713684E+05   1.0144264E+00
   36.8000   5.3685655E+05   1.0144247E+00
   36.8100   5.3657260E+05   1.0144230E+00
   36.8200   5.3628497E+05   1.0144212E+00
   36.8300   5.3599358E+05   1.0144195E+00
   36.8400   5.3569848E+05   1.0144177E+00
   36.8500   5.3539971E+05   1.0144159E+00
   36.8600   5.3509722E+05   1.0144140E+00
   36.8700   5.3479097E+05   1.0144122E+00
   36.8800   5.3448084E+05   1.0144103E+00
   36.8900   5.3416688E+05   1.0144084E+00
   36.9000   5.3384907E+05   1.0144064E+00
   36.9100   5.3352736E+05   1.0144045E+00
   36.9200   5.3320165E+05   1.0144025E+00
   36.9300   5.3287198E+05   1.0144005E+00
   36.9400   5.3253836E+05   1.0143985E+00
   36.9500   5.3220073E+05   1.0143964E+00
   36.9600   5.3185900E+05   1.0143944E+00
   36.9700   5.3151323E+05   1.0143923E+00
   36.9800   5.3116339E+05   1.0143901E+00
   36.9900   5.3080946E+05   1.0143880E+00
   37.0000   5.3045133E+05   1.0143858E+00
   37.0100   5.3008905E+05   1.0143836E+00
   37.0200   5.2972262E+05   1.0143814E+00
   37.0300   5.2935198E+05   1.0143791E+00
   37.0400   5.2897704E+05   1.0143768E+00
   37.0500   5.2859784E+05   1.0143745E+00
   37.0600   5.2821436E+05   1.0143722E+00
   37.0700   5.2782654E+05   1.0143698E+00
   37.0800   5.2743446E+05   1.0143675E+00
   37.0900   5.2703797E+05   1.0143650E+00
   37.1000   5.2663704E+05   1.0143626E+00
   37.1100   5.2623178E+05   1.0143601E+00
   37.1200   5.2582207E+05   1.0143576E+00
   37.1300   5.2540792E+05   1.0143551E+00
   37.1400   5.2498930E+05   1.0143526E+00
   37.1500   5.2456612E+05   1.0143500E+00
   37.1600   5.2413841E+05   1.0143474E+00
   37.1700   5.2370617E+05   1.0143448E+00
   37.1800   5.2326935E+05   1.0143421E+00
   37.1900   5.2282783E+05   1.0143394E+00
   37.2000   5.2238163E+05   1.0143367E+00
   37.2100   5.2193073E+05   1.0143339E+00
   37.2200   5.2147503E+05   1.0143312E+00
   37.2300   5.2101458E+05   1.0143284E+00
   37.2400   5.2054936E+05   1.0143255E+00
   37.2500   5.2007932E+05   1.0143227E+00
   37.2600   5.1960452E+05   1.0143198E+00
   37.2700   5.1912479E+05   1.0143168E+00
   37.2800   5.1864026E+05   1.0143139E+00
   37.2900   5.1815084E+05   1.0143109E+00
   37.3000   5.1765657E+05   1.0143079E+00
   37.3100   5.1715740E+05   1.0143049E+00
   37.3200   5.1665327E+05   1.0143018E+00
   37.3300   5.1614422E+05   1.0142987E+00
   37.3400   5.1563006E+05   1.0142955E+00
   37.3500   5.1511091E+05   1.0142924E+00
   37.3600   5.1458665E+05   1.0142892E+00
   37.3700   5.1405728E+05   1.0142859E+00
   37.3800   5.1352274E+05   1.0142827E+00
   37.3900   5.1298311E+05   1.0142794E+00
   37.4000   5.1243841E+05   1.0142761E+00
   37.4100   5.1188858E+05   1.0142727E+00
   37.4200   5.1133353E+05   1.0142693E+00
   37.4300   5.1077329E+05   1.0142659E+00
   37.4400   5.1020780E+05   1.0142625E+00
   37.4500   5.0963699E+05   1.0142590E+00
   37.4600   5.0906089E+05   1.0142554E+00
   37.4700   5.0847945E+05   1.0142519E+00
   37.4800   5.0789277E+05   1.0142483E+00
   37.4900   5.0730071E+05   1.0142447E+00
   37.5000   5.0670323E+05   1.0142411E+00
   37.5100   5.0610043E+05   1.0142374E+00
   37.5200   5.0549216E+05   1.0142337E+00
   37.5300   5.0487858E+05   1.0142299E+00
   37.5400   5.0425961E+05   1.0142261E+00
   37.5500   5.0363526E+05   1.0142223E+00
   37.5600   5.0300553E+05   1.0142185E+00
   37.5700   5.0237032E+05   1.0142146E+00
   37.5800   5.0172968E+05   1.0142107E+00
   37.5900   5.0108357E+05   1.0142067E+00
   37.6000   5.0043191E+05   1.0142027E+00
   37.6100   4.9977474E+05   1.0141987E+00
   37.6200   4.9911202E+05   1.0141947E+00
   37.6300   4.9844384E+05   1.0141906E+00
   37.6400   4.9777006E+05   1.0141865E+00
   37.6500   4.9709082E+05   1.0141823E+00
   37.6600   4.9640603E+05   1.0141781E+00
   37.6700   4.9571572E+05   1.0141739E+00
   37.6800   4.9501985E+05   1.0141697E+00
   37.6900   4.9431850E+05   1.0141654E+00
   37.7000   4.9361151E+05   1.0141611E+00
   37.7100   4.9289903E+05   1.0141567E+00
   37.7200   4.9218096E+05   1.0141523E+00
   37.7300   4.9145730E+05   1.0141479E+00
   37.7400   4.9072802E+05   1.0141434E+00
   37.7500   4.8999319E+05   1.0141389E+00
   37.7600   4.8925282E+05   1.0141344E+00
   37.7700   4.8850687E+05   1.0141298E+00
   37.7800   4.8775539E+05   1.0141252E+00
   37.7900   4.8699839E+05   1.0141206E+00
   37.8000   4.8623583E+05   1.0141159E+00
   37.8100   4.8546775E+05   1.0141112E+00
   37.8200   4.8469418E+05   1.0141065E+00
   37.8300   4.8391505E+05   1.0141018E+00
   37.8400   4.8313041E+05   1.0140969E+00
   37.8500   4.8234028E+05   1.0140921E+00
   37.8600   4.8154476E+05   1.0140872E+00
   37.8700   4.8074373E+05   1.0140823E+00
   37.8800   4.7993720E+05   1.0140774E+00
   37.8900   4.7912528E+05   1.0140724E+00
   37.9000   4.7830803E+05   1.0140674E+00
   37.9100   4.7748543E+05   1.0140624E+00
   37.9200   4.7665744E+05   1.0140573E+00
   37.9300   4.7582411E+05   1.0140522E+00
   37.9400   4.7498544E+05   1.0140471E+00
   37.9500   4.7414155E+05   1.0140419E+00
   37.9600   4.7329232E+05   1.0140367E+00
   37.9700   4.7243775E+05   1.0140315E+00
   37.9800   4.7157796E+05   1.0140262E+00
   37.9900   4.7071303E+05   1.0140209E+00
   38.0000   4.6984297E+05   1.0140156E+00
   38.0100   4.6896771E+05   1.0140103E+00
   38.0200   4.6808734E+05   1.0140049E+00
   38.0300   4.6720188E+05   1.0139994E+00
   38.0400   4.6631127E+05   1.0139940E+00
   38.0500   4.6541562E+05   1.0139885E+00
   38.0600   4.6451494E+05   1.0139830E+00
   38.0700   4.6360939E+05   1.0139774E+00
   38.0800   4.6269888E+05   1.0139719E+00
   38.0900   4.6178346E+05   1.0139663E+00
   38.1000   4.6086329E+05   1.0139606E+00
   38.1100   4.5993832E+05   1.0139550E+00
   38.1200   4.5900859E+05   1.0139493E+00
   38.1300   4.5807413E+05   1.0139435E+00
   38.1400   4.5713506E+05   1.0139378E+00
   38.1500   4.5619130E+05   1.0139320E+00
   38.1600   4.5524305E+05   1.0139262E+00
   38.1700   4.5429030E+05   1.0139204E+00
   38.1800   4.5333316E+05   1.0139145E+00
   38.1900   4.5237170E+05   1.0139086E+00
   38.2000   4.5140592E+05   1.0139027E+00
   38.2100   4.5043581E+05   1.0138967E+00
   38.2200   4.4946146E+05   1.0138908E+00
   38.2300   4.4848292E+05   1.0138848E+00
   38.2400   4.4750019E+05   1.0138787E+00
   38.2500   4.4651343E+05   1.0138727E+00
   38.2600   4.4552272E+05   1.0138666E+00
   38.2700   4.4452811E+05   1.0138605E+00
   38.2800   4.4352961E+05   1.0138544E+00
   38.2900   4.4252737E+05   1.0138483E+00
   38.3000   4.4152130E+05   1.0138421E+00
   38.3100   4.4051147E+05   1.0138359E+00
   38.3200   4.3949807E+05   1.0138297E+00
   38.3300   4.3848108E+05   1.0138235E+00
   38.3400   4.3746062E+05   1.0138172E+00
   38.3500   4.3643677E+05   1.0138109E+00
   38.3600   4.3540957E+05   1.0138046E+00
   38.3700   4.3437902E+05   1.0137983E+00
   38.3800   4.3334527E+05   1.0137920E+00
   38.3900   4.3230844E+05   1.0137856E+00
   38.4000   4.3126858E+05   1.0137792E+00
   38.4100   4.3022576E+05   1.0137728E+00
   38.4200   4.2917997E+05   1.0137664E+00
   38.4300   4.2813138E+05   1.0137600E+00
   38.4400   4.2708011E+05   1.0137536E+00
   38.4500   4.2602625E+05   1.0137471E+00
   38.4600   4.2496988E+05   1.0137406E+00
   38.4700   4.2391101E+05   1.0137341E+00
   38.4800   4.2284986E+05   1.0137276E+00
   38.4900   4.2178640E+05   1.0137211E+00
   38.5000   4.2072076E+05   1.0137145E+00
   38.5100   4.1965307E+05   1.0137080E+00
   38.5200   4.1858341E+05   1.0137014E+00
   38.5300   4.1751185E+05   1.0136949E+00
   38.5400   4.1643843E+05   1.0136883E+00
   38.5500   4.1536319E+05   1.0136817E+00
   38.5600   4.1428631E+05   1.0136751E+00
   38.5700   4.1320795E+05   1.0136684E+00
   38.5800   4.1212809E+05   1.0136618E+00
   38.5900   4.1104686E+05   1.0136552E+00
   38.6000   4.0996437E+05   1.0136485E+00
   38.6100   4.0888072E+05   1.0136419E+00
   38.6200   4.0779602E+05   1.0136352E+00
   38.6300   4.0671033E+05   1.0136286E+00
   38.6400   4.0562372E+05   1.0136219E+00
   38.6500   4.0453643E+05   1.0136152E+00
   38.6600   4.0344850E+05   1.0136085E+00
   38.6700   4.0235998E+05   1.0136019E+00
   38.6800   4.0127107E+05   1.0135952E+00
   38.6900   4.0018181E+05   1.0135885E+00
   38.7000   3.9909240E+05   1.0135818E+00
   38.7100   3.9800286E+05   1.0135751E+00
   38.7200   3.9691321E+05   1.0135684E+00
   38.7300   3.9582365E+05   1.0135617E+00
   38.7400   3.9473420E+05   1.0135550E+00
   38.7500   3.9364506E+05   1.0135484E+00
   38.7600   3.9255624E+05   1.0135417E+00
   38.7700   3.9146796E+05   1.0135350E+00
   38.7800   3.9038025E+05   1.0135283E+00
   38.7900   3.8929332E+05   1.0135216E+00
   38.8000   3.8820721E+05   1.0135150E+00
   38.8100   3.8712199E+05   1.0135083E+00
   38.8200   3.8603789E+05   1.0135016E+00
   38.8300   3.8495498E+05   1.0134950E+00
   38.8400   3.8387337E+05   1.0134883E+00
   38.8500   3.8279314E+05   1.0134817E+00
   38.8600   3.8171441E+05   1.0134751E+00
   38.8700   3.8063731E+05   1.0134685E+00
   38.8800   3.7956200E+05   1.0134619E+00
   38.8900   3.7848865E+05   1.0134553E+00
   38.9000   3.7741725E+05   1.0134487E+00
   38.9100   3.7634802E+05   1.0134421E+00
   38.9200   3.7528103E+05   1.0134355E+00
   38.9300   3.7421634E+05   1.0134290E+00
   38.9400   3.7315405E+05   1.0134225E+00
   38.9500   3.7209431E+05   1.0134160E+00
   38.9600   3.7103726E+05   1.0134095E+00
   38.9700   3.6998291E+05   1.0134030E+00
   38.9800   3.6893148E+05   1.0133965E+00
   38.9900   3.6788303E+05   1.0133901E+00
   39.0000   3.6683767E+05   1.0133837E+00
   39.0100   3.6579552E+05   1.0133772E+00
   39.0200   3.6475677E+05   1.0133709E+00
   39.0300   3.6372142E+05   1.0133645E+00
   39.0400   3.6268972E+05   1.0133581E+00
   39.0500   3.6166178E+05   1.0133518E+00
   39.0600   3.6063775E+05   1.0133455E+00
   39.0700   3.5961761E+05   1.0133393E+00
   39.0800   3.5860161E+05   1.0133330E+00
   39.0900   3.5758984E+05   1.0133268E+00
   39.1000   3.5658225E+05   1.0133206E+00
   39.1100   3.5557904E+05   1.0133144E+00
   39.1200   3.5458025E+05   1.0133083E+00
   39.1300   3.5358598E+05   1.0133022E+00
   39.1400   3.5259640E+05   1.0132961E+00
   39.1500   3.5161169E+05   1.0132900E+00
   39.1600   3.5063194E+05   1.0132840E+00
   39.1700   3.4965728E+05   1.0132780E+00
   39.1800   3.4868771E+05   1.0132720E+00
   39.1900   3.4772347E+05   1.0132661E+00
   39.2000   3.4676469E+05   1.0132602E+00
   39.2100   3.4581136E+05   1.0132543E+00
   39.2200   3.4486354E+05   1.0132485E+00
   39.2300   3.4392135E+05   1.0132427E+00
   39.2400   3.4298497E+05   1.0132369E+00
   39.2500   3.4205447E+05   1.0132312E+00
   39.2600   3.4112998E+05   1.0132255E+00
   39.2700   3.4021169E+05   1.0132198E+00
   39.2800   3.3929968E+05   1.0132142E+00
   39.2900   3.3839394E+05   1.0132087E+00
   39.3000   3.3749467E+05   1.0132031E+00
   39.3100   3.3660200E+05   1.0131976E+00
   39.3200   3.3571592E+05   1.0131922E+00
   39.3300   3.3483652E+05   1.0131867E+00
   39.3400   3.3396393E+05   1.0131814E+00
   39.3500   3.3309822E+05   1.0131760E+00
   39.3600   3.3223949E+05   1.0131707E+00
   39.3700   3.3138794E+05   1.0131655E+00
   39.3800   3.3054350E+05   1.0131603E+00
   39.3900   3.2970633E+05   1.0131551E+00
   39.4000   3.2887651E+05   1.0131500E+00
   39.4100   3.2805419E+05   1.0131450E+00
   39.4200   3.2723943E+05   1.0131399E+00
   39.4300   3.2643237E+05   1.0131350E+00
   39.4400   3.2563306E+05   1.0131300E+00
   39.4500   3.2484162E+05   1.0131251E+00
   39.4600   3.2405809E+05   1.0131203E+00
   39.4700   3.2328259E+05   1.0131155E+00
   39.4800   3.2251516E+05   1.0131108E+00
   39.4900   3.2175591E+05   1.0131061E+00
   39.5000   3.2100488E+05   1.0131015E+00
   39.5100   3.2026218E+05   1.0130969E+00
   39.5200   3.1952785E+05   1.0130924E+00
   39.5300   3.1880201E+05   1.0130879E+00
   39.5400   3.1808470E+05   1.0130835E+00
   39.5500   3.1737605E+05   1.0130791E+00
   39.5600   3.1667610E+05   1.0130748E+00
   39.5700   3.1598482E+05   1.0130705E+00
   39.5800   3.1530227E+05   1.0130663E+00
   39.5900   3.1462860E+05   1.0130621E+00
   39.6000   3.1396388E+05   1.0130580E+00
   39.6100   3.1330810E+05   1.0130540E+00
   39.6200   3.1266135E+05   1.0130500E+00
   39.6300   3.1202364E+05   1.0130460E+00
   39.6400   3.1139506E+05   1.0130421E+00
   39.6500   3.1077566E+05   1.0130383E+00
   39.6600   3.1016556E+05   1.0130345E+00
   39.6700   3.0956481E+05   1.0130308E+00
   39.6800   3.0897339E+05   1.0130272E+00
   39.6900   3.0839137E+05   1.0130236E+00
   39.7000   3.0781874E+05   1.0130200E+00
   39.7100   3.0725563E+05   1.0130165E+00
   39.7200   3.0670204E+05   1.0130131E+00
   39.7300   3.0615812E+05   1.0130098E+00
   39.7400   3.0562393E+05   1.0130064E+00
   39.7500   3.0509945E+05   1.0130032E+00
   39.7600   3.0458478E+05   1.0130000E+00
   39.7700   3.0407994E+05   1.0129969E+00
   39.7800   3.0358488E+05   1.0129938E+00
   39.7900   3.0309965E+05   1.0129908E+00
   39.8000   3.0262424E+05   1.0129879E+00
   39.8100   3.0215875E+05   1.0129850E+00
   39.8200   3.0170320E+05   1.0129822E+00
   39.8300   3.0125755E+05   1.0129794E+00
   39.8400   3.0082185E+05   1.0129767E+00
   39.8500   3.0039610E+05   1.0129740E+00
   39.8600   2.9998039E+05   1.0129715E+00
   39.8700   2.9957477E+05   1.0129689E+00
   39.8800   2.9917919E+05   1.0129665E+00
   39.8900   2.9879374E+05   1.0129641E+00
   39.9000   2.9841840E+05   1.0129617E+00
   39.9100   2.9805313E+05   1.0129595E+00
   39.9200   2.9769797E+05   1.0129573E+00
   39.9300   2.9735290E+05   1.0129551E+00
   39.9400   2.9701801E+05   1.0129530E+00
   39.9500   2.9669314E+05   1.0129510E+00
   39.9600   2.9637843E+05   1.0129490E+00
   39.9700   2.9607376E+05   1.0129471E+00
   39.9800   2.9577913E+05   1.0129453E+00
   39.9900   2.9549465E+05   1.0129435E+00
   40.0000   2.9522035E+05   1.0129418E+00
   40.0100   2.9495621E+05   1.0129401E+00
   40.0200   2.9470213E+05   1.0129386E+00
   40.0300   2.9445812E+05   1.0129370E+00
   40.0400   2.9422413E+05   1.0129356E+00
   40.0500   2.9400022E+05   1.0129342E+00
   40.0600   2.9378637E+05   1.0129328E+00
   40.0700   2.9358251E+05   1.0129315E+00
   40.0800   2.9338865E+05   1.0129303E+00
   40.0900   2.9320476E+05   1.0129291E+00
   40.1000   2.9303090E+05   1.0129280E+00
   40.1100   2.9286691E+05   1.0129270E+00
   40.1200   2.9271288E+05   1.0129260E+00
   40.1300   2.9256867E+05   1.0129251E+00
   40.1400   2.9243425E+05   1.0129242E+00
   40.1500   2.9230969E+05   1.0129234E+00
   40.1600   2.9219500E+05   1.0129227E+00
   40.1700   2.9209011E+05   1.0129220E+00
   40.1800   2.9199489E+05   1.0129214E+00
   40.1900   2.9190929E+05   1.0129209E+00
   40.2000   2.9183339E+05   1.0129204E+00
   40.2100   2.9176702E+05   1.0129199E+00
   40.2200   2.9171027E+05   1.0129195E+00
   40.2300   2.9166301E+05   1.0129192E+00
   40.2400   2.9162518E+05   1.0129189E+00
   40.2500   2.9159685E+05   1.0129187E+00
   40.2600   2.9157783E+05   1.0129186E+00
   40.2700   2.9156820E+05   1.0129185E+00
   40.2800   2.9156779E+05   1.0129185E+00
   40.2900   2.9157655E+05   1.0129185E+00
   40.3000   2.9159450E+05   1.0129186E+00
   40.3100   2.9162161E+05   1.0129187E+00
   40.3200   2.9165775E+05   1.0129189E+00
   40.3300   2.9170289E+05   1.0129191E+00
   40.3400   2.9175695E+05   1.0129194E+00
   40.3500   2.9181991E+05   1.0129198E+00
   40.3600   2.9189169E+05   1.0129202E+00
   40.3700   2.9197229E+05   1.0129206E+00
   40.3800   2.9206166E+05   1.0129212E+00
   40.3900   2.9215963E+05   1.0129217E+00
   40.4000   2.9226616E+05   1.0129223E+00
   40.4100   2.9238108E+05   1.0129230E+00
   40.4200   2.9250435E+05   1.0129237E+00
   40.4300   2.9263602E+05   1.0129245E+00
   40.4400   2.9277604E+05   1.0129253E+00
   40.4500   2.9292427E+05   1.0129262E+00
   40.4600   2.9308067E+05   1.0129271E+00
   40.4700   2.9324510E+05   1.0129281E+00
   40.4800   2.9341753E+05   1.0129291E+00
   40.4900   2.9359782E+05   1.0129302E+00
   40.5000   2.9378592E+05   1.0129313E+00
   40.5100   2.9398169E+05   1.0129325E+00
   40.5200   2.9418506E+05   1.0129337E+00
   40.5300   2.9439608E+05   1.0129350E+00
   40.5400   2.9461466E+05   1.0129363E+00
   40.5500   2.9484064E+05   1.0129376E+00
   40.5600   2.9507395E+05   1.0129390E+00
   40.5700   2.9531458E+05   1.0129405E+00
   40.5800   2.9556242E+05   1.0129420E+00
   40.5900   2.9581728E+05   1.0129435E+00
   40.6000   2.9607921E+05   1.0129451E+00
   40.6100   2.9634799E+05   1.0129467E+00
   40.6200   2.9662365E+05   1.0129484E+00
   40.6300   2.9690611E+05   1.0129501E+00
   40.6400   2.9719521E+05   1.0129518E+00
   40.6500   2.9749082E+05   1.0129536E+00
   40.6600   2.9779292E+05   1.0129554E+00
   40.6700   2.9810137E+05   1.0129573E+00
   40.6800   2.9841611E+05   1.0129592E+00
   40.6900   2.9873712E+05   1.0129611E+00
   40.7000   2.9906430E+05   1.0129631E+00
   40.7100   2.9939742E+05   1.0129651E+00
   40.7200   2.9973651E+05   1.0129672E+00
   40.7300   3.0008148E+05   1.0129692E+00
   40.7400   3.0043212E+05   1.0129714E+00
   40.7500   3.0078847E+05   1.0129735E+00
   40.7600   3.0115044E+05   1.0129757E+00
   40.7700   3.0151785E+05   1.0129779E+00
   40.7800   3.0189056E+05   1.0129802E+00
   40.7900   3.0226848E+05   1.0129825E+00
   40.8000   3.0265159E+05   1.0129848E+00
   40.8100   3.0303976E+05   1.0129872E+00
   40.8200   3.0343289E+05   1.0129895E+00
   40.8300   3.0383096E+05   1.0129919E+00
   40.8400   3.0423381E+05   1.0129944E+00
   40.8500   3.0464133E+05   1.0129969E+00
   40.8600   3.0505347E+05   1.0129994E+00
   40.8700   3.0547024E+05   1.0130019E+00
   40.8800   3.0589149E+05   1.0130044E+00
   40.8900   3.0631716E+05   1.0130070E+00
   40.9000   3.0674703E+05   1.0130096E+00
   40.9100   3.0718111E+05   1.0130123E+00
   40.9200   3.0761929E+05   1.0130149E+00
   40.9300   3.0806150E+05   1.0130176E+00
   40.9400   3.0850753E+05   1.0130203E+00
   40.9500   3.0895740E+05   1.0130231E+00
   40.9600   3.0941098E+05   1.0130258E+00
   40.9700   3.0986820E+05   1.0130286E+00
   40.9800   3.1032900E+05   1.0130314E+00
   40.9900   3.1079322E+05   1.0130342E+00
   41.0000   3.1126071E+05   1.0130371E+00
   41.0100   3.1173155E+05   1.0130399E+00
   41.0200   3.1220548E+05   1.0130428E+00
   41.0300   3.1268247E+05   1.0130457E+00
   41.0400   3.1316252E+05   1.0130486E+00
   41.0500   3.1364549E+05   1.0130516E+00
   41.0600   3.1413126E+05   1.0130545E+00
   41.0700   3.1461974E+05   1.0130575E+00
   41.0800   3.1511090E+05   1.0130605E+00
   41.0900   3.1560469E+05   1.0130635E+00
   41.1000   3.1610096E+05   1.0130665E+00
   41.1100   3.1659955E+05   1.0130695E+00
   41.1200   3.1710053E+05   1.0130726E+00
   41.1300   3.1760380E+05   1.0130756E+00
   41.1400   3.1810930E+05   1.0130787E+00
   41.1500   3.1861680E+05   1.0130818E+00
   41.1600   3.1912629E+05   1.0130849E+00
   41.1700   3.1963776E+05   1.0130880E+00
   41.1800   3.2015106E+05   1.0130911E+00
   41.1900   3.2066605E+05   1.0130943E+00
   41.2000   3.2118280E+05   1.0130974E+00
   41.2100   3.2170122E+05   1.0131006E+00
   41.2200   3.2222122E+05   1.0131038E+00
   41.2300   3.2274274E+05   1.0131069E+00
   41.2400   3.2326574E+05   1.0131101E+00
   41.2500   3.2379002E+05   1.0131133E+00
   41.2600   3.2431557E+05   1.0131165E+00
   41.2700   3.2484237E+05   1.0131197E+00
   41.2800   3.2537028E+05   1.0131229E+00
   41.2900   3.2589933E+05   1.0131262E+00
   41.3000   3.2642936E+05   1.0131294E+00
   41.3100   3.2696026E+05   1.0131326E+00
   41.3200   3.2749208E+05   1.0131359E+00
   41.3300   3.2802473E+05   1.0131391E+00
   41.3400   3.2855811E+05   1.0131424E+00
   41.3500   3.2909211E+05   1.0131456E+00
   41.3600   3.2962668E+05   1.0131489E+00
   41.3700   3.3016190E+05   1.0131521E+00
   41.3800   3.3069771E+05   1.0131554E+00
   41.3900   3.3123405E+05   1.0131587E+00
   41.4000   3.3177086E+05   1.0131619E+00
   41.4100   3.3230810E+05   1.0131652E+00
   41.4200   3.3284573E+05   1.0131685E+00
   41.4300   3.3338369E+05   1.0131718E+00
   41.4400   3.3392196E+05   1.0131751E+00
   41.4500   3.3446032E+05   1.0131783E+00
   41.4600   3.3499874E+05   1.0131816E+00
   41.4700   3.3553719E+05   1.0131849E+00
   41.4800   3.3607565E+05   1.0131882E+00
   41.4900   3.3661408E+05   1.0131915E+00
   41.5000   3.3715245E+05   1.0131948E+00
   41.5100   3.3769073E+05   1.0131980E+00
   41.5200   3.3822890E+05   1.0132013E+00
   41.5300   3.3876692E+05   1.0132046E+00
   41.5400   3.3930477E+05   1.0132079E+00
   41.5500   3.3984239E+05   1.0132112E+00
   41.5600   3.4037977E+05   1.0132145E+00
   41.5700   3.4091686E+05   1.0132177E+00
   41.5800   3.4145361E+05   1.0132210E+00
   41.5900   3.4198999E+05   1.0132243E+00
   41.6000   3.4252594E+05   1.0132275E+00
   41.6100   3.4306141E+05   1.0132308E+00
   41.6200   3.4359653E+05   1.0132341E+00
   41.6300   3.4413122E+05   1.0132373E+00
   41.6400   3.4466542E+05   1.0132406E+00
   41.6500   3.4519906E+05   1.0132439E+00
   41.6600   3.4573224E+05   1.0132471E+00
   41.6700   3.4626489E+05   1.0132504E+00
   41.6800   3.4679690E+05   1.0132536E+00
   41.6900   3.4732836E+05   1.0132569E+00
   41.7000   3.4785918E+05   1.0132601E+00
   41.7100   3.4838942E+05   1.0132633E+00
   41.7200   3.4891898E+05   1.0132666E+00
   41.7300   3.4944790E+05   1.0132698E+00
   41.7400   3.4997625E+05   1.0132730E+00
   41.7500   3.5050388E+05   1.0132762E+00
   41.7600   3.5103084E+05   1.0132795E+00
   41.7700   3.5155715E+05   1.0132827E+00
   41.7800   3.5208284E+05   1.0132859E+00
   41.7900   3.5260793E+05   1.0132891E+00
   41.8000   3.5313224E+05   1.0132923E+00
   41.8100   3.5365579E+05   1.0132955E+00
   41.8200   3.5417856E+05   1.0132987E+00
   41.8300   3.5470071E+05   1.0133019E+00
   41.8400   3.5522224E+05   1.0133050E+00
   41.8500   3.5574310E+05   1.0133082E+00
   41.8600   3.5626328E+05   1.0133114E+00
   41.8700   3.5678272E+05   1.0133146E+00
   41.8800   3.5730155E+05   1.0133177E+00
   41.8900   3.5781972E+05   1.0133209E+00
   41.9000   3.5833716E+05   1.0133241E+00
   41.9100   3.5885399E+05   1.0133272E+00
   41.9200   3.5937012E+05   1.0133304E+00
   41.9300   3.5988565E+05   1.0133335E+00
   41.9400   3.6040049E+05   1.0133367E+00
   41.9500   3.6091472E+05   1.0133398E+00
   41.9600   3.6142841E+05   1.0133430E+00
   41.9700   3.6194145E+05   1.0133461E+00
   41.9800   3.6245390E+05   1.0133492E+00
   41.9900   3.6296582E+05   1.0133523E+00
   42.0000   3.6347726E+05   1.0133555E+00
   42.0100   3.6398808E+05   1.0133586E+00
   42.0200   3.6449831E+05   1.0133617E+00
   42.0300   3.6500800E+05   1.0133648E+00
   42.0400   3.6551716E+05   1.0133679E+00
   42.0500   3.6602582E+05   1.0133710E+00
   42.0600   3.6653399E+05   1.0133741E+00
   42.0700   3.6704168E+05   1.0133772E+00
   42.0800   3.6754889E+05   1.0133803E+00
   42.0900   3.6805581E+05   1.0133834E+00
   42.1000   3.6856242E+05   1.0133865E+00
   42.1100   3.6906873E+05   1.0133896E+00
   42.1200   3.6957473E+05   1.0133927E+00
   42.1300   3.7008038E+05   1.0133958E+00
   42.1400   3.7058570E+05   1.0133989E+00
   42.1500   3.7109082E+05   1.0134020E+00
   42.1600   3.7159573E+05   1.0134051E+00
   42.1700   3.7210040E+05   1.0134082E+00
   42.1800   3.7260500E+05   1.0134112E+00
   42.1900   3.7310948E+05   1.0134143E+00
   42.2000   3.7361382E+05   1.0134174E+00
   42.2100   3.7411798E+05   1.0134205E+00
   42.2200   3.7462213E+05   1.0134236E+00
   42.2300   3.7512622E+05   1.0134267E+00
   42.2400   3.7563022E+05   1.0134297E+00
   42.2500   3.7613429E+05   1.0134328E+00
   42.2600   3.7663838E+05   1.0134359E+00
   42.2700   3.7714246E+05   1.0134390E+00
   42.2800   3.7764669E+05   1.0134421E+00
   42.2900   3.7815103E+05   1.0134452E+00
   42.3000   3.7865545E+05   1.0134482E+00
   42.3100   3.7916011E+05   1.0134513E+00
   42.3200   3.7966499E+05   1.0134544E+00
   42.3300   3.8017005E+05   1.0134575E+00
   42.3400   3.8067546E+05   1.0134606E+00
   42.3500   3.8118120E+05   1.0134637E+00
   42.3600   3.8168727E+05   1.0134668E+00
   42.3700   3.8219365E+05   1.0134699E+00
   42.3800   3.8270033E+05   1.0134730E+00
   42.3900   3.8320751E+05   1.0134761E+00
   42.4000   3.8371517E+05   1.0134792E+00
   42.4100   3.8422334E+05   1.0134823E+00
   42.4200   3.8473202E+05   1.0134854E+00
   42.4300   3.8524124E+05   1.0134885E+00
   42.4400   3.8575103E+05   1.0134916E+00
   42.4500   3.8626141E+05   1.0134948E+00
   42.4600   3.8677244E+05   1.0134979E+00
   42.4700   3.8728416E+05   1.0135010E+00
   42.4800   3.8779662E+05   1.0135042E+00
   42.4900   3.8830971E+05   1.0135073E+00
   42.5000   3.8882350E+05   1.0135104E+00
   42.5100   3.8933807E+05   1.0135136E+00
   42.5200   3.8985333E+05   1.0135167E+00
   42.5300   3.9036937E+05   1.0135199E+00
   42.5400   3.9088630E+05   1.0135231E+00
   42.5500   3.9140406E+05   1.0135262E+00
   42.5600   3.9192276E+05   1.0135294E+00
   42.5700   3.9244236E+05   1.0135326E+00
   42.5800   3.9296283E+05   1.0135358E+00
   42.5900   3.9348432E+05   1.0135390E+00
   42.6000   3.9400682E+05   1.0135422E+00
   42.6100   3.9453033E+05   1.0135454E+00
   42.6200   3.9505485E+05   1.0135486E+00
   42.6300   3.9558040E+05   1.0135518E+00
   42.6400   3.9610701E+05   1.0135550E+00
   42.6500   3.9663474E+05   1.0135583E+00
   42.6600   3.9716363E+05   1.0135615E+00
   42.6700   3.9769357E+05   1.0135647E+00
   42.6800   3.9822464E+05   1.0135680E+00
   42.6900   3.9875695E+05   1.0135712E+00
   42.7000   3.9929041E+05   1.0135745E+00
   42.7100   3.9982496E+05   1.0135778E+00
   42.7200   4.0036074E+05   1.0135811E+00
   42.7300   4.0089771E+05   1.0135844E+00
   42.7400   4.0143586E+05   1.0135877E+00
   42.7500   4.0197517E+05   1.0135910E+00
   42.7600   4.0251566E+05   1.0135943E+00
   42.7700   4.0305733E+05   1.0135976E+00
   42.7800   4.0360023E+05   1.0136009E+00
   42.7900   4.0414440E+05   1.0136042E+00
   42.8000   4.0468989E+05   1.0136076E+00
   42.8100   4.0523661E+05   1.0136109E+00
   42.8200   4.0578465E+05   1.0136143E+00
   42.8300   4.0633392E+05   1.0136177E+00
   42.8400   4.0688454E+05   1.0136210E+00
   42.8500   4.0743647E+05   1.0136244E+00
   42.8600   4.0798967E+05   1.0136278E+00
   42.8700   4.0854413E+05   1.0136312E+00
   42.8800   4.0909984E+05   1.0136346E+00
   42.8900   4.0965680E+05   1.0136380E+00
   42.9000   4.1021505E+05   1.0136414E+00
   42.9100   4.1077462E+05   1.0136449E+00
   42.9200   4.1133557E+05   1.0136483E+00
   42.9300   4.1189778E+05   1.0136518E+00
   42.9400   4.1246133E+05   1.0136552E+00
   42.9500   4.1302614E+05   1.0136587E+00
   42.9600   4.1359215E+05   1.0136621E+00
   42.9700   4.1415947E+05   1.0136656E+00
   42.9800   4.1472807E+05   1.0136691E+00
   42.9900   4.1529792E+05   1.0136726E+00
   43.0000   4.1586901E+05   1.0136761E+00
   43.0100   4.1644135E+05   1.0136796E+00
   43.0200   4.1701493E+05   1.0136831E+00
   43.0300   4.1758963E+05   1.0136866E+00
   43.0400   4.1816547E+05   1.0136902E+00
   43.0500   4.1874252E+05   1.0136937E+00
   43.0600   4.1932066E+05   1.0136973E+00
   43.0700   4.1989997E+05   1.0137008E+00
   43.0800   4.2048038E+05   1.0137044E+00
   43.0900   4.2106179E+05   1.0137079E+00
   43.1000   4.2164434E+05   1.0137115E+00
   43.1100   4.2222797E+05   1.0137151E+00
   43.1200   4.2281264E+05   1.0137187E+00
   43.1300   4.2339834E+05   1.0137223E+00
   43.1400   4.2398504E+05   1.0137259E+00
   43.1500   4.2457275E+05   1.0137295E+00
   43.1600   4.2516128E+05   1.0137331E+00
   43.1700   4.2575067E+05   1.0137367E+00
   43.1800   4.2634093E+05   1.0137403E+00
   43.1900   4.2693211E+05   1.0137439E+00
   43.2000   4.2752407E+05   1.0137476E+00
   43.2100   4.2811687E+05   1.0137512E+00
   43.2200   4.2871040E+05   1.0137549E+00
   43.2300   4.2930454E+05   1.0137585E+00
   43.2400   4.2989939E+05   1.0137621E+00
   43.2500   4.3049485E+05   1.0137658E+00
   43.2600   4.3109084E+05   1.0137695E+00
   43.2700   4.3168746E+05   1.0137731E+00
   43.2800   4.3228464E+05   1.0137768E+00
   43.2900   4.3288232E+05   1.0137805E+00
   43.3000   4.3348043E+05   1.0137841E+00
   43.3100   4.3407893E+05   1.0137878E+00
   43.3200   4.3467778E+05   1.0137915E+00
   43.3300   4.3527691E+05   1.0137952E+00
   43.3400   4.3587630E+05   1.0137988E+00
   43.3500   4.3647590E+05   1.0138025E+00
   43.3600   4.3707568E+05   1.0138062E+00
   43.3700   4.3767560E+05   1.0138099E+00
   43.3800   4.3827564E+05   1.0138136E+00
   43.3900   4.3887577E+05   1.0138172E+00
   43.4000   4.3947595E+05   1.0138209E+00
   43.4100   4.4007617E+05   1.0138246E+00
   43.4200   4.4067639E+05   1.0138283E+00
   43.4300   4.4127640E+05   1.0138320E+00
   43.4400   4.4187617E+05   1.0138357E+00
   43.4500   4.4247569E+05   1.0138393E+00
   43.4600   4.4307490E+05   1.0138430E+00
   43.4700   4.4367378E+05   1.0138467E+00
   43.4800   4.4427228E+05   1.0138504E+00
   43.4900   4.4487036E+05   1.0138541E+00
   43.5000   4.4546798E+05   1.0138577E+00
   43.5100   4.4606507E+05   1.0138614E+00
   43.5200   4.4666158E+05   1.0138651E+00
   43.5300   4.4725745E+05   1.0138687E+00
   43.5400   4.4785259E+05   1.0138724E+00
   43.5500   4.4844694E+05   1.0138760E+00
   43.5600   4.4904039E+05   1.0138797E+00
   43.5700   4.4963305E+05   1.0138833E+00
   43.5800   4.5022479E+05   1.0138869E+00
   43.5900   4.5081550E+05   1.0138906E+00
   43.6000   4.5140524E+05   1.0138942E+00
   43.6100   4.5199386E+05   1.0138978E+00
   43.6200   4.5258140E+05   1.0139014E+00
   43.6300   4.5316769E+05   1.0139050E+00
   43.6400   4.5375273E+05   1.0139086E+00
   43.6500   4.5433653E+05   1.0139122E+00
   43.6600   4.5491888E+05   1.0139158E+00
   43.6700   4.5549973E+05   1.0139194E+00
   43.6800   4.5607903E+05   1.0139229E+00
   43.6900   4.5665672E+05   1.0139265E+00
   43.7000   4.5723269E+05   1.0139300E+00
   43.7100   4.5780704E+05   1.0139335E+00
   43.7200   4.5837962E+05   1.0139371E+00
   43.7300   4.5895048E+05   1.0139406E+00
   43.7400   4.5951944E+05   1.0139441E+00
   43.7500   4.6008652E+05   1.0139476E+00
   43.7600   4.6065167E+05   1.0139510E+00
   43.7700   4.6121487E+05   1.0139545E+00
   43.7800   4.6177603E+05   1.0139579E+00
   43.7900   4.6233507E+05   1.0139614E+00
   43.8000   4.6289188E+05   1.0139648E+00
   43.8100   4.6344650E+05   1.0139682E+00
   43.8200   4.6399876E+05   1.0139716E+00
   43.8300   4.6454867E+05   1.0139750E+00
   43.8400   4.6509619E+05   1.0139784E+00
   43.8500   4.6564125E+05   1.0139817E+00
   43.8600   4.6618378E+05   1.0139850E+00
   43.8700   4.6672366E+05   1.0139884E+00
   43.8800   4.6726093E+05   1.0139917E+00
   43.8900   4.6779542E+05   1.0139950E+00
   43.9000   4.6832710E+05   1.0139982E+00
   43.9100   4.6885592E+05   1.0140015E+00
   43.9200   4.6938180E+05   1.0140047E+00
   43.9300   4.6990481E+05   1.0140079E+00
   43.9400   4.7042479E+05   1.0140111E+00
   43.9500   4.7094174E+05   1.0140143E+00
   43.9600   4.7145564E+05   1.0140175E+00
   43.9700   4.7196641E+05   1.0140206E+00
   43.9800   4.7247395E+05   1.0140238E+00
   43.9900   4.7297831E+05   1.0140269E+00
   44.0000   4.7347930E+05   1.0140299E+00
   44.0100   4.7397691E+05   1.0140330E+00
   44.0200   4.7447106E+05   1.0140360E+00
   44.0300   4.7496184E+05   1.0140391E+00
   44.0400   4.7544910E+05   1.0140421E+00
   44.0500   4.7593283E+05   1.0140450E+00
   44.0600   4.7641301E+05   1.0140480E+00
   44.0700   4.7688955E+05   1.0140509E+00
   44.0800   4.7736233E+05   1.0140538E+00
   44.0900   4.7783138E+05   1.0140567E+00
   44.1000   4.7829668E+05   1.0140596E+00
   44.1100   4.7875816E+05   1.0140624E+00
   44.1200   4.7921572E+05   1.0140653E+00
   44.1300   4.7966939E+05   1.0140681E+00
   44.1400   4.8011917E+05   1.0140708E+00
   44.1500   4.8056500E+05   1.0140736E+00
   44.1600   4.8100679E+05   1.0140763E+00
   44.1700   4.8144457E+05   1.0140790E+00
   44.1800   4.8187835E+05   1.0140817E+00
   44.1900   4.8230807E+05   1.0140843E+00
   44.2000   4.8273364E+05   1.0140869E+00
   44.2100   4.8315510E+05   1.0140895E+00
   44.2200   4.8357228E+05   1.0140921E+00
   44.2300   4.8398529E+05   1.0140947E+00
   44.2400   4.8439404E+05   1.0140972E+00
   44.2500   4.8479856E+05   1.0140997E+00
   44.2600   4.8519868E+05   1.0141021E+00
   44.2700   4.8559450E+05   1.0141046E+00
   44.2800   4.8598593E+05   1.0141070E+00
   44.2900   4.8637298E+05   1.0141094E+00
   44.3000   4.8675564E+05   1.0141117E+00
   44.3100   4.8713383E+05   1.0141141E+00
   44.3200   4.8750761E+05   1.0141164E+00
   44.3300   4.8787682E+05   1.0141187E+00
   44.3400   4.8824160E+05   1.0141209E+00
   44.3500   4.8860185E+05   1.0141231E+00
   44.3600   4.8895763E+05   1.0141253E+00
   44.3700   4.8930892E+05   1.0141275E+00
   44.3800   4.8965566E+05   1.0141296E+00
   44.3900   4.8999775E+05   1.0141317E+00
   44.4000   4.9033522E+05   1.0141338E+00
   44.4100   4.9066803E+05   1.0141359E+00
   44.4200   4.9099628E+05   1.0141379E+00
   44.4300   4.9131985E+05   1.0141399E+00
   44.4400   4.9163872E+05   1.0141419E+00
   44.4500   4.9195304E+05   1.0141438E+00
   44.4600   4.9226268E+05   1.0141457E+00
   44.4700   4.9256769E+05   1.0141476E+00
   44.4800   4.9286803E+05   1.0141495E+00
   44.4900   4.9316380E+05   1.0141513E+00
   44.5000   4.9345487E+05   1.0141531E+00
   44.5100   4.9374125E+05   1.0141549E+00
   44.5200   4.9402306E+05   1.0141566E+00
   44.5300   4.9430021E+05   1.0141583E+00
   44.5400   4.9457271E+05   1.0141600E+00
   44.5500   4.9484055E+05   1.0141617E+00
   44.5600   4.9510382E+05   1.0141633E+00
   44.5700   4.9536258E+05   1.0141649E+00
   44.5800   4.9561683E+05   1.0141665E+00
   44.5900   4.9586653E+05   1.0141680E+00
   44.6000   4.9611176E+05   1.0141696E+00
   44.6100   4.9635238E+05   1.0141710E+00
   44.6200   4.9658855E+05   1.0141725E+00
   44.6300   4.9682020E+05   1.0141739E+00
   44.6400   4.9704740E+05   1.0141754E+00
   44.6500   4.9727016E+05   1.0141767E+00
   44.6600   4.9748845E+05   1.0141781E+00
   44.6700   4.9770237E+05   1.0141794E+00
   44.6800   4.9791196E+05   1.0141807E+00
   44.6900   4.9811723E+05   1.0141820E+00
   44.7000   4.9831814E+05   1.0141832E+00
   44.7100   4.9851476E+05   1.0141845E+00
   44.7200   4.9870713E+05   1.0141857E+00
   44.7300   4.9889525E+05   1.0141868E+00
   44.7400   4.9907924E+05   1.0141880E+00
   44.7500   4.9925900E+05   1.0141891E+00
   44.7600   4.9943456E+05   1.0141902E+00
   44.7700   4.9960609E+05   1.0141912E+00
   44.7800   4.9977353E+05   1.0141923E+00
   44.7900   4.9993695E+05   1.0141933E+00
   44.8000   5.0009639E+05   1.0141943E+00
   44.8100   5.0025183E+05   1.0141953E+00
   44.8200   5.0040340E+05   1.0141962E+00
   44.8300   5.0055118E+05   1.0141971E+00
   44.8400   5.0069521E+05   1.0141980E+00
   44.8500   5.0083548E+05   1.0141989E+00
   44.8600   5.0097196E+05   1.0141998E+00
   44.8700   5.0110473E+05   1.0142006E+00
   44.8800   5.0123385E+05   1.0142014E+00
   44.8900   5.0135934E+05   1.0142022E+00
   44.9000   5.0148134E+05   1.0142029E+00
   44.9100   5.0159979E+05   1.0142037E+00
   44.9200   5.0171477E+05   1.0142044E+00
   44.9300   5.0182631E+05   1.0142051E+00
   44.9400   5.0193459E+05   1.0142058E+00
   44.9500   5.0203958E+05   1.0142064E+00
   44.9600   5.0214137E+05   1.0142071E+00
   44.9700   5.0224006E+05   1.0142077E+00
   44.9800   5.0233566E+05   1.0142083E+00
   44.9900   5.0242818E+05   1.0142089E+00
   45.0000   5.0251778E+05   1.0142094E+00
   45.0100   5.0260456E+05   1.0142100E+00
   45.0200   5.0268844E+05   1.0142105E+00
   45.0300   5.0276947E+05   1.0142110E+00
   45.0400   5.0284784E+05   1.0142115E+00
   45.0500   5.0292356E+05   1.0142120E+00
   45.0600   5.0299676E+05   1.0142125E+00
   45.0700   5.0306739E+05   1.0142129E+00
   45.0800   5.0313552E+05   1.0142134E+00
   45.0900   5.0320122E+05   1.0142138E+00
   45.1000   5.0326451E+05   1.0142142E+00
   45.1100   5.0332559E+05   1.0142146E+00
   45.1200   5.0338444E+05   1.0142149E+00
   45.1300   5.0344120E+05   1.0142153E+00
   45.1400   5.0349596E+05   1.0142157E+00
   45.1500   5.0354884E+05   1.0142160E+00
   45.1600   5.0359990E+05   1.0142163E+00
   45.1700   5.0364919E+05   1.0142166E+00
   45.1800   5.0369674E+05   1.0142169E+00
   45.1900   5.0374257E+05   1.0142172E+00
   45.2000   5.0378683E+05   1.0142175E+00
   45.2100   5.0382952E+05   1.0142178E+00
   45.2200   5.0387077E+05   1.0142181E+00
   45.2300   5.0391070E+05   1.0142183E+00
   45.2400   5.0394942E+05   1.0142186E+00
   45.2500   5.0398684E+05   1.0142188E+00
   45.2600   5.0402304E+05   1.0142191E+00
   45.2700   5.0405809E+05   1.0142193E+00
   45.2800   5.0409222E+05   1.0142195E+00
   45.2900   5.0412548E+05   1.0142197E+00
   45.3000   5.0415789E+05   1.0142199E+00
   45.3100   5.0418949E+05   1.0142202E+00
   45.3200   5.0422046E+05   1.0142204E+00
   45.3300   5.0425082E+05   1.0142206E+00
   45.3400   5.0428075E+05   1.0142208E+00
   45.3500   5.0431024E+05   1.0142210E+00
   45.3600   5.0433928E+05   1.0142211E+00
   45.3700   5.0436804E+05   1.0142213E+00
   45.3800   5.0439669E+05   1.0142215E+00
   45.3900   5.0442521E+05   1.0142217E+00
   45.4000   5.0445375E+05   1.0142219E+00
   45.4100   5.0448231E+05   1.0142221E+00
   45.4200   5.0451103E+05   1.0142223E+00
   45.4300   5.0453990E+05   1.0142225E+00
   45.4400   5.0456909E+05   1.0142227E+00
   45.4500   5.0459858E+05   1.0142229E+00
   45.4600   5.0462855E+05   1.0142231E+00
   45.4700   5.0465899E+05   1.0142233E+00
   45.4800   5.0469008E+05   1.0142235E+00
   45.4900   5.0472184E+05   1.0142237E+00
   45.5000   5.0475427E+05   1.0142239E+00
   45.5100   5.0478759E+05   1.0142241E+00
   45.5200   5.0482181E+05   1.0142243E+00
   45.5300   5.0485700E+05   1.0142246E+00
   45.5400   5.0489319E+05   1.0142248E+00
   45.5500   5.0493046E+05   1.0142250E+00
   45.5600   5.0496888E+05   1.0142253E+00
   45.5700   5.0500854E+05   1.0142255E+00
   45.5800   5.0504955E+05   1.0142258E+00
   45.5900   5.0509202E+05   1.0142261E+00
   45.6000   5.0513608E+05   1.0142264E+00
   45.6100   5.0518171E+05   1.0142267E+00
   45.6200   5.0522908E+05   1.0142270E+00
   45.6300   5.0527818E+05   1.0142273E+00
   45.6400   5.0532906E+05   1.0142276E+00
   45.6500   5.0538175E+05   1.0142279E+00
   45.6600   5.0543633E+05   1.0142283E+00
   45.6700   5.0549288E+05   1.0142286E+00
   45.6800   5.0555150E+05   1.0142290E+00
   45.6900   5.0561234E+05   1.0142294E+00
   45.7000   5.0567536E+05   1.0142298E+00
   45.7100   5.0574075E+05   1.0142302E+00
   45.7200   5.0580853E+05   1.0142306E+00
   45.7300   5.0587876E+05   1.0142311E+00
   45.7400   5.0595151E+05   1.0142316E+00
   45.7500   5.0602690E+05   1.0142320E+00
   45.7600   5.0610488E+05   1.0142325E+00
   45.7700   5.0618562E+05   1.0142330E+00
   45.7800   5.0626912E+05   1.0142336E+00
   45.7900   5.0635545E+05   1.0142341E+00
   45.8000   5.0644467E+05   1.0142347E+00
   45.8100   5.0653689E+05   1.0142352E+00
   45.8200   5.0663208E+05   1.0142358E+00
   45.8300   5.0673042E+05   1.0142365E+00
   45.8400   5.0683193E+05   1.0142371E+00
   45.8500   5.0693667E+05   1.0142377E+00
   45.8600   5.0704457E+05   1.0142384E+00
   45.8700   5.0715576E+05   1.0142391E+00
   45.8800   5.0727024E+05   1.0142398E+00
   45.8900   5.0738803E+05   1.0142406E+00
   45.9000   5.0750920E+05   1.0142413E+00
   45.9100   5.0763385E+05   1.0142421E+00
   45.9200   5.0776212E+05   1.0142429E+00
   45.9300   5.0789401E+05   1.0142437E+00
   45.9400   5.0802957E+05   1.0142446E+00
   45.9500   5.0816886E+05   1.0142454E+00
   45.9600   5.0831184E+05   1.0142463E+00
   45.9700   5.0845867E+05   1.0142472E+00
   45.9800   5.0860937E+05   1.0142482E+00
   45.9900   5.0876401E+05   1.0142491E+00
   46.0000   5.0892253E+05   1.0142501E+00
   46.0100   5.0908507E+05   1.0142511E+00
   46.0200   5.0925166E+05   1.0142522E+00
   46.0300   5.0942235E+05   1.0142532E+00
   46.0400   5.0959709E+05   1.0142543E+00
   46.0500   5.0977584E+05   1.0142554E+00
   46.0600   5.0995880E+05   1.0142566E+00
   46.0700   5.1014585E+05   1.0142577E+00
   46.0800   5.1033711E+05   1.0142589E+00
   46.0900   5.1053255E+05   1.0142601E+00
   46.1000   5.1073219E+05   1.0142614E+00
   46.1100   5.1093611E+05   1.0142626E+00
   46.1200   5.1114441E+05   1.0142639E+00
   46.1300   5.1135709E+05   1.0142652E+00
   46.1400   5.1157418E+05   1.0142666E+00
   46.1500   5.1179557E+05   1.0142680E+00
   46.1600   5.1202140E+05   1.0142694E+00
   46.1700   5.1225166E+05   1.0142708E+00
   46.1800   5.1248641E+05   1.0142722E+00
   46.1900   5.1272556E+05   1.0142737E+00
   46.2000   5.1296925E+05   1.0142752E+00
   46.2100   5.1321751E+05   1.0142768E+00
   46.2200   5.1347021E+05   1.0142783E+00
   46.2300   5.1372747E+05   1.0142799E+00
   46.2400   5.1398929E+05   1.0142815E+00
   46.2500   5.1425569E+05   1.0142832E+00
   46.2600   5.1452658E+05   1.0142849E+00
   46.2700   5.1480209E+05   1.0142866E+00
   46.2800   5.1508225E+05   1.0142883E+00
   46.2900   5.1536692E+05   1.0142901E+00
   46.3000   5.1565621E+05   1.0142918E+00
   46.3100   5.1595011E+05   1.0142937E+00
   46.3200   5.1624865E+05   1.0142955E+00
   46.3300   5.1655172E+05   1.0142974E+00
   46.3400   5.1685928E+05   1.0142993E+00
   46.3500   5.1717133E+05   1.0143012E+00
   46.3600   5.1748792E+05   1.0143032E+00
   46.3700   5.1780916E+05   1.0143052E+00
   46.3800   5.1813502E+05   1.0143072E+00
   46.3900   5.1846534E+05   1.0143092E+00
   46.4000   5.1880020E+05   1.0143113E+00
   46.4100   5.1913955E+05   1.0143134E+00
   46.4200   5.1948336E+05   1.0143155E+00
   46.4300   5.1983170E+05   1.0143177E+00
   46.4400   5.2018447E+05   1.0143198E+00
   46.4500   5.2054163E+05   1.0143220E+00
   46.4600   5.2090320E+05   1.0143243E+00
   46.4700   5.2126924E+05   1.0143265E+00
   46.4800   5.2163966E+05   1.0143288E+00
   46.4900   5.2201446E+05   1.0143311E+00
   46.5000   5.2239366E+05   1.0143335E+00
   46.5100   5.2277716E+05   1.0143358E+00
   46.5200   5.2316489E+05   1.0143382E+00
   46.5300   5.2355684E+05   1.0143407E+00
   46.5400   5.2395306E+05   1.0143431E+00
   46.5500   5.2435344E+05   1.0143456E+00
   46.5600   5.2475793E+05   1.0143481E+00
   46.5700   5.2516654E+05   1.0143506E+00
   46.5800   5.2557929E+05   1.0143531E+00
   46.5900   5.2599610E+05   1.0143557E+00
   46.6000   5.2641692E+05   1.0143583E+00
   46.6100   5.2684175E+05   1.0143609E+00
   46.6200   5.2727043E+05   1.0143636E+00
   46.6300   5.2770307E+05   1.0143663E+00
   46.6400   5.2813960E+05   1.0143690E+00
   46.6500   5.2858001E+05   1.0143717E+00
   46.6600   5.2902416E+05   1.0143744E+00
   46.6700   5.2947213E+05   1.0143772E+00
   46.6800   5.2992384E+05   1.0143800E+00
   46.6900   5.3037910E+05   1.0143828E+00
   46.7000   5.3083792E+05   1.0143856E+00
   46.7100   5.3130037E+05   1.0143885E+00
   46.7200   5.3176635E+05   1.0143913E+00
   46.7300   5.3223583E+05   1.0143942E+00
   46.7400   5.3270863E+05   1.0143972E+00
   46.7500   5.3318476E+05   1.0144001E+00
   46.7600   5.3366412E+05   1.0144031E+00
   46.7700   5.3414665E+05   1.0144060E+00
   46.7800   5.3463228E+05   1.0144090E+00
   46.7900   5.3512103E+05   1.0144120E+00
   46.8000   5.3561275E+05   1.0144151E+00
   46.8100   5.3610748E+05   1.0144181E+00
   46.8200   5.3660515E+05   1.0144212E+00
   46.8300   5.3710571E+05   1.0144243E+00
   46.8400   5.3760914E+05   1.0144274E+00
   46.8500   5.3811527E+05   1.0144305E+00
   46.8600   5.3862395E+05   1.0144337E+00
   46.8700   5.3913527E+05   1.0144368E+00
   46.8800   5.3964914E+05   1.0144400E+00
   46.8900   5.4016552E+05   1.0144432E+00
   46.9000   5.4068418E+05   1.0144464E+00
   46.9100   5.4120515E+05   1.0144496E+00
   46.9200   5.4172826E+05   1.0144528E+00
   46.9300   5.4225357E+05   1.0144561E+00
   46.9400   5.4278097E+05   1.0144593E+00
   46.9500   5.4331038E+05   1.0144626E+00
   46.9600   5.4384174E+05   1.0144659E+00
   46.9700   5.4437502E+05   1.0144692E+00
   46.9800   5.4491001E+05   1.0144725E+00
   46.9900   5.4544673E+05   1.0144758E+00
   47.0000   5.4598502E+05   1.0144791E+00
   47.0100   5.4652491E+05   1.0144824E+00
   47.0200   5.4706628E+05   1.0144858E+00
   47.0300   5.4760904E+05   1.0144891E+00
   47.0400   5.4815308E+05   1.0144925E+00
   47.0500   5.4869834E+05   1.0144958E+00
   47.0600   5.4924475E+05   1.0144992E+00
   47.0700   5.4979226E+05   1.0145026E+00
   47.0800   5.5034066E+05   1.0145060E+00
   47.0900   5.5088993E+05   1.0145094E+00
   47.1000   5.5144003E+05   1.0145128E+00
   47.1100   5.5199080E+05   1.0145162E+00
   47.1200   5.5254222E+05   1.0145196E+00
   47.1300   5.5309413E+05   1.0145230E+00
   47.1400   5.5364654E+05   1.0145264E+00
   47.1500   5.5419928E+05   1.0145298E+00
   47.1600   5.5475239E+05   1.0145332E+00
   47.1700   5.5530571E+05   1.0145366E+00
   47.1800   5.5585909E+05   1.0145401E+00
   47.1900   5.5641256E+05   1.0145435E+00
   47.2000   5.5696597E+05   1.0145469E+00
   47.2100   5.5751918E+05   1.0145503E+00
   47.2200   5.5807203E+05   1.0145537E+00
   47.2300   5.5862454E+05   1.0145571E+00
   47.2400   5.5917657E+05   1.0145606E+00
   47.2500   5.5972813E+05   1.0145640E+00
   47.2600   5.6027905E+05   1.0145674E+00
   47.2700   5.6082916E+05   1.0145708E+00
   47.2800   5.6137845E+05   1.0145742E+00
   47.2900   5.6192692E+05   1.0145775E+00
   47.3000   5.6247435E+05   1.0145809E+00
   47.3100   5.6302072E+05   1.0145843E+00
   47.3200   5.6356581E+05   1.0145877E+00
   47.3300   5.6410956E+05   1.0145910E+00
   47.3400   5.6465189E+05   1.0145944E+00
   47.3500   5.6519271E+05   1.0145977E+00
   47.3600   5.6573193E+05   1.0146011E+00
   47.3700   5.6626943E+05   1.0146044E+00
   47.3800   5.6680523E+05   1.0146077E+00
   47.3900   5.6733919E+05   1.0146110E+00
   47.4000   5.6787113E+05   1.0146143E+00
   47.4100   5.6840101E+05   1.0146176E+00
   47.4200   5.6892881E+05   1.0146208E+00
   47.4300   5.6945427E+05   1.0146241E+00
   47.4400   5.6997730E+05   1.0146273E+00
   47.4500   5.7049797E+05   1.0146305E+00
   47.4600   5.7101612E+05   1.0146337E+00
   47.4700   5.7153159E+05   1.0146369E+00
   47.4800   5.7204436E+05   1.0146401E+00
   47.4900   5.7255437E+05   1.0146432E+00
   47.5000   5.7306136E+05   1.0146464E+00
   47.5100   5.7356541E+05   1.0146495E+00
   47.5200   5.7406635E+05   1.0146526E+00
   47.5300   5.7456402E+05   1.0146557E+00
   47.5400   5.7505837E+05   1.0146587E+00
   47.5500   5.7554934E+05   1.0146618E+00
   47.5600   5.7603680E+05   1.0146648E+00
   47.5700   5.7652062E+05   1.0146678E+00
   47.5800   5.7700079E+05   1.0146708E+00
   47.5900   5.7747707E+05   1.0146737E+00
   47.6000   5.7794937E+05   1.0146766E+00
   47.6100   5.7841774E+05   1.0146795E+00
   47.6200   5.7888201E+05   1.0146824E+00
   47.6300   5.7934212E+05   1.0146853E+00
   47.6400   5.7979798E+05   1.0146881E+00
   47.6500   5.8024947E+05   1.0146909E+00
   47.6600   5.8069658E+05   1.0146937E+00
   47.6700   5.8113907E+05   1.0146964E+00
   47.6800   5.8157685E+05   1.0146991E+00
   47.6900   5.8200993E+05   1.0147018E+00
   47.7000   5.8243811E+05   1.0147045E+00
   47.7100   5.8286132E+05   1.0147071E+00
   47.7200   5.8327959E+05   1.0147097E+00
   47.7300   5.8369273E+05   1.0147122E+00
   47.7400   5.8410069E+05   1.0147148E+00
   47.7500   5.8450333E+05   1.0147173E+00
   47.7600   5.8490065E+05   1.0147197E+00
   47.7700   5.8529243E+05   1.0147222E+00
   47.7800   5.8567870E+05   1.0147246E+00
   47.7900   5.8605930E+05   1.0147269E+00
   47.8000   5.8643416E+05   1.0147293E+00
   47.8100   5.8680314E+05   1.0147316E+00
   47.8200   5.8716625E+05   1.0147338E+00
   47.8300   5.8752340E+05   1.0147360E+00
   47.8400   5.8787445E+05   1.0147382E+00
   47.8500   5.8821936E+05   1.0147404E+00
   47.8600   5.8855805E+05   1.0147425E+00
   47.8700   5.8889035E+05   1.0147445E+00
   47.8800   5.8921620E+05   1.0147466E+00
   47.8900   5.8953547E+05   1.0147486E+00
   47.9000   5.8984814E+05   1.0147505E+00
   47.9100   5.9015413E+05   1.0147524E+00
   47.9200   5.9045344E+05   1.0147543E+00
   47.9300   5.9074584E+05   1.0147561E+00
   47.9400   5.9103137E+05   1.0147579E+00
   47.9500   5.9130999E+05   1.0147596E+00
   47.9600   5.9158161E+05   1.0147613E+00
   47.9700   5.9184604E+05   1.0147630E+00
   47.9800   5.9210318E+05   1.0147646E+00
   47.9900   5.9235307E+05   1.0147662E+00
   48.0000   5.9259563E+05   1.0147677E+00
   48.0100   5.9283071E+05   1.0147692E+00
   48.0200   5.9305828E+05   1.0147706E+00
   48.0300   5.9327820E+05   1.0147720E+00
   48.0400   5.9349043E+05   1.0147733E+00
   48.0500   5.9369486E+05   1.0147746E+00
   48.0600   5.9389146E+05   1.0147758E+00
   48.0700   5.9408012E+05   1.0147770E+00
   48.0800   5.9426082E+05   1.0147782E+00
   48.0900   5.9443346E+05   1.0147792E+00
   48.1000   5.9459801E+05   1.0147803E+00
   48.1100   5.9475437E+05   1.0147813E+00
   48.1200   5.9490252E+05   1.0147822E+00
   48.1300   5.9504237E+05   1.0147831E+00
   48.1400   5.9517389E+05   1.0147839E+00
   48.1500   5.9529698E+05   1.0147847E+00
   48.1600   5.9541160E+05   1.0147855E+00
   48.1700   5.9551765E+05   1.0147862E+00
   48.1800   5.9561509E+05   1.0147868E+00
   48.1900   5.9570381E+05   1.0147874E+00
   48.2000   5.9578375E+05   1.0147879E+00
   48.2100   5.9585496E+05   1.0147884E+00
   48.2200   5.9591738E+05   1.0147888E+00
   48.2300   5.9597087E+05   1.0147891E+00
   48.2400   5.9601534E+05   1.0147894E+00
   48.2500   5.9605082E+05   1.0147897E+00
   48.2600   5.9607722E+05   1.0147899E+00
   48.2700   5.9609452E+05   1.0147900E+00
   48.2800   5.9610261E+05   1.0147901E+00
   48.2900   5.9610147E+05   1.0147901E+00
   48.3000   5.9609114E+05   1.0147901E+00
   48.3100   5.9607156E+05   1.0147900E+00
   48.3200   5.9604259E+05   1.0147899E+00
   48.3300   5.9600413E+05   1.0147897E+00
   48.3400   5.9595619E+05   1.0147894E+00
   48.3500   5.9589884E+05   1.0147891E+00
   48.3600   5.9583204E+05   1.0147887E+00
   48.3700   5.9575565E+05   1.0147883E+00
   48.3800   5.9566961E+05   1.0147878E+00
   48.3900   5.9557394E+05   1.0147872E+00
   48.4000   5.9546853E+05   1.0147866E+00
   48.4100   5.9535336E+05   1.0147859E+00
   48.4200   5.9522848E+05   1.0147852E+00
   48.4300   5.9509383E+05   1.0147844E+00
   48.4400   5.9494942E+05   1.0147836E+00
   48.4500   5.9479516E+05   1.0147826E+00
   48.4600   5.9463103E+05   1.0147817E+00
   48.4700   5.9445690E+05   1.0147806E+00
   48.4800   5.9427287E+05   1.0147795E+00
   48.4900   5.9407879E+05   1.0147784E+00
   48.5000   5.9387472E+05   1.0147772E+00
   48.5100   5.9366064E+05   1.0147759E+00
   48.5200   5.9343658E+05   1.0147745E+00
   48.5300   5.9320247E+05   1.0147731E+00
   48.5400   5.9295830E+05   1.0147717E+00
   48.5500   5.9270395E+05   1.0147702E+00
   48.5600   5.9243938E+05   1.0147686E+00
   48.5700   5.9216461E+05   1.0147669E+00
   48.5800   5.9187973E+05   1.0147652E+00
   48.5900   5.9158470E+05   1.0147634E+00
   48.6000   5.9127939E+05   1.0147616E+00
   48.6100   5.9096391E+05   1.0147597E+00
   48.6200   5.9063825E+05   1.0147577E+00
   48.6300   5.9030231E+05   1.0147557E+00
   48.6400   5.8995602E+05   1.0147536E+00
   48.6500   5.8959941E+05   1.0147514E+00
   48.6600   5.8923256E+05   1.0147492E+00
   48.6700   5.8885544E+05   1.0147469E+00
   48.6800   5.8846809E+05   1.0147446E+00
   48.6900   5.8807042E+05   1.0147422E+00
   48.7000   5.8766242E+05   1.0147397E+00
   48.7100   5.8724415E+05   1.0147372E+00
   48.7200   5.8681556E+05   1.0147346E+00
   48.7300   5.8637664E+05   1.0147319E+00
   48.7400   5.8592747E+05   1.0147292E+00
   48.7500   5.8546801E+05   1.0147264E+00
   48.7600   5.8499829E+05   1.0147236E+00
   48.7700   5.8451822E+05   1.0147207E+00
   48.7800   5.8402795E+05   1.0147177E+00
   48.7900   5.8352736E+05   1.0147147E+00
   48.8000   5.8301655E+05   1.0147116E+00
   48.8100   5.8249552E+05   1.0147084E+00
   48.8200   5.8196434E+05   1.0147052E+00
   48.8300   5.8142296E+05   1.0147019E+00
   48.8400   5.8087140E+05   1.0146985E+00
   48.8500   5.8030958E+05   1.0146951E+00
   48.8600   5.7973763E+05   1.0146916E+00
   48.8700   5.7915562E+05   1.0146881E+00
   48.8800   5.7856346E+05   1.0146845E+00
   48.8900   5.7796116E+05   1.0146808E+00
   48.9000   5.7734878E+05   1.0146771E+00
   48.9100   5.7672629E+05   1.0146733E+00
   48.9200   5.7609370E+05   1.0146695E+00
   48.9300   5.7545110E+05   1.0146656E+00
   48.9400   5.7479849E+05   1.0146616E+00
   48.9500   5.7413590E+05   1.0146576E+00
   48.9600   5.7346346E+05   1.0146535E+00
   48.9700   5.7278118E+05   1.0146493E+00
   48.9800   5.7208897E+05   1.0146451E+00
   48.9900   5.7138698E+05   1.0146408E+00
   49.0000   5.7067525E+05   1.0146365E+00
   49.0100   5.6995371E+05   1.0146321E+00
   49.0200   5.6922239E+05   1.0146276E+00
   49.0300   5.6848135E+05   1.0146231E+00
   49.0400   5.6773075E+05   1.0146185E+00
   49.0500   5.6697064E+05   1.0146139E+00
   49.0600   5.6620096E+05   1.0146092E+00
   49.0700   5.6542173E+05   1.0146045E+00
   49.0800   5.6463303E+05   1.0145997E+00
   49.0900   5.6383486E+05   1.0145948E+00
   49.1000   5.6302727E+05   1.0145899E+00
   49.1100   5.6221040E+05   1.0145849E+00
   49.1200   5.6138428E+05   1.0145798E+00
   49.1300   5.6054884E+05   1.0145747E+00
   49.1400   5.5970429E+05   1.0145696E+00
   49.1500   5.5885069E+05   1.0145644E+00
   49.1600   5.5798804E+05   1.0145591E+00
   49.1700   5.5711641E+05   1.0145538E+00
   49.1800   5.5623576E+05   1.0145484E+00
   49.1900   5.5534614E+05   1.0145430E+00
   49.2000   5.5444768E+05   1.0145375E+00
   49.2100   5.5354042E+05   1.0145320E+00
   49.2200   5.5262445E+05   1.0145264E+00
   49.2300   5.5169981E+05   1.0145208E+00
   49.2400   5.5076660E+05   1.0145151E+00
   49.2500   5.4982481E+05   1.0145093E+00
   49.2600   5.4887454E+05   1.0145035E+00
   49.2700   5.4791579E+05   1.0144976E+00
   49.2800   5.4694864E+05   1.0144917E+00
   49.2900   5.4597326E+05   1.0144858E+00
   49.3000   5.4498973E+05   1.0144798E+00
   49.3100   5.4399803E+05   1.0144737E+00
   49.3200   5.4299826E+05   1.0144676E+00
   49.3300   5.4199057E+05   1.0144615E+00
   49.3400   5.4097504E+05   1.0144553E+00
   49.3500   5.3995168E+05   1.0144490E+00
   49.3600   5.3892056E+05   1.0144427E+00
   49.3700   5.3788170E+05   1.0144364E+00
   49.3800   5.3683518E+05   1.0144300E+00
   49.3900   5.3578119E+05   1.0144235E+00
   49.4000   5.3471967E+05   1.0144170E+00
   49.4100   5.3365081E+05   1.0144105E+00
   49.4200   5.3257475E+05   1.0144039E+00
   49.4300   5.3149152E+05   1.0143973E+00
   49.4400   5.3040109E+05   1.0143906E+00
   49.4500   5.2930370E+05   1.0143839E+00
   49.4600   5.2819933E+05   1.0143772E+00
   49.4700   5.2708809E+05   1.0143704E+00
   49.4800   5.2596997E+05   1.0143636E+00
   49.4900   5.2484510E+05   1.0143567E+00
   49.5000   5.2371370E+05   1.0143498E+00
   49.5100   5.2257573E+05   1.0143428E+00
   49.5200   5.2143128E+05   1.0143358E+00
   49.5300   5.2028053E+05   1.0143288E+00
   49.5400   5.1912359E+05   1.0143217E+00
   49.5500   5.1796050E+05   1.0143146E+00
   49.5600   5.1679144E+05   1.0143074E+00
   49.5700   5.1561648E+05   1.0143002E+00
   49.5800   5.1443565E+05   1.0142930E+00
   49.5900   5.1324910E+05   1.0142858E+00
   49.6000   5.1205689E+05   1.0142785E+00
   49.6100   5.1085905E+05   1.0142711E+00
   49.6200   5.0965569E+05   1.0142638E+00
   49.6300   5.0844691E+05   1.0142564E+00
   49.6400   5.0723287E+05   1.0142490E+00
   49.6500   5.0601372E+05   1.0142415E+00
   49.6600   5.0478953E+05   1.0142340E+00
   49.6700   5.0356032E+05   1.0142265E+00
   49.6800   5.0232622E+05   1.0142189E+00
   49.6900   5.0108733E+05   1.0142113E+00
   49.7000   4.9984368E+05   1.0142037E+00
   49.7100   4.9859543E+05   1.0141961E+00
   49.7200   4.9734270E+05   1.0141884E+00
   49.7300   4.9608554E+05   1.0141807E+00
   49.7400   4.9482414E+05   1.0141730E+00
   49.7500   4.9355865E+05   1.0141653E+00
   49.7600   4.9228917E+05   1.0141575E+00
   49.7700   4.9101574E+05   1.0141497E+00
   49.7800   4.8973856E+05   1.0141419E+00
   49.7900   4.8845760E+05   1.0141340E+00
   49.8000   4.8717296E+05   1.0141262E+00
   49.8100   4.8588489E+05   1.0141183E+00
   49.8200   4.8459341E+05   1.0141104E+00
   49.8300   4.8329868E+05   1.0141025E+00
   49.8400   4.8200085E+05   1.0140945E+00
   49.8500   4.8070000E+05   1.0140865E+00
   49.8600   4.7939621E+05   1.0140786E+00
   49.8700   4.7808949E+05   1.0140706E+00
   49.8800   4.7678003E+05   1.0140625E+00
   49.8900   4.7546797E+05   1.0140545E+00
   49.9000   4.7415344E+05   1.0140465E+00
   49.9100   4.7283651E+05   1.0140384E+00
   49.9200   4.7151725E+05   1.0140303E+00
   49.9300   4.7019588E+05   1.0140222E+00
   49.9400   4.6887240E+05   1.0140141E+00
   49.9500   4.6754700E+05   1.0140060E+00
   49.9600   4.6621980E+05   1.0139979E+00
   49.9700   4.6489095E+05   1.0139897E+00
   49.9800   4.6356055E+05   1.0139816E+00
   49.9900   4.6222868E+05   1.0139734E+00
   50.0000   4.6089543E+05   1.0139652E+00
   50.0100   4.5956084E+05   1.0139571E+00
   50.0200   4.5822514E+05   1.0139489E+00
   50.0300   4.5688835E+05   1.0139407E+00
   50.0400   4.5555069E+05   1.0139325E+00
   50.0500   4.5421214E+05   1.0139243E+00
   50.0600   4.5287289E+05   1.0139161E+00
   50.0700   4.5153311E+05   1.0139079E+00
   50.0800   4.5019295E+05   1.0138997E+00
   50.0900   4.4885240E+05   1.0138914E+00
   50.1000   4.4751160E+05   1.0138832E+00
   50.1100   4.4617071E+05   1.0138750E+00
   50.1200   4.4482987E+05   1.0138668E+00
   50.1300   4.4348922E+05   1.0138586E+00
   50.1400   4.4214874E+05   1.0138503E+00
   50.1500   4.4080857E+05   1.0138421E+00
   50.1600   4.3946887E+05   1.0138339E+00
   50.1700   4.3812980E+05   1.0138257E+00
   50.1800   4.3679152E+05   1.0138175E+00
   50.1900   4.3545401E+05   1.0138093E+00
   50.2000   4.3411747E+05   1.0138011E+00
   50.2100   4.3278189E+05   1.0137929E+00
   50.2200   4.3144749E+05   1.0137847E+00
   50.2300   4.3011429E+05   1.0137766E+00
   50.2400   4.2878251E+05   1.0137684E+00
   50.2500   4.2745223E+05   1.0137602E+00
   50.2600   4.2612350E+05   1.0137521E+00
   50.2700   4.2479643E+05   1.0137439E+00
   50.2800   4.2347113E+05   1.0137358E+00
   50.2900   4.2214772E+05   1.0137277E+00
   50.3000   4.2082636E+05   1.0137196E+00
   50.3100   4.1950722E+05   1.0137115E+00
   50.3200   4.1819031E+05   1.0137034E+00
   50.3300   4.1687585E+05   1.0136954E+00
   50.3400   4.1556391E+05   1.0136873E+00
   50.3500   4.1425458E+05   1.0136793E+00
   50.3600   4.1294798E+05   1.0136713E+00
   50.3700   4.1164428E+05   1.0136633E+00
   50.3800   4.1034345E+05   1.0136553E+00
   50.3900   4.0904573E+05   1.0136473E+00
   50.4000   4.0775118E+05   1.0136394E+00
   50.4100   4.0645990E+05   1.0136315E+00
   50.4200   4.0517203E+05   1.0136235E+00
   50.4300   4.0388756E+05   1.0136157E+00
   50.4400   4.0260670E+05   1.0136078E+00
   50.4500   4.0132953E+05   1.0136000E+00
   50.4600   4.0005615E+05   1.0135922E+00
   50.4700   3.9878672E+05   1.0135844E+00
   50.4800   3.9752126E+05   1.0135766E+00
   50.4900   3.9625981E+05   1.0135688E+00
   50.5000   3.9500249E+05   1.0135611E+00
   50.5100   3.9374944E+05   1.0135534E+00
   50.5200   3.9250086E+05   1.0135458E+00
   50.5300   3.9125680E+05   1.0135381E+00
   50.5400   3.9001738E+05   1.0135305E+00
   50.5500   3.8878258E+05   1.0135229E+00
   50.5600   3.8755261E+05   1.0135154E+00
   50.5700   3.8632757E+05   1.0135079E+00
   50.5800   3.8510759E+05   1.0135004E+00
   50.5900   3.8389268E+05   1.0134929E+00
   50.6000   3.8268291E+05   1.0134855E+00
   50.6100   3.8147842E+05   1.0134781E+00
   50.6200   3.8027938E+05   1.0134707E+00
   50.6300   3.7908587E+05   1.0134634E+00
   50.6400   3.7789799E+05   1.0134561E+00
   50.6500   3.7671577E+05   1.0134488E+00
   50.6600   3.7553926E+05   1.0134416E+00
   50.6700   3.7436860E+05   1.0134344E+00
   50.6800   3.7320380E+05   1.0134273E+00
   50.6900   3.7204494E+05   1.0134201E+00
   50.7000   3.7089217E+05   1.0134130E+00
   50.7100   3.6974551E+05   1.0134060E+00
   50.7200   3.6860506E+05   1.0133990E+00
   50.7300   3.6747098E+05   1.0133920E+00
   50.7400   3.6634334E+05   1.0133851E+00
   50.7500   3.6522226E+05   1.0133782E+00
   50.7600   3.6410775E+05   1.0133714E+00
   50.7700   3.6299990E+05   1.0133645E+00
   50.7800   3.6189888E+05   1.0133578E+00
   50.7900   3.6080474E+05   1.0133510E+00
   50.8000   3.5971762E+05   1.0133444E+00
   50.8100   3.5863755E+05   1.0133377E+00
   50.8200   3.5756463E+05   1.0133311E+00
   50.8300   3.5649886E+05   1.0133246E+00
   50.8400   3.5544034E+05   1.0133181E+00
   50.8500   3.5438923E+05   1.0133116E+00
   50.8600   3.5334558E+05   1.0133052E+00
   50.8700   3.5230937E+05   1.0132988E+00
   50.8800   3.5128064E+05   1.0132925E+00
   50.8900   3.5025953E+05   1.0132862E+00
   50.9000   3.4924607E+05   1.0132800E+00
   50.9100   3.4824037E+05   1.0132738E+00
   50.9200   3.4724247E+05   1.0132676E+00
   50.9300   3.4625246E+05   1.0132615E+00
   50.9400   3.4527036E+05   1.0132555E+00
   50.9500   3.4429628E+05   1.0132495E+00
   50.9600   3.4333022E+05   1.0132436E+00
   50.9700   3.4237229E+05   1.0132377E+00
   50.9800   3.4142267E+05   1.0132318E+00
   50.9900   3.4048128E+05   1.0132260E+00
   51.0000   3.3954830E+05   1.0132203E+00
   51.0100   3.3862367E+05   1.0132146E+00
   51.0200   3.3770757E+05   1.0132089E+00
   51.0300   3.3679994E+05   1.0132034E+00
   51.0400   3.3590096E+05   1.0131978E+00
   51.0500   3.3501058E+05   1.0131923E+00
   51.0600   3.3412883E+05   1.0131869E+00
   51.0700   3.3325582E+05   1.0131815E+00
   51.0800   3.3239161E+05   1.0131762E+00
   51.0900   3.3153632E+05   1.0131709E+00
   51.1000   3.3069002E+05   1.0131657E+00
   51.1100   3.2985267E+05   1.0131606E+00
   51.1200   3.2902435E+05   1.0131555E+00
   51.1300   3.2820506E+05   1.0131504E+00
   51.1400   3.2739487E+05   1.0131454E+00
   51.1500   3.2659381E+05   1.0131405E+00
   51.1600   3.2580199E+05   1.0131356E+00
   51.1700   3.2501943E+05   1.0131308E+00
   51.1800   3.2424610E+05   1.0131260E+00
   51.1900   3.2348204E+05   1.0131213E+00
   51.2000   3.2272743E+05   1.0131166E+00
   51.2100   3.2198215E+05   1.0131120E+00
   51.2200   3.2124640E+05   1.0131075E+00
   51.2300   3.2052010E+05   1.0131030E+00
   51.2400   3.1980329E+05   1.0130986E+00
   51.2500   3.1909611E+05   1.0130942E+00
   51.2600   3.1839844E+05   1.0130899E+00
   51.2700   3.1771045E+05   1.0130857E+00
   51.2800   3.1703205E+05   1.0130815E+00
   51.2900   3.1636327E+05   1.0130774E+00
   51.3000   3.1570423E+05   1.0130733E+00
   51.3100   3.1505499E+05   1.0130693E+00
   51.3200   3.1441553E+05   1.0130653E+00
   51.3300   3.1378594E+05   1.0130614E+00
   51.3400   3.1316623E+05   1.0130576E+00
   51.3500   3.1255635E+05   1.0130538E+00
   51.3600   3.1195636E+05   1.0130501E+00
   51.3700   3.1136625E+05   1.0130465E+00
   51.3800   3.1078609E+05   1.0130429E+00
   51.3900   3.1021593E+05   1.0130394E+00
   51.4000   3.0965570E+05   1.0130359E+00
   51.4100   3.0910547E+05   1.0130325E+00
   51.4200   3.0856523E+05   1.0130292E+00
   51.4300   3.0803509E+05   1.0130259E+00
   51.4400   3.0751508E+05   1.0130227E+00
   51.4500   3.0700516E+05   1.0130195E+00
   51.4600   3.0650540E+05   1.0130164E+00
   51.4700   3.0601582E+05   1.0130134E+00
   51.4800   3.0553636E+05   1.0130104E+00
   51.4900   3.0506706E+05   1.0130075E+00
   51.5000   3.0460791E+05   1.0130046E+00
   51.5100   3.0415901E+05   1.0130019E+00
   51.5200   3.0372019E+05   1.0129991E+00
   51.5300   3.0329161E+05   1.0129965E+00
   51.5400   3.0287316E+05   1.0129939E+00
   51.5500   3.0246482E+05   1.0129913E+00
   51.5600   3.0206673E+05   1.0129889E+00
   51.5700   3.0167893E+05   1.0129865E+00
   51.5800   3.0130140E+05   1.0129841E+00
   51.5900   3.0093406E+05   1.0129818E+00
   51.6000   3.0057692E+05   1.0129796E+00
   51.6100   3.0022996E+05   1.0129774E+00
   51.6200   2.9989324E+05   1.0129753E+00
   51.6300   2.9956676E+05   1.0129733E+00
   51.6400   2.9925047E+05   1.0129713E+00
   51.6500   2.9894441E+05   1.0129694E+00
   51.6600   2.9864856E+05   1.0129676E+00
   51.6700   2.9836303E+05   1.0129658E+00
   51.6800   2.9808765E+05   1.0129641E+00
   51.6900   2.9782258E+05   1.0129624E+00
   51.7000   2.9756769E+05   1.0129608E+00
   51.7100   2.9732301E+05   1.0129593E+00
   51.7200   2.9708846E+05   1.0129578E+00
   51.7300   2.9686411E+05   1.0129564E+00
   51.7400   2.9664992E+05   1.0129551E+00
   51.7500   2.9644601E+05   1.0129538E+00
   51.7600   2.9625221E+05   1.0129526E+00
   51.7700   2.9606867E+05   1.0129514E+00
   51.7800   2.9589527E+05   1.0129503E+00
   51.7900   2.9573204E+05   1.0129493E+00
   51.8000   2.9557889E+05   1.0129483E+00
   51.8100   2.9543589E+05   1.0129474E+00
   51.8200   2.9530301E+05   1.0129465E+00
   51.8300   2.9518017E+05   1.0129457E+00
   51.8400   2.9506738E+05   1.0129450E+00
   51.8500   2.9496460E+05   1.0129444E+00
   51.8600   2.9487190E+05   1.0129438E+00
   51.8700   2.9478926E+05   1.0129432E+00
   51.8800   2.9471663E+05   1.0129427E+00
   51.8900   2.9465403E+05   1.0129423E+00
   51.9000   2.9460144E+05   1.0129420E+00
   51.9100   2.9455875E+05   1.0129417E+00
   51.9200   2.9452596E+05   1.0129414E+00
   51.9300   2.9450302E+05   1.0129413E+00
   51.9400   2.9448997E+05   1.0129411E+00
   51.9500   2.9448679E+05   1.0129411E+00
   51.9600   2.9449338E+05   1.0129411E+00
   51.9700   2.9450974E+05   1.0129412E+00
   51.9800   2.9453583E+05   1.0129413E+00
   51.9900   2.9457169E+05   1.0129415E+00
   52.0000   2.9461728E+05   1.0129417E+00
   52.0100   2.9467252E+05   1.0129420E+00
   52.0200   2.9473742E+05   1.0129424E+00
   52.0300   2.9481190E+05   1.0129428E+00
   52.0400   2.9489602E+05   1.0129433E+00
   52.0500   2.9498973E+05   1.0129438E+00
   52.0600   2.9509293E+05   1.0129444E+00
   52.0700   2.9520563E+05   1.0129451E+00
   52.0800   2.9532773E+05   1.0129458E+00
   52.0900   2.9545928E+05   1.0129466E+00
   52.1000   2.9560022E+05   1.0129474E+00
   52.1100   2.9575060E+05   1.0129483E+00
   52.1200   2.9591042E+05   1.0129493E+00
   52.1300   2.9607956E+05   1.0129503E+00
   52.1400   2.9625805E+05   1.0129513E+00
   52.1500   2.9644580E+05   1.0129524E+00
   52.1600   2.9664268E+05   1.0129536E+00
   52.1700   2.9684862E+05   1.0129548E+00
   52.1800   2.9706370E+05   1.0129561E+00
   52.1900   2.9728788E+05   1.0129575E+00
   52.2000   2.9752105E+05   1.0129589E+00
   52.2100   2.9776322E+05   1.0129603E+00
   52.2200   2.9801430E+05   1.0129618E+00
   52.2300   2.9827429E+05   1.0129634E+00
   52.2400   2.9854314E+05   1.0129650E+00
   52.2500   2.9882086E+05   1.0129667E+00
   52.2600   2.9910741E+05   1.0129684E+00
   52.2700   2.9940265E+05   1.0129702E+00
   52.2800   2.9970654E+05   1.0129720E+00
   52.2900   3.0001915E+05   1.0129739E+00
   52.3000   3.0034043E+05   1.0129758E+00
   52.3100   3.0067028E+05   1.0129778E+00
   52.3200   3.0100869E+05   1.0129799E+00
   52.3300   3.0135554E+05   1.0129820E+00
   52.3400   3.0171085E+05   1.0129841E+00
   52.3500   3.0207450E+05   1.0129863E+00
   52.3600   3.0244649E+05   1.0129886E+00
   52.3700   3.0282674E+05   1.0129909E+00
   52.3800   3.0321525E+05   1.0129932E+00
   52.3900   3.0361192E+05   1.0129956E+00
   52.4000   3.0401677E+05   1.0129981E+00
   52.4100   3.0442970E+05   1.0130006E+00
   52.4200   3.0485072E+05   1.0130031E+00
   52.4300   3.0527974E+05   1.0130057E+00
   52.4400   3.0571657E+05   1.0130084E+00
   52.4500   3.0616132E+05   1.0130111E+00
   52.4600   3.0661378E+05   1.0130138E+00
   52.4700   3.0707405E+05   1.0130166E+00
   52.4800   3.0754193E+05   1.0130195E+00
   52.4900   3.0801749E+05   1.0130223E+00
   52.5000   3.0850070E+05   1.0130253E+00
   52.5100   3.0899145E+05   1.0130283E+00
   52.5200   3.0948970E+05   1.0130313E+00
   52.5300   3.0999531E+05   1.0130344E+00
   52.5400   3.1050824E+05   1.0130375E+00
   52.5500   3.1102852E+05   1.0130406E+00
   52.5600   3.1155607E+05   1.0130438E+00
   52.5700   3.1209073E+05   1.0130471E+00
   52.5800   3.1263259E+05   1.0130504E+00
   52.5900   3.1318146E+05   1.0130537E+00
   52.6000   3.1373740E+05   1.0130571E+00
   52.6100   3.1430021E+05   1.0130605E+00
   52.6200   3.1486992E+05   1.0130640E+00
   52.6300   3.1544648E+05   1.0130675E+00
   52.6400   3.1602971E+05   1.0130710E+00
   52.6500   3.1661971E+05   1.0130746E+00
   52.6600   3.1721628E+05   1.0130783E+00
   52.6700   3.1781947E+05   1.0130819E+00
   52.6800   3.1842924E+05   1.0130857E+00
   52.6900   3.1904544E+05   1.0130894E+00
   52.7000   3.1966796E+05   1.0130932E+00
   52.7100   3.2029680E+05   1.0130970E+00
   52.7200   3.2093183E+05   1.0131009E+00
   52.7300   3.2157300E+05   1.0131048E+00
   52.7400   3.2222031E+05   1.0131088E+00
   52.7500   3.2287366E+05   1.0131127E+00
   52.7600   3.2353303E+05   1.0131168E+00
   52.7700   3.2419826E+05   1.0131208E+00
   52.7800   3.2486927E+05   1.0131249E+00
   52.7900   3.2554604E+05   1.0131290E+00
   52.8000   3.2622844E+05   1.0131332E+00
   52.8100   3.2691639E+05   1.0131374E+00
   52.8200   3.2760989E+05   1.0131416E+00
   52.8300   3.2830882E+05   1.0131459E+00
   52.8400   3.2901309E+05   1.0131502E+00
   52.8500   3.2972270E+05   1.0131545E+00
   52.8600   3.3043753E+05   1.0131589E+00
   52.8700   3.3115749E+05   1.0131632E+00
   52.8800   3.3188259E+05   1.0131677E+00
   52.8900   3.3261267E+05   1.0131721E+00
   52.9000   3.3334765E+05   1.0131766E+00
   52.9100   3.3408752E+05   1.0131811E+00
   52.9200   3.3483230E+05   1.0131857E+00
   52.9300   3.3558188E+05   1.0131902E+00
   52.9400   3.3633622E+05   1.0131949E+00
   52.9500   3.3709515E+05   1.0131995E+00
   52.9600   3.3785855E+05   1.0132041E+00
   52.9700   3.3862635E+05   1.0132088E+00
   52.9800   3.3939852E+05   1.0132135E+00
   52.9900   3.4017490E+05   1.0132183E+00
   53.0000   3.4095558E+05   1.0132231E+00
   53.0100   3.4174032E+05   1.0132278E+00
   53.0200   3.4252909E+05   1.0132327E+00
   53.0300   3.4332175E+05   1.0132375E+00
   53.0400   3.4411837E+05   1.0132424E+00
   53.0500   3.4491889E+05   1.0132473E+00
   53.0600   3.4572312E+05   1.0132522E+00
   53.0700   3.4653107E+05   1.0132571E+00
   53.0800   3.4734263E+05   1.0132621E+00
   53.0900   3.4815772E+05   1.0132671E+00
   53.1000   3.4897632E+05   1.0132721E+00
   53.1100   3.4979823E+05   1.0132771E+00
   53.1200   3.5062333E+05   1.0132821E+00
   53.1300   3.5145168E+05   1.0132872E+00
   53.1400   3.5228304E+05   1.0132923E+00
   53.1500   3.5311737E+05   1.0132974E+00
   53.1600   3.5395467E+05   1.0133025E+00
   53.1700   3.5479480E+05   1.0133076E+00
   53.1800   3.5563764E+05   1.0133128E+00
   53.1900   3.5648310E+05   1.0133179E+00
   53.2000   3.5733112E+05   1.0133231E+00
   53.2100   3.5818168E+05   1.0133283E+00
   53.2200   3.5903459E+05   1.0133335E+00
   53.2300   3.5988989E+05   1.0133388E+00
   53.2400   3.6074745E+05   1.0133440E+00
   53.2500   3.6160716E+05   1.0133493E+00
   53.2600   3.6246895E+05   1.0133545E+00
   53.2700   3.6333276E+05   1.0133598E+00
   53.2800   3.6419857E+05   1.0133651E+00
   53.2900   3.6506618E+05   1.0133704E+00
   53.3000   3.6593561E+05   1.0133757E+00
   53.3100   3.6680671E+05   1.0133811E+00
   53.3200   3.6767934E+05   1.0133864E+00
   53.3300   3.6855341E+05   1.0133918E+00
   53.3400   3.6942880E+05   1.0133971E+00
   53.3500   3.7030545E+05   1.0134025E+00
   53.3600   3.7118329E+05   1.0134078E+00
   53.3700   3.7206226E+05   1.0134132E+00
   53.3800   3.7294232E+05   1.0134186E+00
   53.3900   3.7382345E+05   1.0134240E+00
   53.4000   3.7470546E+05   1.0134294E+00
   53.4100   3.7558833E+05   1.0134348E+00
   53.4200   3.7647189E+05   1.0134402E+00
   53.4300   3.7735616E+05   1.0134456E+00
   53.4400   3.7824097E+05   1.0134510E+00
   53.4500   3.7912618E+05   1.0134565E+00
   53.4600   3.8001182E+05   1.0134619E+00
   53.4700   3.8089774E+05   1.0134673E+00
   53.4800   3.8178380E+05   1.0134727E+00
   53.4900   3.8267006E+05   1.0134782E+00
   53.5000   3.8355637E+05   1.0134836E+00
   53.5100   3.8444260E+05   1.0134890E+00
   53.5200   3.8532862E+05   1.0134944E+00
   53.5300   3.8621447E+05   1.0134999E+00
   53.5400   3.8710001E+05   1.0135053E+00
   53.5500   3.8798511E+05   1.0135107E+00
   53.5600   3.8886980E+05   1.0135161E+00
   53.5700   3.8975393E+05   1.0135215E+00
   53.5800   3.9063734E+05   1.0135269E+00
   53.5900   3.9152006E+05   1.0135323E+00
   53.6000   3.9240192E+05   1.0135377E+00
   53.6100   3.9328291E+05   1.0135431E+00
   53.6200   3.9416285E+05   1.0135485E+00
   53.6300   3.9504172E+05   1.0135539E+00
   53.6400   3.9591948E+05   1.0135593E+00
   53.6500   3.9679593E+05   1.0135647E+00
   53.6600   3.9767100E+05   1.0135700E+00
   53.6700   3.9854462E+05   1.0135754E+00
   53.6800   3.9941670E+05   1.0135807E+00
   53.6900   4.0028714E+05   1.0135860E+00
   53.7000   4.0115600E+05   1.0135914E+00
   53.7100   4.0202314E+05   1.0135967E+00
   53.7200   4.0288841E+05   1.0136020E+00
   53.7300   4.0375180E+05   1.0136073E+00
   53.7400   4.0461313E+05   1.0136126E+00
   53.7500   4.0547234E+05   1.0136178E+00
   53.7600   4.0632938E+05   1.0136231E+00
   53.7700   4.0718417E+05   1.0136283E+00
   53.7800   4.0803659E+05   1.0136335E+00
   53.7900   4.0888668E+05   1.0136387E+00
   53.8000   4.0973429E+05   1.0136439E+00
   53.8100   4.1057939E+05   1.0136491E+00
   53.8200   4.1142179E+05   1.0136543E+00
   53.8300   4.1226141E+05   1.0136594E+00
   53.8400   4.1309816E+05   1.0136646E+00
   53.8500   4.1393208E+05   1.0136697E+00
   53.8600   4.1476303E+05   1.0136748E+00
   53.8700   4.1559099E+05   1.0136798E+00
   53.8800   4.1641591E+05   1.0136849E+00
   53.8900   4.1723772E+05   1.0136899E+00
   53.9000   4.1805632E+05   1.0136950E+00
   53.9100   4.1887155E+05   1.0137000E+00
   53.9200   4.1968341E+05   1.0137049E+00
   53.9300   4.2049187E+05   1.0137099E+00
   53.9400   4.2129684E+05   1.0137148E+00
   53.9500   4.2209822E+05   1.0137197E+00
   53.9600   4.2289585E+05   1.0137246E+00
   53.9700   4.2368970E+05   1.0137295E+00
   53.9800   4.2447974E+05   1.0137344E+00
   53.9900   4.2526585E+05   1.0137392E+00
   54.0000   4.2604808E+05   1.0137440E+00
   54.0100   4.2682625E+05   1.0137487E+00
   54.0200   4.2760030E+05   1.0137535E+00
   54.0300   4.2837014E+05   1.0137582E+00
   54.0400   4.2913582E+05   1.0137629E+00
   54.0500   4.2989715E+05   1.0137676E+00
   54.0600   4.3065407E+05   1.0137722E+00
   54.0700   4.3140649E+05   1.0137768E+00
   54.0800   4.3215443E+05   1.0137814E+00
   54.0900   4.3289788E+05   1.0137860E+00
   54.1000   4.3363676E+05   1.0137905E+00
   54.1100   4.3437096E+05   1.0137950E+00
   54.1200   4.3510048E+05   1.0137995E+00
   54.1300   4.3582529E+05   1.0138040E+00
   54.1400   4.3654529E+05   1.0138084E+00
   54.1500   4.3726034E+05   1.0138128E+00
   54.1600   4.3797041E+05   1.0138171E+00
   54.1700   4.3867543E+05   1.0138215E+00
   54.1800   4.3937545E+05   1.0138258E+00
   54.1900   4.4007028E+05   1.0138300E+00
   54.2000   4.4075987E+05   1.0138342E+00
   54.2100   4.4144426E+05   1.0138385E+00
   54.2200   4.4212328E+05   1.0138426E+00
   54.2300   4.4279706E+05   1.0138468E+00
   54.2400   4.4346549E+05   1.0138509E+00
   54.2500   4.4412856E+05   1.0138549E+00
   54.2600   4.4478623E+05   1.0138590E+00
   54.2700   4.4543839E+05   1.0138630E+00
   54.2800   4.4608504E+05   1.0138669E+00
   54.2900   4.4672614E+05   1.0138709E+00
   54.3000   4.4736156E+05   1.0138748E+00
   54.3100   4.4799133E+05   1.0138787E+00
   54.3200   4.4861536E+05   1.0138825E+00
   54.3300   4.4923356E+05   1.0138863E+00
   54.3400   4.4984590E+05   1.0138900E+00
   54.3500   4.5045233E+05   1.0138938E+00
   54.3600   4.5105288E+05   1.0138975E+00
   54.3700   4.5164754E+05   1.0139011E+00
   54.3800   4.5223622E+05   1.0139047E+00
   54.3900   4.5281896E+05   1.0139083E+00
   54.4000   4.5339572E+05   1.0139119E+00
   54.4100   4.5396639E+05   1.0139154E+00
   54.4200   4.5453100E+05   1.0139188E+00
   54.4300   4.5508948E+05   1.0139223E+00
   54.4400   4.5564190E+05   1.0139257E+00
   54.4500   4.5618824E+05   1.0139290E+00
   54.4600   4.5672843E+05   1.0139323E+00
   54.4700   4.5726233E+05   1.0139356E+00
   54.4800   4.5779008E+05   1.0139389E+00
   54.4900   4.5831159E+05   1.0139421E+00
   54.5000   4.5882686E+05   1.0139452E+00
   54.5100   4.5933583E+05   1.0139484E+00
   54.5200   4.5983857E+05   1.0139515E+00
   54.5300   4.6033505E+05   1.0139545E+00
   54.5400   4.6082519E+05   1.0139575E+00
   54.5500   4.6130902E+05   1.0139605E+00
   54.5600   4.6178649E+05   1.0139634E+00
   54.5700   4.6225767E+05   1.0139663E+00
   54.5800   4.6272237E+05   1.0139692E+00
   54.5900   4.6318070E+05   1.0139720E+00
   54.6000   4.6363269E+05   1.0139748E+00
   54.6100   4.6407832E+05   1.0139775E+00
   54.6200   4.6451748E+05   1.0139802E+00
   54.6300   4.6495016E+05   1.0139829E+00
   54.6400   4.6537649E+05   1.0139855E+00
   54.6500   4.6579632E+05   1.0139881E+00
   54.6600   4.6620981E+05   1.0139907E+00
   54.6700   4.6661686E+05   1.0139932E+00
   54.6800   4.6701748E+05   1.0139956E+00
   54.6900   4.6741161E+05   1.0139980E+00
   54.7000   4.6779929E+05   1.0140004E+00
   54.7100   4.6818051E+05   1.0140028E+00
   54.7200   4.6855534E+05   1.0140051E+00
   54.7300   4.6892381E+05   1.0140074E+00
   54.7400   4.6928586E+05   1.0140096E+00
   54.7500   4.6964155E+05   1.0140118E+00
   54.7600   4.6999085E+05   1.0140139E+00
   54.7700   4.7033387E+05   1.0140160E+00
   54.7800   4.7067063E+05   1.0140181E+00
   54.7900   4.7100107E+05   1.0140202E+00
   54.8000   4.7132528E+05   1.0140222E+00
   54.8100   4.7164325E+05   1.0140241E+00
   54.8200   4.7195490E+05   1.0140260E+00
   54.8300   4.7226027E+05   1.0140279E+00
   54.8400   4.7255934E+05   1.0140298E+00
   54.8500   4.7285218E+05   1.0140316E+00
   54.8600   4.7313881E+05   1.0140333E+00
   54.8700   4.7341934E+05   1.0140351E+00
   54.8800   4.7369366E+05   1.0140368E+00
   54.8900   4.7396193E+05   1.0140384E+00
   54.9000   4.7422407E+05   1.0140400E+00
   54.9100   4.7448012E+05   1.0140416E+00
   54.9200   4.7473022E+05   1.0140432E+00
   54.9300   4.7497426E+05   1.0140447E+00
   54.9400   4.7521228E+05   1.0140461E+00
   54.9500   4.7544438E+05   1.0140476E+00
   54.9600   4.7567064E+05   1.0140490E+00
   54.9700   4.7589104E+05   1.0140503E+00
   54.9800   4.7610571E+05   1.0140517E+00
   54.9900   4.7631451E+05   1.0140530E+00
   55.0000   4.7651761E+05   1.0140542E+00
   55.0100   4.7671492E+05   1.0140554E+00
   55.0200   4.7690649E+05   1.0140566E+00
   55.0300   4.7709248E+05   1.0140578E+00
   55.0400   4.7727296E+05   1.0140589E+00
   55.0500   4.7744798E+05   1.0140600E+00
   55.0600   4.7761751E+05   1.0140610E+00
   55.0700   4.7778163E+05   1.0140620E+00
   55.0800   4.7794039E+05   1.0140630E+00
   55.0900   4.7809375E+05   1.0140640E+00
   55.1000   4.7824180E+05   1.0140649E+00
   55.1100   4.7838458E+05   1.0140658E+00
   55.1200   4.7852225E+05   1.0140666E+00
   55.1300   4.7865472E+05   1.0140675E+00
   55.1400   4.7878204E+05   1.0140682E+00
   55.1500   4.7890437E+05   1.0140690E+00
   55.1600   4.7902164E+05   1.0140697E+00
   55.1700   4.7913391E+05   1.0140704E+00
   55.1800   4.7924136E+05   1.0140711E+00
   55.1900   4.7934393E+05   1.0140717E+00
   55.2000   4.7944170E+05   1.0140724E+00
   55.2100   4.7953467E+05   1.0140729E+00
   55.2200   4.7962301E+05   1.0140735E+00
   55.2300   4.7970680E+05   1.0140740E+00
   55.2400   4.7978610E+05   1.0140745E+00
   55.2500   4.7986089E+05   1.0140750E+00
   55.2600   4.7993129E+05   1.0140754E+00
   55.2700   4.7999740E+05   1.0140758E+00
   55.2800   4.8005923E+05   1.0140762E+00
   55.2900   4.8011677E+05   1.0140766E+00
   55.3000   4.8017014E+05   1.0140769E+00
   55.3100   4.8021940E+05   1.0140772E+00
   55.3200   4.8026457E+05   1.0140775E+00
   55.3300   4.8030581E+05   1.0140778E+00
   55.3400   4.8034325E+05   1.0140780E+00
   55.3500   4.8037695E+05   1.0140783E+00
   55.3600   4.8040694E+05   1.0140784E+00
   55.3700   4.8043322E+05   1.0140786E+00
   55.3800   4.8045590E+05   1.0140788E+00
   55.3900   4.8047509E+05   1.0140789E+00
   55.4000   4.8049084E+05   1.0140790E+00
   55.4100   4.8050315E+05   1.0140791E+00
   55.4200   4.8051218E+05   1.0140792E+00
   55.4300   4.8051788E+05   1.0140792E+00
   55.4400   4.8052031E+05   1.0140792E+00
   55.4500   4.8051972E+05   1.0140792E+00
   55.4600   4.8051610E+05   1.0140792E+00
   55.4700   4.8050944E+05   1.0140792E+00
   55.4800   4.8049987E+05   1.0140791E+00
   55.4900   4.8048748E+05   1.0140791E+00
   55.5000   4.8047233E+05   1.0140790E+00
   55.5100   4.8045445E+05   1.0140789E+00
   55.5200   4.8043402E+05   1.0140788E+00
   55.5300   4.8041102E+05   1.0140786E+00
   55.5400   4.8038557E+05   1.0140785E+00
   55.5500   4.8035776E+05   1.0140783E+00
   55.5600   4.8032768E+05   1.0140782E+00
   55.5700   4.8029536E+05   1.0140780E+00
   55.5800   4.8026082E+05   1.0140778E+00
   55.5900   4.8022426E+05   1.0140776E+00
   55.6000   4.8018562E+05   1.0140773E+00
   55.6100   4.8014506E+05   1.0140771E+00
   55.6200   4.8010268E+05   1.0140768E+00
   55.6300   4.8005857E+05   1.0140766E+00
   55.6400   4.8001280E+05   1.0140763E+00
   55.6500   4.7996542E+05   1.0140760E+00
   55.6600   4.7991647E+05   1.0140757E+00
   55.6700   4.7986614E+05   1.0140754E+00
   55.6800   4.7981445E+05   1.0140751E+00
   55.6900   4.7976154E+05   1.0140748E+00
   55.7000   4.7970740E+05   1.0140745E+00
   55.7100   4.7965217E+05   1.0140742E+00
   55.7200   4.7959580E+05   1.0140738E+00
   55.7300   4.7953839E+05   1.0140735E+00
   55.7400   4.7948005E+05   1.0140731E+00
   55.7500   4.7942088E+05   1.0140728E+00
   55.7600   4.7936095E+05   1.0140724E+00
   55.7700   4.7930035E+05   1.0140721E+00
   55.7800   4.7923915E+05   1.0140717E+00
   55.7900   4.7917739E+05   1.0140713E+00
   55.8000   4.7911514E+05   1.0140710E+00
   55.8100   4.7905245E+05   1.0140706E+00
   55.8200   4.7898954E+05   1.0140702E+00
   55.8300   4.7892645E+05   1.0140698E+00
   55.8400   4.7886323E+05   1.0140694E+00
   55.8500   4.7879991E+05   1.0140691E+00
   55.8600   4.7873652E+05   1.0140687E+00
   55.8700   4.7867329E+05   1.0140683E+00
   55.8800   4.7861025E+05   1.0140679E+00
   55.8900   4.7854745E+05   1.0140675E+00
   55.9000   4.7848492E+05   1.0140672E+00
   55.9100   4.7842270E+05   1.0140668E+00
   55.9200   4.7836086E+05   1.0140664E+00
   55.9300   4.7829944E+05   1.0140661E+00
   55.9400   4.7823868E+05   1.0140657E+00
   55.9500   4.7817864E+05   1.0140653E+00
   55.9600   4.7811940E+05   1.0140650E+00
   55.9700   4.7806086E+05   1.0140646E+00
   55.9800   4.7800311E+05   1.0140643E+00
   55.9900   4.7794623E+05   1.0140639E+00
   56.0000   4.7789035E+05   1.0140636E+00
   56.0100   4.7783558E+05   1.0140633E+00
   56.0200   4.7778187E+05   1.0140630E+00
   56.0300   4.7772937E+05   1.0140626E+00
   56.0400   4.7767804E+05   1.0140623E+00
   56.0500   4.7762805E+05   1.0140620E+00
   56.0600   4.7757941E+05   1.0140618E+00
   56.0700   4.7753214E+05   1.0140615E+00
   56.0800   4.7748644E+05   1.0140612E+00
   56.0900   4.7744238E+05   1.0140609E+00
   56.1000   4.7740001E+05   1.0140607E+00
   56.1100   4.7735943E+05   1.0140604E+00
   56.1200   4.7732055E+05   1.0140602E+00
   56.1300   4.7728351E+05   1.0140600E+00
   56.1400   4.7724827E+05   1.0140598E+00
   56.1500   4.7721499E+05   1.0140596E+00
   56.1600   4.7718368E+05   1.0140594E+00
   56.1700   4.7715437E+05   1.0140592E+00
   56.1800   4.7712711E+05   1.0140591E+00
   56.1900   4.7710198E+05   1.0140589E+00
   56.2000   4.7707906E+05   1.0140588E+00
   56.2100   4.7705848E+05   1.0140587E+00
   56.2200   4.7704021E+05   1.0140586E+00
   56.2300   4.7702424E+05   1.0140585E+00
   56.2400   4.7701076E+05   1.0140584E+00
   56.2500   4.7699983E+05   1.0140583E+00
   56.2600   4.7699150E+05   1.0140583E+00
   56.2700   4.7698572E+05   1.0140583E+00
   56.2800   4.7698259E+05   1.0140583E+00
   56.2900   4.7698211E+05   1.0140583E+00
   56.3000   4.7698428E+05   1.0140583E+00
   56.3100   4.7698914E+05   1.0140583E+00
   56.3200   4.7699676E+05   1.0140584E+00
   56.3300   4.7700722E+05   1.0140584E+00
   56.3400   4.7702067E+05   1.0140585E+00
   56.3500   4.7703709E+05   1.0140586E+00
   56.3600   4.7705648E+05   1.0140588E+00
   56.3700   4.7707889E+05   1.0140589E+00
   56.3800   4.7710441E+05   1.0140591E+00
   56.3900   4.7713297E+05   1.0140593E+00
   56.4000   4.7716472E+05   1.0140595E+00
   56.4100   4.7719966E+05   1.0140597E+00
   56.4200   4.7723784E+05   1.0140599E+00
   56.4300   4.7727931E+05   1.0140602E+00
   56.4400   4.7732403E+05   1.0140605E+00
   56.4500   4.7737212E+05   1.0140608E+00
   56.4600   4.7742361E+05   1.0140611E+00
   56.4700   4.7747852E+05   1.0140614E+00
   56.4800   4.7753693E+05   1.0140618E+00
   56.4900   4.7759879E+05   1.0140622E+00
   56.5000   4.7766408E+05   1.0140626E+00
   56.5100   4.7773279E+05   1.0140630E+00
   56.5200   4.7780499E+05   1.0140635E+00
   56.5300   4.7788076E+05   1.0140639E+00
   56.5400   4.7796006E+05   1.0140644E+00
   56.5500   4.7804305E+05   1.0140650E+00
   56.5600   4.7812977E+05   1.0140655E+00
   56.5700   4.7822010E+05   1.0140661E+00
   56.5800   4.7831414E+05   1.0140666E+00
   56.5900   4.7841189E+05   1.0140672E+00
   56.6000   4.7851333E+05   1.0140679E+00
   56.6100   4.7861854E+05   1.0140685E+00
   56.6200   4.7872760E+05   1.0140692E+00
   56.6300   4.7884046E+05   1.0140699E+00
   56.6400   4.7895714E+05   1.0140706E+00
   56.6500   4.7907767E+05   1.0140714E+00
   56.6600   4.7920194E+05   1.0140721E+00
   56.6700   4.7933010E+05   1.0140729E+00
   56.6800   4.7946212E+05   1.0140738E+00
   56.6900   4.7959804E+05   1.0140746E+00
   56.7000   4.7973793E+05   1.0140755E+00
   56.7100   4.7988172E+05   1.0140763E+00
   56.7200   4.8002941E+05   1.0140773E+00
   56.7300   4.8018100E+05   1.0140782E+00
   56.7400   4.8033657E+05   1.0140792E+00
   56.7500   4.8049606E+05   1.0140801E+00
   56.7600   4.8065942E+05   1.0140812E+00
   56.7700   4.8082668E+05   1.0140822E+00
   56.7800   4.8099791E+05   1.0140832E+00
   56.7900   4.8117302E+05   1.0140843E+00
   56.8000   4.8135215E+05   1.0140854E+00
   56.8100   4.8153533E+05   1.0140866E+00
   56.8200   4.8172243E+05   1.0140877E+00
   56.8300   4.8191354E+05   1.0140889E+00
   56.8400   4.8210863E+05   1.0140901E+00
   56.8500   4.8230772E+05   1.0140913E+00
   56.8600   4.8251083E+05   1.0140926E+00
   56.8700   4.8271791E+05   1.0140939E+00
   56.8800   4.8292890E+05   1.0140952E+00
   56.8900   4.8314381E+05   1.0140965E+00
   56.9000   4.8336268E+05   1.0140978E+00
   56.9100   4.8358543E+05   1.0140992E+00
   56.9200   4.8381218E+05   1.0141006E+00
   56.9300   4.8404295E+05   1.0141020E+00
   56.9400   4.8427758E+05   1.0141035E+00
   56.9500   4.8451616E+05   1.0141050E+00
   56.9600   4.8475865E+05   1.0141065E+00
   56.9700   4.8500503E+05   1.0141080E+00
   56.9800   4.8525533E+05   1.0141095E+00
   56.9900   4.8550946E+05   1.0141111E+00
   57.0000   4.8576754E+05   1.0141127E+00
   57.0100   4.8602955E+05   1.0141143E+00
   57.0200   4.8629533E+05   1.0141159E+00
   57.0300   4.8656497E+05   1.0141176E+00
   57.0400   4.8683838E+05   1.0141193E+00
   57.0500   4.8711554E+05   1.0141210E+00
   57.0600   4.8739647E+05   1.0141227E+00
   57.0700   4.8768122E+05   1.0141245E+00
   57.0800   4.8796972E+05   1.0141262E+00
   57.0900   4.8826192E+05   1.0141281E+00
   57.1000   4.8855783E+05   1.0141299E+00
   57.1100   4.8885749E+05   1.0141317E+00
   57.1200   4.8916080E+05   1.0141336E+00
   57.1300   4.8946770E+05   1.0141355E+00
   57.1400   4.8977819E+05   1.0141374E+00
   57.1500   4.9009228E+05   1.0141393E+00
   57.1600   4.9041004E+05   1.0141413E+00
   57.1700   4.9073140E+05   1.0141433E+00
   57.1800   4.9105631E+05   1.0141453E+00
   57.1900   4.9138479E+05   1.0141473E+00
   57.2000   4.9171669E+05   1.0141493E+00
   57.2100   4.9205209E+05   1.0141514E+00
   57.2200   4.9239095E+05   1.0141535E+00
   57.2300   4.9273322E+05   1.0141556E+00
   57.2400   4.9307894E+05   1.0141577E+00
   57.2500   4.9342797E+05   1.0141599E+00
   57.2600   4.9378041E+05   1.0141621E+00
   57.2700   4.9413620E+05   1.0141643E+00
   57.2800   4.9449533E+05   1.0141665E+00
   57.2900   4.9485765E+05   1.0141687E+00
   57.3000   4.9522320E+05   1.0141709E+00
   57.3100   4.9559190E+05   1.0141732E+00
   57.3200   4.9596371E+05   1.0141755E+00
   57.3300   4.9633861E+05   1.0141778E+00
   57.3400   4.9671661E+05   1.0141801E+00
   57.3500   4.9709758E+05   1.0141825E+00
   57.3600   4.9748161E+05   1.0141849E+00
   57.3700   4.9786864E+05   1.0141872E+00
   57.3800   4.9825865E+05   1.0141897E+00
   57.3900   4.9865163E+05   1.0141921E+00
   57.4000   4.9904744E+05   1.0141945E+00
   57.4100   4.9944615E+05   1.0141970E+00
   57.4200   4.9984770E+05   1.0141994E+00
   57.4300   5.0025201E+05   1.0142019E+00
   57.4400   5.0065909E+05   1.0142044E+00
   57.4500   5.0106895E+05   1.0142070E+00
   57.4600   5.0148144E+05   1.0142095E+00
   57.4700   5.0189665E+05   1.0142121E+00
   57.4800   5.0231450E+05   1.0142146E+00
   57.4900   5.0273495E+05   1.0142172E+00
   57.5000   5.0315797E+05   1.0142198E+00
   57.5100   5.0358340E+05   1.0142225E+00
   57.5200   5.0401127E+05   1.0142251E+00
   57.5300   5.0444147E+05   1.0142277E+00
   57.5400   5.0487409E+05   1.0142304E+00
   57.5500   5.0530908E+05   1.0142331E+00
   57.5600   5.0574638E+05   1.0142358E+00
   57.5700   5.0618601E+05   1.0142385E+00
   57.5800   5.0662778E+05   1.0142412E+00
   57.5900   5.0707173E+05   1.0142440E+00
   57.6000   5.0751776E+05   1.0142467E+00
   57.6100   5.0796595E+05   1.0142495E+00
   57.6200   5.0841624E+05   1.0142522E+00
   57.6300   5.0886856E+05   1.0142550E+00
   57.6400   5.0932291E+05   1.0142578E+00
   57.6500   5.0977909E+05   1.0142606E+00
   57.6600   5.1023714E+05   1.0142635E+00
   57.6700   5.1069709E+05   1.0142663E+00
   57.6800   5.1115882E+05   1.0142691E+00
   57.6900   5.1162224E+05   1.0142720E+00
   57.7000   5.1208744E+05   1.0142749E+00
   57.7100   5.1255436E+05   1.0142777E+00
   57.7200   5.1302297E+05   1.0142806E+00
   57.7300   5.1349307E+05   1.0142835E+00
   57.7400   5.1396464E+05   1.0142864E+00
   57.7500   5.1443770E+05   1.0142893E+00
   57.7600   5.1491227E+05   1.0142923E+00
   57.7700   5.1538823E+05   1.0142952E+00
   57.7800   5.1586545E+05   1.0142981E+00
   57.7900   5.1634400E+05   1.0143011E+00
   57.8000   5.1682380E+05   1.0143041E+00
   57.8100   5.1730477E+05   1.0143070E+00
   57.8200   5.1778684E+05   1.0143100E+00
   57.8300   5.1826996E+05   1.0143130E+00
   57.8400   5.1875410E+05   1.0143160E+00
   57.8500   5.1923922E+05   1.0143189E+00
   57.8600   5.1972532E+05   1.0143219E+00
   57.8700   5.2021237E+05   1.0143249E+00
   57.8800   5.2070039E+05   1.0143280E+00
   57.8900   5.2118922E+05   1.0143310E+00
   57.9000   5.2167887E+05   1.0143340E+00
   57.9100   5.2216920E+05   1.0143370E+00
   57.9200   5.2266025E+05   1.0143400E+00
   57.9300   5.2315189E+05   1.0143431E+00
   57.9400   5.2364418E+05   1.0143461E+00
   57.9500   5.2413700E+05   1.0143491E+00
   57.9600   5.2463025E+05   1.0143522E+00
   57.9700   5.2512398E+05   1.0143552E+00
   57.9800   5.2561812E+05   1.0143583E+00
   57.9900   5.2611255E+05   1.0143613E+00
   58.0000   5.2660719E+05   1.0143644E+00
   58.0100   5.2710213E+05   1.0143674E+00
   58.0200   5.2759729E+05   1.0143705E+00
   58.0300   5.2809257E+05   1.0143735E+00
   58.0400   5.2858791E+05   1.0143766E+00
   58.0500   5.2908321E+05   1.0143796E+00
   58.0600   5.2957858E+05   1.0143827E+00
   58.0700   5.3007393E+05   1.0143858E+00
   58.0800   5.3056919E+05   1.0143888E+00
   58.0900   5.3106428E+05   1.0143919E+00
   58.1000   5.3155910E+05   1.0143949E+00
   58.1100   5.3205359E+05   1.0143980E+00
   58.1200   5.3254782E+05   1.0144010E+00
   58.1300   5.3304171E+05   1.0144041E+00
   58.1400   5.3353516E+05   1.0144071E+00
   58.1500   5.3402808E+05   1.0144102E+00
   58.1600   5.3452052E+05   1.0144132E+00
   58.1700   5.3501240E+05   1.0144162E+00
   58.1800   5.3550358E+05   1.0144193E+00
   58.1900   5.3599413E+05   1.0144223E+00
   58.2000   5.3648391E+05   1.0144253E+00
   58.2100   5.3697296E+05   1.0144283E+00
   58.2200   5.3746115E+05   1.0144313E+00
   58.2300   5.3794848E+05   1.0144343E+00
   58.2400   5.3843480E+05   1.0144374E+00
   58.2500   5.3892011E+05   1.0144403E+00
   58.2600   5.3940439E+05   1.0144433E+00
   58.2700   5.3988764E+05   1.0144463E+00
   58.2800   5.4036983E+05   1.0144493E+00
   58.2900   5.4085072E+05   1.0144523E+00
   58.3000   5.4133026E+05   1.0144552E+00
   58.3100   5.4180857E+05   1.0144582E+00
   58.3200   5.4228556E+05   1.0144611E+00
   58.3300   5.4276114E+05   1.0144641E+00
   58.3400   5.4323518E+05   1.0144670E+00
   58.3500   5.4370773E+05   1.0144699E+00
   58.3600   5.4417866E+05   1.0144728E+00
   58.3700   5.4464798E+05   1.0144757E+00
   58.3800   5.4511568E+05   1.0144786E+00
   58.3900   5.4558157E+05   1.0144815E+00
   58.4000   5.4604560E+05   1.0144844E+00
   58.4100   5.4650771E+05   1.0144872E+00
   58.4200   5.4696802E+05   1.0144901E+00
   58.4300   5.4742640E+05   1.0144929E+00
   58.4400   5.4788275E+05   1.0144957E+00
   58.4500   5.4833710E+05   1.0144985E+00
   58.4600   5.4878928E+05   1.0145013E+00
   58.4700   5.4923928E+05   1.0145041E+00
   58.4800   5.4968707E+05   1.0145069E+00
   58.4900   5.5013259E+05   1.0145096E+00
   58.5000   5.5057577E+05   1.0145124E+00
   58.5100   5.5101648E+05   1.0145151E+00
   58.5200   5.5145478E+05   1.0145178E+00
   58.5300   5.5189068E+05   1.0145205E+00
   58.5400   5.5232400E+05   1.0145232E+00
   58.5500   5.5275469E+05   1.0145258E+00
   58.5600   5.5318270E+05   1.0145285E+00
   58.5700   5.5360793E+05   1.0145311E+00
   58.5800   5.5403043E+05   1.0145337E+00
   58.5900   5.5445005E+05   1.0145363E+00
   58.6000   5.5486678E+05   1.0145389E+00
   58.6100   5.5528059E+05   1.0145415E+00
   58.6200   5.5569140E+05   1.0145440E+00
   58.6300   5.5609910E+05   1.0145465E+00
   58.6400   5.5650375E+05   1.0145490E+00
   58.6500   5.5690534E+05   1.0145515E+00
   58.6600   5.5730369E+05   1.0145540E+00
   58.6700   5.5769871E+05   1.0145564E+00
   58.6800   5.5809050E+05   1.0145589E+00
   58.6900   5.5847893E+05   1.0145613E+00
   58.7000   5.5886400E+05   1.0145636E+00
   58.7100   5.5924569E+05   1.0145660E+00
   58.7200   5.5962394E+05   1.0145683E+00
   58.7300   5.5999864E+05   1.0145707E+00
   58.7400   5.6036965E+05   1.0145730E+00
   58.7500   5.6073698E+05   1.0145752E+00
   58.7600   5.6110057E+05   1.0145775E+00
   58.7700   5.6146035E+05   1.0145797E+00
   58.7800   5.6181637E+05   1.0145819E+00
   58.7900   5.6216848E+05   1.0145841E+00
   58.8000   5.6251662E+05   1.0145863E+00
   58.8100   5.6286075E+05   1.0145884E+00
   58.8200   5.6320091E+05   1.0145905E+00
   58.8300   5.6353695E+05   1.0145926E+00
   58.8400   5.6386884E+05   1.0145947E+00
   58.8500   5.6419652E+05   1.0145967E+00
   58.8600   5.6452003E+05   1.0145987E+00
   58.8700   5.6483923E+05   1.0146007E+00
   58.8800   5.6515407E+05   1.0146027E+00
   58.8900   5.6546448E+05   1.0146046E+00
   58.9000   5.6577052E+05   1.0146065E+00
   58.9100   5.6607199E+05   1.0146084E+00
   58.9200   5.6636887E+05   1.0146102E+00
   58.9300   5.6666123E+05   1.0146120E+00
   58.9400   5.6694892E+05   1.0146138E+00
   58.9500   5.6723193E+05   1.0146156E+00
   58.9600   5.6751019E+05   1.0146173E+00
   58.9700   5.6778376E+05   1.0146190E+00
   58.9800   5.6805245E+05   1.0146207E+00
   58.9900   5.6831623E+05   1.0146223E+00
   59.0000   5.6857518E+05   1.0146240E+00
   59.0100   5.6882913E+05   1.0146255E+00
   59.0200   5.6907807E+05   1.0146271E+00
   59.0300   5.6932189E+05   1.0146286E+00
   59.0400   5.6956066E+05   1.0146301E+00
   59.0500   5.6979433E+05   1.0146316E+00
   59.0600   5.7002285E+05   1.0146330E+00
   59.0700   5.7024609E+05   1.0146344E+00
   59.0800   5.7046403E+05   1.0146357E+00
   59.0900   5.7067661E+05   1.0146371E+00
   59.1000   5.7088388E+05   1.0146384E+00
   59.1100   5.7108566E+05   1.0146396E+00
   59.1200   5.7128207E+05   1.0146409E+00
   59.1300   5.7147297E+05   1.0146421E+00
   59.1400   5.7165838E+05   1.0146432E+00
   59.1500   5.7183822E+05   1.0146444E+00
   59.1600   5.7201236E+05   1.0146455E+00
   59.1700   5.7218080E+05   1.0146465E+00
   59.1800   5.7234347E+05   1.0146475E+00
   59.1900   5.7250040E+05   1.0146485E+00
   59.2000   5.7265159E+05   1.0146495E+00
   59.2100   5.7279695E+05   1.0146504E+00
   59.2200   5.7293651E+05   1.0146513E+00
   59.2300   5.7307024E+05   1.0146521E+00
   59.2400   5.7319804E+05   1.0146529E+00
   59.2500   5.7331995E+05   1.0146537E+00
   59.2600   5.7343591E+05   1.0146545E+00
   59.2700   5.7354581E+05   1.0146552E+00
   59.2800   5.7364966E+05   1.0146558E+00
   59.2900   5.7374739E+05   1.0146565E+00
   59.3000   5.7383905E+05   1.0146570E+00
   59.3100   5.7392462E+05   1.0146576E+00
   59.3200   5.7400401E+05   1.0146581E+00
   59.3300   5.7407726E+05   1.0146586E+00
   59.3400   5.7414432E+05   1.0146590E+00
   59.3500   5.7420508E+05   1.0146594E+00
   59.3600   5.7425954E+05   1.0146598E+00
   59.3700   5.7430763E+05   1.0146601E+00
   59.3800   5.7434940E+05   1.0146604E+00
   59.3900   5.7438481E+05   1.0146606E+00
   59.4000   5.7441377E+05   1.0146608E+00
   59.4100   5.7443628E+05   1.0146610E+00
   59.4200   5.7445229E+05   1.0146611E+00
   59.4300   5.7446184E+05   1.0146612E+00
   59.4400   5.7446491E+05   1.0146613E+00
   59.4500   5.7446141E+05   1.0146613E+00
   59.4600   5.7445133E+05   1.0146612E+00
   59.4700   5.7443464E+05   1.0146612E+00
   59.4800   5.7441136E+05   1.0146611E+00
   59.4900   5.7438147E+05   1.0146609E+00
   59.5000   5.7434488E+05   1.0146607E+00
   59.5100   5.7430159E+05   1.0146605E+00
   59.5200   5.7425172E+05   1.0146602E+00
   59.5300   5.7419512E+05   1.0146599E+00
   59.5400   5.7413176E+05   1.0146595E+00
   59.5500   5.7406171E+05   1.0146591E+00
   59.5600   5.7398497E+05   1.0146587E+00
   59.5700   5.7390147E+05   1.0146582E+00
   59.5800   5.7381123E+05   1.0146577E+00
   59.5900   5.7371421E+05   1.0146571E+00
   59.6000   5.7361046E+05   1.0146565E+00
   59.6100   5.7349998E+05   1.0146558E+00
   59.6200   5.7338267E+05   1.0146551E+00
   59.6300   5.7325854E+05   1.0146544E+00
   59.6400   5.7312755E+05   1.0146536E+00
   59.6500   5.7298974E+05   1.0146528E+00
   59.6600   5.7284507E+05   1.0146520E+00
   59.6700   5.7269362E+05   1.0146511E+00
   59.6800   5.7253539E+05   1.0146501E+00
   59.6900   5.7237030E+05   1.0146491E+00
   59.7000   5.7219838E+05   1.0146481E+00
   59.7100   5.7201958E+05   1.0146470E+00
   59.7200   5.7183397E+05   1.0146459E+00
   59.7300   5.7164151E+05   1.0146448E+00
   59.7400   5.7144231E+05   1.0146436E+00
   59.7500   5.7123637E+05   1.0146423E+00
   59.7600   5.7102362E+05   1.0146411E+00
   59.7700   5.7080412E+05   1.0146397E+00
   59.7800   5.7057782E+05   1.0146384E+00
   59.7900   5.7034480E+05   1.0146370E+00
   59.8000   5.7010506E+05   1.0146355E+00
   59.8100   5.6985852E+05   1.0146341E+00
   59.8200   5.6960522E+05   1.0146325E+00
   59.8300   5.6934510E+05   1.0146310E+00
   59.8400   5.6907822E+05   1.0146294E+00
   59.8500   5.6880457E+05   1.0146277E+00
   59.8600   5.6852424E+05   1.0146260E+00
   59.8700   5.6823724E+05   1.0146243E+00
   59.8800   5.6794352E+05   1.0146225E+00
   59.8900   5.6764312E+05   1.0146207E+00
   59.9000   5.6733602E+05   1.0146188E+00
   59.9100   5.6702229E+05   1.0146169E+00
   59.9200   5.6670195E+05   1.0146150E+00
   59.9300   5.6637511E+05   1.0146130E+00
   59.9400   5.6604162E+05   1.0146110E+00
   59.9500   5.6570164E+05   1.0146090E+00
   59.9600   5.6535507E+05   1.0146069E+00
   59.9700   5.6500208E+05   1.0146047E+00
   59.9800   5.6464261E+05   1.0146025E+00
   59.9900   5.6427671E+05   1.0146003E+00
   60.0000   5.6390433E+05   1.0145981E+00
   60.0100   5.6352556E+05   1.0145958E+00
   60.0200   5.6314042E+05   1.0145934E+00
   60.0300   5.6274900E+05   1.0145911E+00
   60.0400   5.6235137E+05   1.0145887E+00
   60.0500   5.6194751E+05   1.0145862E+00
   60.0600   5.6153731E+05   1.0145837E+00
   60.0700   5.6112099E+05   1.0145812E+00
   60.0800   5.6069849E+05   1.0145786E+00
   60.0900   5.6026988E+05   1.0145760E+00
   60.1000   5.5983516E+05   1.0145734E+00
   60.1100   5.5939443E+05   1.0145707E+00
   60.1200   5.5894775E+05   1.0145680E+00
   60.1300   5.5849507E+05   1.0145652E+00
   60.1400   5.5803651E+05   1.0145625E+00
   60.1500   5.5757207E+05   1.0145596E+00
   60.1600   5.5710173E+05   1.0145568E+00
   60.1700   5.5662555E+05   1.0145539E+00
   60.1800   5.5614354E+05   1.0145509E+00
   60.1900   5.5565585E+05   1.0145480E+00
   60.2000   5.5516251E+05   1.0145450E+00
   60.2100   5.5466355E+05   1.0145419E+00
   60.2200   5.5415907E+05   1.0145389E+00
   60.2300   5.5364913E+05   1.0145358E+00
   60.2400   5.5313374E+05   1.0145326E+00
   60.2500   5.5261282E+05   1.0145295E+00
   60.2600   5.5208643E+05   1.0145263E+00
   60.2700   5.5155475E+05   1.0145230E+00
   60.2800   5.5101771E+05   1.0145198E+00
   60.2900   5.5047538E+05   1.0145165E+00
   60.3000   5.4992792E+05   1.0145131E+00
   60.3100   5.4937528E+05   1.0145098E+00
   60.3200   5.4881753E+05   1.0145064E+00
   60.3300   5.4825485E+05   1.0145029E+00
   60.3400   5.4768719E+05   1.0144995E+00
   60.3500   5.4711464E+05   1.0144960E+00
   60.3600   5.4653721E+05   1.0144925E+00
   60.3700   5.4595507E+05   1.0144889E+00
   60.3800   5.4536812E+05   1.0144854E+00
   60.3900   5.4477640E+05   1.0144818E+00
   60.4000   5.4418010E+05   1.0144781E+00
   60.4100   5.4357932E+05   1.0144745E+00
   60.4200   5.4297397E+05   1.0144708E+00
   60.4300   5.4236425E+05   1.0144671E+00
   60.4400   5.4175011E+05   1.0144633E+00
   60.4500   5.4113167E+05   1.0144595E+00
   60.4600   5.4050899E+05   1.0144557E+00
   60.4700   5.3988206E+05   1.0144519E+00
   60.4800   5.3925104E+05   1.0144481E+00
   60.4900   5.3861602E+05   1.0144442E+00
   60.5000   5.3797704E+05   1.0144403E+00
   60.5100   5.3733412E+05   1.0144364E+00
   60.5200   5.3668740E+05   1.0144324E+00
   60.5300   5.3603680E+05   1.0144285E+00
   60.5400   5.3538256E+05   1.0144245E+00
   60.5500   5.3472470E+05   1.0144205E+00
   60.5600   5.3406320E+05   1.0144164E+00
   60.5700   5.3339816E+05   1.0144124E+00
   60.5800   5.3272968E+05   1.0144083E+00
   60.5900   5.3205779E+05   1.0144042E+00
   60.6000   5.3138249E+05   1.0144001E+00
   60.6100   5.3070393E+05   1.0143959E+00
   60.6200   5.3002222E+05   1.0143918E+00
   60.6300   5.2933742E+05   1.0143876E+00
   60.6400   5.2864959E+05   1.0143834E+00
   60.6500   5.2795871E+05   1.0143792E+00
   60.6600   5.2726494E+05   1.0143750E+00
   60.6700   5.2656841E+05   1.0143707E+00
   60.6800   5.2586920E+05   1.0143664E+00
   60.6900   5.2516736E+05   1.0143622E+00
   60.7000   5.2446293E+05   1.0143579E+00
   60.7100   5.2375591E+05   1.0143535E+00
   60.7200   5.2304645E+05   1.0143492E+00
   60.7300   5.2233467E+05   1.0143449E+00
   60.7400   5.2162049E+05   1.0143405E+00
   60.7500   5.2090398E+05   1.0143361E+00
   60.7600   5.2018537E+05   1.0143317E+00
   60.7700   5.1946468E+05   1.0143273E+00
   60.7800   5.1874190E+05   1.0143229E+00
   60.7900   5.1801720E+05   1.0143185E+00
   60.8000   5.1729052E+05   1.0143141E+00
   60.8100   5.1656199E+05   1.0143096E+00
   60.8200   5.1583168E+05   1.0143051E+00
   60.8300   5.1509968E+05   1.0143007E+00
   60.8400   5.1436603E+05   1.0142962E+00
   60.8500   5.1363076E+05   1.0142917E+00
   60.8600   5.1289408E+05   1.0142872E+00
   60.8700   5.1215598E+05   1.0142827E+00
   60.8800   5.1141663E+05   1.0142782E+00
   60.8900   5.1067599E+05   1.0142737E+00
   60.9000   5.0993421E+05   1.0142691E+00
   60.9100   5.0919140E+05   1.0142646E+00
   60.9200   5.0844750E+05   1.0142600E+00
   60.9300   5.0770259E+05   1.0142555E+00
   60.9400   5.0695678E+05   1.0142509E+00
   60.9500   5.0621014E+05   1.0142464E+00
   60.9600   5.0546272E+05   1.0142418E+00
   60.9700   5.0471460E+05   1.0142372E+00
   60.9800   5.0396582E+05   1.0142326E+00
   60.9900   5.0321643E+05   1.0142281E+00
   61.0000   5.0246664E+05   1.0142235E+00
   61.0100   5.0171647E+05   1.0142189E+00
   61.0200   5.0096597E+05   1.0142143E+00
   61.0300   5.0021515E+05   1.0142097E+00
   61.0400   4.9946403E+05   1.0142051E+00
   61.0500   4.9871280E+05   1.0142005E+00
   61.0600   4.9796148E+05   1.0141959E+00
   61.0700   4.9721008E+05   1.0141913E+00
   61.0800   4.9645879E+05   1.0141868E+00
   61.0900   4.9570763E+05   1.0141822E+00
   61.1000   4.9495660E+05   1.0141776E+00
   61.1100   4.9420572E+05   1.0141730E+00
   61.1200   4.9345519E+05   1.0141684E+00
   61.1300   4.9270503E+05   1.0141638E+00
   61.1400   4.9195525E+05   1.0141592E+00
   61.1500   4.9120589E+05   1.0141546E+00
   61.1600   4.9045716E+05   1.0141501E+00
   61.1700   4.8970910E+05   1.0141455E+00
   61.1800   4.8896174E+05   1.0141409E+00
   61.1900   4.8821515E+05   1.0141363E+00
   61.2000   4.8746938E+05   1.0141318E+00
   61.2100   4.8672450E+05   1.0141272E+00
   61.2200   4.8598060E+05   1.0141227E+00
   61.2300   4.8523758E+05   1.0141181E+00
   61.2400   4.8449553E+05   1.0141136E+00
   61.2500   4.8375457E+05   1.0141091E+00
   61.2600   4.8301483E+05   1.0141045E+00
   61.2700   4.8227625E+05   1.0141000E+00
   61.2800   4.8153898E+05   1.0140955E+00
   61.2900   4.8080300E+05   1.0140910E+00
   61.3000   4.8006830E+05   1.0140865E+00
   61.3100   4.7933508E+05   1.0140820E+00
   61.3200   4.7860336E+05   1.0140775E+00
   61.3300   4.7787318E+05   1.0140731E+00
   61.3400   4.7714460E+05   1.0140686E+00
   61.3500   4.7641769E+05   1.0140642E+00
   61.3600   4.7569236E+05   1.0140597E+00
   61.3700   4.7496873E+05   1.0140553E+00
   61.3800   4.7424693E+05   1.0140509E+00
   61.3900   4.7352691E+05   1.0140465E+00
   61.4000   4.7280868E+05   1.0140421E+00
   61.4100   4.7209242E+05   1.0140377E+00
   61.4200   4.7137815E+05   1.0140333E+00
   61.4300   4.7066593E+05   1.0140290E+00
   61.4400   4.6995565E+05   1.0140246E+00
   61.4500   4.6924740E+05   1.0140203E+00
   61.4600   4.6854130E+05   1.0140159E+00
   61.4700   4.6783731E+05   1.0140116E+00
   61.4800   4.6713559E+05   1.0140073E+00
   61.4900   4.6643616E+05   1.0140031E+00
   61.5000   4.6573903E+05   1.0139988E+00
   61.5100   4.6504427E+05   1.0139945E+00
   61.5200   4.6435179E+05   1.0139903E+00
   61.5300   4.6366168E+05   1.0139861E+00
   61.5400   4.6297409E+05   1.0139819E+00
   61.5500   4.6228899E+05   1.0139777E+00
   61.5600   4.6160639E+05   1.0139735E+00
   61.5700   4.6092634E+05   1.0139693E+00
   61.5800   4.6024889E+05   1.0139652E+00
   61.5900   4.5957396E+05   1.0139610E+00
   61.6000   4.5890166E+05   1.0139569E+00
   61.6100   4.5823196E+05   1.0139528E+00
   61.6200   4.5756505E+05   1.0139487E+00
   61.6300   4.5690094E+05   1.0139447E+00
   61.6400   4.5623953E+05   1.0139406E+00
   61.6500   4.5558088E+05   1.0139366E+00
   61.6600   4.5492513E+05   1.0139326E+00
   61.6700   4.5427225E+05   1.0139286E+00
   61.6800   4.5362222E+05   1.0139246E+00
   61.6900   4.5297509E+05   1.0139206E+00
   61.7000   4.5233092E+05   1.0139167E+00
   61.7100   4.5168962E+05   1.0139127E+00
   61.7200   4.5105133E+05   1.0139088E+00
   61.7300   4.5041602E+05   1.0139049E+00
   61.7400   4.4978370E+05   1.0139011E+00
   61.7500   4.4915443E+05   1.0138972E+00
   61.7600   4.4852829E+05   1.0138934E+00
   61.7700   4.4790519E+05   1.0138896E+00
   61.7800   4.4728513E+05   1.0138858E+00
   61.7900   4.4666826E+05   1.0138820E+00
   61.8000   4.4605445E+05   1.0138782E+00
   61.8100   4.4544378E+05   1.0138745E+00
   61.8200   4.4483633E+05   1.0138707E+00
   61.8300   4.4423207E+05   1.0138670E+00
   61.8400   4.4363100E+05   1.0138634E+00
   61.8500   4.4303313E+05   1.0138597E+00
   61.8600   4.4243854E+05   1.0138561E+00
   61.8700   4.4184715E+05   1.0138524E+00
   61.8800   4.4125908E+05   1.0138488E+00
   61.8900   4.4067434E+05   1.0138452E+00
   61.9000   4.4009294E+05   1.0138417E+00
   61.9100   4.3951477E+05   1.0138381E+00
   61.9200   4.3893993E+05   1.0138346E+00
   61.9300   4.3836838E+05   1.0138311E+00
   61.9400   4.3780011E+05   1.0138276E+00
   61.9500   4.3723514E+05   1.0138241E+00
   61.9600   4.3667355E+05   1.0138207E+00
   61.9700   4.3611525E+05   1.0138173E+00
   61.9800   4.3556037E+05   1.0138139E+00
   61.9900   4.3500893E+05   1.0138105E+00
   62.0000   4.3446094E+05   1.0138071E+00
   62.0100   4.3391629E+05   1.0138038E+00
   62.0200   4.3337511E+05   1.0138005E+00
   62.0300   4.3283734E+05   1.0137972E+00
   62.0400   4.3230299E+05   1.0137939E+00
   62.0500   4.3177211E+05   1.0137906E+00
   62.0600   4.3124459E+05   1.0137874E+00
   62.0700   4.3072055E+05   1.0137842E+00
   62.0800   4.3019995E+05   1.0137810E+00
   62.0900   4.2968282E+05   1.0137778E+00
   62.1000   4.2916920E+05   1.0137747E+00
   62.1100   4.2865899E+05   1.0137715E+00
   62.1200   4.2815215E+05   1.0137684E+00
   62.1300   4.2764883E+05   1.0137653E+00
   62.1400   4.2714887E+05   1.0137623E+00
   62.1500   4.2665234E+05   1.0137592E+00
   62.1600   4.2615933E+05   1.0137562E+00
   62.1700   4.2566979E+05   1.0137532E+00
   62.1800   4.2518371E+05   1.0137502E+00
   62.1900   4.2470113E+05   1.0137473E+00
   62.2000   4.2422193E+05   1.0137443E+00
   62.2100   4.2374622E+05   1.0137414E+00
   62.2200   4.2327397E+05   1.0137385E+00
   62.2300   4.2280516E+05   1.0137356E+00
   62.2400   4.2233985E+05   1.0137328E+00
   62.2500   4.2187793E+05   1.0137299E+00
   62.2600   4.2141952E+05   1.0137271E+00
   62.2700   4.2096459E+05   1.0137243E+00
   62.2800   4.2051315E+05   1.0137215E+00
   62.2900   4.2006526E+05   1.0137188E+00
   62.3000   4.1962082E+05   1.0137161E+00
   62.3100   4.1917977E+05   1.0137134E+00
   62.3200   4.1874212E+05   1.0137107E+00
   62.3300   4.1830787E+05   1.0137080E+00
   62.3400   4.1787708E+05   1.0137054E+00
   62.3500   4.1744968E+05   1.0137027E+00
   62.3600   4.1702580E+05   1.0137001E+00
   62.3700   4.1660543E+05   1.0136975E+00
   62.3800   4.1618842E+05   1.0136950E+00
   62.3900   4.1577484E+05   1.0136924E+00
   62.4000   4.1536480E+05   1.0136899E+00
   62.4100   4.1495826E+05   1.0136874E+00
   62.4200   4.1455523E+05   1.0136850E+00
   62.4300   4.1415557E+05   1.0136825E+00
   62.4400   4.1375936E+05   1.0136801E+00
   62.4500   4.1336653E+05   1.0136776E+00
   62.4600   4.1297707E+05   1.0136753E+00
   62.4700   4.1259097E+05   1.0136729E+00
   62.4800   4.1220829E+05   1.0136705E+00
   62.4900   4.1182912E+05   1.0136682E+00
   62.5000   4.1145340E+05   1.0136659E+00
   62.5100   4.1108111E+05   1.0136636E+00
   62.5200   4.1071228E+05   1.0136613E+00
   62.5300   4.1034696E+05   1.0136591E+00
   62.5400   4.0998506E+05   1.0136569E+00
   62.5500   4.0962655E+05   1.0136547E+00
   62.5600   4.0927141E+05   1.0136525E+00
   62.5700   4.0891967E+05   1.0136503E+00
   62.5800   4.0857140E+05   1.0136482E+00
   62.5900   4.0822652E+05   1.0136460E+00
   62.6000   4.0788500E+05   1.0136439E+00
   62.6100   4.0754683E+05   1.0136419E+00
   62.6200   4.0721204E+05   1.0136398E+00
   62.6300   4.0688072E+05   1.0136378E+00
   62.6400   4.0655279E+05   1.0136357E+00
   62.6500   4.0622822E+05   1.0136337E+00
   62.6600   4.0590701E+05   1.0136318E+00
   62.6700   4.0558920E+05   1.0136298E+00
   62.6800   4.0527488E+05   1.0136279E+00
   62.6900   4.0496398E+05   1.0136260E+00
   62.7000   4.0465648E+05   1.0136241E+00
   62.7100   4.0435239E+05   1.0136222E+00
   62.7200   4.0405176E+05   1.0136204E+00
   62.7300   4.0375450E+05   1.0136185E+00
   62.7400   4.0346073E+05   1.0136167E+00
   62.7500   4.0317043E+05   1.0136149E+00
   62.7600   4.0288364E+05   1.0136132E+00
   62.7700   4.0260022E+05   1.0136114E+00
   62.7800   4.0232028E+05   1.0136097E+00
   62.7900   4.0204377E+05   1.0136080E+00
   62.8000   4.0177069E+05   1.0136063E+00
   62.8100   4.0150106E+05   1.0136046E+00
   62.8200   4.0123496E+05   1.0136030E+00
   62.8300   4.0097232E+05   1.0136014E+00
   62.8400   4.0071309E+05   1.0135998E+00
   62.8500   4.0045728E+05   1.0135982E+00
   62.8600   4.0020494E+05   1.0135967E+00
   62.8700   3.9995615E+05   1.0135951E+00
   62.8800   3.9971083E+05   1.0135936E+00
   62.8900   3.9946898E+05   1.0135921E+00
   62.9000   3.9923060E+05   1.0135906E+00
   62.9100   3.9899574E+05   1.0135892E+00
   62.9200   3.9876433E+05   1.0135878E+00
   62.9300   3.9853648E+05   1.0135864E+00
   62.9400   3.9831219E+05   1.0135850E+00
   62.9500   3.9809149E+05   1.0135836E+00
   62.9600   3.9787426E+05   1.0135823E+00
   62.9700   3.9766060E+05   1.0135810E+00
   62.9800   3.9745050E+05   1.0135797E+00
   62.9900   3.9724394E+05   1.0135784E+00
   63.0000   3.9704097E+05   1.0135771E+00
   63.0100   3.9684149E+05   1.0135759E+00
   63.0200   3.9664564E+05   1.0135747E+00
   63.0300   3.9645338E+05   1.0135735E+00
   63.0400   3.9626473E+05   1.0135723E+00
   63.0500   3.9607977E+05   1.0135712E+00
   63.0600   3.9589840E+05   1.0135701E+00
   63.0700   3.9572060E+05   1.0135690E+00
   63.0800   3.9554635E+05   1.0135679E+00
   63.0900   3.9537571E+05   1.0135668E+00
   63.1000   3.9520874E+05   1.0135658E+00
   63.1100   3.9504538E+05   1.0135648E+00
   63.1200   3.9488563E+05   1.0135638E+00
   63.1300   3.9472949E+05   1.0135628E+00
   63.1400   3.9457702E+05   1.0135619E+00
   63.1500   3.9442833E+05   1.0135610E+00
   63.1600   3.9428337E+05   1.0135601E+00
   63.1700   3.9414214E+05   1.0135592E+00
   63.1800   3.9400469E+05   1.0135583E+00
   63.1900   3.9387093E+05   1.0135575E+00
   63.2000   3.9374097E+05   1.0135567E+00
   63.2100   3.9361481E+05   1.0135559E+00
   63.2200   3.9349247E+05   1.0135551E+00
   63.2300   3.9337384E+05   1.0135544E+00
   63.2400   3.9325904E+05   1.0135537E+00
   63.2500   3.9314804E+05   1.0135530E+00
   63.2600   3.9304085E+05   1.0135523E+00
   63.2700   3.9293754E+05   1.0135517E+00
   63.2800   3.9283802E+05   1.0135511E+00
   63.2900   3.9274226E+05   1.0135505E+00
   63.3000   3.9265044E+05   1.0135499E+00
   63.3100   3.9256243E+05   1.0135493E+00
   63.3200   3.9247832E+05   1.0135488E+00
   63.3300   3.9239805E+05   1.0135483E+00
   63.3400   3.9232163E+05   1.0135478E+00
   63.3500   3.9224908E+05   1.0135474E+00
   63.3600   3.9218050E+05   1.0135470E+00
   63.3700   3.9211582E+05   1.0135465E+00
   63.3800   3.9205504E+05   1.0135462E+00
   63.3900   3.9199817E+05   1.0135458E+00
   63.4000   3.9194530E+05   1.0135455E+00
   63.4100   3.9189635E+05   1.0135452E+00
   63.4200   3.9185131E+05   1.0135449E+00
   63.4300   3.9181021E+05   1.0135446E+00
   63.4400   3.9177310E+05   1.0135444E+00
   63.4500   3.9173992E+05   1.0135442E+00
   63.4600   3.9171083E+05   1.0135440E+00
   63.4700   3.9168583E+05   1.0135438E+00
   63.4800   3.9166483E+05   1.0135437E+00
   63.4900   3.9164791E+05   1.0135435E+00
   63.5000   3.9163507E+05   1.0135435E+00
   63.5100   3.9162631E+05   1.0135434E+00
   63.5200   3.9162151E+05   1.0135433E+00
   63.5300   3.9162079E+05   1.0135433E+00
   63.5400   3.9162412E+05   1.0135433E+00
   63.5500   3.9163151E+05   1.0135434E+00
   63.5600   3.9164303E+05   1.0135434E+00
   63.5700   3.9165860E+05   1.0135435E+00
   63.5800   3.9167819E+05   1.0135436E+00
   63.5900   3.9170181E+05   1.0135438E+00
   63.6000   3.9172954E+05   1.0135439E+00
   63.6100   3.9176129E+05   1.0135441E+00
   63.6200   3.9179722E+05   1.0135443E+00
   63.6300   3.9183734E+05   1.0135445E+00
   63.6400   3.9188153E+05   1.0135448E+00
   63.6500   3.9192990E+05   1.0135451E+00
   63.6600   3.9198243E+05   1.0135454E+00
   63.6700   3.9203913E+05   1.0135457E+00
   63.6800   3.9209989E+05   1.0135461E+00
   63.6900   3.9216482E+05   1.0135465E+00
   63.7000   3.9223390E+05   1.0135469E+00
   63.7100   3.9230714E+05   1.0135473E+00
   63.7200   3.9238444E+05   1.0135478E+00
   63.7300   3.9246591E+05   1.0135483E+00
   63.7400   3.9255152E+05   1.0135488E+00
   63.7500   3.9264131E+05   1.0135493E+00
   63.7600   3.9273516E+05   1.0135499E+00
   63.7700   3.9283319E+05   1.0135505E+00
   63.7800   3.9293538E+05   1.0135511E+00
   63.7900   3.9304175E+05   1.0135518E+00
   63.8000   3.9315221E+05   1.0135524E+00
   63.8100   3.9326687E+05   1.0135531E+00
   63.8200   3.9338571E+05   1.0135538E+00
   63.8300   3.9350859E+05   1.0135546E+00
   63.8400   3.9363559E+05   1.0135553E+00
   63.8500   3.9376664E+05   1.0135561E+00
   63.8600   3.9390173E+05   1.0135569E+00
   63.8700   3.9404089E+05   1.0135578E+00
   63.8800   3.9418420E+05   1.0135587E+00
   63.8900   3.9433160E+05   1.0135596E+00
   63.9000   3.9448308E+05   1.0135605E+00
   63.9100   3.9463866E+05   1.0135614E+00
   63.9200   3.9479826E+05   1.0135624E+00
   63.9300   3.9496198E+05   1.0135634E+00
   63.9400   3.9512981E+05   1.0135644E+00
   63.9500   3.9530162E+05   1.0135654E+00
   63.9600   3.9547747E+05   1.0135665E+00
   63.9700   3.9565731E+05   1.0135676E+00
   63.9800   3.9584112E+05   1.0135687E+00
   63.9900   3.9602893E+05   1.0135699E+00
   64.0000   3.9622063E+05   1.0135710E+00
   64.0100   3.9641634E+05   1.0135722E+00
   64.0200   3.9661605E+05   1.0135734E+00
   64.0300   3.9681978E+05   1.0135747E+00
   64.0400   3.9702741E+05   1.0135759E+00
   64.0500   3.9723888E+05   1.0135772E+00
   64.0600   3.9745416E+05   1.0135785E+00
   64.0700   3.9767328E+05   1.0135799E+00
   64.0800   3.9789629E+05   1.0135812E+00
   64.0900   3.9812311E+05   1.0135826E+00
   64.1000   3.9835371E+05   1.0135840E+00
   64.1100   3.9858809E+05   1.0135854E+00
   64.1200   3.9882631E+05   1.0135869E+00
   64.1300   3.9906827E+05   1.0135883E+00
   64.1400   3.9931393E+05   1.0135898E+00
   64.1500   3.9956328E+05   1.0135914E+00
   64.1600   3.9981635E+05   1.0135929E+00
   64.1700   4.0007305E+05   1.0135945E+00
   64.1800   4.0033348E+05   1.0135961E+00
   64.1900   4.0059762E+05   1.0135977E+00
   64.2000   4.0086530E+05   1.0135993E+00
   64.2100   4.0113660E+05   1.0136009E+00
   64.2200   4.0141142E+05   1.0136026E+00
   64.2300   4.0168971E+05   1.0136043E+00
   64.2400   4.0197148E+05   1.0136060E+00
   64.2500   4.0225675E+05   1.0136078E+00
   64.2600   4.0254542E+05   1.0136095E+00
   64.2700   4.0283759E+05   1.0136113E+00
   64.2800   4.0313324E+05   1.0136131E+00
   64.2900   4.0343219E+05   1.0136150E+00
   64.3000   4.0373449E+05   1.0136168E+00
   64.3100   4.0404002E+05   1.0136187E+00
   64.3200   4.0434892E+05   1.0136205E+00
   64.3300   4.0466115E+05   1.0136225E+00
   64.3400   4.0497654E+05   1.0136244E+00
   64.3500   4.0529514E+05   1.0136263E+00
   64.3600   4.0561684E+05   1.0136283E+00
   64.3700   4.0594177E+05   1.0136303E+00
   64.3800   4.0626989E+05   1.0136323E+00
   64.3900   4.0660103E+05   1.0136343E+00
   64.4000   4.0693523E+05   1.0136363E+00
   64.4100   4.0727239E+05   1.0136384E+00
   64.4200   4.0761260E+05   1.0136405E+00
   64.4300   4.0795583E+05   1.0136426E+00
   64.4400   4.0830207E+05   1.0136447E+00
   64.4500   4.0865117E+05   1.0136468E+00
   64.4600   4.0900319E+05   1.0136490E+00
   64.4700   4.0935804E+05   1.0136511E+00
   64.4800   4.0971566E+05   1.0136533E+00
   64.4900   4.1007602E+05   1.0136555E+00
   64.5000   4.1043913E+05   1.0136577E+00
   64.5100   4.1080502E+05   1.0136600E+00
   64.5200   4.1117358E+05   1.0136622E+00
   64.5300   4.1154472E+05   1.0136645E+00
   64.5400   4.1191837E+05   1.0136668E+00
   64.5500   4.1229453E+05   1.0136691E+00
   64.5600   4.1267317E+05   1.0136714E+00
   64.5700   4.1305434E+05   1.0136737E+00
   64.5800   4.1343789E+05   1.0136761E+00
   64.5900   4.1382393E+05   1.0136784E+00
   64.6000   4.1421236E+05   1.0136808E+00
   64.6100   4.1460315E+05   1.0136832E+00
   64.6200   4.1499629E+05   1.0136856E+00
   64.6300   4.1539176E+05   1.0136880E+00
   64.6400   4.1578944E+05   1.0136905E+00
   64.6500   4.1618937E+05   1.0136929E+00
   64.6600   4.1659146E+05   1.0136954E+00
   64.6700   4.1699564E+05   1.0136978E+00
   64.6800   4.1740186E+05   1.0137003E+00
   64.6900   4.1781008E+05   1.0137028E+00
   64.7000   4.1822030E+05   1.0137053E+00
   64.7100   4.1863255E+05   1.0137078E+00
   64.7200   4.1904686E+05   1.0137104E+00
   64.7300   4.1946311E+05   1.0137129E+00
   64.7400   4.1988120E+05   1.0137155E+00
   64.7500   4.2030125E+05   1.0137181E+00
   64.7600   4.2072320E+05   1.0137206E+00
   64.7700   4.2114701E+05   1.0137232E+00
   64.7800   4.2157268E+05   1.0137258E+00
   64.7900   4.2200003E+05   1.0137285E+00
   64.8000   4.2242909E+05   1.0137311E+00
   64.8100   4.2285991E+05   1.0137337E+00
   64.8200   4.2329238E+05   1.0137364E+00
   64.8300   4.2372639E+05   1.0137390E+00
   64.8400   4.2416205E+05   1.0137417E+00
   64.8500   4.2459931E+05   1.0137444E+00
   64.8600   4.2503811E+05   1.0137471E+00
   64.8700   4.2547844E+05   1.0137497E+00
   64.8800   4.2592029E+05   1.0137525E+00
   64.8900   4.2636348E+05   1.0137552E+00
   64.9000   4.2680804E+05   1.0137579E+00
   64.9100   4.2725401E+05   1.0137606E+00
   64.9200   4.2770127E+05   1.0137634E+00
   64.9300   4.2814988E+05   1.0137661E+00
   64.9400   4.2859975E+05   1.0137689E+00
   64.9500   4.2905081E+05   1.0137716E+00
   64.9600   4.2950315E+05   1.0137744E+00
   64.9700   4.2995673E+05   1.0137772E+00
   64.9800   4.3041151E+05   1.0137800E+00
   64.9900   4.3086747E+05   1.0137827E+00
   65.0000   4.3132458E+05   1.0137855E+00
   65.0100   4.3178286E+05   1.0137884E+00
   65.0200   4.3224230E+05   1.0137912E+00
   65.0300   4.3270277E+05   1.0137940E+00
   65.0400   4.3316429E+05   1.0137968E+00
   65.0500   4.3362692E+05   1.0137997E+00
   65.0600   4.3409054E+05   1.0138025E+00
   65.0700   4.3455522E+05   1.0138053E+00
   65.0800   4.3502086E+05   1.0138082E+00
   65.0900   4.3548738E+05   1.0138111E+00
   65.1000   4.3595490E+05   1.0138139E+00
   65.1100   4.3642333E+05   1.0138168E+00
   65.1200   4.3689263E+05   1.0138197E+00
   65.1300   4.3736277E+05   1.0138225E+00
   65.1400   4.3783369E+05   1.0138254E+00
   65.1500   4.3830556E+05   1.0138283E+00
   65.1600   4.3877837E+05   1.0138312E+00
   65.1700   4.3925192E+05   1.0138341E+00
   65.1800   4.3972624E+05   1.0138370E+00
   65.1900   4.4020131E+05   1.0138399E+00
   65.2000   4.4067718E+05   1.0138429E+00
   65.2100   4.4115387E+05   1.0138458E+00
   65.2200   4.4163142E+05   1.0138487E+00
   65.2300   4.4210970E+05   1.0138516E+00
   65.2400   4.4258876E+05   1.0138546E+00
   65.2500   4.4306850E+05   1.0138575E+00
   65.2600   4.4354899E+05   1.0138605E+00
   65.2700   4.4403031E+05   1.0138634E+00
   65.2800   4.4451237E+05   1.0138664E+00
   65.2900   4.4499510E+05   1.0138693E+00
   65.3000   4.4547860E+05   1.0138723E+00
   65.3100   4.4596281E+05   1.0138753E+00
   65.3200   4.4644767E+05   1.0138782E+00
   65.3300   4.4693331E+05   1.0138812E+00
   65.3400   4.4741970E+05   1.0138842E+00
   65.3500   4.4790681E+05   1.0138872E+00
   65.3600   4.4839461E+05   1.0138902E+00
   65.3700   4.4888309E+05   1.0138932E+00
   65.3800   4.4937224E+05   1.0138962E+00
   65.3900   4.4986206E+05   1.0138992E+00
   65.4000   4.5035255E+05   1.0139022E+00
   65.4100   4.5084375E+05   1.0139052E+00
   65.4200   4.5133566E+05   1.0139082E+00
   65.4300   4.5182832E+05   1.0139112E+00
   65.4400   4.5232177E+05   1.0139143E+00
   65.4500   4.5281606E+05   1.0139173E+00
   65.4600   4.5331107E+05   1.0139203E+00
   65.4700   4.5380686E+05   1.0139234E+00
   65.4800   4.5430352E+05   1.0139264E+00
   65.4900   4.5480094E+05   1.0139295E+00
   65.5000   4.5529921E+05   1.0139325E+00
   65.5100   4.5579827E+05   1.0139356E+00
   65.5200   4.5629822E+05   1.0139387E+00
   65.5300   4.5679900E+05   1.0139417E+00
   65.5400   4.5730076E+05   1.0139448E+00
   65.5500   4.5780344E+05   1.0139479E+00
   65.5600   4.5830702E+05   1.0139510E+00
   65.5700   4.5881149E+05   1.0139541E+00
   65.5800   4.5931684E+05   1.0139572E+00
   65.5900   4.5982306E+05   1.0139603E+00
   65.6000   4.6033036E+05   1.0139634E+00
   65.6100   4.6083857E+05   1.0139665E+00
   65.6200   4.6134773E+05   1.0139697E+00
   65.6300   4.6185789E+05   1.0139728E+00
   65.6400   4.6236911E+05   1.0139759E+00
   65.6500   4.6288144E+05   1.0139791E+00
   65.6600   4.6339480E+05   1.0139822E+00
   65.6700   4.6390927E+05   1.0139854E+00
   65.6800   4.6442497E+05   1.0139885E+00
   65.6900   4.6494182E+05   1.0139917E+00
   65.7000   4.6545996E+05   1.0139949E+00
   65.7100   4.6597936E+05   1.0139981E+00
   65.7200   4.6649999E+05   1.0140013E+00
   65.7300   4.6702185E+05   1.0140045E+00
   65.7400   4.6754494E+05   1.0140077E+00
   65.7500   4.6806929E+05   1.0140109E+00
   65.7600   4.6859494E+05   1.0140141E+00
   65.7700   4.6912192E+05   1.0140174E+00
   65.7800   4.6965031E+05   1.0140206E+00
   65.7900   4.7018019E+05   1.0140239E+00
   65.8000   4.7071147E+05   1.0140271E+00
   65.8100   4.7124426E+05   1.0140304E+00
   65.8200   4.7177852E+05   1.0140337E+00
   65.8300   4.7231439E+05   1.0140370E+00
   65.8400   4.7285185E+05   1.0140403E+00
   65.8500   4.7339091E+05   1.0140436E+00
   65.8600   4.7393158E+05   1.0140469E+00
   65.8700   4.7447390E+05   1.0140502E+00
   65.8800   4.7501792E+05   1.0140536E+00
   65.8900   4.7556373E+05   1.0140569E+00
   65.9000   4.7611123E+05   1.0140603E+00
   65.9100   4.7666054E+05   1.0140637E+00
   65.9200   4.7721161E+05   1.0140671E+00
   65.9300   4.7776459E+05   1.0140705E+00
   65.9400   4.7831948E+05   1.0140739E+00
   65.9500   4.7887629E+05   1.0140773E+00
   65.9600   4.7943506E+05   1.0140807E+00
   65.9700   4.7999584E+05   1.0140842E+00
   65.9800   4.8055873E+05   1.0140876E+00
   65.9900   4.8112363E+05   1.0140911E+00
   66.0000   4.8169069E+05   1.0140946E+00
   66.0100   4.8225986E+05   1.0140981E+00
   66.0200   4.8283114E+05   1.0141016E+00
   66.0300   4.8340456E+05   1.0141051E+00
   66.0400   4.8398014E+05   1.0141086E+00
   66.0500   4.8455796E+05   1.0141122E+00
   66.0600   4.8513811E+05   1.0141158E+00
   66.0700   4.8572051E+05   1.0141193E+00
   66.0800   4.8630533E+05   1.0141229E+00
   66.0900   4.8689253E+05   1.0141265E+00
   66.1000   4.8748213E+05   1.0141302E+00
   66.1100   4.8807418E+05   1.0141338E+00
   66.1200   4.8866874E+05   1.0141374E+00
   66.1300   4.8926574E+05   1.0141411E+00
   66.1400   4.8986528E+05   1.0141448E+00
   66.1500   4.9046735E+05   1.0141485E+00
   66.1600   4.9107194E+05   1.0141522E+00
   66.1700   4.9167908E+05   1.0141559E+00
   66.1800   4.9228882E+05   1.0141597E+00
   66.1900   4.9290126E+05   1.0141635E+00
   66.2000   4.9351632E+05   1.0141672E+00
   66.2100   4.9413414E+05   1.0141710E+00
   66.2200   4.9475473E+05   1.0141748E+00
   66.2300   4.9537811E+05   1.0141787E+00
   66.2400   4.9600432E+05   1.0141825E+00
   66.2500   4.9663329E+05   1.0141864E+00
   66.2600   4.9726513E+05   1.0141903E+00
   66.2700   4.9789980E+05   1.0141942E+00
   66.2800   4.9853731E+05   1.0141981E+00
   66.2900   4.9917769E+05   1.0142020E+00
   66.3000   4.9982101E+05   1.0142060E+00
   66.3100   5.0046717E+05   1.0142100E+00
   66.3200   5.0111633E+05   1.0142139E+00
   66.3300   5.0176844E+05   1.0142180E+00
   66.3400   5.0242353E+05   1.0142220E+00
   66.3500   5.0308165E+05   1.0142260E+00
   66.3600   5.0374269E+05   1.0142301E+00
   66.3700   5.0440678E+05   1.0142342E+00
   66.3800   5.0507387E+05   1.0142383E+00
   66.3900   5.0574398E+05   1.0142424E+00
   66.4000   5.0641713E+05   1.0142465E+00
   66.4100   5.0709339E+05   1.0142507E+00
   66.4200   5.0777268E+05   1.0142549E+00
   66.4300   5.0845497E+05   1.0142591E+00
   66.4400   5.0914041E+05   1.0142633E+00
   66.4500   5.0982887E+05   1.0142675E+00
   66.4600   5.1052038E+05   1.0142718E+00
   66.4700   5.1121506E+05   1.0142760E+00
   66.4800   5.1191283E+05   1.0142803E+00
   66.4900   5.1261370E+05   1.0142846E+00
   66.5000   5.1331766E+05   1.0142889E+00
   66.5100   5.1402477E+05   1.0142933E+00
   66.5200   5.1473494E+05   1.0142977E+00
   66.5300   5.1544829E+05   1.0143020E+00
   66.5400   5.1616478E+05   1.0143065E+00
   66.5500   5.1688444E+05   1.0143109E+00
   66.5600   5.1760712E+05   1.0143153E+00
   66.5700   5.1833290E+05   1.0143198E+00
   66.5800   5.1906172E+05   1.0143243E+00
   66.5900   5.1979353E+05   1.0143288E+00
   66.6000   5.2052835E+05   1.0143333E+00
   66.6100   5.2126620E+05   1.0143378E+00
   66.6200   5.2200697E+05   1.0143424E+00
   66.6300   5.2275076E+05   1.0143470E+00
   66.6400   5.2349752E+05   1.0143515E+00
   66.6500   5.2424724E+05   1.0143562E+00
   66.6600   5.2499993E+05   1.0143608E+00
   66.6700   5.2575547E+05   1.0143654E+00
   66.6800   5.2651394E+05   1.0143701E+00
   66.6900   5.2727528E+05   1.0143748E+00
   66.7000   5.2803946E+05   1.0143795E+00
   66.7100   5.2880646E+05   1.0143842E+00
   66.7200   5.2957633E+05   1.0143889E+00
   66.7300   5.3034895E+05   1.0143937E+00
   66.7400   5.3112423E+05   1.0143984E+00
   66.7500   5.3190211E+05   1.0144032E+00
   66.7600   5.3268257E+05   1.0144080E+00
   66.7700   5.3346560E+05   1.0144128E+00
   66.7800   5.3425123E+05   1.0144177E+00
   66.7900   5.3503934E+05   1.0144225E+00
   66.8000   5.3583003E+05   1.0144274E+00
   66.8100   5.3662321E+05   1.0144323E+00
   66.8200   5.3741886E+05   1.0144372E+00
   66.8300   5.3821697E+05   1.0144421E+00
   66.8400   5.3901736E+05   1.0144470E+00
   66.8500   5.3982009E+05   1.0144519E+00
   66.8600   5.4062503E+05   1.0144569E+00
   66.8700   5.4143212E+05   1.0144619E+00
   66.8800   5.4224127E+05   1.0144668E+00
   66.8900   5.4305245E+05   1.0144718E+00
   66.9000   5.4386565E+05   1.0144768E+00
   66.9100   5.4468087E+05   1.0144818E+00
   66.9200   5.4549796E+05   1.0144869E+00
   66.9300   5.4631696E+05   1.0144919E+00
   66.9400   5.4713777E+05   1.0144970E+00
   66.9500   5.4796030E+05   1.0145020E+00
   66.9600   5.4878447E+05   1.0145071E+00
   66.9700   5.4961024E+05   1.0145122E+00
   66.9800   5.5043757E+05   1.0145173E+00
   66.9900   5.5126645E+05   1.0145224E+00
   67.0000   5.5209669E+05   1.0145275E+00
   67.0100   5.5292831E+05   1.0145326E+00
   67.0200   5.5376116E+05   1.0145377E+00
   67.0300   5.5459512E+05   1.0145429E+00
   67.0400   5.5543022E+05   1.0145480E+00
   67.0500   5.5626638E+05   1.0145531E+00
   67.0600   5.5710349E+05   1.0145583E+00
   67.0700   5.5794146E+05   1.0145634E+00
   67.0800   5.5878022E+05   1.0145686E+00
   67.0900   5.5961970E+05   1.0145738E+00
   67.1000   5.6045984E+05   1.0145790E+00
   67.1100   5.6130059E+05   1.0145841E+00
   67.1200   5.6214172E+05   1.0145893E+00
   67.1300   5.6298320E+05   1.0145945E+00
   67.1400   5.6382498E+05   1.0145997E+00
   67.1500   5.6466704E+05   1.0146049E+00
   67.1600   5.6550917E+05   1.0146100E+00
   67.1700   5.6635134E+05   1.0146152E+00
   67.1800   5.6719352E+05   1.0146204E+00
   67.1900   5.6803550E+05   1.0146256E+00
   67.2000   5.6887726E+05   1.0146308E+00
   67.2100   5.6971877E+05   1.0146360E+00
   67.2200   5.7055981E+05   1.0146411E+00
   67.2300   5.7140034E+05   1.0146463E+00
   67.2400   5.7224032E+05   1.0146515E+00
   67.2500   5.7307952E+05   1.0146567E+00
   67.2600   5.7391789E+05   1.0146618E+00
   67.2700   5.7475535E+05   1.0146670E+00
   67.2800   5.7559184E+05   1.0146721E+00
   67.2900   5.7642726E+05   1.0146773E+00
   67.3000   5.7726152E+05   1.0146824E+00
   67.3100   5.7809450E+05   1.0146875E+00
   67.3200   5.7892609E+05   1.0146927E+00
   67.3300   5.7975614E+05   1.0146978E+00
   67.3400   5.8058449E+05   1.0147029E+00
   67.3500   5.8141115E+05   1.0147080E+00
   67.3600   5.8223594E+05   1.0147131E+00
   67.3700   5.8305881E+05   1.0147181E+00
   67.3800   5.8387971E+05   1.0147232E+00
   67.3900   5.8469839E+05   1.0147282E+00
   67.4000   5.8551474E+05   1.0147333E+00
   67.4100   5.8632864E+05   1.0147383E+00
   67.4200   5.8714013E+05   1.0147433E+00
   67.4300   5.8794902E+05   1.0147483E+00
   67.4400   5.8875528E+05   1.0147532E+00
   67.4500   5.8955868E+05   1.0147582E+00
   67.4600   5.9035913E+05   1.0147631E+00
   67.4700   5.9115652E+05   1.0147680E+00
   67.4800   5.9195070E+05   1.0147729E+00
   67.4900   5.9274165E+05   1.0147778E+00
   67.5000   5.9352915E+05   1.0147827E+00
   67.5100   5.9431312E+05   1.0147875E+00
   67.5200   5.9509345E+05   1.0147923E+00
   67.5300   5.9587015E+05   1.0147971E+00
   67.5400   5.9664303E+05   1.0148019E+00
   67.5500   5.9741202E+05   1.0148066E+00
   67.5600   5.9817703E+05   1.0148113E+00
   67.5700   5.9893791E+05   1.0148160E+00
   67.5800   5.9969446E+05   1.0148207E+00
   67.5900   6.0044662E+05   1.0148253E+00
   67.6000   6.0119429E+05   1.0148299E+00
   67.6100   6.0193731E+05   1.0148345E+00
   67.6200   6.0267566E+05   1.0148391E+00
   67.6300   6.0340925E+05   1.0148436E+00
   67.6400   6.0413795E+05   1.0148481E+00
   67.6500   6.0486158E+05   1.0148526E+00
   67.6600   6.0558008E+05   1.0148570E+00
   67.6700   6.0629332E+05   1.0148614E+00
   67.6800   6.0700115E+05   1.0148658E+00
   67.6900   6.0770349E+05   1.0148701E+00
   67.7000   6.0840024E+05   1.0148744E+00
   67.7100   6.0909122E+05   1.0148787E+00
   67.7200   6.0977638E+05   1.0148829E+00
   67.7300   6.1045558E+05   1.0148871E+00
   67.7400   6.1112882E+05   1.0148913E+00
   67.7500   6.1179585E+05   1.0148954E+00
   67.7600   6.1245671E+05   1.0148995E+00
   67.7700   6.1311118E+05   1.0149035E+00
   67.7800   6.1375916E+05   1.0149075E+00
   67.7900   6.1440067E+05   1.0149115E+00
   67.8000   6.1503546E+05   1.0149154E+00
   67.8100   6.1566339E+05   1.0149193E+00
   67.8200   6.1628443E+05   1.0149232E+00
   67.8300   6.1689847E+05   1.0149270E+00
   67.8400   6.1750551E+05   1.0149307E+00
   67.8500   6.1810529E+05   1.0149344E+00
   67.8600   6.1869783E+05   1.0149381E+00
   67.8700   6.1928306E+05   1.0149417E+00
   67.8800   6.1986084E+05   1.0149453E+00
   67.8900   6.2043113E+05   1.0149488E+00
   67.9000   6.2099381E+05   1.0149523E+00
   67.9100   6.2154865E+05   1.0149557E+00
   67.9200   6.2209574E+05   1.0149591E+00
   67.9300   6.2263486E+05   1.0149625E+00
   67.9400   6.2316591E+05   1.0149657E+00
   67.9500   6.2368887E+05   1.0149690E+00
   67.9600   6.2420363E+05   1.0149722E+00
   67.9700   6.2471018E+05   1.0149753E+00
   67.9800   6.2520840E+05   1.0149784E+00
   67.9900   6.2569811E+05   1.0149814E+00
   68.0000   6.2617936E+05   1.0149844E+00
   68.0100   6.2665196E+05   1.0149874E+00
   68.0200   6.2711577E+05   1.0149902E+00
   68.0300   6.2757077E+05   1.0149931E+00
   68.0400   6.2801699E+05   1.0149958E+00
   68.0500   6.2845422E+05   1.0149986E+00
   68.0600   6.2888246E+05   1.0150012E+00
   68.0700   6.2930167E+05   1.0150038E+00
   68.0800   6.2971166E+05   1.0150064E+00
   68.0900   6.3011235E+05   1.0150089E+00
   68.1000   6.3050372E+05   1.0150113E+00
   68.1100   6.3088566E+05   1.0150137E+00
   68.1200   6.3125813E+05   1.0150160E+00
   68.1300   6.3162117E+05   1.0150183E+00
   68.1400   6.3197471E+05   1.0150205E+00
   68.1500   6.3231857E+05   1.0150226E+00
   68.1600   6.3265285E+05   1.0150247E+00
   68.1700   6.3297733E+05   1.0150267E+00
   68.1800   6.3329206E+05   1.0150287E+00
   68.1900   6.3359698E+05   1.0150306E+00
   68.2000   6.3389193E+05   1.0150325E+00
   68.2100   6.3417699E+05   1.0150342E+00
   68.2200   6.3445213E+05   1.0150360E+00
   68.2300   6.3471721E+05   1.0150376E+00
   68.2400   6.3497217E+05   1.0150392E+00
   68.2500   6.3521702E+05   1.0150408E+00
   68.2600   6.3545163E+05   1.0150422E+00
   68.2700   6.3567598E+05   1.0150437E+00
   68.2800   6.3589008E+05   1.0150450E+00
   68.2900   6.3609385E+05   1.0150463E+00
   68.3000   6.3628726E+05   1.0150475E+00
   68.3100   6.3647035E+05   1.0150487E+00
   68.3200   6.3664307E+05   1.0150498E+00
   68.3300   6.3680540E+05   1.0150508E+00
   68.3400   6.3695722E+05   1.0150518E+00
   68.3500   6.3709848E+05   1.0150527E+00
   68.3600   6.3722920E+05   1.0150535E+00
   68.3700   6.3734943E+05   1.0150543E+00
   68.3800   6.3745914E+05   1.0150550E+00
   68.3900   6.3755835E+05   1.0150557E+00
   68.4000   6.3764697E+05   1.0150562E+00
   68.4100   6.3772496E+05   1.0150568E+00
   68.4200   6.3779236E+05   1.0150572E+00
   68.4300   6.3784908E+05   1.0150576E+00
   68.4400   6.3789509E+05   1.0150579E+00
   68.4500   6.3793044E+05   1.0150582E+00
   68.4600   6.3795505E+05   1.0150584E+00
   68.4700   6.3796889E+05   1.0150585E+00
   68.4800   6.3797202E+05   1.0150586E+00
   68.4900   6.3796454E+05   1.0150585E+00
   68.5000   6.3794645E+05   1.0150585E+00
   68.5100   6.3791760E+05   1.0150583E+00
   68.5200   6.3787812E+05   1.0150581E+00
   68.5300   6.3782800E+05   1.0150579E+00
   68.5400   6.3776712E+05   1.0150575E+00
   68.5500   6.3769560E+05   1.0150571E+00
   68.5600   6.3761344E+05   1.0150567E+00
   68.5700   6.3752071E+05   1.0150561E+00
   68.5800   6.3741736E+05   1.0150555E+00
   68.5900   6.3730340E+05   1.0150549E+00
   68.6000   6.3717891E+05   1.0150542E+00
   68.6100   6.3704383E+05   1.0150534E+00
   68.6200   6.3689820E+05   1.0150525E+00
   68.6300   6.3674210E+05   1.0150516E+00
   68.6400   6.3657550E+05   1.0150506E+00
   68.6500   6.3639843E+05   1.0150496E+00
   68.6600   6.3621082E+05   1.0150485E+00
   68.6700   6.3601281E+05   1.0150473E+00
   68.6800   6.3580447E+05   1.0150461E+00
   68.6900   6.3558573E+05   1.0150448E+00
   68.7000   6.3535657E+05   1.0150434E+00
   68.7100   6.3511708E+05   1.0150420E+00
   68.7200   6.3486737E+05   1.0150405E+00
   68.7300   6.3460746E+05   1.0150389E+00
   68.7400   6.3433726E+05   1.0150373E+00
   68.7500   6.3405693E+05   1.0150356E+00
   68.7600   6.3376649E+05   1.0150339E+00
   68.7700   6.3346605E+05   1.0150321E+00
   68.7800   6.3315562E+05   1.0150302E+00
   68.7900   6.3283525E+05   1.0150283E+00
   68.8000   6.3250492E+05   1.0150263E+00
   68.8100   6.3216463E+05   1.0150243E+00
   68.8200   6.3181450E+05   1.0150222E+00
   68.8300   6.3145450E+05   1.0150200E+00
   68.8400   6.3108471E+05   1.0150178E+00
   68.8500   6.3070524E+05   1.0150155E+00
   68.8600   6.3031613E+05   1.0150131E+00
   68.8700   6.2991747E+05   1.0150107E+00
   68.8800   6.2950925E+05   1.0150083E+00
   68.8900   6.2909155E+05   1.0150057E+00
   68.9000   6.2866451E+05   1.0150032E+00
   68.9100   6.2822816E+05   1.0150005E+00
   68.9200   6.2778244E+05   1.0149978E+00
   68.9300   6.2732754E+05   1.0149951E+00
   68.9400   6.2686356E+05   1.0149923E+00
   68.9500   6.2639049E+05   1.0149894E+00
   68.9600   6.2590840E+05   1.0149865E+00
   68.9700   6.2541725E+05   1.0149835E+00
   68.9800   6.2491729E+05   1.0149805E+00
   68.9900   6.2440847E+05   1.0149774E+00
   69.0000   6.2389081E+05   1.0149743E+00
   69.0100   6.2336444E+05   1.0149711E+00
   69.0200   6.2282939E+05   1.0149679E+00
   69.0300   6.2228575E+05   1.0149646E+00
   69.0400   6.2173354E+05   1.0149612E+00
   69.0500   6.2117286E+05   1.0149578E+00
   69.0600   6.2060389E+05   1.0149544E+00
   69.0700   6.2002672E+05   1.0149509E+00
   69.0800   6.1944135E+05   1.0149473E+00
   69.0900   6.1884787E+05   1.0149437E+00
   69.1000   6.1824629E+05   1.0149401E+00
   69.1100   6.1763668E+05   1.0149364E+00
   69.1200   6.1701925E+05   1.0149326E+00
   69.1300   6.1639390E+05   1.0149288E+00
   69.1400   6.1576081E+05   1.0149250E+00
   69.1500   6.1512011E+05   1.0149211E+00
   69.1600   6.1447179E+05   1.0149172E+00
   69.1700   6.1381598E+05   1.0149132E+00
   69.1800   6.1315271E+05   1.0149091E+00
   69.1900   6.1248210E+05   1.0149051E+00
   69.2000   6.1180421E+05   1.0149010E+00
   69.2100   6.1111918E+05   1.0148968E+00
   69.2200   6.1042709E+05   1.0148926E+00
   69.2300   6.0972791E+05   1.0148883E+00
   69.2400   6.0902175E+05   1.0148840E+00
   69.2500   6.0830861E+05   1.0148797E+00
   69.2600   6.0758862E+05   1.0148753E+00
   69.2700   6.0686182E+05   1.0148709E+00
   69.2800   6.0612834E+05   1.0148665E+00
   69.2900   6.0538828E+05   1.0148620E+00
   69.3000   6.0464180E+05   1.0148574E+00
   69.3100   6.0388883E+05   1.0148528E+00
   69.3200   6.0312960E+05   1.0148482E+00
   69.3300   6.0236406E+05   1.0148436E+00
   69.3400   6.0159230E+05   1.0148389E+00
   69.3500   6.0081450E+05   1.0148341E+00
   69.3600   6.0003061E+05   1.0148294E+00
   69.3700   5.9924068E+05   1.0148245E+00
   69.3800   5.9844488E+05   1.0148197E+00
   69.3900   5.9764331E+05   1.0148148E+00
   69.4000   5.9683601E+05   1.0148099E+00
   69.4100   5.9602314E+05   1.0148050E+00
   69.4200   5.9520478E+05   1.0148000E+00
   69.4300   5.9438098E+05   1.0147950E+00
   69.4400   5.9355170E+05   1.0147899E+00
   69.4500   5.9271703E+05   1.0147848E+00
   69.4600   5.9187702E+05   1.0147797E+00
   69.4700   5.9103180E+05   1.0147746E+00
   69.4800   5.9018148E+05   1.0147694E+00
   69.4900   5.8932609E+05   1.0147642E+00
   69.5000   5.8846580E+05   1.0147589E+00
   69.5100   5.8760053E+05   1.0147537E+00
   69.5200   5.8673052E+05   1.0147484E+00
   69.5300   5.8585577E+05   1.0147430E+00
   69.5400   5.8497640E+05   1.0147377E+00
   69.5500   5.8409250E+05   1.0147323E+00
   69.5600   5.8320409E+05   1.0147269E+00
   69.5700   5.8231113E+05   1.0147214E+00
   69.5800   5.8141375E+05   1.0147160E+00
   69.5900   5.8051199E+05   1.0147105E+00
   69.6000   5.7960605E+05   1.0147050E+00
   69.6100   5.7869589E+05   1.0146994E+00
   69.6200   5.7778159E+05   1.0146938E+00
   69.6300   5.7686322E+05   1.0146882E+00
   69.6400   5.7594076E+05   1.0146826E+00
   69.6500   5.7501437E+05   1.0146770E+00
   69.6600   5.7408413E+05   1.0146713E+00
   69.6700   5.7315011E+05   1.0146656E+00
   69.6800   5.7221229E+05   1.0146599E+00
   69.6900   5.7127085E+05   1.0146541E+00
   69.7000   5.7032569E+05   1.0146484E+00
   69.7100   5.6937690E+05   1.0146426E+00
   69.7200   5.6842467E+05   1.0146368E+00
   69.7300   5.6746898E+05   1.0146310E+00
   69.7400   5.6650998E+05   1.0146251E+00
   69.7500   5.6554758E+05   1.0146192E+00
   69.7600   5.6458181E+05   1.0146133E+00
   69.7700   5.6361289E+05   1.0146074E+00
   69.7800   5.6264080E+05   1.0146015E+00
   69.7900   5.6166565E+05   1.0145956E+00
   69.8000   5.6068737E+05   1.0145896E+00
   69.8100   5.5970601E+05   1.0145836E+00
   69.8200   5.5872160E+05   1.0145776E+00
   69.8300   5.5773429E+05   1.0145716E+00
   69.8400   5.5674406E+05   1.0145655E+00
   69.8500   5.5575100E+05   1.0145595E+00
   69.8600   5.5475519E+05   1.0145534E+00
   69.8700   5.5375667E+05   1.0145473E+00
   69.8800   5.5275545E+05   1.0145412E+00
   69.8900   5.5175151E+05   1.0145351E+00
   69.9000   5.5074499E+05   1.0145289E+00
   69.9100   5.4973598E+05   1.0145228E+00
   69.9200   5.4872439E+05   1.0145166E+00
   69.9300   5.4771025E+05   1.0145104E+00
   69.9400   5.4669359E+05   1.0145042E+00
   69.9500   5.4567458E+05   1.0144980E+00
   69.9600   5.4465317E+05   1.0144917E+00
   69.9700   5.4362949E+05   1.0144855E+00
   69.9800   5.4260345E+05   1.0144792E+00
   69.9900   5.4157510E+05   1.0144729E+00
   70.0000   5.4054450E+05   1.0144666E+00
   70.0100   5.3951165E+05   1.0144603E+00
   70.0200   5.3847672E+05   1.0144540E+00
   70.0300   5.3743968E+05   1.0144477E+00
   70.0400   5.3640046E+05   1.0144413E+00
   70.0500   5.3535917E+05   1.0144350E+00
   70.0600   5.3431589E+05   1.0144286E+00
   70.0700   5.3327065E+05   1.0144222E+00
   70.0800   5.3222350E+05   1.0144158E+00
   70.0900   5.3117444E+05   1.0144094E+00
   70.1000   5.3012346E+05   1.0144030E+00
   70.1100   5.2907052E+05   1.0143966E+00
   70.1200   5.2801574E+05   1.0143901E+00
   70.1300   5.2695906E+05   1.0143837E+00
   70.1400   5.2590054E+05   1.0143772E+00
   70.1500   5.2484026E+05   1.0143707E+00
   70.1600   5.2377824E+05   1.0143642E+00
   70.1700   5.2271453E+05   1.0143577E+00
   70.1800   5.2164911E+05   1.0143512E+00
   70.1900   5.2058197E+05   1.0143447E+00
   70.2000   5.1951307E+05   1.0143382E+00
   70.2100   5.1844255E+05   1.0143316E+00
   70.2200   5.1737031E+05   1.0143251E+00
   70.2300   5.1629646E+05   1.0143185E+00
   70.2400   5.1522106E+05   1.0143120E+00
   70.2500   5.1414398E+05   1.0143054E+00
   70.2600   5.1306525E+05   1.0142988E+00
   70.2700   5.1198489E+05   1.0142922E+00
   70.2800   5.1090289E+05   1.0142856E+00
   70.2900   5.0981941E+05   1.0142789E+00
   70.3000   5.0873441E+05   1.0142723E+00
   70.3100   5.0764784E+05   1.0142657E+00
   70.3200   5.0655979E+05   1.0142590E+00
   70.3300   5.0547018E+05   1.0142524E+00
   70.3400   5.0437907E+05   1.0142457E+00
   70.3500   5.0328653E+05   1.0142390E+00
   70.3600   5.0219259E+05   1.0142323E+00
   70.3700   5.0109728E+05   1.0142256E+00
   70.3800   5.0000059E+05   1.0142189E+00
   70.3900   4.9890253E+05   1.0142122E+00
   70.4000   4.9780306E+05   1.0142055E+00
   70.4100   4.9670215E+05   1.0141988E+00
   70.4200   4.9559992E+05   1.0141920E+00
   70.4300   4.9449630E+05   1.0141853E+00
   70.4400   4.9339138E+05   1.0141785E+00
   70.4500   4.9228506E+05   1.0141717E+00
   70.4600   4.9117740E+05   1.0141650E+00
   70.4700   4.9006846E+05   1.0141582E+00
   70.4800   4.8895825E+05   1.0141514E+00
   70.4900   4.8784681E+05   1.0141446E+00
   70.5000   4.8673414E+05   1.0141378E+00
   70.5100   4.8562022E+05   1.0141310E+00
   70.5200   4.8450503E+05   1.0141242E+00
   70.5300   4.8338854E+05   1.0141173E+00
   70.5400   4.8227087E+05   1.0141105E+00
   70.5500   4.8115195E+05   1.0141036E+00
   70.5600   4.8003190E+05   1.0140968E+00
   70.5700   4.7891060E+05   1.0140899E+00
   70.5800   4.7778814E+05   1.0140831E+00
   70.5900   4.7666457E+05   1.0140762E+00
   70.6000   4.7553976E+05   1.0140693E+00
   70.6100   4.7441375E+05   1.0140624E+00
   70.6200   4.7328655E+05   1.0140555E+00
   70.6300   4.7215817E+05   1.0140486E+00
   70.6400   4.7102860E+05   1.0140417E+00
   70.6500   4.6989800E+05   1.0140348E+00
   70.6600   4.6876633E+05   1.0140279E+00
   70.6700   4.6763356E+05   1.0140209E+00
   70.6800   4.6649980E+05   1.0140140E+00
   70.6900   4.6536499E+05   1.0140071E+00
   70.7000   4.6422922E+05   1.0140001E+00
   70.7100   4.6309240E+05   1.0139931E+00
   70.7200   4.6195461E+05   1.0139862E+00
   70.7300   4.6081592E+05   1.0139792E+00
   70.7400   4.5967619E+05   1.0139722E+00
   70.7500   4.5853547E+05   1.0139653E+00
   70.7600   4.5739379E+05   1.0139583E+00
   70.7700   4.5625117E+05   1.0139513E+00
   70.7800   4.5510762E+05   1.0139443E+00
   70.7900   4.5396314E+05   1.0139373E+00
   70.8000   4.5281791E+05   1.0139302E+00
   70.8100   4.5167189E+05   1.0139232E+00
   70.8200   4.5052505E+05   1.0139162E+00
   70.8300   4.4937737E+05   1.0139092E+00
   70.8400   4.4822897E+05   1.0139022E+00
   70.8500   4.4707979E+05   1.0138951E+00
   70.8600   4.4592995E+05   1.0138881E+00
   70.8700   4.4477937E+05   1.0138810E+00
   70.8800   4.4362815E+05   1.0138740E+00
   70.8900   4.4247639E+05   1.0138669E+00
   70.9000   4.4132398E+05   1.0138599E+00
   70.9100   4.4017100E+05   1.0138528E+00
   70.9200   4.3901752E+05   1.0138457E+00
   70.9300   4.3786361E+05   1.0138387E+00
   70.9400   4.3670914E+05   1.0138316E+00
   70.9500   4.3555416E+05   1.0138245E+00
   70.9600   4.3439873E+05   1.0138174E+00
   70.9700   4.3324287E+05   1.0138104E+00
   70.9800   4.3208663E+05   1.0138033E+00
   70.9900   4.3093004E+05   1.0137962E+00
   71.0000   4.2977311E+05   1.0137891E+00
   71.0100   4.2861588E+05   1.0137820E+00
   71.0200   4.2745837E+05   1.0137749E+00
   71.0300   4.2630076E+05   1.0137678E+00
   71.0400   4.2514307E+05   1.0137607E+00
   71.0500   4.2398531E+05   1.0137536E+00
   71.0600   4.2282749E+05   1.0137466E+00
   71.0700   4.2166963E+05   1.0137395E+00
   71.0800   4.2051173E+05   1.0137324E+00
   71.0900   4.1935398E+05   1.0137253E+00
   71.1000   4.1819638E+05   1.0137182E+00
   71.1100   4.1703895E+05   1.0137111E+00
   71.1200   4.1588170E+05   1.0137040E+00
   71.1300   4.1472464E+05   1.0136969E+00
   71.1400   4.1356797E+05   1.0136898E+00
   71.1500   4.1241170E+05   1.0136827E+00
   71.1600   4.1125586E+05   1.0136756E+00
   71.1700   4.1010048E+05   1.0136685E+00
   71.1800   4.0894558E+05   1.0136615E+00
   71.1900   4.0779120E+05   1.0136544E+00
   71.2000   4.0663739E+05   1.0136473E+00
   71.2100   4.0548418E+05   1.0136402E+00
   71.2200   4.0433164E+05   1.0136332E+00
   71.2300   4.0317982E+05   1.0136261E+00
   71.2400   4.0202879E+05   1.0136191E+00
   71.2500   4.0087864E+05   1.0136120E+00
   71.2600   3.9972943E+05   1.0136050E+00
   71.2700   3.9858127E+05   1.0135979E+00
   71.2800   3.9743427E+05   1.0135909E+00
   71.2900   3.9628836E+05   1.0135839E+00
   71.3000   3.9514367E+05   1.0135768E+00
   71.3100   3.9400017E+05   1.0135698E+00
   71.3200   3.9285801E+05   1.0135628E+00
   71.3300   3.9171719E+05   1.0135558E+00
   71.3400   3.9057787E+05   1.0135488E+00
   71.3500   3.8944010E+05   1.0135418E+00
   71.3600   3.8830390E+05   1.0135349E+00
   71.3700   3.8716932E+05   1.0135279E+00
   71.3800   3.8603645E+05   1.0135210E+00
   71.3900   3.8490536E+05   1.0135140E+00
   71.4000   3.8377617E+05   1.0135071E+00
   71.4100   3.8264900E+05   1.0135002E+00
   71.4200   3.8152383E+05   1.0134933E+00
   71.4300   3.8040083E+05   1.0134864E+00
   71.4400   3.7928002E+05   1.0134795E+00
   71.4500   3.7816142E+05   1.0134726E+00
   71.4600   3.7704512E+05   1.0134658E+00
   71.4700   3.7593119E+05   1.0134589E+00
   71.4800   3.7481975E+05   1.0134521E+00
   71.4900   3.7371095E+05   1.0134453E+00
   71.5000   3.7260476E+05   1.0134385E+00
   71.5100   3.7150121E+05   1.0134318E+00
   71.5200   3.7040053E+05   1.0134250E+00
   71.5300   3.6930278E+05   1.0134183E+00
   71.5400   3.6820791E+05   1.0134115E+00
   71.5500   3.6711605E+05   1.0134048E+00
   71.5600   3.6602738E+05   1.0133981E+00
   71.5700   3.6494192E+05   1.0133915E+00
   71.5800   3.6385973E+05   1.0133848E+00
   71.5900   3.6278092E+05   1.0133782E+00
   71.6000   3.6170562E+05   1.0133716E+00
   71.6100   3.6063383E+05   1.0133650E+00
   71.6200   3.5956556E+05   1.0133585E+00
   71.6300   3.5850108E+05   1.0133519E+00
   71.6400   3.5744032E+05   1.0133454E+00
   71.6500   3.5638343E+05   1.0133389E+00
   71.6600   3.5533042E+05   1.0133324E+00
   71.6700   3.5428152E+05   1.0133260E+00
   71.6800   3.5323685E+05   1.0133196E+00
   71.6900   3.5219636E+05   1.0133132E+00
   71.7000   3.5116025E+05   1.0133068E+00
   71.7100   3.5012858E+05   1.0133005E+00
   71.7200   3.4910146E+05   1.0132942E+00
   71.7300   3.4807887E+05   1.0132879E+00
   71.7400   3.4706101E+05   1.0132816E+00
   71.7500   3.4604797E+05   1.0132754E+00
   71.7600   3.4503970E+05   1.0132692E+00
   71.7700   3.4403638E+05   1.0132630E+00
   71.7800   3.4303807E+05   1.0132569E+00
   71.7900   3.4204489E+05   1.0132508E+00
   71.8000   3.4105700E+05   1.0132447E+00
   71.8100   3.4007446E+05   1.0132387E+00
   71.8200   3.3909737E+05   1.0132327E+00
   71.8300   3.3812570E+05   1.0132267E+00
   71.8400   3.3715970E+05   1.0132208E+00
   71.8500   3.3619929E+05   1.0132148E+00
   71.8600   3.3524462E+05   1.0132090E+00
   71.8700   3.3429576E+05   1.0132031E+00
   71.8800   3.3335283E+05   1.0131973E+00
   71.8900   3.3241599E+05   1.0131916E+00
   71.9000   3.3148531E+05   1.0131859E+00
   71.9100   3.3056094E+05   1.0131802E+00
   71.9200   3.2964288E+05   1.0131745E+00
   71.9300   3.2873124E+05   1.0131689E+00
   71.9400   3.2782599E+05   1.0131633E+00
   71.9500   3.2692737E+05   1.0131578E+00
   71.9600   3.2603532E+05   1.0131523E+00
   71.9700   3.2515005E+05   1.0131469E+00
   71.9800   3.2427163E+05   1.0131415E+00
   71.9900   3.2340005E+05   1.0131361E+00
   72.0000   3.2253557E+05   1.0131308E+00
   72.0100   3.2167813E+05   1.0131255E+00
   72.0200   3.2082795E+05   1.0131202E+00
   72.0300   3.1998497E+05   1.0131151E+00
   72.0400   3.1914939E+05   1.0131099E+00
   72.0500   3.1832129E+05   1.0131048E+00
   72.0600   3.1750068E+05   1.0130998E+00
   72.0700   3.1668764E+05   1.0130947E+00
   72.0800   3.1588233E+05   1.0130898E+00
   72.0900   3.1508481E+05   1.0130849E+00
   72.1000   3.1429507E+05   1.0130800E+00
   72.1100   3.1351334E+05   1.0130752E+00
   72.1200   3.1273959E+05   1.0130704E+00
   72.1300   3.1197386E+05   1.0130657E+00
   72.1400   3.1121632E+05   1.0130610E+00
   72.1500   3.1046700E+05   1.0130564E+00
   72.1600   3.0972604E+05   1.0130518E+00
   72.1700   3.0899352E+05   1.0130473E+00
   72.1800   3.0826938E+05   1.0130428E+00
   72.1900   3.0755387E+05   1.0130384E+00
   72.2000   3.0684697E+05   1.0130341E+00
   72.2100   3.0614874E+05   1.0130298E+00
   72.2200   3.0545934E+05   1.0130255E+00
   72.2300   3.0477886E+05   1.0130213E+00
   72.2400   3.0410730E+05   1.0130172E+00
   72.2500   3.0344475E+05   1.0130131E+00
   72.2600   3.0279123E+05   1.0130090E+00
   72.2700   3.0214684E+05   1.0130050E+00
   72.2800   3.0151164E+05   1.0130011E+00
   72.2900   3.0088575E+05   1.0129973E+00
   72.3000   3.0026923E+05   1.0129934E+00
   72.3100   2.9966207E+05   1.0129897E+00
   72.3200   2.9906434E+05   1.0129860E+00
   72.3300   2.9847606E+05   1.0129824E+00
   72.3400   2.9789734E+05   1.0129788E+00
   72.3500   2.9732821E+05   1.0129753E+00
   72.3600   2.9676882E+05   1.0129718E+00
   72.3700   2.9621923E+05   1.0129684E+00
   72.3800   2.9567946E+05   1.0129651E+00
   72.3900   2.9514959E+05   1.0129618E+00
   72.4000   2.9462966E+05   1.0129585E+00
   72.4100   2.9411965E+05   1.0129554E+00
   72.4200   2.9361961E+05   1.0129523E+00
   72.4300   2.9312955E+05   1.0129493E+00
   72.4400   2.9264959E+05   1.0129463E+00
   72.4500   2.9217977E+05   1.0129434E+00
   72.4600   2.9172006E+05   1.0129405E+00
   72.4700   2.9127054E+05   1.0129377E+00
   72.4800   2.9083125E+05   1.0129350E+00
   72.4900   2.9040230E+05   1.0129323E+00
   72.5000   2.8998376E+05   1.0129297E+00
   72.5100   2.8957563E+05   1.0129272E+00
   72.5200   2.8917803E+05   1.0129247E+00
   72.5300   2.8879100E+05   1.0129223E+00
   72.5400   2.8841453E+05   1.0129200E+00
   72.5500   2.8804854E+05   1.0129177E+00
   72.5600   2.8769307E+05   1.0129155E+00
   72.5700   2.8734827E+05   1.0129133E+00
   72.5800   2.8701406E+05   1.0129112E+00
   72.5900   2.8669045E+05   1.0129092E+00
   72.6000   2.8637760E+05   1.0129073E+00
   72.6100   2.8607541E+05   1.0129054E+00
   72.6200   2.8578389E+05   1.0129036E+00
   72.6300   2.8550318E+05   1.0129018E+00
   72.6400   2.8523337E+05   1.0129001E+00
   72.6500   2.8497446E+05   1.0128985E+00
   72.6600   2.8472641E+05   1.0128969E+00
   72.6700   2.8448930E+05   1.0128954E+00
   72.6800   2.8426315E+05   1.0128940E+00
   72.6900   2.8404792E+05   1.0128927E+00
   72.7000   2.8384367E+05   1.0128914E+00
   72.7100   2.8365043E+05   1.0128901E+00
   72.7200   2.8346816E+05   1.0128890E+00
   72.7300   2.8329676E+05   1.0128879E+00
   72.7400   2.8313625E+05   1.0128869E+00
   72.7500   2.8298677E+05   1.0128859E+00
   72.7600   2.8284822E+05   1.0128850E+00
   72.7700   2.8272062E+05   1.0128842E+00
   72.7800   2.8260395E+05   1.0128835E+00
   72.7900   2.8249827E+05   1.0128828E+00
   72.8000   2.8240362E+05   1.0128822E+00
   72.8100   2.8231997E+05   1.0128816E+00
   72.8200   2.8224739E+05   1.0128811E+00
   72.8300   2.8218574E+05   1.0128807E+00
   72.8400   2.8213518E+05   1.0128804E+00
   72.8500   2.8209560E+05   1.0128801E+00
   72.8600   2.8206705E+05   1.0128799E+00
   72.8700   2.8204950E+05   1.0128797E+00
   72.8800   2.8204287E+05   1.0128796E+00
   72.8900   2.8204719E+05   1.0128796E+00
   72.9000   2.8206244E+05   1.0128797E+00
   72.9100   2.8208872E+05   1.0128798E+00
   72.9200   2.8212589E+05   1.0128800E+00
   72.9300   2.8217393E+05   1.0128802E+00
   72.9400   2.8223294E+05   1.0128806E+00
   72.9500   2.8230277E+05   1.0128810E+00
   72.9600   2.8238341E+05   1.0128814E+00
   72.9700   2.8247496E+05   1.0128819E+00
   72.9800   2.8257727E+05   1.0128825E+00
   72.9900   2.8269033E+05   1.0128832E+00
   73.0000   2.8281423E+05   1.0128839E+00
   73.0100   2.8294884E+05   1.0128847E+00
   73.0200   2.8309411E+05   1.0128855E+00
   73.0300   2.8325015E+05   1.0128865E+00
   73.0400   2.8341680E+05   1.0128874E+00
   73.0500   2.8359404E+05   1.0128885E+00
   73.0600   2.8378195E+05   1.0128896E+00
   73.0700   2.8398056E+05   1.0128908E+00
   73.0800   2.8418981E+05   1.0128920E+00
   73.0900   2.8440962E+05   1.0128933E+00
   73.1000   2.8464000E+05   1.0128947E+00
   73.1100   2.8488089E+05   1.0128961E+00
   73.1200   2.8513219E+05   1.0128976E+00
   73.1300   2.8539390E+05   1.0128992E+00
   73.1400   2.8566596E+05   1.0129008E+00
   73.1500   2.8594841E+05   1.0129025E+00
   73.1600   2.8624125E+05   1.0129043E+00
   73.1700   2.8654439E+05   1.0129061E+00
   73.1800   2.8685770E+05   1.0129080E+00
   73.1900   2.8718113E+05   1.0129099E+00
   73.2000   2.8751477E+05   1.0129119E+00
   73.2100   2.8785845E+05   1.0129140E+00
   73.2200   2.8821210E+05   1.0129161E+00
   73.2300   2.8857580E+05   1.0129183E+00
   73.2400   2.8894951E+05   1.0129206E+00
   73.2500   2.8933315E+05   1.0129229E+00
   73.2600   2.8972675E+05   1.0129253E+00
   73.2700   2.9013026E+05   1.0129277E+00
   73.2800   2.9054357E+05   1.0129302E+00
   73.2900   2.9096666E+05   1.0129328E+00
   73.3000   2.9139946E+05   1.0129354E+00
   73.3100   2.9184199E+05   1.0129381E+00
   73.3200   2.9229421E+05   1.0129408E+00
   73.3300   2.9275600E+05   1.0129436E+00
   73.3400   2.9322735E+05   1.0129464E+00
   73.3500   2.9370817E+05   1.0129493E+00
   73.3600   2.9419849E+05   1.0129523E+00
   73.3700   2.9469823E+05   1.0129553E+00
   73.3800   2.9520728E+05   1.0129584E+00
   73.3900   2.9572559E+05   1.0129616E+00
   73.4000   2.9625307E+05   1.0129648E+00
   73.4100   2.9678970E+05   1.0129680E+00
   73.4200   2.9733541E+05   1.0129713E+00
   73.4300   2.9789020E+05   1.0129747E+00
   73.4400   2.9845402E+05   1.0129781E+00
   73.4500   2.9902671E+05   1.0129816E+00
   73.4600   2.9960824E+05   1.0129851E+00
   73.4700   3.0019865E+05   1.0129887E+00
   73.4800   3.0079792E+05   1.0129923E+00
   73.4900   3.0140593E+05   1.0129960E+00
   73.5000   3.0202266E+05   1.0129998E+00
   73.5100   3.0264803E+05   1.0130036E+00
   73.5200   3.0328202E+05   1.0130074E+00
   73.5300   3.0392455E+05   1.0130113E+00
   73.5400   3.0457562E+05   1.0130153E+00
   73.5500   3.0523515E+05   1.0130193E+00
   73.5600   3.0590299E+05   1.0130234E+00
   73.5700   3.0657905E+05   1.0130275E+00
   73.5800   3.0726335E+05   1.0130316E+00
   73.5900   3.0795583E+05   1.0130358E+00
   73.6000   3.0865650E+05   1.0130401E+00
   73.6100   3.0936529E+05   1.0130444E+00
   73.6200   3.1008204E+05   1.0130488E+00
   73.6300   3.1080669E+05   1.0130532E+00
   73.6400   3.1153924E+05   1.0130576E+00
   73.6500   3.1227961E+05   1.0130621E+00
   73.6600   3.1302783E+05   1.0130667E+00
   73.6700   3.1378380E+05   1.0130713E+00
   73.6800   3.1454753E+05   1.0130759E+00
   73.6900   3.1531893E+05   1.0130806E+00
   73.7000   3.1609781E+05   1.0130854E+00
   73.7100   3.1688424E+05   1.0130902E+00
   73.7200   3.1767821E+05   1.0130950E+00
   73.7300   3.1847960E+05   1.0130999E+00
   73.7400   3.1928838E+05   1.0131048E+00
   73.7500   3.2010440E+05   1.0131098E+00
   73.7600   3.2092763E+05   1.0131148E+00
   73.7700   3.2175808E+05   1.0131199E+00
   73.7800   3.2259569E+05   1.0131250E+00
   73.7900   3.2344029E+05   1.0131301E+00
   73.8000   3.2429195E+05   1.0131353E+00
   73.8100   3.2515048E+05   1.0131405E+00
   73.8200   3.2601594E+05   1.0131458E+00
   73.8300   3.2688829E+05   1.0131511E+00
   73.8400   3.2776737E+05   1.0131565E+00
   73.8500   3.2865312E+05   1.0131619E+00
   73.8600   3.2954553E+05   1.0131673E+00
   73.8700   3.3044450E+05   1.0131728E+00
   73.8800   3.3135000E+05   1.0131783E+00
   73.8900   3.3226207E+05   1.0131839E+00
   73.9000   3.3318063E+05   1.0131895E+00
   73.9100   3.3410553E+05   1.0131952E+00
   73.9200   3.3503682E+05   1.0132008E+00
   73.9300   3.3597448E+05   1.0132066E+00
   73.9400   3.3691836E+05   1.0132123E+00
   73.9500   3.3786839E+05   1.0132181E+00
   73.9600   3.3882457E+05   1.0132239E+00
   73.9700   3.3978677E+05   1.0132298E+00
   73.9800   3.4075495E+05   1.0132357E+00
   73.9900   3.4172911E+05   1.0132417E+00
   74.0000   3.4270917E+05   1.0132477E+00
   74.0100   3.4369509E+05   1.0132537E+00
   74.0200   3.4468690E+05   1.0132597E+00
   74.0300   3.4568452E+05   1.0132658E+00
   74.0400   3.4668793E+05   1.0132719E+00
   74.0500   3.4769701E+05   1.0132781E+00
   74.0600   3.4871167E+05   1.0132843E+00
   74.0700   3.4973192E+05   1.0132905E+00
   74.0800   3.5075762E+05   1.0132968E+00
   74.0900   3.5178871E+05   1.0133031E+00
   74.1000   3.5282519E+05   1.0133094E+00
   74.1100   3.5386710E+05   1.0133158E+00
   74.1200   3.5491439E+05   1.0133222E+00
   74.1300   3.5596686E+05   1.0133286E+00
   74.1400   3.5702458E+05   1.0133351E+00
   74.1500   3.5808746E+05   1.0133416E+00
   74.1600   3.5915550E+05   1.0133481E+00
   74.1700   3.6022857E+05   1.0133546E+00
   74.1800   3.6130658E+05   1.0133612E+00
   74.1900   3.6238951E+05   1.0133679E+00
   74.2000   3.6347739E+05   1.0133745E+00
   74.2100   3.6457013E+05   1.0133812E+00
   74.2200   3.6566769E+05   1.0133879E+00
   74.2300   3.6677008E+05   1.0133946E+00
   74.2400   3.6787719E+05   1.0134014E+00
   74.2500   3.6898895E+05   1.0134082E+00
   74.2600   3.7010537E+05   1.0134150E+00
   74.2700   3.7122629E+05   1.0134219E+00
   74.2800   3.7235183E+05   1.0134287E+00
   74.2900   3.7348194E+05   1.0134357E+00
   74.3000   3.7461645E+05   1.0134426E+00
   74.3100   3.7575544E+05   1.0134496E+00
   74.3200   3.7689884E+05   1.0134565E+00
   74.3300   3.7804645E+05   1.0134636E+00
   74.3400   3.7919831E+05   1.0134706E+00
   74.3500   3.8035430E+05   1.0134777E+00
   74.3600   3.8151438E+05   1.0134848E+00
   74.3700   3.8267854E+05   1.0134919E+00
   74.3800   3.8384680E+05   1.0134990E+00
   74.3900   3.8501908E+05   1.0135062E+00
   74.4000   3.8619532E+05   1.0135134E+00
   74.4100   3.8737551E+05   1.0135206E+00
   74.4200   3.8855950E+05   1.0135279E+00
   74.4300   3.8974736E+05   1.0135351E+00
   74.4400   3.9093905E+05   1.0135424E+00
   74.4500   3.9213454E+05   1.0135497E+00
   74.4600   3.9333368E+05   1.0135571E+00
   74.4700   3.9453653E+05   1.0135644E+00
   74.4800   3.9574302E+05   1.0135718E+00
   74.4900   3.9695312E+05   1.0135792E+00
   74.5000   3.9816665E+05   1.0135866E+00
   74.5100   3.9938367E+05   1.0135941E+00
   74.5200   4.0060407E+05   1.0136016E+00
   74.5300   4.0182780E+05   1.0136091E+00
   74.5400   4.0305485E+05   1.0136166E+00
   74.5500   4.0428522E+05   1.0136241E+00
   74.5600   4.0551880E+05   1.0136316E+00
   74.5700   4.0675548E+05   1.0136392E+00
   74.5800   4.0799523E+05   1.0136468E+00
   74.5900   4.0923802E+05   1.0136544E+00
   74.6000   4.1048386E+05   1.0136620E+00
   74.6100   4.1173262E+05   1.0136697E+00
   74.6200   4.1298438E+05   1.0136773E+00
   74.6300   4.1423907E+05   1.0136850E+00
   74.6400   4.1549667E+05   1.0136927E+00
   74.6500   4.1675698E+05   1.0137004E+00
   74.6600   4.1802005E+05   1.0137082E+00
   74.6700   4.1928575E+05   1.0137159E+00
   74.6800   4.2055418E+05   1.0137237E+00
   74.6900   4.2182527E+05   1.0137315E+00
   74.7000   4.2309881E+05   1.0137393E+00
   74.7100   4.2437480E+05   1.0137471E+00
   74.7200   4.2565327E+05   1.0137549E+00
   74.7300   4.2693410E+05   1.0137628E+00
   74.7400   4.2821718E+05   1.0137706E+00
   74.7500   4.2950261E+05   1.0137785E+00
   74.7600   4.3079036E+05   1.0137864E+00
   74.7700   4.3208021E+05   1.0137943E+00
   74.7800   4.3337218E+05   1.0138022E+00
   74.7900   4.3466628E+05   1.0138101E+00
   74.8000   4.3596239E+05   1.0138181E+00
   74.8100   4.3726039E+05   1.0138260E+00
   74.8200   4.3856039E+05   1.0138340E+00
   74.8300   4.3986231E+05   1.0138420E+00
   74.8400   4.4116613E+05   1.0138500E+00
   74.8500   4.4247162E+05   1.0138580E+00
   74.8600   4.4377880E+05   1.0138660E+00
   74.8700   4.4508769E+05   1.0138740E+00
   74.8800   4.4639813E+05   1.0138820E+00
   74.8900   4.4771018E+05   1.0138901E+00
   74.9000   4.4902374E+05   1.0138981E+00
   74.9100   4.5033872E+05   1.0139062E+00
   74.9200   4.5165503E+05   1.0139142E+00
   74.9300   4.5297263E+05   1.0139223E+00
   74.9400   4.5429147E+05   1.0139304E+00
   74.9500   4.5561152E+05   1.0139385E+00
   74.9600   4.5693275E+05   1.0139466E+00
   74.9700   4.5825500E+05   1.0139547E+00
   74.9800   4.5957827E+05   1.0139628E+00
   74.9900   4.6090258E+05   1.0139709E+00
   75.0000   4.6222779E+05   1.0139790E+00
   75.0100   4.6355393E+05   1.0139872E+00
   75.0200   4.6488089E+05   1.0139953E+00
   75.0300   4.6620853E+05   1.0140034E+00
   75.0400   4.6753677E+05   1.0140116E+00
   75.0500   4.6886567E+05   1.0140197E+00
   75.0600   4.7019514E+05   1.0140279E+00
   75.0700   4.7152510E+05   1.0140360E+00
   75.0800   4.7285547E+05   1.0140442E+00
   75.0900   4.7418616E+05   1.0140524E+00
   75.1000   4.7551712E+05   1.0140605E+00
   75.1100   4.7684826E+05   1.0140687E+00
   75.1200   4.7817952E+05   1.0140769E+00
   75.1300   4.7951085E+05   1.0140850E+00
   75.1400   4.8084217E+05   1.0140932E+00
   75.1500   4.8217343E+05   1.0141014E+00
   75.1600   4.8350456E+05   1.0141095E+00
   75.1700   4.8483551E+05   1.0141177E+00
   75.1800   4.8616619E+05   1.0141258E+00
   75.1900   4.8749656E+05   1.0141340E+00
   75.2000   4.8882653E+05   1.0141422E+00
   75.2100   4.9015604E+05   1.0141503E+00
   75.2200   4.9148500E+05   1.0141585E+00
   75.2300   4.9281333E+05   1.0141666E+00
   75.2400   4.9414113E+05   1.0141748E+00
   75.2500   4.9546828E+05   1.0141829E+00
   75.2600   4.9679470E+05   1.0141911E+00
   75.2700   4.9812027E+05   1.0141992E+00
   75.2800   4.9944487E+05   1.0142073E+00
   75.2900   5.0076856E+05   1.0142154E+00
   75.3000   5.0209119E+05   1.0142236E+00
   75.3100   5.0341279E+05   1.0142317E+00
   75.3200   5.0473320E+05   1.0142398E+00
   75.3300   5.0605243E+05   1.0142479E+00
   75.3400   5.0737029E+05   1.0142560E+00
   75.3500   5.0868677E+05   1.0142640E+00
   75.3600   5.1000182E+05   1.0142721E+00
   75.3700   5.1131539E+05   1.0142802E+00
   75.3800   5.1262742E+05   1.0142882E+00
   75.3900   5.1393783E+05   1.0142963E+00
   75.4000   5.1524651E+05   1.0143043E+00
   75.4100   5.1655334E+05   1.0143123E+00
   75.4200   5.1785837E+05   1.0143203E+00
   75.4300   5.1916143E+05   1.0143283E+00
   75.4400   5.2046254E+05   1.0143363E+00
   75.4500   5.2176147E+05   1.0143443E+00
   75.4600   5.2305820E+05   1.0143523E+00
   75.4700   5.2435265E+05   1.0143602E+00
   75.4800   5.2564473E+05   1.0143681E+00
   75.4900   5.2693450E+05   1.0143761E+00
   75.5000   5.2822181E+05   1.0143840E+00
   75.5100   5.2950669E+05   1.0143919E+00
   75.5200   5.3078892E+05   1.0143997E+00
   75.5300   5.3206847E+05   1.0144076E+00
   75.5400   5.3334525E+05   1.0144154E+00
   75.5500   5.3461917E+05   1.0144233E+00
   75.5600   5.3589027E+05   1.0144311E+00
   75.5700   5.3715839E+05   1.0144389E+00
   75.5800   5.3842349E+05   1.0144466E+00
   75.5900   5.3968554E+05   1.0144544E+00
   75.6000   5.4094445E+05   1.0144621E+00
   75.6100   5.4220009E+05   1.0144698E+00
   75.6200   5.4345249E+05   1.0144775E+00
   75.6300   5.4470147E+05   1.0144852E+00
   75.6400   5.4594698E+05   1.0144929E+00
   75.6500   5.4718892E+05   1.0145005E+00
   75.6600   5.4842736E+05   1.0145081E+00
   75.6700   5.4966213E+05   1.0145157E+00
   75.6800   5.5089322E+05   1.0145233E+00
   75.6900   5.5212055E+05   1.0145308E+00
   75.7000   5.5334403E+05   1.0145383E+00
   75.7100   5.5456369E+05   1.0145458E+00
   75.7200   5.5577934E+05   1.0145533E+00
   75.7300   5.5699093E+05   1.0145607E+00
   75.7400   5.5819836E+05   1.0145682E+00
   75.7500   5.5940168E+05   1.0145755E+00
   75.7600   5.6060070E+05   1.0145829E+00
   75.7700   5.6179536E+05   1.0145903E+00
   75.7800   5.6298575E+05   1.0145976E+00
   75.7900   5.6417171E+05   1.0146049E+00
   75.8000   5.6535324E+05   1.0146121E+00
   75.8100   5.6653026E+05   1.0146194E+00
   75.8200   5.6770266E+05   1.0146266E+00
   75.8300   5.6887047E+05   1.0146338E+00
   75.8400   5.7003346E+05   1.0146409E+00
   75.8500   5.7119173E+05   1.0146480E+00
   75.8600   5.7234513E+05   1.0146551E+00
   75.8700   5.7349367E+05   1.0146622E+00
   75.8800   5.7463726E+05   1.0146692E+00
   75.8900   5.7577579E+05   1.0146762E+00
   75.9000   5.7690928E+05   1.0146832E+00
   75.9100   5.7803765E+05   1.0146901E+00
   75.9200   5.7916082E+05   1.0146971E+00
   75.9300   5.8027879E+05   1.0147039E+00
   75.9400   5.8139153E+05   1.0147108E+00
   75.9500   5.8249894E+05   1.0147176E+00
   75.9600   5.8360086E+05   1.0147244E+00
   75.9700   5.8469725E+05   1.0147311E+00
   75.9800   5.8578821E+05   1.0147378E+00
   75.9900   5.8687356E+05   1.0147445E+00
   76.0000   5.8795329E+05   1.0147512E+00
   76.0100   5.8902745E+05   1.0147578E+00
   76.0200   5.9009590E+05   1.0147643E+00
   76.0300   5.9115859E+05   1.0147709E+00
   76.0400   5.9221542E+05   1.0147774E+00
   76.0500   5.9326638E+05   1.0147839E+00
   76.0600   5.9431144E+05   1.0147903E+00
   76.0700   5.9535064E+05   1.0147967E+00
   76.0800   5.9638381E+05   1.0148030E+00
   76.0900   5.9741105E+05   1.0148094E+00
   76.1000   5.9843224E+05   1.0148157E+00
   76.1100   5.9944733E+05   1.0148219E+00
   76.1200   6.0045626E+05   1.0148281E+00
   76.1300   6.0145903E+05   1.0148343E+00
   76.1400   6.0245561E+05   1.0148404E+00
   76.1500   6.0344607E+05   1.0148465E+00
   76.1600   6.0443022E+05   1.0148526E+00
   76.1700   6.0540818E+05   1.0148586E+00
   76.1800   6.0637982E+05   1.0148646E+00
   76.1900   6.0734509E+05   1.0148706E+00
   76.2000   6.0830391E+05   1.0148765E+00
   76.2100   6.0925630E+05   1.0148823E+00
   76.2200   6.1020219E+05   1.0148882E+00
   76.2300   6.1114164E+05   1.0148939E+00
   76.2400   6.1207462E+05   1.0148997E+00
   76.2500   6.1300105E+05   1.0149054E+00
   76.2600   6.1392094E+05   1.0149111E+00
   76.2700   6.1483424E+05   1.0149167E+00
   76.2800   6.1574100E+05   1.0149223E+00
   76.2900   6.1664121E+05   1.0149278E+00
   76.3000   6.1753477E+05   1.0149334E+00
   76.3100   6.1842170E+05   1.0149388E+00
   76.3200   6.1930194E+05   1.0149443E+00
   76.3300   6.2017555E+05   1.0149496E+00
   76.3400   6.2104250E+05   1.0149550E+00
   76.3500   6.2190268E+05   1.0149603E+00
   76.3600   6.2275613E+05   1.0149656E+00
   76.3700   6.2360294E+05   1.0149708E+00
   76.3800   6.2444298E+05   1.0149760E+00
   76.3900   6.2527623E+05   1.0149811E+00
   76.4000   6.2610274E+05   1.0149862E+00
   76.4100   6.2692253E+05   1.0149913E+00
   76.4200   6.2773552E+05   1.0149963E+00
   76.4300   6.2854173E+05   1.0150013E+00
   76.4400   6.2934113E+05   1.0150062E+00
   76.4500   6.3013378E+05   1.0150111E+00
   76.4600   6.3091966E+05   1.0150159E+00
   76.4700   6.3169868E+05   1.0150207E+00
   76.4800   6.3247087E+05   1.0150255E+00
   76.4900   6.3323634E+05   1.0150302E+00
   76.5000   6.3399497E+05   1.0150349E+00
   76.5100   6.3474690E+05   1.0150396E+00
   76.5200   6.3549204E+05   1.0150442E+00
   76.5300   6.3623039E+05   1.0150487E+00
   76.5400   6.3696205E+05   1.0150532E+00
   76.5500   6.3768690E+05   1.0150577E+00
   76.5600   6.3840506E+05   1.0150622E+00
   76.5700   6.3911643E+05   1.0150666E+00
   76.5800   6.3982100E+05   1.0150709E+00
   76.5900   6.4051887E+05   1.0150752E+00
   76.6000   6.4121006E+05   1.0150795E+00
   76.6100   6.4189452E+05   1.0150837E+00
   76.6200   6.4257231E+05   1.0150879E+00
   76.6300   6.4324342E+05   1.0150921E+00
   76.6400   6.4390793E+05   1.0150962E+00
   76.6500   6.4456587E+05   1.0151003E+00
   76.6600   6.4521717E+05   1.0151043E+00
   76.6700   6.4586190E+05   1.0151083E+00
   76.6800   6.4650002E+05   1.0151122E+00
   76.6900   6.4713163E+05   1.0151161E+00
   76.7000   6.4775674E+05   1.0151200E+00
   76.7100   6.4837530E+05   1.0151238E+00
   76.7200   6.4898736E+05   1.0151276E+00
   76.7300   6.4959290E+05   1.0151314E+00
   76.7400   6.5019201E+05   1.0151351E+00
   76.7500   6.5078470E+05   1.0151387E+00
   76.7600   6.5137093E+05   1.0151424E+00
   76.7700   6.5195075E+05   1.0151460E+00
   76.7800   6.5252414E+05   1.0151495E+00
   76.7900   6.5309120E+05   1.0151530E+00
   76.8000   6.5365196E+05   1.0151565E+00
   76.8100   6.5420637E+05   1.0151599E+00
   76.8200   6.5475450E+05   1.0151633E+00
   76.8300   6.5529635E+05   1.0151667E+00
   76.8400   6.5583202E+05   1.0151700E+00
   76.8500   6.5636155E+05   1.0151733E+00
   76.8600   6.5688491E+05   1.0151766E+00
   76.8700   6.5740219E+05   1.0151798E+00
   76.8800   6.5791342E+05   1.0151829E+00
   76.8900   6.5841852E+05   1.0151861E+00
   76.9000   6.5891758E+05   1.0151892E+00
   76.9100   6.5941058E+05   1.0151922E+00
   76.9200   6.5989765E+05   1.0151953E+00
   76.9300   6.6037881E+05   1.0151982E+00
   76.9400   6.6085405E+05   1.0152012E+00
   76.9500   6.6132348E+05   1.0152041E+00
   76.9600   6.6178710E+05   1.0152070E+00
   76.9700   6.6224491E+05   1.0152098E+00
   76.9800   6.6269696E+05   1.0152126E+00
   76.9900   6.6314330E+05   1.0152154E+00
   77.0000   6.6358386E+05   1.0152182E+00
   77.0100   6.6401873E+05   1.0152209E+00
   77.0200   6.6444791E+05   1.0152235E+00
   77.0300   6.6487153E+05   1.0152262E+00
   77.0400   6.6528966E+05   1.0152288E+00
   77.0500   6.6570230E+05   1.0152313E+00
   77.0600   6.6610941E+05   1.0152339E+00
   77.0700   6.6651103E+05   1.0152364E+00
   77.0800   6.6690718E+05   1.0152389E+00
   77.0900   6.6729799E+05   1.0152413E+00
   77.1000   6.6768332E+05   1.0152437E+00
   77.1100   6.6806338E+05   1.0152461E+00
   77.1200   6.6843810E+05   1.0152484E+00
   77.1300   6.6880756E+05   1.0152507E+00
   77.1400   6.6917176E+05   1.0152530E+00
   77.1500   6.6953065E+05   1.0152552E+00
   77.1600   6.6988431E+05   1.0152574E+00
   77.1700   6.7023276E+05   1.0152596E+00
   77.1800   6.7057612E+05   1.0152617E+00
   77.1900   6.7091432E+05   1.0152639E+00
   77.2000   6.7124736E+05   1.0152659E+00
   77.2100   6.7157540E+05   1.0152680E+00
   77.2200   6.7189835E+05   1.0152700E+00
   77.2300   6.7221625E+05   1.0152720E+00
   77.2400   6.7252927E+05   1.0152740E+00
   77.2500   6.7283732E+05   1.0152759E+00
   77.2600   6.7314047E+05   1.0152778E+00
   77.2700   6.7343871E+05   1.0152797E+00
   77.2800   6.7373216E+05   1.0152815E+00
   77.2900   6.7402073E+05   1.0152833E+00
   77.3000   6.7430443E+05   1.0152851E+00
   77.3100   6.7458340E+05   1.0152868E+00
   77.3200   6.7485755E+05   1.0152886E+00
   77.3300   6.7512693E+05   1.0152903E+00
   77.3400   6.7539153E+05   1.0152919E+00
   77.3500   6.7565146E+05   1.0152936E+00
   77.3600   6.7590660E+05   1.0152952E+00
   77.3700   6.7615714E+05   1.0152967E+00
   77.3800   6.7640304E+05   1.0152983E+00
   77.3900   6.7664421E+05   1.0152998E+00
   77.4000   6.7688070E+05   1.0153013E+00
   77.4100   6.7711247E+05   1.0153028E+00
   77.4200   6.7733965E+05   1.0153042E+00
   77.4300   6.7756230E+05   1.0153056E+00
   77.4400   6.7778043E+05   1.0153070E+00
   77.4500   6.7799400E+05   1.0153083E+00
   77.4600   6.7820294E+05   1.0153097E+00
   77.4700   6.7840726E+05   1.0153110E+00
   77.4800   6.7860698E+05   1.0153122E+00
   77.4900   6.7880220E+05   1.0153135E+00
   77.5000   6.7899283E+05   1.0153147E+00
   77.5100   6.7917887E+05   1.0153159E+00
   77.5200   6.7936030E+05   1.0153170E+00
   77.5300   6.7953722E+05   1.0153181E+00
   77.5400   6.7970967E+05   1.0153192E+00
   77.5500   6.7987766E+05   1.0153203E+00
   77.5600   6.8004113E+05   1.0153214E+00
   77.5700   6.8019999E+05   1.0153224E+00
   77.5800   6.8035426E+05   1.0153234E+00
   77.5900   6.8050393E+05   1.0153243E+00
   77.6000   6.8064910E+05   1.0153253E+00
   77.6100   6.8078965E+05   1.0153262E+00
   77.6200   6.8092559E+05   1.0153270E+00
   77.6300   6.8105688E+05   1.0153279E+00
   77.6400   6.8118361E+05   1.0153287E+00
   77.6500   6.8130580E+05   1.0153295E+00
   77.6600   6.8142345E+05   1.0153303E+00
   77.6700   6.8153649E+05   1.0153310E+00
   77.6800   6.8164481E+05   1.0153317E+00
   77.6900   6.8174842E+05   1.0153324E+00
   77.7000   6.8184727E+05   1.0153330E+00
   77.7100   6.8194147E+05   1.0153337E+00
   77.7200   6.8203086E+05   1.0153342E+00
   77.7300   6.8211543E+05   1.0153348E+00
   77.7400   6.8219529E+05   1.0153353E+00
   77.7500   6.8227032E+05   1.0153358E+00
   77.7600   6.8234053E+05   1.0153363E+00
   77.7700   6.8240587E+05   1.0153368E+00
   77.7800   6.8246642E+05   1.0153372E+00
   77.7900   6.8252203E+05   1.0153376E+00
   77.8000   6.8257266E+05   1.0153379E+00
   77.8100   6.8261824E+05   1.0153382E+00
   77.8200   6.8265881E+05   1.0153385E+00
   77.8300   6.8269435E+05   1.0153388E+00
   77.8400   6.8272480E+05   1.0153390E+00
   77.8500   6.8275021E+05   1.0153392E+00
   77.8600   6.8277040E+05   1.0153394E+00
   77.8700   6.8278530E+05   1.0153395E+00
   77.8800   6.8279500E+05   1.0153396E+00
   77.8900   6.8279948E+05   1.0153397E+00
   77.9000   6.8279871E+05   1.0153397E+00
   77.9100   6.8279256E+05   1.0153397E+00
   77.9200   6.8278106E+05   1.0153397E+00
   77.9300   6.8276416E+05   1.0153397E+00
   77.9400   6.8274174E+05   1.0153396E+00
   77.9500   6.8271382E+05   1.0153394E+00
   77.9600   6.8268036E+05   1.0153393E+00
   77.9700   6.8264124E+05   1.0153391E+00
   77.9800   6.8259647E+05   1.0153389E+00
   77.9900   6.8254601E+05   1.0153386E+00
   78.0000   6.8248972E+05   1.0153383E+00
   78.0100   6.8242761E+05   1.0153380E+00
   78.0200   6.8235962E+05   1.0153376E+00
   78.0300   6.8228561E+05   1.0153372E+00
   78.0400   6.8220557E+05   1.0153367E+00
   78.0500   6.8211942E+05   1.0153362E+00
   78.0600   6.8202719E+05   1.0153357E+00
   78.0700   6.8192883E+05   1.0153352E+00
   78.0800   6.8182425E+05   1.0153346E+00
   78.0900   6.8171328E+05   1.0153339E+00
   78.1000   6.8159584E+05   1.0153333E+00
   78.1100   6.8147199E+05   1.0153326E+00
   78.1200   6.8134169E+05   1.0153318E+00
   78.1300   6.8120486E+05   1.0153310E+00
   78.1400   6.8106132E+05   1.0153302E+00
   78.1500   6.8091101E+05   1.0153293E+00
   78.1600   6.8075398E+05   1.0153284E+00
   78.1700   6.8059019E+05   1.0153274E+00
   78.1800   6.8041954E+05   1.0153264E+00
   78.1900   6.8024185E+05   1.0153254E+00
   78.2000   6.8005721E+05   1.0153243E+00
   78.2100   6.7986548E+05   1.0153232E+00
   78.2200   6.7966659E+05   1.0153220E+00
   78.2300   6.7946042E+05   1.0153208E+00
   78.2400   6.7924694E+05   1.0153195E+00
   78.2500   6.7902602E+05   1.0153182E+00
   78.2600   6.7879766E+05   1.0153168E+00
   78.2700   6.7856176E+05   1.0153154E+00
   78.2800   6.7831832E+05   1.0153140E+00
   78.2900   6.7806725E+05   1.0153125E+00
   78.3000   6.7780839E+05   1.0153110E+00
   78.3100   6.7754166E+05   1.0153094E+00
   78.3200   6.7726708E+05   1.0153077E+00
   78.3300   6.7698459E+05   1.0153061E+00
   78.3400   6.7669403E+05   1.0153043E+00
   78.3500   6.7639534E+05   1.0153025E+00
   78.3600   6.7608854E+05   1.0153007E+00
   78.3700   6.7577359E+05   1.0152988E+00
   78.3800   6.7545031E+05   1.0152969E+00
   78.3900   6.7511866E+05   1.0152949E+00
   78.4000   6.7477865E+05   1.0152929E+00
   78.4100   6.7443021E+05   1.0152908E+00
   78.4200   6.7407319E+05   1.0152886E+00
   78.4300   6.7370751E+05   1.0152864E+00
   78.4400   6.7333317E+05   1.0152842E+00
   78.4500   6.7295010E+05   1.0152819E+00
   78.4600   6.7255811E+05   1.0152795E+00
   78.4700   6.7215727E+05   1.0152771E+00
   78.4800   6.7174739E+05   1.0152746E+00
   78.4900   6.7132853E+05   1.0152721E+00
   78.5000   6.7090048E+05   1.0152696E+00
   78.5100   6.7046327E+05   1.0152669E+00
   78.5200   6.7001684E+05   1.0152642E+00
   78.5300   6.6956104E+05   1.0152615E+00
   78.5400   6.6909577E+05   1.0152587E+00
   78.5500   6.6862103E+05   1.0152558E+00
   78.5600   6.6813671E+05   1.0152529E+00
   78.5700   6.6764276E+05   1.0152499E+00
   78.5800   6.6713923E+05   1.0152469E+00
   78.5900   6.6662603E+05   1.0152438E+00
   78.6000   6.6610300E+05   1.0152406E+00
   78.6100   6.6557020E+05   1.0152374E+00
   78.6200   6.6502761E+05   1.0152341E+00
   78.6300   6.6447507E+05   1.0152308E+00
   78.6400   6.6391253E+05   1.0152274E+00
   78.6500   6.6333997E+05   1.0152239E+00
   78.6600   6.6275728E+05   1.0152204E+00
   78.6700   6.6216443E+05   1.0152168E+00
   78.6800   6.6156143E+05   1.0152132E+00
   78.6900   6.6094819E+05   1.0152094E+00
   78.7000   6.6032471E+05   1.0152057E+00
   78.7100   6.5969083E+05   1.0152018E+00
   78.7200   6.5904649E+05   1.0151979E+00
   78.7300   6.5839170E+05   1.0151940E+00
   78.7400   6.5772650E+05   1.0151899E+00
   78.7500   6.5705084E+05   1.0151858E+00
   78.7600   6.5636457E+05   1.0151817E+00
   78.7700   6.5566774E+05   1.0151775E+00
   78.7800   6.5496031E+05   1.0151732E+00
   78.7900   6.5424213E+05   1.0151688E+00
   78.8000   6.5351328E+05   1.0151644E+00
   78.8100   6.5277372E+05   1.0151599E+00
   78.8200   6.5202347E+05   1.0151554E+00
   78.8300   6.5126244E+05   1.0151507E+00
   78.8400   6.5049061E+05   1.0151461E+00
   78.8500   6.4970800E+05   1.0151413E+00
   78.8600   6.4891452E+05   1.0151365E+00
   78.8700   6.4811014E+05   1.0151316E+00
   78.8800   6.4729489E+05   1.0151267E+00
   78.8900   6.4646869E+05   1.0151216E+00
   78.9000   6.4563149E+05   1.0151166E+00
   78.9100   6.4478334E+05   1.0151114E+00
   78.9200   6.4392412E+05   1.0151062E+00
   78.9300   6.4305401E+05   1.0151009E+00
   78.9400   6.4217282E+05   1.0150955E+00
   78.9500   6.4128066E+05   1.0150901E+00
   78.9600   6.4037747E+05   1.0150846E+00
   78.9700   6.3946328E+05   1.0150791E+00
   78.9800   6.3853818E+05   1.0150734E+00
   78.9900   6.3760210E+05   1.0150678E+00
   79.0000   6.3665508E+05   1.0150620E+00
   79.0100   6.3569701E+05   1.0150562E+00
   79.0200   6.3472802E+05   1.0150503E+00
   79.0300   6.3374812E+05   1.0150443E+00
   79.0400   6.3275721E+05   1.0150383E+00
   79.0500   6.3175542E+05   1.0150322E+00
   79.0600   6.3074276E+05   1.0150260E+00
   79.0700   6.2971912E+05   1.0150198E+00
   79.0800   6.2868462E+05   1.0150135E+00
   79.0900   6.2763929E+05   1.0150072E+00
   79.1000   6.2658319E+05   1.0150007E+00
   79.1100   6.2551627E+05   1.0149942E+00
   79.1200   6.2443855E+05   1.0149877E+00
   79.1300   6.2335008E+05   1.0149810E+00
   79.1400   6.2225084E+05   1.0149744E+00
   79.1500   6.2114102E+05   1.0149676E+00
   79.1600   6.2002050E+05   1.0149608E+00
   79.1700   6.1888944E+05   1.0149539E+00
   79.1800   6.1774785E+05   1.0149469E+00
   79.1900   6.1659582E+05   1.0149399E+00
   79.2000   6.1543333E+05   1.0149328E+00
   79.2100   6.1426040E+05   1.0149257E+00
   79.2200   6.1307715E+05   1.0149185E+00
   79.2300   6.1188355E+05   1.0149112E+00
   79.2400   6.1067966E+05   1.0149039E+00
   79.2500   6.0946560E+05   1.0148965E+00
   79.2600   6.0824137E+05   1.0148890E+00
   79.2700   6.0700705E+05   1.0148815E+00
   79.2800   6.0576278E+05   1.0148739E+00
   79.2900   6.0450858E+05   1.0148663E+00
   79.3000   6.0324457E+05   1.0148586E+00
   79.3100   6.0197074E+05   1.0148508E+00
   79.3200   6.0068715E+05   1.0148430E+00
   79.3300   5.9939394E+05   1.0148351E+00
   79.3400   5.9809114E+05   1.0148272E+00
   79.3500   5.9677885E+05   1.0148192E+00
   79.3600   5.9545726E+05   1.0148111E+00
   79.3700   5.9412645E+05   1.0148030E+00
   79.3800   5.9278638E+05   1.0147948E+00
   79.3900   5.9143729E+05   1.0147866E+00
   79.4000   5.9007913E+05   1.0147783E+00
   79.4100   5.8871212E+05   1.0147700E+00
   79.4200   5.8733637E+05   1.0147616E+00
   79.4300   5.8595190E+05   1.0147531E+00
   79.4400   5.8455880E+05   1.0147446E+00
   79.4500   5.8315727E+05   1.0147361E+00
   79.4600   5.8174740E+05   1.0147275E+00
   79.4700   5.8032918E+05   1.0147188E+00
   79.4800   5.7890270E+05   1.0147101E+00
   79.4900   5.7746815E+05   1.0147014E+00
   79.5000   5.7602560E+05   1.0146926E+00
   79.5100   5.7457524E+05   1.0146837E+00
   79.5200   5.7311715E+05   1.0146748E+00
   79.5300   5.7165152E+05   1.0146659E+00
   79.5400   5.7017846E+05   1.0146569E+00
   79.5500   5.6869798E+05   1.0146479E+00
   79.5600   5.6721020E+05   1.0146388E+00
   79.5700   5.6571534E+05   1.0146296E+00
   79.5800   5.6421354E+05   1.0146205E+00
   79.5900   5.6270485E+05   1.0146113E+00
   79.6000   5.6118944E+05   1.0146020E+00
   79.6100   5.5966741E+05   1.0145927E+00
   79.6200   5.5813894E+05   1.0145834E+00
   79.6300   5.5660417E+05   1.0145740E+00
   79.6400   5.5506333E+05   1.0145646E+00
   79.6500   5.5351640E+05   1.0145552E+00
   79.6600   5.5196368E+05   1.0145457E+00
   79.6700   5.5040518E+05   1.0145362E+00
   79.6800   5.4884107E+05   1.0145266E+00
   79.6900   5.4727143E+05   1.0145170E+00
   79.7000   5.4569647E+05   1.0145074E+00
   79.7100   5.4411634E+05   1.0144978E+00
   79.7200   5.4253113E+05   1.0144881E+00
   79.7300   5.4094105E+05   1.0144784E+00
   79.7400   5.3934627E+05   1.0144686E+00
   79.7500   5.3774689E+05   1.0144589E+00
   79.7600   5.3614316E+05   1.0144491E+00
   79.7700   5.3453524E+05   1.0144392E+00
   79.7800   5.3292330E+05   1.0144294E+00
   79.7900   5.3130742E+05   1.0144195E+00
   79.8000   5.2968784E+05   1.0144096E+00
   79.8100   5.2806456E+05   1.0143997E+00
   79.8200   5.2643792E+05   1.0143898E+00
   79.8300   5.2480803E+05   1.0143798E+00
   79.8400   5.2317496E+05   1.0143698E+00
   79.8500   5.2153893E+05   1.0143598E+00
   79.8600   5.1990014E+05   1.0143498E+00
   79.8700   5.1825873E+05   1.0143398E+00
   79.8800   5.1661483E+05   1.0143298E+00
   79.8900   5.1496872E+05   1.0143197E+00
   79.9000   5.1332047E+05   1.0143096E+00
   79.9100   5.1167032E+05   1.0142995E+00
   79.9200   5.1001828E+05   1.0142894E+00
   79.9300   5.0836454E+05   1.0142793E+00
   79.9400   5.0670927E+05   1.0142692E+00
   79.9500   5.0505262E+05   1.0142591E+00
   79.9600   5.0339489E+05   1.0142489E+00
   79.9700   5.0173622E+05   1.0142388E+00
   79.9800   5.0007671E+05   1.0142287E+00
   79.9900   4.9841663E+05   1.0142185E+00
   80.0000   4.9675609E+05   1.0142084E+00
   80.0100   4.9509535E+05   1.0141982E+00
   80.0200   4.9343448E+05   1.0141880E+00
   80.0300   4.9177358E+05   1.0141779E+00
   80.0400   4.9011290E+05   1.0141677E+00
   80.0500   4.8845253E+05   1.0141576E+00
   80.0600   4.8679272E+05   1.0141474E+00
   80.0700   4.8513358E+05   1.0141373E+00
   80.0800   4.8347537E+05   1.0141271E+00
   80.0900   4.8181821E+05   1.0141170E+00
   80.1000   4.8016221E+05   1.0141069E+00
   80.1100   4.7850769E+05   1.0140968E+00
   80.1200   4.7685477E+05   1.0140866E+00
   80.1300   4.7520364E+05   1.0140765E+00
   80.1400   4.7355447E+05   1.0140665E+00
   80.1500   4.7190728E+05   1.0140564E+00
   80.1600   4.7026230E+05   1.0140463E+00
   80.1700   4.6861977E+05   1.0140363E+00
   80.1800   4.6697978E+05   1.0140262E+00
   80.1900   4.6534246E+05   1.0140162E+00
   80.2000   4.6370796E+05   1.0140062E+00
   80.2100   4.6207644E+05   1.0139962E+00
   80.2200   4.6044814E+05   1.0139863E+00
   80.2300   4.5882310E+05   1.0139763E+00
   80.2400   4.5720162E+05   1.0139664E+00
   80.2500   4.5558384E+05   1.0139565E+00
   80.2600   4.5396993E+05   1.0139466E+00
   80.2700   4.5235993E+05   1.0139368E+00
   80.2800   4.5075411E+05   1.0139269E+00
   80.2900   4.4915261E+05   1.0139171E+00
   80.3000   4.4755559E+05   1.0139074E+00
   80.3100   4.4596311E+05   1.0138976E+00
   80.3200   4.4437525E+05   1.0138879E+00
   80.3300   4.4279216E+05   1.0138782E+00
   80.3400   4.4121404E+05   1.0138685E+00
   80.3500   4.3964114E+05   1.0138589E+00
   80.3600   4.3807359E+05   1.0138493E+00
   80.3700   4.3651139E+05   1.0138397E+00
   80.3800   4.3495479E+05   1.0138302E+00
   80.3900   4.3340391E+05   1.0138207E+00
   80.4000   4.3185894E+05   1.0138113E+00
   80.4100   4.3031995E+05   1.0138018E+00
   80.4200   4.2878708E+05   1.0137924E+00
   80.4300   4.2726053E+05   1.0137831E+00
   80.4400   4.2574039E+05   1.0137738E+00
   80.4500   4.2422684E+05   1.0137645E+00
   80.4600   4.2271991E+05   1.0137553E+00
   80.4700   4.2121975E+05   1.0137461E+00
   80.4800   4.1972654E+05   1.0137370E+00
   80.4900   4.1824039E+05   1.0137279E+00
   80.5000   4.1676129E+05   1.0137188E+00
   80.5100   4.1528949E+05   1.0137098E+00
   80.5200   4.1382496E+05   1.0137008E+00
   80.5300   4.1236793E+05   1.0136919E+00
   80.5400   4.1091853E+05   1.0136830E+00
   80.5500   4.0947680E+05   1.0136742E+00
   80.5600   4.0804286E+05   1.0136654E+00
   80.5700   4.0661691E+05   1.0136566E+00
   80.5800   4.0519906E+05   1.0136479E+00
   80.5900   4.0378933E+05   1.0136393E+00
   80.6000   4.0238784E+05   1.0136307E+00
   80.6100   4.0099460E+05   1.0136222E+00
   80.6200   3.9960972E+05   1.0136137E+00
   80.6300   3.9823340E+05   1.0136052E+00
   80.6400   3.9686576E+05   1.0135969E+00
   80.6500   3.9550683E+05   1.0135885E+00
   80.6600   3.9415672E+05   1.0135803E+00
   80.6700   3.9281549E+05   1.0135720E+00
   80.6800   3.9148327E+05   1.0135639E+00
   80.6900   3.9016012E+05   1.0135558E+00
   80.7000   3.8884602E+05   1.0135477E+00
   80.7100   3.8754103E+05   1.0135397E+00
   80.7200   3.8624535E+05   1.0135317E+00
   80.7300   3.8495906E+05   1.0135239E+00
   80.7400   3.8368218E+05   1.0135160E+00
   80.7500   3.8241484E+05   1.0135083E+00
   80.7600   3.8115709E+05   1.0135005E+00
   80.7700   3.7990890E+05   1.0134929E+00
   80.7800   3.7867034E+05   1.0134853E+00
   80.7900   3.7744161E+05   1.0134777E+00
   80.8000   3.7622262E+05   1.0134703E+00
   80.8100   3.7501343E+05   1.0134628E+00
   80.8200   3.7381417E+05   1.0134555E+00
   80.8300   3.7262493E+05   1.0134482E+00
   80.8400   3.7144569E+05   1.0134410E+00
   80.8500   3.7027659E+05   1.0134338E+00
   80.8600   3.6911765E+05   1.0134267E+00
   80.8700   3.6796887E+05   1.0134196E+00
   80.8800   3.6683032E+05   1.0134126E+00
   80.8900   3.6570203E+05   1.0134057E+00
   80.9000   3.6458394E+05   1.0133988E+00
   80.9100   3.6347613E+05   1.0133920E+00
   80.9200   3.6237858E+05   1.0133853E+00
   80.9300   3.6129142E+05   1.0133786E+00
   80.9400   3.6021467E+05   1.0133720E+00
   80.9500   3.5914833E+05   1.0133655E+00
   80.9600   3.5809248E+05   1.0133590E+00
   80.9700   3.5704715E+05   1.0133526E+00
   80.9800   3.5601230E+05   1.0133462E+00
   80.9900   3.5498801E+05   1.0133399E+00
   81.0000   3.5397430E+05   1.0133337E+00
   81.0100   3.5297110E+05   1.0133275E+00
   81.0200   3.5197849E+05   1.0133214E+00
   81.0300   3.5099648E+05   1.0133154E+00
   81.0400   3.5002498E+05   1.0133094E+00
   81.0500   3.4906406E+05   1.0133035E+00
   81.0600   3.4811371E+05   1.0132977E+00
   81.0700   3.4717403E+05   1.0132919E+00
   81.0800   3.4624489E+05   1.0132862E+00
   81.0900   3.4532626E+05   1.0132805E+00
   81.1000   3.4441823E+05   1.0132749E+00
   81.1100   3.4352083E+05   1.0132694E+00
   81.1200   3.4263404E+05   1.0132640E+00
   81.1300   3.4175775E+05   1.0132586E+00
   81.1400   3.4089198E+05   1.0132533E+00
   81.1500   3.4003669E+05   1.0132480E+00
   81.1600   3.3919194E+05   1.0132428E+00
   81.1700   3.3835773E+05   1.0132377E+00
   81.1800   3.3753402E+05   1.0132326E+00
   81.1900   3.3672085E+05   1.0132276E+00
   81.2000   3.3591822E+05   1.0132226E+00
   81.2100   3.3512605E+05   1.0132178E+00
   81.2200   3.3434438E+05   1.0132130E+00
   81.2300   3.3357320E+05   1.0132082E+00
   81.2400   3.3281241E+05   1.0132035E+00
   81.2500   3.3206205E+05   1.0131989E+00
   81.2600   3.3132206E+05   1.0131943E+00
   81.2700   3.3059236E+05   1.0131899E+00
   81.2800   3.2987294E+05   1.0131854E+00
   81.2900   3.2916375E+05   1.0131811E+00
   81.3000   3.2846484E+05   1.0131767E+00
   81.3100   3.2777620E+05   1.0131725E+00
   81.3200   3.2709775E+05   1.0131683E+00
   81.3300   3.2642934E+05   1.0131642E+00
   81.3400   3.2577093E+05   1.0131601E+00
   81.3500   3.2512259E+05   1.0131561E+00
   81.3600   3.2448433E+05   1.0131522E+00
   81.3700   3.2385608E+05   1.0131483E+00
   81.3800   3.2323770E+05   1.0131445E+00
   81.3900   3.2262917E+05   1.0131408E+00
   81.4000   3.2203056E+05   1.0131371E+00
   81.4100   3.2144171E+05   1.0131334E+00
   81.4200   3.2086254E+05   1.0131299E+00
   81.4300   3.2029311E+05   1.0131263E+00
   81.4400   3.1973339E+05   1.0131229E+00
   81.4500   3.1918326E+05   1.0131195E+00
   81.4600   3.1864274E+05   1.0131161E+00
   81.4700   3.1811175E+05   1.0131129E+00
   81.4800   3.1759032E+05   1.0131096E+00
   81.4900   3.1707842E+05   1.0131065E+00
   81.5000   3.1657592E+05   1.0131034E+00
   81.5100   3.1608281E+05   1.0131003E+00
   81.5200   3.1559900E+05   1.0130973E+00
   81.5300   3.1512450E+05   1.0130944E+00
   81.5400   3.1465925E+05   1.0130915E+00
   81.5500   3.1420310E+05   1.0130887E+00
   81.5600   3.1375600E+05   1.0130859E+00
   81.5700   3.1331802E+05   1.0130832E+00
   81.5800   3.1288913E+05   1.0130805E+00
   81.5900   3.1246922E+05   1.0130779E+00
   81.6000   3.1205830E+05   1.0130754E+00
   81.6100   3.1165626E+05   1.0130729E+00
   81.6200   3.1126295E+05   1.0130705E+00
   81.6300   3.1087846E+05   1.0130681E+00
   81.6400   3.1050266E+05   1.0130657E+00
   81.6500   3.1013546E+05   1.0130635E+00
   81.6600   3.0977692E+05   1.0130612E+00
   81.6700   3.0942698E+05   1.0130591E+00
   81.6800   3.0908550E+05   1.0130569E+00
   81.6900   3.0875244E+05   1.0130549E+00
   81.7000   3.0842785E+05   1.0130528E+00
   81.7100   3.0811170E+05   1.0130509E+00
   81.7200   3.0780386E+05   1.0130490E+00
   81.7300   3.0750431E+05   1.0130471E+00
   81.7400   3.0721290E+05   1.0130453E+00
   81.7500   3.0692963E+05   1.0130435E+00
   81.7600   3.0665454E+05   1.0130418E+00
   81.7700   3.0638761E+05   1.0130401E+00
   81.7800   3.0612871E+05   1.0130385E+00
   81.7900   3.0587780E+05   1.0130369E+00
   81.8000   3.0563477E+05   1.0130354E+00
   81.8100   3.0539957E+05   1.0130339E+00
   81.8200   3.0517226E+05   1.0130325E+00
   81.8300   3.0495278E+05   1.0130311E+00
   81.8400   3.0474100E+05   1.0130298E+00
   81.8500   3.0453686E+05   1.0130285E+00
   81.8600   3.0434040E+05   1.0130273E+00
   81.8700   3.0415154E+05   1.0130261E+00
   81.8800   3.0397030E+05   1.0130250E+00
   81.8900   3.0379661E+05   1.0130239E+00
   81.9000   3.0363047E+05   1.0130228E+00
   81.9100   3.0347179E+05   1.0130218E+00
   81.9200   3.0332056E+05   1.0130208E+00
   81.9300   3.0317667E+05   1.0130199E+00
   81.9400   3.0304009E+05   1.0130191E+00
   81.9500   3.0291088E+05   1.0130182E+00
   81.9600   3.0278899E+05   1.0130175E+00
   81.9700   3.0267428E+05   1.0130167E+00
   81.9800   3.0256687E+05   1.0130160E+00
   81.9900   3.0246658E+05   1.0130154E+00
   82.0000   3.0237351E+05   1.0130148E+00
   82.0100   3.0228748E+05   1.0130142E+00
   82.0200   3.0220855E+05   1.0130137E+00
   82.0300   3.0213669E+05   1.0130132E+00
   82.0400   3.0207178E+05   1.0130128E+00
   82.0500   3.0201393E+05   1.0130124E+00
   82.0600   3.0196298E+05   1.0130121E+00
   82.0700   3.0191903E+05   1.0130118E+00
   82.0800   3.0188208E+05   1.0130115E+00
   82.0900   3.0185201E+05   1.0130113E+00
   82.1000   3.0182880E+05   1.0130111E+00
   82.1100   3.0181249E+05   1.0130110E+00
   82.1200   3.0180301E+05   1.0130109E+00
   82.1300   3.0180039E+05   1.0130108E+00
   82.1400   3.0180452E+05   1.0130108E+00
   82.1500   3.0181540E+05   1.0130108E+00
   82.1600   3.0183308E+05   1.0130109E+00
   82.1700   3.0185751E+05   1.0130110E+00
   82.1800   3.0188873E+05   1.0130112E+00
   82.1900   3.0192666E+05   1.0130114E+00
   82.2000   3.0197129E+05   1.0130116E+00
   82.2100   3.0202251E+05   1.0130119E+00
   82.2200   3.0208047E+05   1.0130122E+00
   82.2300   3.0214502E+05   1.0130126E+00
   82.2400   3.0221628E+05   1.0130130E+00
   82.2500   3.0229426E+05   1.0130134E+00
   82.2600   3.0237883E+05   1.0130139E+00
   82.2700   3.0246999E+05   1.0130145E+00
   82.2800   3.0256777E+05   1.0130150E+00
   82.2900   3.0267211E+05   1.0130156E+00
   82.3000   3.0278301E+05   1.0130163E+00
   82.3100   3.0290057E+05   1.0130170E+00
   82.3200   3.0302475E+05   1.0130177E+00
   82.3300   3.0315561E+05   1.0130184E+00
   82.3400   3.0329308E+05   1.0130193E+00
   82.3500   3.0343717E+05   1.0130201E+00
   82.3600   3.0358781E+05   1.0130210E+00
   82.3700   3.0374514E+05   1.0130219E+00
   82.3800   3.0390904E+05   1.0130229E+00
   82.3900   3.0407963E+05   1.0130239E+00
   82.4000   3.0425676E+05   1.0130250E+00
   82.4100   3.0444052E+05   1.0130260E+00
   82.4200   3.0463088E+05   1.0130272E+00
   82.4300   3.0482792E+05   1.0130284E+00
   82.4400   3.0503158E+05   1.0130296E+00
   82.4500   3.0524189E+05   1.0130308E+00
   82.4600   3.0545894E+05   1.0130321E+00
   82.4700   3.0568274E+05   1.0130335E+00
   82.4800   3.0591315E+05   1.0130348E+00
   82.4900   3.0615033E+05   1.0130363E+00
   82.5000   3.0639412E+05   1.0130377E+00
   82.5100   3.0664464E+05   1.0130392E+00
   82.5200   3.0690189E+05   1.0130408E+00
   82.5300   3.0716595E+05   1.0130423E+00
   82.5400   3.0743678E+05   1.0130440E+00
   82.5500   3.0771443E+05   1.0130456E+00
   82.5600   3.0799884E+05   1.0130473E+00
   82.5700   3.0829003E+05   1.0130491E+00
   82.5800   3.0858808E+05   1.0130509E+00
   82.5900   3.0889300E+05   1.0130527E+00
   82.6000   3.0920483E+05   1.0130546E+00
   82.6100   3.0952353E+05   1.0130565E+00
   82.6200   3.0984915E+05   1.0130585E+00
   82.6300   3.1018160E+05   1.0130605E+00
   82.6400   3.1052090E+05   1.0130625E+00
   82.6500   3.1086713E+05   1.0130646E+00
   82.6600   3.1122027E+05   1.0130667E+00
   82.6700   3.1158037E+05   1.0130689E+00
   82.6800   3.1194738E+05   1.0130711E+00
   82.6900   3.1232133E+05   1.0130734E+00
   82.7000   3.1270232E+05   1.0130757E+00
   82.7100   3.1309036E+05   1.0130780E+00
   82.7200   3.1348553E+05   1.0130804E+00
   82.7300   3.1388781E+05   1.0130829E+00
   82.7400   3.1429724E+05   1.0130853E+00
   82.7500   3.1471380E+05   1.0130879E+00
   82.7600   3.1513751E+05   1.0130904E+00
   82.7700   3.1556830E+05   1.0130930E+00
   82.7800   3.1600620E+05   1.0130957E+00
   82.7900   3.1645128E+05   1.0130984E+00
   82.8000   3.1690355E+05   1.0131011E+00
   82.8100   3.1736306E+05   1.0131039E+00
   82.8200   3.1782979E+05   1.0131067E+00
   82.8300   3.1830379E+05   1.0131096E+00
   82.8400   3.1878501E+05   1.0131125E+00
   82.8500   3.1927347E+05   1.0131155E+00
   82.8600   3.1976929E+05   1.0131185E+00
   82.8700   3.2027247E+05   1.0131215E+00
   82.8800   3.2078293E+05   1.0131246E+00
   82.8900   3.2130066E+05   1.0131278E+00
   82.9000   3.2182573E+05   1.0131309E+00
   82.9100   3.2235812E+05   1.0131342E+00
   82.9200   3.2289787E+05   1.0131374E+00
   82.9300   3.2344495E+05   1.0131408E+00
   82.9400   3.2399940E+05   1.0131441E+00
   82.9500   3.2456132E+05   1.0131475E+00
   82.9600   3.2513075E+05   1.0131510E+00
   82.9700   3.2570760E+05   1.0131545E+00
   82.9800   3.2629188E+05   1.0131581E+00
   82.9900   3.2688368E+05   1.0131617E+00
   83.0000   3.2748299E+05   1.0131653E+00
   83.0100   3.2808971E+05   1.0131690E+00
   83.0200   3.2870380E+05   1.0131727E+00
   83.0300   3.2932534E+05   1.0131765E+00
   83.0400   3.2995427E+05   1.0131803E+00
   83.0500   3.3059063E+05   1.0131842E+00
   83.0600   3.3123438E+05   1.0131881E+00
   83.0700   3.3188554E+05   1.0131921E+00
   83.0800   3.3254422E+05   1.0131961E+00
   83.0900   3.3321041E+05   1.0132001E+00
   83.1000   3.3388405E+05   1.0132042E+00
   83.1100   3.3456513E+05   1.0132084E+00
   83.1200   3.3525371E+05   1.0132125E+00
   83.1300   3.3594980E+05   1.0132168E+00
   83.1400   3.3665326E+05   1.0132211E+00
   83.1500   3.3736406E+05   1.0132254E+00
   83.1600   3.3808225E+05   1.0132298E+00
   83.1700   3.3880779E+05   1.0132342E+00
   83.1800   3.3954069E+05   1.0132386E+00
   83.1900   3.4028089E+05   1.0132431E+00
   83.2000   3.4102841E+05   1.0132477E+00
   83.2100   3.4178333E+05   1.0132523E+00
   83.2200   3.4254566E+05   1.0132569E+00
   83.2300   3.4331528E+05   1.0132616E+00
   83.2400   3.4409218E+05   1.0132664E+00
   83.2500   3.4487641E+05   1.0132711E+00
   83.2600   3.4566794E+05   1.0132760E+00
   83.2700   3.4646661E+05   1.0132808E+00
   83.2800   3.4727239E+05   1.0132857E+00
   83.2900   3.4808527E+05   1.0132907E+00
   83.3000   3.4890535E+05   1.0132957E+00
   83.3100   3.4973246E+05   1.0133007E+00
   83.3200   3.5056667E+05   1.0133058E+00
   83.3300   3.5140795E+05   1.0133109E+00
   83.3400   3.5225617E+05   1.0133161E+00
   83.3500   3.5311127E+05   1.0133213E+00
   83.3600   3.5397329E+05   1.0133266E+00
   83.3700   3.5484214E+05   1.0133319E+00
   83.3800   3.5571781E+05   1.0133372E+00
   83.3900   3.5660021E+05   1.0133426E+00
   83.4000   3.5748929E+05   1.0133480E+00
   83.4100   3.5838511E+05   1.0133535E+00
   83.4200   3.5928758E+05   1.0133590E+00
   83.4300   3.6019672E+05   1.0133645E+00
   83.4400   3.6111244E+05   1.0133701E+00
   83.4500   3.6203471E+05   1.0133758E+00
   83.4600   3.6296339E+05   1.0133814E+00
   83.4700   3.6389843E+05   1.0133871E+00
   83.4800   3.6483983E+05   1.0133929E+00
   83.4900   3.6578750E+05   1.0133987E+00
   83.5000   3.6674141E+05   1.0134045E+00
   83.5100   3.6770141E+05   1.0134103E+00
   83.5200   3.6866743E+05   1.0134162E+00
   83.5300   3.6963946E+05   1.0134222E+00
   83.5400   3.7061738E+05   1.0134281E+00
   83.5500   3.7160115E+05   1.0134341E+00
   83.5600   3.7259076E+05   1.0134402E+00
   83.5700   3.7358612E+05   1.0134463E+00
   83.5800   3.7458718E+05   1.0134524E+00
   83.5900   3.7559378E+05   1.0134585E+00
   83.6000   3.7660583E+05   1.0134647E+00
   83.6100   3.7762329E+05   1.0134709E+00
   83.6200   3.7864619E+05   1.0134772E+00
   83.6300   3.7967443E+05   1.0134834E+00
   83.6400   3.8070797E+05   1.0134898E+00
   83.6500   3.8174666E+05   1.0134961E+00
   83.6600   3.8279039E+05   1.0135025E+00
   83.6700   3.8383913E+05   1.0135089E+00
   83.6800   3.8489271E+05   1.0135153E+00
   83.6900   3.8595100E+05   1.0135218E+00
   83.7000   3.8701395E+05   1.0135283E+00
   83.7100   3.8808154E+05   1.0135348E+00
   83.7200   3.8915364E+05   1.0135414E+00
   83.7300   3.9023017E+05   1.0135479E+00
   83.7400   3.9131107E+05   1.0135545E+00
   83.7500   3.9239618E+05   1.0135612E+00
   83.7600   3.9348537E+05   1.0135678E+00
   83.7700   3.9457858E+05   1.0135745E+00
   83.7800   3.9567575E+05   1.0135812E+00
   83.7900   3.9677674E+05   1.0135880E+00
   83.8000   3.9788139E+05   1.0135947E+00
   83.8100   3.9898964E+05   1.0136015E+00
   83.8200   4.0010144E+05   1.0136083E+00
   83.8300   4.0121659E+05   1.0136151E+00
   83.8400   4.0233513E+05   1.0136219E+00
   83.8500   4.0345696E+05   1.0136288E+00
   83.8600   4.0458181E+05   1.0136357E+00
   83.8700   4.0570964E+05   1.0136426E+00
   83.8800   4.0684028E+05   1.0136495E+00
   83.8900   4.0797373E+05   1.0136564E+00
   83.9000   4.0910989E+05   1.0136634E+00
   83.9100   4.1024865E+05   1.0136703E+00
   83.9200   4.1138977E+05   1.0136773E+00
   83.9300   4.1253321E+05   1.0136843E+00
   83.9400   4.1367878E+05   1.0136913E+00
   83.9500   4.1482650E+05   1.0136983E+00
   83.9600   4.1597621E+05   1.0137054E+00
   83.9700   4.1712781E+05   1.0137124E+00
   83.9800   4.1828118E+05   1.0137195E+00
   83.9900   4.1943624E+05   1.0137265E+00
   84.0000   4.2059277E+05   1.0137336E+00
   84.0100   4.2175071E+05   1.0137407E+00
   84.0200   4.2290985E+05   1.0137478E+00
   84.0300   4.2407018E+05   1.0137549E+00
   84.0400   4.2523152E+05   1.0137620E+00
   84.0500   4.2639371E+05   1.0137691E+00
   84.0600   4.2755675E+05   1.0137762E+00
   84.0700   4.2872051E+05   1.0137833E+00
   84.0800   4.2988484E+05   1.0137905E+00
   84.0900   4.3104961E+05   1.0137976E+00
   84.1000   4.3221469E+05   1.0138047E+00
   84.1100   4.3337995E+05   1.0138119E+00
   84.1200   4.3454527E+05   1.0138190E+00
   84.1300   4.3571054E+05   1.0138261E+00
   84.1400   4.3687563E+05   1.0138333E+00
   84.1500   4.3804041E+05   1.0138404E+00
   84.1600   4.3920477E+05   1.0138475E+00
   84.1700   4.4036857E+05   1.0138546E+00
   84.1800   4.4153167E+05   1.0138618E+00
   84.1900   4.4269395E+05   1.0138689E+00
   84.2000   4.4385523E+05   1.0138760E+00
   84.2100   4.4501555E+05   1.0138831E+00
   84.2200   4.4617473E+05   1.0138902E+00
   84.2300   4.4733259E+05   1.0138973E+00
   84.2400   4.4848911E+05   1.0139044E+00
   84.2500   4.4964408E+05   1.0139114E+00
   84.2600   4.5079745E+05   1.0139185E+00
   84.2700   4.5194915E+05   1.0139256E+00
   84.2800   4.5309892E+05   1.0139326E+00
   84.2900   4.5424666E+05   1.0139396E+00
   84.3000   4.5539224E+05   1.0139467E+00
   84.3100   4.5653551E+05   1.0139537E+00
   84.3200   4.5767647E+05   1.0139606E+00
   84.3300   4.5881494E+05   1.0139676E+00
   84.3400   4.5995085E+05   1.0139746E+00
   84.3500   4.6108414E+05   1.0139815E+00
   84.3600   4.6221470E+05   1.0139884E+00
   84.3700   4.6334241E+05   1.0139954E+00
   84.3800   4.6446710E+05   1.0140023E+00
   84.3900   4.6558857E+05   1.0140091E+00
   84.4000   4.6670677E+05   1.0140160E+00
   84.4100   4.6782162E+05   1.0140228E+00
   84.4200   4.6893299E+05   1.0140296E+00
   84.4300   4.7004072E+05   1.0140364E+00
   84.4400   4.7114480E+05   1.0140432E+00
   84.4500   4.7224515E+05   1.0140499E+00
   84.4600   4.7334169E+05   1.0140566E+00
   84.4700   4.7443427E+05   1.0140633E+00
   84.4800   4.7552270E+05   1.0140700E+00
   84.4900   4.7660694E+05   1.0140767E+00
   84.5000   4.7768687E+05   1.0140833E+00
   84.5100   4.7876238E+05   1.0140899E+00
   84.5200   4.7983343E+05   1.0140964E+00
   84.5300   4.8089997E+05   1.0141030E+00
   84.5400   4.8196189E+05   1.0141095E+00
   84.5500   4.8301904E+05   1.0141160E+00
   84.5600   4.8407137E+05   1.0141224E+00
   84.5700   4.8511880E+05   1.0141288E+00
   84.5800   4.8616119E+05   1.0141352E+00
   84.5900   4.8719854E+05   1.0141416E+00
   84.6000   4.8823077E+05   1.0141479E+00
   84.6100   4.8925775E+05   1.0141542E+00
   84.6200   4.9027931E+05   1.0141605E+00
   84.6300   4.9129537E+05   1.0141667E+00
   84.6400   4.9230601E+05   1.0141729E+00
   84.6500   4.9331104E+05   1.0141791E+00
   84.6600   4.9431039E+05   1.0141852E+00
   84.6700   4.9530394E+05   1.0141913E+00
   84.6800   4.9629168E+05   1.0141974E+00
   84.6900   4.9727355E+05   1.0142034E+00
   84.7000   4.9824939E+05   1.0142094E+00
   84.7100   4.9921920E+05   1.0142153E+00
   84.7200   5.0018288E+05   1.0142213E+00
   84.7300   5.0114046E+05   1.0142271E+00
   84.7400   5.0209189E+05   1.0142330E+00
   84.7500   5.0303707E+05   1.0142388E+00
   84.7600   5.0397600E+05   1.0142445E+00
   84.7700   5.0490860E+05   1.0142503E+00
   84.7800   5.0583474E+05   1.0142559E+00
   84.7900   5.0675440E+05   1.0142616E+00
   84.8000   5.0766748E+05   1.0142672E+00
   84.8100   5.0857398E+05   1.0142728E+00
   84.8200   5.0947385E+05   1.0142783E+00
   84.8300   5.1036712E+05   1.0142838E+00
   84.8400   5.1125378E+05   1.0142892E+00
   84.8500   5.1213371E+05   1.0142946E+00
   84.8600   5.1300693E+05   1.0143000E+00
   84.8700   5.1387337E+05   1.0143053E+00
   84.8800   5.1473289E+05   1.0143106E+00
   84.8900   5.1558544E+05   1.0143158E+00
   84.9000   5.1643109E+05   1.0143210E+00
   84.9100   5.1726983E+05   1.0143262E+00
   84.9200   5.1810158E+05   1.0143313E+00
   84.9300   5.1892636E+05   1.0143363E+00
   84.9400   5.1974409E+05   1.0143414E+00
   84.9500   5.2055483E+05   1.0143463E+00
   84.9600   5.2135855E+05   1.0143513E+00
   84.9700   5.2215512E+05   1.0143562E+00
   84.9800   5.2294455E+05   1.0143610E+00
   84.9900   5.2372692E+05   1.0143658E+00
   85.0000   5.2450225E+05   1.0143706E+00
   85.0100   5.2527048E+05   1.0143753E+00
   85.0200   5.2603164E+05   1.0143800E+00
   85.0300   5.2678571E+05   1.0143846E+00
   85.0400   5.2753255E+05   1.0143892E+00
   85.0500   5.2827234E+05   1.0143938E+00
   85.0600   5.2900498E+05   1.0143983E+00
   85.0700   5.2973048E+05   1.0144027E+00
   85.0800   5.3044877E+05   1.0144072E+00
   85.0900   5.3115989E+05   1.0144115E+00
   85.1000   5.3186396E+05   1.0144159E+00
   85.1100   5.3256085E+05   1.0144201E+00
   85.1200   5.3325073E+05   1.0144244E+00
   85.1300   5.3393350E+05   1.0144286E+00
   85.1400   5.3460914E+05   1.0144327E+00
   85.1500   5.3527777E+05   1.0144369E+00
   85.1600   5.3593941E+05   1.0144409E+00
   85.1700   5.3659401E+05   1.0144450E+00
   85.1800   5.3724162E+05   1.0144489E+00
   85.1900   5.3788221E+05   1.0144529E+00
   85.2000   5.3851585E+05   1.0144568E+00
   85.2100   5.3914256E+05   1.0144606E+00
   85.2200   5.3976243E+05   1.0144645E+00
   85.2300   5.4037549E+05   1.0144682E+00
   85.2400   5.4098170E+05   1.0144720E+00
   85.2500   5.4158112E+05   1.0144757E+00
   85.2600   5.4217372E+05   1.0144793E+00
   85.2700   5.4275961E+05   1.0144829E+00
   85.2800   5.4333878E+05   1.0144865E+00
   85.2900   5.4391138E+05   1.0144900E+00
   85.3000   5.4447744E+05   1.0144935E+00
   85.3100   5.4503694E+05   1.0144969E+00
   85.3200   5.4558996E+05   1.0145003E+00
   85.3300   5.4613653E+05   1.0145037E+00
   85.3400   5.4667658E+05   1.0145070E+00
   85.3500   5.4721016E+05   1.0145103E+00
   85.3600   5.4773744E+05   1.0145136E+00
   85.3700   5.4825851E+05   1.0145168E+00
   85.3800   5.4877338E+05   1.0145200E+00
   85.3900   5.4928201E+05   1.0145231E+00
   85.4000   5.4978447E+05   1.0145262E+00
   85.4100   5.5028094E+05   1.0145293E+00
   85.4200   5.5077134E+05   1.0145323E+00
   85.4300   5.5125573E+05   1.0145353E+00
   85.4400   5.5173426E+05   1.0145382E+00
   85.4500   5.5220684E+05   1.0145411E+00
   85.4600   5.5267368E+05   1.0145440E+00
   85.4700   5.5313476E+05   1.0145469E+00
   85.4800   5.5359015E+05   1.0145497E+00
   85.4900   5.5403987E+05   1.0145525E+00
   85.5000   5.5448405E+05   1.0145552E+00
   85.5100   5.5492279E+05   1.0145579E+00
   85.5200   5.5535609E+05   1.0145606E+00
   85.5300   5.5578409E+05   1.0145632E+00
   85.5400   5.5620687E+05   1.0145658E+00
   85.5500   5.5662444E+05   1.0145684E+00
   85.5600   5.5703678E+05   1.0145710E+00
   85.5700   5.5744397E+05   1.0145735E+00
   85.5800   5.5784603E+05   1.0145760E+00
   85.5900   5.5824312E+05   1.0145784E+00
   85.6000   5.5863535E+05   1.0145808E+00
   85.6100   5.5902275E+05   1.0145832E+00
   85.6200   5.5940531E+05   1.0145856E+00
   85.6300   5.5978316E+05   1.0145879E+00
   85.6400   5.6015636E+05   1.0145902E+00
   85.6500   5.6052492E+05   1.0145925E+00
   85.6600   5.6088899E+05   1.0145948E+00
   85.6700   5.6124867E+05   1.0145970E+00
   85.6800   5.6160400E+05   1.0145992E+00
   85.6900   5.6195498E+05   1.0146014E+00
   85.7000   5.6230175E+05   1.0146035E+00
   85.7100   5.6264437E+05   1.0146056E+00
   85.7200   5.6298290E+05   1.0146077E+00
   85.7300   5.6331751E+05   1.0146098E+00
   85.7400   5.6364815E+05   1.0146119E+00
   85.7500   5.6397490E+05   1.0146139E+00
   85.7600   5.6429781E+05   1.0146159E+00
   85.7700   5.6461706E+05   1.0146179E+00
   85.7800   5.6493262E+05   1.0146198E+00
   85.7900   5.6524457E+05   1.0146218E+00
   85.8000   5.6555299E+05   1.0146237E+00
   85.8100   5.6585790E+05   1.0146256E+00
   85.8200   5.6615946E+05   1.0146274E+00
   85.8300   5.6645761E+05   1.0146293E+00
   85.8400   5.6675245E+05   1.0146311E+00
   85.8500   5.6704403E+05   1.0146329E+00
   85.8600   5.6733254E+05   1.0146347E+00
   85.8700   5.6761797E+05   1.0146365E+00
   85.8800   5.6790045E+05   1.0146382E+00
   85.8900   5.6817990E+05   1.0146400E+00
   85.9000   5.6845637E+05   1.0146417E+00
   85.9100   5.6873007E+05   1.0146434E+00
   85.9200   5.6900102E+05   1.0146451E+00
   85.9300   5.6926917E+05   1.0146467E+00
   85.9400   5.6953465E+05   1.0146484E+00
   85.9500   5.6979755E+05   1.0146500E+00
   85.9600   5.7005792E+05   1.0146516E+00
   85.9700   5.7031581E+05   1.0146532E+00
   85.9800   5.7057121E+05   1.0146548E+00
   85.9900   5.7082428E+05   1.0146564E+00
   86.0000   5.7107498E+05   1.0146580E+00
   86.0100   5.7132342E+05   1.0146595E+00
   86.0200   5.7156967E+05   1.0146610E+00
   86.0300   5.7181380E+05   1.0146625E+00
   86.0400   5.7205583E+05   1.0146641E+00
   86.0500   5.7229579E+05   1.0146655E+00
   86.0600   5.7253365E+05   1.0146670E+00
   86.0700   5.7276957E+05   1.0146685E+00
   86.0800   5.7300348E+05   1.0146700E+00
   86.0900   5.7323550E+05   1.0146714E+00
   86.1000   5.7346569E+05   1.0146728E+00
   86.1100   5.7369413E+05   1.0146743E+00
   86.1200   5.7392085E+05   1.0146757E+00
   86.1300   5.7414588E+05   1.0146771E+00
   86.1400   5.7436922E+05   1.0146785E+00
   86.1500   5.7459086E+05   1.0146798E+00
   86.1600   5.7481094E+05   1.0146812E+00
   86.1700   5.7502941E+05   1.0146826E+00
   86.1800   5.7524639E+05   1.0146839E+00
   86.1900   5.7546179E+05   1.0146853E+00
   86.2000   5.7567568E+05   1.0146866E+00
   86.2100   5.7588814E+05   1.0146879E+00
   86.2200   5.7609921E+05   1.0146893E+00
   86.2300   5.7630891E+05   1.0146906E+00
   86.2400   5.7651727E+05   1.0146919E+00
   86.2500   5.7672428E+05   1.0146932E+00
   86.2600   5.7692993E+05   1.0146944E+00
   86.2700   5.7713419E+05   1.0146957E+00
   86.2800   5.7733720E+05   1.0146970E+00
   86.2900   5.7753889E+05   1.0146982E+00
   86.3000   5.7773939E+05   1.0146995E+00
   86.3100   5.7793859E+05   1.0147007E+00
   86.3200   5.7813658E+05   1.0147020E+00
   86.3300   5.7833325E+05   1.0147032E+00
   86.3400   5.7852865E+05   1.0147044E+00
   86.3500   5.7872282E+05   1.0147056E+00
   86.3600   5.7891578E+05   1.0147068E+00
   86.3700   5.7910755E+05   1.0147080E+00
   86.3800   5.7929812E+05   1.0147092E+00
   86.3900   5.7948747E+05   1.0147104E+00
   86.4000   5.7967559E+05   1.0147116E+00
   86.4100   5.7986243E+05   1.0147128E+00
   86.4200   5.8004810E+05   1.0147139E+00
   86.4300   5.8023256E+05   1.0147151E+00
   86.4400   5.8041588E+05   1.0147162E+00
   86.4500   5.8059799E+05   1.0147174E+00
   86.4600   5.8077894E+05   1.0147185E+00
   86.4700   5.8095863E+05   1.0147196E+00
   86.4800   5.8113709E+05   1.0147207E+00
   86.4900   5.8131436E+05   1.0147219E+00
   86.5000   5.8149028E+05   1.0147230E+00
   86.5100   5.8166485E+05   1.0147241E+00
   86.5200   5.8183806E+05   1.0147251E+00
   86.5300   5.8200988E+05   1.0147262E+00
   86.5400   5.8218028E+05   1.0147273E+00
   86.5500   5.8234938E+05   1.0147283E+00
   86.5600   5.8251711E+05   1.0147294E+00
   86.5700   5.8268338E+05   1.0147304E+00
   86.5800   5.8284827E+05   1.0147315E+00
   86.5900   5.8301167E+05   1.0147325E+00
   86.6000   5.8317361E+05   1.0147335E+00
   86.6100   5.8333397E+05   1.0147345E+00
   86.6200   5.8349273E+05   1.0147355E+00
   86.6300   5.8364991E+05   1.0147365E+00
   86.6400   5.8380548E+05   1.0147375E+00
   86.6500   5.8395940E+05   1.0147385E+00
   86.6600   5.8411161E+05   1.0147394E+00
   86.6700   5.8426204E+05   1.0147404E+00
   86.6800   5.8441077E+05   1.0147413E+00
   86.6900   5.8455769E+05   1.0147422E+00
   86.7000   5.8470285E+05   1.0147431E+00
   86.7100   5.8484608E+05   1.0147440E+00
   86.7200   5.8498740E+05   1.0147449E+00
   86.7300   5.8512680E+05   1.0147458E+00
   86.7400   5.8526422E+05   1.0147467E+00
   86.7500   5.8539962E+05   1.0147475E+00
   86.7600   5.8553291E+05   1.0147484E+00
   86.7700   5.8566399E+05   1.0147492E+00
   86.7800   5.8579292E+05   1.0147500E+00
   86.7900   5.8591953E+05   1.0147508E+00
   86.8000   5.8604384E+05   1.0147516E+00
   86.8100   5.8616581E+05   1.0147524E+00
   86.8200   5.8628541E+05   1.0147532E+00
   86.8300   5.8640255E+05   1.0147539E+00
   86.8400   5.8651714E+05   1.0147546E+00
   86.8500   5.8662923E+05   1.0147553E+00
   86.8600   5.8673865E+05   1.0147560E+00
   86.8700   5.8684541E+05   1.0147567E+00
   86.8800   5.8694946E+05   1.0147574E+00
   86.8900   5.8705075E+05   1.0147580E+00
   86.9000   5.8714917E+05   1.0147587E+00
   86.9100   5.8724478E+05   1.0147593E+00
   86.9200   5.8733742E+05   1.0147599E+00
   86.9300   5.8742708E+05   1.0147604E+00
   86.9400   5.8751372E+05   1.0147610E+00
   86.9500   5.8759726E+05   1.0147615E+00
   86.9600   5.8767758E+05   1.0147621E+00
   86.9700   5.8775473E+05   1.0147626E+00
   86.9800   5.8782852E+05   1.0147630E+00
   86.9900   5.8789891E+05   1.0147635E+00
   87.0000   5.8796582E+05   1.0147639E+00
   87.0100   5.8802933E+05   1.0147643E+00
   87.0200   5.8808928E+05   1.0147647E+00
   87.0300   5.8814567E+05   1.0147651E+00
   87.0400   5.8819843E+05   1.0147655E+00
   87.0500   5.8824749E+05   1.0147658E+00
   87.0600   5.8829271E+05   1.0147661E+00
   87.0700   5.8833410E+05   1.0147664E+00
   87.0800   5.8837162E+05   1.0147666E+00
   87.0900   5.8840520E+05   1.0147669E+00
   87.1000   5.8843472E+05   1.0147671E+00
   87.1100   5.8846019E+05   1.0147673E+00
   87.1200   5.8848158E+05   1.0147674E+00
   87.1300   5.8849882E+05   1.0147675E+00
   87.1400   5.8851179E+05   1.0147677E+00
   87.1500   5.8852049E+05   1.0147677E+00
   87.1600   5.8852490E+05   1.0147678E+00
   87.1700   5.8852493E+05   1.0147678E+00
   87.1800   5.8852046E+05   1.0147678E+00
   87.1900   5.8851148E+05   1.0147678E+00
   87.2000   5.8849794E+05   1.0147677E+00
   87.2100   5.8847975E+05   1.0147677E+00
   87.2200   5.8845675E+05   1.0147675E+00
   87.2300   5.8842893E+05   1.0147674E+00
   87.2400   5.8839619E+05   1.0147672E+00
   87.2500   5.8835861E+05   1.0147670E+00
   87.2600   5.8831616E+05   1.0147668E+00
   87.2700   5.8826879E+05   1.0147665E+00
   87.2800   5.8821640E+05   1.0147662E+00
   87.2900   5.8815899E+05   1.0147659E+00
   87.3000   5.8809634E+05   1.0147656E+00
   87.3100   5.8802853E+05   1.0147652E+00
   87.3200   5.8795541E+05   1.0147648E+00
   87.3300   5.8787693E+05   1.0147643E+00
   87.3400   5.8779319E+05   1.0147638E+00
   87.3500   5.8770403E+05   1.0147633E+00
   87.3600   5.8760942E+05   1.0147627E+00
   87.3700   5.8750927E+05   1.0147622E+00
   87.3800   5.8740360E+05   1.0147615E+00
   87.3900   5.8729238E+05   1.0147609E+00
   87.4000   5.8717552E+05   1.0147602E+00
   87.4100   5.8705304E+05   1.0147595E+00
   87.4200   5.8692490E+05   1.0147587E+00
   87.4300   5.8679100E+05   1.0147579E+00
   87.4400   5.8665135E+05   1.0147571E+00
   87.4500   5.8650591E+05   1.0147562E+00
   87.4600   5.8635455E+05   1.0147553E+00
   87.4700   5.8619730E+05   1.0147544E+00
   87.4800   5.8603408E+05   1.0147534E+00
   87.4900   5.8586494E+05   1.0147524E+00
   87.5000   5.8568987E+05   1.0147514E+00
   87.5100   5.8550880E+05   1.0147503E+00
   87.5200   5.8532176E+05   1.0147492E+00
   87.5300   5.8512872E+05   1.0147480E+00
   87.5400   5.8492958E+05   1.0147468E+00
   87.5500   5.8472436E+05   1.0147456E+00
   87.5600   5.8451300E+05   1.0147444E+00
   87.5700   5.8429540E+05   1.0147430E+00
   87.5800   5.8407153E+05   1.0147417E+00
   87.5900   5.8384151E+05   1.0147403E+00
   87.6000   5.8360519E+05   1.0147389E+00
   87.6100   5.8336253E+05   1.0147375E+00
   87.6200   5.8311362E+05   1.0147360E+00
   87.6300   5.8285846E+05   1.0147344E+00
   87.6400   5.8259699E+05   1.0147328E+00
   87.6500   5.8232926E+05   1.0147312E+00
   87.6600   5.8205525E+05   1.0147296E+00
   87.6700   5.8177486E+05   1.0147279E+00
   87.6800   5.8148813E+05   1.0147262E+00
   87.6900   5.8119500E+05   1.0147244E+00
   87.7000   5.8089552E+05   1.0147226E+00
   87.7100   5.8058970E+05   1.0147208E+00
   87.7200   5.8027744E+05   1.0147189E+00
   87.7300   5.7995879E+05   1.0147169E+00
   87.7400   5.7963387E+05   1.0147150E+00
   87.7500   5.7930258E+05   1.0147130E+00
   87.7600   5.7896491E+05   1.0147109E+00
   87.7700   5.7862098E+05   1.0147089E+00
   87.7800   5.7827065E+05   1.0147067E+00
   87.7900   5.7791406E+05   1.0147046E+00
   87.8000   5.7755111E+05   1.0147024E+00
   87.8100   5.7718181E+05   1.0147002E+00
   87.8200   5.7680629E+05   1.0146979E+00
   87.8300   5.7642441E+05   1.0146956E+00
   87.8400   5.7603634E+05   1.0146932E+00
   87.8500   5.7564198E+05   1.0146908E+00
   87.8600   5.7524136E+05   1.0146884E+00
   87.8700   5.7483462E+05   1.0146860E+00
   87.8800   5.7442165E+05   1.0146835E+00
   87.8900   5.7400243E+05   1.0146809E+00
   87.9000   5.7357707E+05   1.0146783E+00
   87.9100   5.7314563E+05   1.0146757E+00
   87.9200   5.7270807E+05   1.0146731E+00
   87.9300   5.7226448E+05   1.0146704E+00
   87.9400   5.7181488E+05   1.0146677E+00
   87.9500   5.7135923E+05   1.0146649E+00
   87.9600   5.7089758E+05   1.0146621E+00
   87.9700   5.7042995E+05   1.0146593E+00
   87.9800   5.6995644E+05   1.0146564E+00
   87.9900   5.6947710E+05   1.0146535E+00
   88.0000   5.6899192E+05   1.0146505E+00
   88.0100   5.6850101E+05   1.0146476E+00
   88.0200   5.6800439E+05   1.0146445E+00
   88.0300   5.6750204E+05   1.0146415E+00
   88.0400   5.6699406E+05   1.0146384E+00
   88.0500   5.6648047E+05   1.0146353E+00
   88.0600   5.6596123E+05   1.0146321E+00
   88.0700   5.6543644E+05   1.0146289E+00
   88.0800   5.6490612E+05   1.0146257E+00
   88.0900   5.6437040E+05   1.0146225E+00
   88.1000   5.6382937E+05   1.0146192E+00
   88.1100   5.6328306E+05   1.0146159E+00
   88.1200   5.6273143E+05   1.0146125E+00
   88.1300   5.6217456E+05   1.0146091E+00
   88.1400   5.6161249E+05   1.0146057E+00
   88.1500   5.6104536E+05   1.0146023E+00
   88.1600   5.6047310E+05   1.0145988E+00
   88.1700   5.5989591E+05   1.0145953E+00
   88.1800   5.5931378E+05   1.0145917E+00
   88.1900   5.5872683E+05   1.0145882E+00
   88.2000   5.5813511E+05   1.0145846E+00
   88.2100   5.5753862E+05   1.0145809E+00
   88.2200   5.5693749E+05   1.0145773E+00
   88.2300   5.5633180E+05   1.0145736E+00
   88.2400   5.5572158E+05   1.0145699E+00
   88.2500   5.5510681E+05   1.0145661E+00
   88.2600   5.5448759E+05   1.0145624E+00
   88.2700   5.5386399E+05   1.0145586E+00
   88.2800   5.5323602E+05   1.0145548E+00
   88.2900   5.5260381E+05   1.0145509E+00
   88.3000   5.5196747E+05   1.0145470E+00
   88.3100   5.5132704E+05   1.0145431E+00
   88.3200   5.5068252E+05   1.0145392E+00
   88.3300   5.5003406E+05   1.0145353E+00
   88.3400   5.4938175E+05   1.0145313E+00
   88.3500   5.4872565E+05   1.0145273E+00
   88.3600   5.4806575E+05   1.0145233E+00
   88.3700   5.4740222E+05   1.0145192E+00
   88.3800   5.4673516E+05   1.0145152E+00
   88.3900   5.4606464E+05   1.0145111E+00
   88.4000   5.4539069E+05   1.0145070E+00
   88.4100   5.4471330E+05   1.0145029E+00
   88.4200   5.4403261E+05   1.0144987E+00
   88.4300   5.4334871E+05   1.0144946E+00
   88.4400   5.4266167E+05   1.0144904E+00
   88.4500   5.4197151E+05   1.0144862E+00
   88.4600   5.4127841E+05   1.0144819E+00
   88.4700   5.4058233E+05   1.0144777E+00
   88.4800   5.3988337E+05   1.0144734E+00
   88.4900   5.3918161E+05   1.0144692E+00
   88.5000   5.3847709E+05   1.0144649E+00
   88.5100   5.3777000E+05   1.0144606E+00
   88.5200   5.3706034E+05   1.0144562E+00
   88.5300   5.3634824E+05   1.0144519E+00
   88.5400   5.3563380E+05   1.0144475E+00
   88.5500   5.3491711E+05   1.0144432E+00
   88.5600   5.3419822E+05   1.0144388E+00
   88.5700   5.3347717E+05   1.0144344E+00
   88.5800   5.3275398E+05   1.0144300E+00
   88.5900   5.3202879E+05   1.0144256E+00
   88.6000   5.3130176E+05   1.0144211E+00
   88.6100   5.3057283E+05   1.0144167E+00
   88.6200   5.2984210E+05   1.0144122E+00
   88.6300   5.2910966E+05   1.0144078E+00
   88.6400   5.2837555E+05   1.0144033E+00
   88.6500   5.2763983E+05   1.0143988E+00
   88.6600   5.2690270E+05   1.0143943E+00
   88.6700   5.2616417E+05   1.0143898E+00
   88.6800   5.2542424E+05   1.0143853E+00
   88.6900   5.2468306E+05   1.0143808E+00
   88.7000   5.2394078E+05   1.0143763E+00
   88.7100   5.2319734E+05   1.0143717E+00
   88.7200   5.2245287E+05   1.0143672E+00
   88.7300   5.2170747E+05   1.0143626E+00
   88.7400   5.2096124E+05   1.0143581E+00
   88.7500   5.2021427E+05   1.0143535E+00
   88.7600   5.1946664E+05   1.0143490E+00
   88.7700   5.1871841E+05   1.0143444E+00
   88.7800   5.1796965E+05   1.0143398E+00
   88.7900   5.1722041E+05   1.0143353E+00
   88.8000   5.1647076E+05   1.0143307E+00
   88.8100   5.1572073E+05   1.0143261E+00
   88.8200   5.1497036E+05   1.0143215E+00
   88.8300   5.1421971E+05   1.0143169E+00
   88.8400   5.1346880E+05   1.0143124E+00
   88.8500   5.1271784E+05   1.0143078E+00
   88.8600   5.1196687E+05   1.0143032E+00
   88.8700   5.1121592E+05   1.0142986E+00
   88.8800   5.1046501E+05   1.0142940E+00
   88.8900   5.0971419E+05   1.0142894E+00
   88.9000   5.0896347E+05   1.0142849E+00
   88.9100   5.0821308E+05   1.0142803E+00
   88.9200   5.0746304E+05   1.0142757E+00
   88.9300   5.0671341E+05   1.0142711E+00
   88.9400   5.0596422E+05   1.0142666E+00
   88.9500   5.0521551E+05   1.0142620E+00
   88.9600   5.0446735E+05   1.0142574E+00
   88.9700   5.0371979E+05   1.0142529E+00
   88.9800   5.0297290E+05   1.0142483E+00
   88.9900   5.0222675E+05   1.0142437E+00
   89.0000   5.0148142E+05   1.0142392E+00
   89.0100   5.0073700E+05   1.0142346E+00
   89.0200   4.9999341E+05   1.0142301E+00
   89.0300   4.9925075E+05   1.0142256E+00
   89.0400   4.9850914E+05   1.0142210E+00
   89.0500   4.9776853E+05   1.0142165E+00
   89.0600   4.9702906E+05   1.0142120E+00
   89.0700   4.9629071E+05   1.0142075E+00
   89.0800   4.9555344E+05   1.0142030E+00
   89.0900   4.9481745E+05   1.0141985E+00
   89.1000   4.9408274E+05   1.0141940E+00
   89.1100   4.9334933E+05   1.0141895E+00
   89.1200   4.9261726E+05   1.0141851E+00
   89.1300   4.9188658E+05   1.0141806E+00
   89.1400   4.9115736E+05   1.0141761E+00
   89.1500   4.9042967E+05   1.0141717E+00
   89.1600   4.8970345E+05   1.0141673E+00
   89.1700   4.8897879E+05   1.0141628E+00
   89.1800   4.8825566E+05   1.0141584E+00
   89.1900   4.8753420E+05   1.0141540E+00
   89.2000   4.8681440E+05   1.0141496E+00
   89.2100   4.8609627E+05   1.0141452E+00
   89.2200   4.8537982E+05   1.0141408E+00
   89.2300   4.8466509E+05   1.0141365E+00
   89.2400   4.8395215E+05   1.0141321E+00
   89.2500   4.8324107E+05   1.0141278E+00
   89.2600   4.8253177E+05   1.0141234E+00
   89.2700   4.8182437E+05   1.0141191E+00
   89.2800   4.8111884E+05   1.0141148E+00
   89.2900   4.8041532E+05   1.0141105E+00
   89.3000   4.7971382E+05   1.0141062E+00
   89.3100   4.7901437E+05   1.0141019E+00
   89.3200   4.7831700E+05   1.0140977E+00
   89.3300   4.7762161E+05   1.0140934E+00
   89.3400   4.7692828E+05   1.0140892E+00
   89.3500   4.7623695E+05   1.0140850E+00
   89.3600   4.7554775E+05   1.0140807E+00
   89.3700   4.7486066E+05   1.0140765E+00
   89.3800   4.7417568E+05   1.0140724E+00
   89.3900   4.7349283E+05   1.0140682E+00
   89.4000   4.7281215E+05   1.0140640E+00
   89.4100   4.7213373E+05   1.0140599E+00
   89.4200   4.7145746E+05   1.0140557E+00
   89.4300   4.7078347E+05   1.0140516E+00
   89.4400   4.7011172E+05   1.0140475E+00
   89.4500   4.6944220E+05   1.0140434E+00
   89.4600   4.6877492E+05   1.0140393E+00
   89.4700   4.6810991E+05   1.0140353E+00
   89.4800   4.6744724E+05   1.0140312E+00
   89.4900   4.6678681E+05   1.0140272E+00
   89.5000   4.6612873E+05   1.0140232E+00
   89.5100   4.6547296E+05   1.0140191E+00
   89.5200   4.6481948E+05   1.0140152E+00
   89.5300   4.6416829E+05   1.0140112E+00
   89.5400   4.6351943E+05   1.0140072E+00
   89.5500   4.6287296E+05   1.0140032E+00
   89.5600   4.6222877E+05   1.0139993E+00
   89.5700   4.6158697E+05   1.0139954E+00
   89.5800   4.6094752E+05   1.0139915E+00
   89.5900   4.6031040E+05   1.0139876E+00
   89.6000   4.5967561E+05   1.0139837E+00
   89.6100   4.5904318E+05   1.0139798E+00
   89.6200   4.5841317E+05   1.0139760E+00
   89.6300   4.5778548E+05   1.0139721E+00
   89.6400   4.5716021E+05   1.0139683E+00
   89.6500   4.5653733E+05   1.0139645E+00
   89.6600   4.5591681E+05   1.0139607E+00
   89.6700   4.5529865E+05   1.0139569E+00
   89.6800   4.5468290E+05   1.0139531E+00
   89.6900   4.5406942E+05   1.0139494E+00
   89.7000   4.5345831E+05   1.0139456E+00
   89.7100   4.5284948E+05   1.0139419E+00
   89.7200   4.5224307E+05   1.0139382E+00
   89.7300   4.5163907E+05   1.0139345E+00
   89.7400   4.5103748E+05   1.0139308E+00
   89.7500   4.5043815E+05   1.0139272E+00
   89.7600   4.4984113E+05   1.0139235E+00
   89.7700   4.4924652E+05   1.0139199E+00
   89.7800   4.4865424E+05   1.0139162E+00
   89.7900   4.4806424E+05   1.0139126E+00
   89.8000   4.4747651E+05   1.0139090E+00
   89.8100   4.4689105E+05   1.0139055E+00
   89.8200   4.4630788E+05   1.0139019E+00
   89.8300   4.4572706E+05   1.0138983E+00
   89.8400   4.4514849E+05   1.0138948E+00
   89.8500   4.4457228E+05   1.0138913E+00
   89.8600   4.4399837E+05   1.0138877E+00
   89.8700   4.4342674E+05   1.0138842E+00
   89.8800   4.4285738E+05   1.0138808E+00
   89.8900   4.4229034E+05   1.0138773E+00
   89.9000   4.4172564E+05   1.0138738E+00
   89.9100   4.4116320E+05   1.0138704E+00
   89.9200   4.4060311E+05   1.0138670E+00
   89.9300   4.4004531E+05   1.0138635E+00
   89.9400   4.3948977E+05   1.0138601E+00
   89.9500   4.3893650E+05   1.0138567E+00
   89.9600   4.3838552E+05   1.0138534E+00
   89.9700   4.3783686E+05   1.0138500E+00
   89.9800   4.3729042E+05   1.0138467E+00
   89.9900   4.3674629E+05   1.0138433E+00
   90.0000   4.3620442E+05   1.0138400E+00
   90.0100   4.3566477E+05   1.0138367E+00
   90.0200   4.3512733E+05   1.0138334E+00
   90.0300   4.3459211E+05   1.0138301E+00
   90.0400   4.3405915E+05   1.0138269E+00
   90.0500   4.3352851E+05   1.0138236E+00
   90.0600   4.3300010E+05   1.0138204E+00
   90.0700   4.3247386E+05   1.0138172E+00
   90.0800   4.3194991E+05   1.0138139E+00
   90.0900   4.3142824E+05   1.0138107E+00
   90.1000   4.3090886E+05   1.0138076E+00
   90.1100   4.3039179E+05   1.0138044E+00
   90.1200   4.2987692E+05   1.0138012E+00
   90.1300   4.2936431E+05   1.0137981E+00
   90.1400   4.2885391E+05   1.0137950E+00
   90.1500   4.2834583E+05   1.0137919E+00
   90.1600   4.2784004E+05   1.0137888E+00
   90.1700   4.2733656E+05   1.0137857E+00
   90.1800   4.2683540E+05   1.0137826E+00
   90.1900   4.2633644E+05   1.0137795E+00
   90.2000   4.2583974E+05   1.0137765E+00
   90.2100   4.2534541E+05   1.0137735E+00
   90.2200   4.2485340E+05   1.0137704E+00
   90.2300   4.2436366E+05   1.0137674E+00
   90.2400   4.2387620E+05   1.0137645E+00
   90.2500   4.2339103E+05   1.0137615E+00
   90.2600   4.2290820E+05   1.0137585E+00
   90.2700   4.2242779E+05   1.0137556E+00
   90.2800   4.2194971E+05   1.0137526E+00
   90.2900   4.2147389E+05   1.0137497E+00
   90.3000   4.2100049E+05   1.0137468E+00
   90.3100   4.2052950E+05   1.0137439E+00
   90.3200   4.2006095E+05   1.0137411E+00
   90.3300   4.1959487E+05   1.0137382E+00
   90.3400   4.1913116E+05   1.0137354E+00
   90.3500   4.1866992E+05   1.0137325E+00
   90.3600   4.1821110E+05   1.0137297E+00
   90.3700   4.1775467E+05   1.0137269E+00
   90.3800   4.1730063E+05   1.0137241E+00
   90.3900   4.1684900E+05   1.0137213E+00
   90.4000   4.1639984E+05   1.0137186E+00
   90.4100   4.1595322E+05   1.0137159E+00
   90.4200   4.1550907E+05   1.0137131E+00
   90.4300   4.1506753E+05   1.0137104E+00
   90.4400   4.1462858E+05   1.0137077E+00
   90.4500   4.1419223E+05   1.0137050E+00
   90.4600   4.1375851E+05   1.0137024E+00
   90.4700   4.1332749E+05   1.0136997E+00
   90.4800   4.1289910E+05   1.0136971E+00
   90.4900   4.1247346E+05   1.0136945E+00
   90.5000   4.1205054E+05   1.0136919E+00
   90.5100   4.1163035E+05   1.0136893E+00
   90.5200   4.1121293E+05   1.0136868E+00
   90.5300   4.1079833E+05   1.0136842E+00
   90.5400   4.1038649E+05   1.0136817E+00
   90.5500   4.0997753E+05   1.0136792E+00
   90.5600   4.0957142E+05   1.0136767E+00
   90.5700   4.0916817E+05   1.0136742E+00
   90.5800   4.0876783E+05   1.0136717E+00
   90.5900   4.0837048E+05   1.0136693E+00
   90.6000   4.0797603E+05   1.0136669E+00
   90.6100   4.0758462E+05   1.0136645E+00
   90.6200   4.0719625E+05   1.0136621E+00
   90.6300   4.0681094E+05   1.0136597E+00
   90.6400   4.0642875E+05   1.0136574E+00
   90.6500   4.0604958E+05   1.0136550E+00
   90.6600   4.0567358E+05   1.0136527E+00
   90.6700   4.0530071E+05   1.0136504E+00
   90.6800   4.0493098E+05   1.0136482E+00
   90.6900   4.0456446E+05   1.0136459E+00
   90.7000   4.0420122E+05   1.0136437E+00
   90.7100   4.0384120E+05   1.0136415E+00
   90.7200   4.0348457E+05   1.0136393E+00
   90.7300   4.0313132E+05   1.0136371E+00
   90.7400   4.0278151E+05   1.0136349E+00
   90.7500   4.0243505E+05   1.0136328E+00
   90.7600   4.0209206E+05   1.0136307E+00
   90.7700   4.0175253E+05   1.0136286E+00
   90.7800   4.0141647E+05   1.0136265E+00
   90.7900   4.0108394E+05   1.0136245E+00
   90.8000   4.0075504E+05   1.0136225E+00
   90.8100   4.0042973E+05   1.0136205E+00
   90.8200   4.0010799E+05   1.0136185E+00
   90.8300   3.9978987E+05   1.0136165E+00
   90.8400   3.9947545E+05   1.0136146E+00
   90.8500   3.9916483E+05   1.0136127E+00
   90.8600   3.9885800E+05   1.0136108E+00
   90.8700   3.9855497E+05   1.0136089E+00
   90.8800   3.9825581E+05   1.0136071E+00
   90.8900   3.9796061E+05   1.0136053E+00
   90.9000   3.9766935E+05   1.0136035E+00
   90.9100   3.9738203E+05   1.0136017E+00
   90.9200   3.9709871E+05   1.0135999E+00
   90.9300   3.9681948E+05   1.0135982E+00
   90.9400   3.9654431E+05   1.0135965E+00
   90.9500   3.9627320E+05   1.0135949E+00
   90.9600   3.9600620E+05   1.0135932E+00
   90.9700   3.9574342E+05   1.0135916E+00
   90.9800   3.9548480E+05   1.0135900E+00
   90.9900   3.9523037E+05   1.0135884E+00
   91.0000   3.9498017E+05   1.0135869E+00
   91.0100   3.9473431E+05   1.0135854E+00
   91.0200   3.9449275E+05   1.0135839E+00
   91.0300   3.9425551E+05   1.0135824E+00
   91.0400   3.9402265E+05   1.0135810E+00
   91.0500   3.9379429E+05   1.0135796E+00
   91.0600   3.9357041E+05   1.0135782E+00
   91.0700   3.9335103E+05   1.0135768E+00
   91.0800   3.9313624E+05   1.0135755E+00
   91.0900   3.9292598E+05   1.0135742E+00
   91.1000   3.9272025E+05   1.0135729E+00
   91.1100   3.9251911E+05   1.0135717E+00
   91.1200   3.9232265E+05   1.0135705E+00
   91.1300   3.9213085E+05   1.0135693E+00
   91.1400   3.9194372E+05   1.0135681E+00
   91.1500   3.9176135E+05   1.0135670E+00
   91.1600   3.9158368E+05   1.0135659E+00
   91.1700   3.9141070E+05   1.0135648E+00
   91.1800   3.9124246E+05   1.0135638E+00
   91.1900   3.9107907E+05   1.0135628E+00
   91.2000   3.9092051E+05   1.0135618E+00
   91.2100   3.9076679E+05   1.0135608E+00
   91.2200   3.9061801E+05   1.0135599E+00
   91.2300   3.9047411E+05   1.0135590E+00
   91.2400   3.9033511E+05   1.0135581E+00
   91.2500   3.9020107E+05   1.0135573E+00
   91.2600   3.9007193E+05   1.0135565E+00
   91.2700   3.8994786E+05   1.0135557E+00
   91.2800   3.8982873E+05   1.0135550E+00
   91.2900   3.8971463E+05   1.0135543E+00
   91.3000   3.8960555E+05   1.0135536E+00
   91.3100   3.8950151E+05   1.0135529E+00
   91.3200   3.8940262E+05   1.0135523E+00
   91.3300   3.8930882E+05   1.0135517E+00
   91.3400   3.8922015E+05   1.0135512E+00
   91.3500   3.8913649E+05   1.0135506E+00
   91.3600   3.8905799E+05   1.0135501E+00
   91.3700   3.8898464E+05   1.0135497E+00
   91.3800   3.8891634E+05   1.0135492E+00
   91.3900   3.8885320E+05   1.0135488E+00
   91.4000   3.8879523E+05   1.0135485E+00
   91.4100   3.8874248E+05   1.0135481E+00
   91.4200   3.8869488E+05   1.0135478E+00
   91.4300   3.8865242E+05   1.0135476E+00
   91.4400   3.8861514E+05   1.0135473E+00
   91.4500   3.8858297E+05   1.0135471E+00
   91.4600   3.8855589E+05   1.0135469E+00
   91.4700   3.8853394E+05   1.0135468E+00
   91.4800   3.8851719E+05   1.0135467E+00
   91.4900   3.8850563E+05   1.0135466E+00
   91.5000   3.8849928E+05   1.0135465E+00
   91.5100   3.8849804E+05   1.0135465E+00
   91.5200   3.8850187E+05   1.0135465E+00
   91.5300   3.8851079E+05   1.0135465E+00
   91.5400   3.8852487E+05   1.0135466E+00
   91.5500   3.8854405E+05   1.0135467E+00
   91.5600   3.8856835E+05   1.0135468E+00
   91.5700   3.8859763E+05   1.0135470E+00
   91.5800   3.8863203E+05   1.0135472E+00
   91.5900   3.8867152E+05   1.0135474E+00
   91.6000   3.8871598E+05   1.0135477E+00
   91.6100   3.8876552E+05   1.0135480E+00
   91.6200   3.8882010E+05   1.0135483E+00
   91.6300   3.8887959E+05   1.0135487E+00
   91.6400   3.8894407E+05   1.0135490E+00
   91.6500   3.8901351E+05   1.0135494E+00
   91.6600   3.8908793E+05   1.0135499E+00
   91.6700   3.8916721E+05   1.0135504E+00
   91.6800   3.8925131E+05   1.0135509E+00
   91.6900   3.8934022E+05   1.0135514E+00
   91.7000   3.8943401E+05   1.0135519E+00
   91.7100   3.8953258E+05   1.0135525E+00
   91.7200   3.8963594E+05   1.0135532E+00
   91.7300   3.8974391E+05   1.0135538E+00
   91.7400   3.8985660E+05   1.0135545E+00
   91.7500   3.8997396E+05   1.0135552E+00
   91.7600   3.9009598E+05   1.0135559E+00
   91.7700   3.9022256E+05   1.0135567E+00
   91.7800   3.9035361E+05   1.0135575E+00
   91.7900   3.9048912E+05   1.0135583E+00
   91.8000   3.9062911E+05   1.0135591E+00
   91.8100   3.9077347E+05   1.0135600E+00
   91.8200   3.9092217E+05   1.0135609E+00
   91.8300   3.9107517E+05   1.0135618E+00
   91.8400   3.9123254E+05   1.0135628E+00
   91.8500   3.9139416E+05   1.0135637E+00
   91.8600   3.9156001E+05   1.0135647E+00
   91.8700   3.9173008E+05   1.0135658E+00
   91.8800   3.9190423E+05   1.0135668E+00
   91.8900   3.9208239E+05   1.0135679E+00
   91.9000   3.9226450E+05   1.0135690E+00
   91.9100   3.9245057E+05   1.0135701E+00
   91.9200   3.9264047E+05   1.0135713E+00
   91.9300   3.9283429E+05   1.0135724E+00
   91.9400   3.9303196E+05   1.0135736E+00
   91.9500   3.9323331E+05   1.0135748E+00
   91.9600   3.9343837E+05   1.0135761E+00
   91.9700   3.9364703E+05   1.0135774E+00
   91.9800   3.9385924E+05   1.0135786E+00
   91.9900   3.9407495E+05   1.0135799E+00
   92.0000   3.9429401E+05   1.0135813E+00
   92.0100   3.9451646E+05   1.0135826E+00
   92.0200   3.9474221E+05   1.0135840E+00
   92.0300   3.9497120E+05   1.0135854E+00
   92.0400   3.9520341E+05   1.0135868E+00
   92.0500   3.9543869E+05   1.0135882E+00
   92.0600   3.9567706E+05   1.0135897E+00
   92.0700   3.9591845E+05   1.0135911E+00
   92.0800   3.9616278E+05   1.0135926E+00
   92.0900   3.9641002E+05   1.0135941E+00
   92.1000   3.9666000E+05   1.0135956E+00
   92.1100   3.9691274E+05   1.0135972E+00
   92.1200   3.9716813E+05   1.0135987E+00
   92.1300   3.9742608E+05   1.0136003E+00
   92.1400   3.9768652E+05   1.0136019E+00
   92.1500   3.9794943E+05   1.0136035E+00
   92.1600   3.9821480E+05   1.0136051E+00
   92.1700   3.9848247E+05   1.0136067E+00
   92.1800   3.9875231E+05   1.0136083E+00
   92.1900   3.9902438E+05   1.0136100E+00
   92.2000   3.9929861E+05   1.0136117E+00
   92.2100   3.9957494E+05   1.0136133E+00
   92.2200   3.9985314E+05   1.0136150E+00
   92.2300   4.0013320E+05   1.0136167E+00
   92.2400   4.0041513E+05   1.0136185E+00
   92.2500   4.0069877E+05   1.0136202E+00
   92.2600   4.0098398E+05   1.0136219E+00
   92.2700   4.0127083E+05   1.0136237E+00
   92.2800   4.0155922E+05   1.0136254E+00
   92.2900   4.0184907E+05   1.0136272E+00
   92.3000   4.0214030E+05   1.0136289E+00
   92.3100   4.0243287E+05   1.0136307E+00
   92.3200   4.0272674E+05   1.0136325E+00
   92.3300   4.0302170E+05   1.0136343E+00
   92.3400   4.0331776E+05   1.0136361E+00
   92.3500   4.0361472E+05   1.0136379E+00
   92.3600   4.0391261E+05   1.0136397E+00
   92.3700   4.0421126E+05   1.0136415E+00
   92.3800   4.0451071E+05   1.0136434E+00
   92.3900   4.0481082E+05   1.0136452E+00
   92.4000   4.0511164E+05   1.0136470E+00
   92.4100   4.0541304E+05   1.0136489E+00
   92.4200   4.0571491E+05   1.0136507E+00
   92.4300   4.0601713E+05   1.0136525E+00
   92.4400   4.0631978E+05   1.0136544E+00
   92.4500   4.0662275E+05   1.0136562E+00
   92.4600   4.0692594E+05   1.0136581E+00
   92.4700   4.0722926E+05   1.0136599E+00
   92.4800   4.0753260E+05   1.0136618E+00
   92.4900   4.0783589E+05   1.0136636E+00
   92.5000   4.0813919E+05   1.0136655E+00
   92.5100   4.0844243E+05   1.0136673E+00
   92.5200   4.0874549E+05   1.0136692E+00
   92.5300   4.0904829E+05   1.0136710E+00
   92.5400   4.0935072E+05   1.0136728E+00
   92.5500   4.0965267E+05   1.0136747E+00
   92.5600   4.0995423E+05   1.0136765E+00
   92.5700   4.1025528E+05   1.0136784E+00
   92.5800   4.1055570E+05   1.0136802E+00
   92.5900   4.1085554E+05   1.0136820E+00
   92.6000   4.1115467E+05   1.0136838E+00
   92.6100   4.1145296E+05   1.0136857E+00
   92.6200   4.1175042E+05   1.0136875E+00
   92.6300   4.1204710E+05   1.0136893E+00
   92.6400   4.1234282E+05   1.0136911E+00
   92.6500   4.1263759E+05   1.0136929E+00
   92.6600   4.1293140E+05   1.0136947E+00
   92.6700   4.1322404E+05   1.0136965E+00
   92.6800   4.1351551E+05   1.0136982E+00
   92.6900   4.1380574E+05   1.0137000E+00
   92.7000   4.1409468E+05   1.0137018E+00
   92.7100   4.1438227E+05   1.0137035E+00
   92.7200   4.1466861E+05   1.0137053E+00
   92.7300   4.1495358E+05   1.0137070E+00
   92.7400   4.1523709E+05   1.0137087E+00
   92.7500   4.1551918E+05   1.0137104E+00
   92.7600   4.1579970E+05   1.0137122E+00
   92.7700   4.1607867E+05   1.0137139E+00
   92.7800   4.1635611E+05   1.0137155E+00
   92.7900   4.1663198E+05   1.0137172E+00
   92.8000   4.1690608E+05   1.0137189E+00
   92.8100   4.1717854E+05   1.0137206E+00
   92.8200   4.1744928E+05   1.0137222E+00
   92.8300   4.1771823E+05   1.0137239E+00
   92.8400   4.1798544E+05   1.0137255E+00
   92.8500   4.1825080E+05   1.0137271E+00
   92.8600   4.1851433E+05   1.0137287E+00
   92.8700   4.1877605E+05   1.0137303E+00
   92.8800   4.1903576E+05   1.0137319E+00
   92.8900   4.1929345E+05   1.0137335E+00
   92.9000   4.1954925E+05   1.0137350E+00
   92.9100   4.1980306E+05   1.0137366E+00
   92.9200   4.2005482E+05   1.0137381E+00
   92.9300   4.2030457E+05   1.0137396E+00
   92.9400   4.2055236E+05   1.0137411E+00
   92.9500   4.2079803E+05   1.0137426E+00
   92.9600   4.2104157E+05   1.0137441E+00
   92.9700   4.2128297E+05   1.0137456E+00
   92.9800   4.2152234E+05   1.0137471E+00
   92.9900   4.2175963E+05   1.0137485E+00
   93.0000   4.2199473E+05   1.0137499E+00
   93.0100   4.2222770E+05   1.0137514E+00
   93.0200   4.2245859E+05   1.0137528E+00
   93.0300   4.2268740E+05   1.0137542E+00
   93.0400   4.2291413E+05   1.0137555E+00
   93.0500   4.2313875E+05   1.0137569E+00
   93.0600   4.2336121E+05   1.0137583E+00
   93.0700   4.2358160E+05   1.0137596E+00
   93.0800   4.2379983E+05   1.0137609E+00
   93.0900   4.2401595E+05   1.0137623E+00
   93.1000   4.2423000E+05   1.0137636E+00
   93.1100   4.2444198E+05   1.0137649E+00
   93.1200   4.2465189E+05   1.0137661E+00
   93.1300   4.2485969E+05   1.0137674E+00
   93.1400   4.2506549E+05   1.0137687E+00
   93.1500   4.2526923E+05   1.0137699E+00
   93.1600   4.2547097E+05   1.0137711E+00
   93.1700   4.2567077E+05   1.0137724E+00
   93.1800   4.2586867E+05   1.0137736E+00
   93.1900   4.2606468E+05   1.0137748E+00
   93.2000   4.2625878E+05   1.0137759E+00
   93.2100   4.2645096E+05   1.0137771E+00
   93.2200   4.2664134E+05   1.0137783E+00
   93.2300   4.2682985E+05   1.0137794E+00
   93.2400   4.2701659E+05   1.0137806E+00
   93.2500   4.2720161E+05   1.0137817E+00
   93.2600   4.2738498E+05   1.0137828E+00
   93.2700   4.2756673E+05   1.0137839E+00
   93.2800   4.2774687E+05   1.0137850E+00
   93.2900   4.2792540E+05   1.0137861E+00
   93.3000   4.2810230E+05   1.0137872E+00
   93.3100   4.2827771E+05   1.0137883E+00
   93.3200   4.2845158E+05   1.0137893E+00
   93.3300   4.2862402E+05   1.0137904E+00
   93.3400   4.2879511E+05   1.0137914E+00
   93.3500   4.2896495E+05   1.0137924E+00
   93.3600   4.2913342E+05   1.0137935E+00
   93.3700   4.2930055E+05   1.0137945E+00
   93.3800   4.2946657E+05   1.0137955E+00
   93.3900   4.2963151E+05   1.0137965E+00
   93.4000   4.2979537E+05   1.0137975E+00
   93.4100   4.2995815E+05   1.0137985E+00
   93.4200   4.3012002E+05   1.0137995E+00
   93.4300   4.3028095E+05   1.0138005E+00
   93.4400   4.3044110E+05   1.0138014E+00
   93.4500   4.3060041E+05   1.0138024E+00
   93.4600   4.3075903E+05   1.0138034E+00
   93.4700   4.3091689E+05   1.0138043E+00
   93.4800   4.3107410E+05   1.0138053E+00
   93.4900   4.3123077E+05   1.0138063E+00
   93.5000   4.3138700E+05   1.0138072E+00
   93.5100   4.3154289E+05   1.0138082E+00
   93.5200   4.3169835E+05   1.0138091E+00
   93.5300   4.3185346E+05   1.0138101E+00
   93.5400   4.3200830E+05   1.0138110E+00
   93.5500   4.3216297E+05   1.0138119E+00
   93.5600   4.3231752E+05   1.0138129E+00
   93.5700   4.3247205E+05   1.0138138E+00
   93.5800   4.3262663E+05   1.0138148E+00
   93.5900   4.3278134E+05   1.0138157E+00
   93.6000   4.3293625E+05   1.0138167E+00
   93.6100   4.3309144E+05   1.0138176E+00
   93.6200   4.3324701E+05   1.0138186E+00
   93.6300   4.3340303E+05   1.0138195E+00
   93.6400   4.3355960E+05   1.0138205E+00
   93.6500   4.3371664E+05   1.0138214E+00
   93.6600   4.3387426E+05   1.0138224E+00
   93.6700   4.3403256E+05   1.0138233E+00
   93.6800   4.3419166E+05   1.0138243E+00
   93.6900   4.3435170E+05   1.0138253E+00
   93.7000   4.3451262E+05   1.0138263E+00
   93.7100   4.3467457E+05   1.0138273E+00
   93.7200   4.3483754E+05   1.0138283E+00
   93.7300   4.3500170E+05   1.0138293E+00
   93.7400   4.3516703E+05   1.0138303E+00
   93.7500   4.3533375E+05   1.0138313E+00
   93.7600   4.3550189E+05   1.0138323E+00
   93.7700   4.3567148E+05   1.0138333E+00
   93.7800   4.3584260E+05   1.0138344E+00
   93.7900   4.3601531E+05   1.0138354E+00
   93.8000   4.3618973E+05   1.0138365E+00
   93.8100   4.3636596E+05   1.0138376E+00
   93.8200   4.3654396E+05   1.0138387E+00
   93.8300   4.3672389E+05   1.0138398E+00
   93.8400   4.3690574E+05   1.0138409E+00
   93.8500   4.3708971E+05   1.0138420E+00
   93.8600   4.3727585E+05   1.0138431E+00
   93.8700   4.3746421E+05   1.0138443E+00
   93.8800   4.3765489E+05   1.0138454E+00
   93.8900   4.3784782E+05   1.0138466E+00
   93.9000   4.3804314E+05   1.0138478E+00
   93.9100   4.3824102E+05   1.0138490E+00
   93.9200   4.3844147E+05   1.0138502E+00
   93.9300   4.3864454E+05   1.0138515E+00
   93.9400   4.3885029E+05   1.0138527E+00
   93.9500   4.3905884E+05   1.0138540E+00
   93.9600   4.3927012E+05   1.0138553E+00
   93.9700   4.3948431E+05   1.0138566E+00
   93.9800   4.3970141E+05   1.0138579E+00
   93.9900   4.3992148E+05   1.0138593E+00
   94.0000   4.4014459E+05   1.0138606E+00
   94.0100   4.4037086E+05   1.0138620E+00
   94.0200   4.4060025E+05   1.0138634E+00
   94.0300   4.4083295E+05   1.0138648E+00
   94.0400   4.4106899E+05   1.0138663E+00
   94.0500   4.4130845E+05   1.0138677E+00
   94.0600   4.4155126E+05   1.0138692E+00
   94.0700   4.4179757E+05   1.0138707E+00
   94.0800   4.4204739E+05   1.0138723E+00
   94.0900   4.4230077E+05   1.0138738E+00
   94.1000   4.4255780E+05   1.0138754E+00
   94.1100   4.4281841E+05   1.0138770E+00
   94.1200   4.4308278E+05   1.0138786E+00
   94.1300   4.4335094E+05   1.0138802E+00
   94.1400   4.4362295E+05   1.0138819E+00
   94.1500   4.4389875E+05   1.0138836E+00
   94.1600   4.4417848E+05   1.0138853E+00
   94.1700   4.4446218E+05   1.0138870E+00
   94.1800   4.4474989E+05   1.0138888E+00
   94.1900   4.4504155E+05   1.0138906E+00
   94.2000   4.4533730E+05   1.0138924E+00
   94.2100   4.4563715E+05   1.0138942E+00
   94.2200   4.4594118E+05   1.0138961E+00
   94.2300   4.4624929E+05   1.0138979E+00
   94.2400   4.4656164E+05   1.0138999E+00
   94.2500   4.4687825E+05   1.0139018E+00
   94.2600   4.4719900E+05   1.0139037E+00
   94.2700   4.4752400E+05   1.0139057E+00
   94.2800   4.4785324E+05   1.0139077E+00
   94.2900   4.4818672E+05   1.0139098E+00
   94.3000   4.4852452E+05   1.0139119E+00
   94.3100   4.4886659E+05   1.0139139E+00
   94.3200   4.4921290E+05   1.0139161E+00
   94.3300   4.4956348E+05   1.0139182E+00
   94.3400   4.4991842E+05   1.0139204E+00
   94.3500   4.5027767E+05   1.0139226E+00
   94.3600   4.5064121E+05   1.0139248E+00
   94.3700   4.5100909E+05   1.0139270E+00
   94.3800   4.5138140E+05   1.0139293E+00
   94.3900   4.5175810E+05   1.0139316E+00
   94.4000   4.5213920E+05   1.0139340E+00
   94.4100   4.5252457E+05   1.0139363E+00
   94.4200   4.5291432E+05   1.0139387E+00
   94.4300   4.5330842E+05   1.0139411E+00
   94.4400   4.5370688E+05   1.0139436E+00
   94.4500   4.5410960E+05   1.0139460E+00
   94.4600   4.5451650E+05   1.0139485E+00
   94.4700   4.5492758E+05   1.0139510E+00
   94.4800   4.5534285E+05   1.0139536E+00
   94.4900   4.5576240E+05   1.0139561E+00
   94.5000   4.5618616E+05   1.0139587E+00
   94.5100   4.5661411E+05   1.0139613E+00
   94.5200   4.5704613E+05   1.0139640E+00
   94.5300   4.5748227E+05   1.0139667E+00
   94.5400   4.5792249E+05   1.0139693E+00
   94.5500   4.5836678E+05   1.0139721E+00
   94.5600   4.5881498E+05   1.0139748E+00
   94.5700   4.5926719E+05   1.0139776E+00
   94.5800   4.5972333E+05   1.0139804E+00
   94.5900   4.6018340E+05   1.0139832E+00
   94.6000   4.6064725E+05   1.0139860E+00
   94.6100   4.6111476E+05   1.0139889E+00
   94.6200   4.6158604E+05   1.0139918E+00
   94.6300   4.6206089E+05   1.0139947E+00
   94.6400   4.6253933E+05   1.0139976E+00
   94.6500   4.6302121E+05   1.0140006E+00
   94.6600   4.6350665E+05   1.0140035E+00
   94.6700   4.6399539E+05   1.0140065E+00
   94.6800   4.6448743E+05   1.0140095E+00
   94.6900   4.6498280E+05   1.0140126E+00
   94.7000   4.6548137E+05   1.0140156E+00
   94.7100   4.6598305E+05   1.0140187E+00
   94.7200   4.6648780E+05   1.0140218E+00
   94.7300   4.6699560E+05   1.0140249E+00
   94.7400   4.6750630E+05   1.0140280E+00
   94.7500   4.6801974E+05   1.0140312E+00
   94.7600   4.6853585E+05   1.0140343E+00
   94.7700   4.6905454E+05   1.0140375E+00
   94.7800   4.6957577E+05   1.0140407E+00
   94.7900   4.7009954E+05   1.0140439E+00
   94.8000   4.7062568E+05   1.0140471E+00
   94.8100   4.7115404E+05   1.0140504E+00
   94.8200   4.7168452E+05   1.0140536E+00
   94.8300   4.7221702E+05   1.0140569E+00
   94.8400   4.7275147E+05   1.0140602E+00
   94.8500   4.7328783E+05   1.0140635E+00
   94.8600   4.7382608E+05   1.0140667E+00
   94.8700   4.7436602E+05   1.0140701E+00
   94.8800   4.7490750E+05   1.0140734E+00
   94.8900   4.7545055E+05   1.0140767E+00
   94.9000   4.7599503E+05   1.0140800E+00
   94.9100   4.7654083E+05   1.0140834E+00
   94.9200   4.7708786E+05   1.0140867E+00
   94.9300   4.7763584E+05   1.0140901E+00
   94.9400   4.7818470E+05   1.0140935E+00
   94.9500   4.7873437E+05   1.0140968E+00
   94.9600   4.7928481E+05   1.0141002E+00
   94.9700   4.7983577E+05   1.0141036E+00
   94.9800   4.8038723E+05   1.0141070E+00
   94.9900   4.8093896E+05   1.0141103E+00
   95.0000   4.8149093E+05   1.0141137E+00
   95.0100   4.8204294E+05   1.0141171E+00
   95.0200   4.8259495E+05   1.0141205E+00
   95.0300   4.8314676E+05   1.0141239E+00
   95.0400   4.8369834E+05   1.0141273E+00
   95.0500   4.8424946E+05   1.0141306E+00
   95.0600   4.8480011E+05   1.0141340E+00
   95.0700   4.8535005E+05   1.0141374E+00
   95.0800   4.8589923E+05   1.0141408E+00
   95.0900   4.8644742E+05   1.0141441E+00
   95.1000   4.8699455E+05   1.0141475E+00
   95.1100   4.8754053E+05   1.0141508E+00
   95.1200   4.8808510E+05   1.0141542E+00
   95.1300   4.8862815E+05   1.0141575E+00
   95.1400   4.8916955E+05   1.0141608E+00
   95.1500   4.8970916E+05   1.0141641E+00
   95.1600   4.9024682E+05   1.0141674E+00
   95.1700   4.9078253E+05   1.0141707E+00
   95.1800   4.9131609E+05   1.0141740E+00
   95.1900   4.9184726E+05   1.0141773E+00
   95.2000   4.9237597E+05   1.0141805E+00
   95.2100   4.9290212E+05   1.0141837E+00
   95.2200   4.9342559E+05   1.0141869E+00
   95.2300   4.9394622E+05   1.0141901E+00
   95.2400   4.9446382E+05   1.0141933E+00
   95.2500   4.9497835E+05   1.0141965E+00
   95.2600   4.9548955E+05   1.0141996E+00
   95.2700   4.9599731E+05   1.0142027E+00
   95.2800   4.9650148E+05   1.0142058E+00
   95.2900   4.9700187E+05   1.0142089E+00
   95.3000   4.9749844E+05   1.0142120E+00
   95.3100   4.9799110E+05   1.0142150E+00
   95.3200   4.9847952E+05   1.0142180E+00
   95.3300   4.9896371E+05   1.0142210E+00
   95.3400   4.9944344E+05   1.0142239E+00
   95.3500   4.9991862E+05   1.0142268E+00
   95.3600   5.0038909E+05   1.0142297E+00
   95.3700   5.0085467E+05   1.0142326E+00
   95.3800   5.0131528E+05   1.0142354E+00
   95.3900   5.0177079E+05   1.0142382E+00
   95.4000   5.0222102E+05   1.0142410E+00
   95.4100   5.0266592E+05   1.0142437E+00
   95.4200   5.0310537E+05   1.0142464E+00
   95.4300   5.0353919E+05   1.0142491E+00
   95.4400   5.0396713E+05   1.0142517E+00
   95.4500   5.0438908E+05   1.0142543E+00
   95.4600   5.0480503E+05   1.0142569E+00
   95.4700   5.0521472E+05   1.0142594E+00
   95.4800   5.0561800E+05   1.0142619E+00
   95.4900   5.0601484E+05   1.0142643E+00
   95.5000   5.0640514E+05   1.0142667E+00
   95.5100   5.0678872E+05   1.0142691E+00
   95.5200   5.0716551E+05   1.0142714E+00
   95.5300   5.0753536E+05   1.0142737E+00
   95.5400   5.0789805E+05   1.0142759E+00
   95.5500   5.0825346E+05   1.0142781E+00
   95.5600   5.0860157E+05   1.0142802E+00
   95.5700   5.0894228E+05   1.0142823E+00
   95.5800   5.0927541E+05   1.0142844E+00
   95.5900   5.0960087E+05   1.0142864E+00
   95.6000   5.0991849E+05   1.0142884E+00
   95.6100   5.1022820E+05   1.0142903E+00
   95.6200   5.1052983E+05   1.0142921E+00
   95.6300   5.1082332E+05   1.0142939E+00
   95.6400   5.1110850E+05   1.0142957E+00
   95.6500   5.1138530E+05   1.0142974E+00
   95.6600   5.1165355E+05   1.0142991E+00
   95.6700   5.1191318E+05   1.0143007E+00
   95.6800   5.1216420E+05   1.0143022E+00
   95.6900   5.1240651E+05   1.0143037E+00
   95.7000   5.1263994E+05   1.0143052E+00
   95.7100   5.1286437E+05   1.0143065E+00
   95.7200   5.1307980E+05   1.0143079E+00
   95.7300   5.1328610E+05   1.0143092E+00
   95.7400   5.1348323E+05   1.0143104E+00
   95.7500   5.1367106E+05   1.0143115E+00
   95.7600   5.1384951E+05   1.0143127E+00
   95.7700   5.1401843E+05   1.0143137E+00
   95.7800   5.1417772E+05   1.0143147E+00
   95.7900   5.1432736E+05   1.0143156E+00
   95.8000   5.1446724E+05   1.0143165E+00
   95.8100   5.1459729E+05   1.0143173E+00
   95.8200   5.1471755E+05   1.0143181E+00
   95.8300   5.1482793E+05   1.0143188E+00
   95.8400   5.1492823E+05   1.0143194E+00
   95.8500   5.1501851E+05   1.0143200E+00
   95.8600   5.1509870E+05   1.0143205E+00
   95.8700   5.1516865E+05   1.0143209E+00
   95.8800   5.1522843E+05   1.0143213E+00
   95.8900   5.1527784E+05   1.0143216E+00
   95.9000   5.1531689E+05   1.0143219E+00
   95.9100   5.1534552E+05   1.0143221E+00
   95.9200   5.1536371E+05   1.0143222E+00
   95.9300   5.1537133E+05   1.0143222E+00
   95.9400   5.1536849E+05   1.0143222E+00
   95.9500   5.1535502E+05   1.0143222E+00
   95.9600   5.1533097E+05   1.0143220E+00
   95.9700   5.1529628E+05   1.0143218E+00
   95.9800   5.1525098E+05   1.0143216E+00
   95.9900   5.1519494E+05   1.0143213E+00
   96.0000   5.1512812E+05   1.0143209E+00
   96.0100   5.1505054E+05   1.0143204E+00
   96.0200   5.1496226E+05   1.0143199E+00
   96.0300   5.1486326E+05   1.0143193E+00
   96.0400   5.1475354E+05   1.0143186E+00
   96.0500   5.1463301E+05   1.0143179E+00
   96.0600   5.1450164E+05   1.0143171E+00
   96.0700   5.1435943E+05   1.0143163E+00
   96.0800   5.1420649E+05   1.0143154E+00
   96.0900   5.1404277E+05   1.0143144E+00
   96.1000   5.1386830E+05   1.0143133E+00
   96.1100   5.1368299E+05   1.0143122E+00
   96.1200   5.1348680E+05   1.0143110E+00
   96.1300   5.1327977E+05   1.0143098E+00
   96.1400   5.1306199E+05   1.0143085E+00
   96.1500   5.1283342E+05   1.0143071E+00
   96.1600   5.1259410E+05   1.0143056E+00
   96.1700   5.1234412E+05   1.0143041E+00
   96.1800   5.1208346E+05   1.0143025E+00
   96.1900   5.1181215E+05   1.0143009E+00
   96.2000   5.1153030E+05   1.0142992E+00
   96.2100   5.1123790E+05   1.0142974E+00
   96.2200   5.1093498E+05   1.0142956E+00
   96.2300   5.1062148E+05   1.0142937E+00
   96.2400   5.1029759E+05   1.0142917E+00
   96.2500   5.0996335E+05   1.0142897E+00
   96.2600   5.0961872E+05   1.0142876E+00
   96.2700   5.0926371E+05   1.0142854E+00
   96.2800   5.0889839E+05   1.0142832E+00
   96.2900   5.0852291E+05   1.0142809E+00
   96.3000   5.0813731E+05   1.0142786E+00
   96.3100   5.0774168E+05   1.0142762E+00
   96.3200   5.0733602E+05   1.0142737E+00
   96.3300   5.0692038E+05   1.0142712E+00
   96.3400   5.0649489E+05   1.0142686E+00
   96.3500   5.0605958E+05   1.0142659E+00
   96.3600   5.0561453E+05   1.0142632E+00
   96.3700   5.0515991E+05   1.0142605E+00
   96.3800   5.0469578E+05   1.0142576E+00
   96.3900   5.0422228E+05   1.0142547E+00
   96.4000   5.0373943E+05   1.0142518E+00
   96.4100   5.0324735E+05   1.0142488E+00
   96.4200   5.0274603E+05   1.0142458E+00
   96.4300   5.0223557E+05   1.0142426E+00
   96.4400   5.0171612E+05   1.0142395E+00
   96.4500   5.0118775E+05   1.0142363E+00
   96.4600   5.0065060E+05   1.0142330E+00
   96.4700   5.0010473E+05   1.0142297E+00
   96.4800   4.9955026E+05   1.0142263E+00
   96.4900   4.9898723E+05   1.0142228E+00
   96.5000   4.9841576E+05   1.0142194E+00
   96.5100   4.9783607E+05   1.0142158E+00
   96.5200   4.9724827E+05   1.0142122E+00
   96.5300   4.9665239E+05   1.0142086E+00
   96.5400   4.9604855E+05   1.0142049E+00
   96.5500   4.9543696E+05   1.0142012E+00
   96.5600   4.9481775E+05   1.0141974E+00
   96.5700   4.9419095E+05   1.0141936E+00
   96.5800   4.9355672E+05   1.0141897E+00
   96.5900   4.9291528E+05   1.0141858E+00
   96.6000   4.9226661E+05   1.0141818E+00
   96.6100   4.9161096E+05   1.0141778E+00
   96.6200   4.9094852E+05   1.0141738E+00
   96.6300   4.9027939E+05   1.0141697E+00
   96.6400   4.8960359E+05   1.0141656E+00
   96.6500   4.8892127E+05   1.0141614E+00
   96.6600   4.8823267E+05   1.0141572E+00
   96.6700   4.8753796E+05   1.0141530E+00
   96.6800   4.8683725E+05   1.0141487E+00
   96.6900   4.8613058E+05   1.0141444E+00
   96.7000   4.8541810E+05   1.0141400E+00
   96.7100   4.8470009E+05   1.0141356E+00
   96.7200   4.8397657E+05   1.0141312E+00
   96.7300   4.8324769E+05   1.0141268E+00
   96.7400   4.8251373E+05   1.0141223E+00
   96.7500   4.8177470E+05   1.0141178E+00
   96.7600   4.8103077E+05   1.0141132E+00
   96.7700   4.8028222E+05   1.0141087E+00
   96.7800   4.7952910E+05   1.0141041E+00
   96.7900   4.7877159E+05   1.0140994E+00
   96.8000   4.7800982E+05   1.0140948E+00
   96.8100   4.7724405E+05   1.0140901E+00
   96.8200   4.7647433E+05   1.0140854E+00
   96.8300   4.7570082E+05   1.0140807E+00
   96.8400   4.7492385E+05   1.0140759E+00
   96.8500   4.7414350E+05   1.0140712E+00
   96.8600   4.7336002E+05   1.0140664E+00
   96.8700   4.7257342E+05   1.0140616E+00
   96.8800   4.7178387E+05   1.0140567E+00
   96.8900   4.7099152E+05   1.0140519E+00
   96.9000   4.7019663E+05   1.0140470E+00
   96.9100   4.6939929E+05   1.0140422E+00
   96.9200   4.6859973E+05   1.0140373E+00
   96.9300   4.6779814E+05   1.0140324E+00
   96.9400   4.6699471E+05   1.0140275E+00
   96.9500   4.6618960E+05   1.0140225E+00
   96.9600   4.6538294E+05   1.0140176E+00
   96.9700   4.6457486E+05   1.0140127E+00
   96.9800   4.6376547E+05   1.0140077E+00
   96.9900   4.6295504E+05   1.0140028E+00
   97.0000   4.6214365E+05   1.0139978E+00
   97.0100   4.6133154E+05   1.0139928E+00
   97.0200   4.6051896E+05   1.0139879E+00
   97.0300   4.5970597E+05   1.0139829E+00
   97.0400   4.5889280E+05   1.0139779E+00
   97.0500   4.5807948E+05   1.0139729E+00
   97.0600   4.5726626E+05   1.0139680E+00
   97.0700   4.5645335E+05   1.0139630E+00
   97.0800   4.5564080E+05   1.0139580E+00
   97.0900   4.5482886E+05   1.0139530E+00
   97.1000   4.5401775E+05   1.0139481E+00
   97.1100   4.5320754E+05   1.0139431E+00
   97.1200   4.5239851E+05   1.0139382E+00
   97.1300   4.5159072E+05   1.0139332E+00
   97.1400   4.5078430E+05   1.0139283E+00
   97.1500   4.4997953E+05   1.0139234E+00
   97.1600   4.4917655E+05   1.0139185E+00
   97.1700   4.4837552E+05   1.0139136E+00
   97.1800   4.4757661E+05   1.0139087E+00
   97.1900   4.4677984E+05   1.0139038E+00
   97.2000   4.4598544E+05   1.0138989E+00
   97.2100   4.4519366E+05   1.0138941E+00
   97.2200   4.4440458E+05   1.0138892E+00
   97.2300   4.4361835E+05   1.0138844E+00
   97.2400   4.4283510E+05   1.0138796E+00
   97.2500   4.4205503E+05   1.0138749E+00
   97.2600   4.4127820E+05   1.0138701E+00
   97.2700   4.4050484E+05   1.0138654E+00
   97.2800   4.3973509E+05   1.0138607E+00
   97.2900   4.3896910E+05   1.0138560E+00
   97.3000   4.3820707E+05   1.0138513E+00
   97.3100   4.3744905E+05   1.0138467E+00
   97.3200   4.3669516E+05   1.0138420E+00
   97.3300   4.3594553E+05   1.0138374E+00
   97.3400   4.3520038E+05   1.0138329E+00
   97.3500   4.3445975E+05   1.0138283E+00
   97.3600   4.3372395E+05   1.0138238E+00
   97.3700   4.3299297E+05   1.0138194E+00
   97.3800   4.3226702E+05   1.0138149E+00
   97.3900   4.3154620E+05   1.0138105E+00
   97.4000   4.3083066E+05   1.0138061E+00
   97.4100   4.3012043E+05   1.0138018E+00
   97.4200   4.2941577E+05   1.0137974E+00
   97.4300   4.2871684E+05   1.0137932E+00
   97.4400   4.2802367E+05   1.0137889E+00
   97.4500   4.2733634E+05   1.0137847E+00
   97.4600   4.2665502E+05   1.0137805E+00
   97.4700   4.2597975E+05   1.0137764E+00
   97.4800   4.2531064E+05   1.0137723E+00
   97.4900   4.2464787E+05   1.0137682E+00
   97.5000   4.2399150E+05   1.0137642E+00
   97.5100   4.2334167E+05   1.0137602E+00
   97.5200   4.2269859E+05   1.0137563E+00
   97.5300   4.2206237E+05   1.0137524E+00
   97.5400   4.2143300E+05   1.0137485E+00
   97.5500   4.2081055E+05   1.0137447E+00
   97.5600   4.2019517E+05   1.0137409E+00
   97.5700   4.1958692E+05   1.0137372E+00
   97.5800   4.1898591E+05   1.0137335E+00
   97.5900   4.1839217E+05   1.0137298E+00
   97.6000   4.1780580E+05   1.0137262E+00
   97.6100   4.1722699E+05   1.0137227E+00
   97.6200   4.1665582E+05   1.0137192E+00
   97.6300   4.1609230E+05   1.0137157E+00
   97.6400   4.1553648E+05   1.0137123E+00
   97.6500   4.1498854E+05   1.0137090E+00
   97.6600   4.1444854E+05   1.0137056E+00
   97.6700   4.1391645E+05   1.0137024E+00
   97.6800   4.1339234E+05   1.0136992E+00
   97.6900   4.1287635E+05   1.0136960E+00
   97.7000   4.1236854E+05   1.0136929E+00
   97.7100   4.1186888E+05   1.0136898E+00
   97.7200   4.1137760E+05   1.0136868E+00
   97.7300   4.1089468E+05   1.0136838E+00
   97.7400   4.1042017E+05   1.0136809E+00
   97.7500   4.0995405E+05   1.0136780E+00
   97.7600   4.0949639E+05   1.0136752E+00
   97.7700   4.0904733E+05   1.0136725E+00
   97.7800   4.0860678E+05   1.0136698E+00
   97.7900   4.0817490E+05   1.0136671E+00
   97.8000   4.0775178E+05   1.0136645E+00
   97.8100   4.0733740E+05   1.0136620E+00
   97.8200   4.0693169E+05   1.0136595E+00
   97.8300   4.0653483E+05   1.0136570E+00
   97.8400   4.0614675E+05   1.0136546E+00
   97.8500   4.0576748E+05   1.0136523E+00
   97.8600   4.0539713E+05   1.0136500E+00
   97.8700   4.0503574E+05   1.0136478E+00
   97.8800   4.0468327E+05   1.0136456E+00
   97.8900   4.0433977E+05   1.0136435E+00
   97.9000   4.0400521E+05   1.0136415E+00
   97.9100   4.0367968E+05   1.0136395E+00
   97.9200   4.0336315E+05   1.0136375E+00
   97.9300   4.0305554E+05   1.0136356E+00
   97.9400   4.0275685E+05   1.0136338E+00
   97.9500   4.0246720E+05   1.0136320E+00
   97.9600   4.0218660E+05   1.0136303E+00
   97.9700   4.0191501E+05   1.0136286E+00
   97.9800   4.0165246E+05   1.0136270E+00
   97.9900   4.0139892E+05   1.0136254E+00
   98.0000   4.0115428E+05   1.0136239E+00
   98.0100   4.0091850E+05   1.0136224E+00
   98.0200   4.0069168E+05   1.0136210E+00
   98.0300   4.0047381E+05   1.0136197E+00
   98.0400   4.0026480E+05   1.0136184E+00
   98.0500   4.0006466E+05   1.0136171E+00
   98.0600   3.9987333E+05   1.0136160E+00
   98.0700   3.9969084E+05   1.0136148E+00
   98.0800   3.9951712E+05   1.0136138E+00
   98.0900   3.9935223E+05   1.0136127E+00
   98.1000   3.9919611E+05   1.0136118E+00
   98.1100   3.9904865E+05   1.0136108E+00
   98.1200   3.9890981E+05   1.0136100E+00
   98.1300   3.9877965E+05   1.0136092E+00
   98.1400   3.9865817E+05   1.0136084E+00
   98.1500   3.9854525E+05   1.0136077E+00
   98.1600   3.9844089E+05   1.0136071E+00
   98.1700   3.9834499E+05   1.0136065E+00
   98.1800   3.9825755E+05   1.0136059E+00
   98.1900   3.9817848E+05   1.0136054E+00
   98.2000   3.9810779E+05   1.0136050E+00
   98.2100   3.9804538E+05   1.0136046E+00
   98.2200   3.9799127E+05   1.0136042E+00
   98.2300   3.9794537E+05   1.0136039E+00
   98.2400   3.9790752E+05   1.0136037E+00
   98.2500   3.9787781E+05   1.0136035E+00
   98.2600   3.9785607E+05   1.0136033E+00
   98.2700   3.9784220E+05   1.0136032E+00
   98.2800   3.9783623E+05   1.0136032E+00
   98.2900   3.9783804E+05   1.0136032E+00
   98.3000   3.9784764E+05   1.0136032E+00
   98.3100   3.9786493E+05   1.0136033E+00
   98.3200   3.9788990E+05   1.0136035E+00
   98.3300   3.9792242E+05   1.0136037E+00
   98.3400   3.9796248E+05   1.0136039E+00
   98.3500   3.9800996E+05   1.0136042E+00
   98.3600   3.9806480E+05   1.0136045E+00
   98.3700   3.9812687E+05   1.0136049E+00
   98.3800   3.9819610E+05   1.0136053E+00
   98.3900   3.9827234E+05   1.0136057E+00
   98.4000   3.9835550E+05   1.0136062E+00
   98.4100   3.9844557E+05   1.0136067E+00
   98.4200   3.9854243E+05   1.0136073E+00
   98.4300   3.9864605E+05   1.0136079E+00
   98.4400   3.9875629E+05   1.0136086E+00
   98.4500   3.9887307E+05   1.0136093E+00
   98.4600   3.9899641E+05   1.0136101E+00
   98.4700   3.9912618E+05   1.0136108E+00
   98.4800   3.9926219E+05   1.0136117E+00
   98.4900   3.9940445E+05   1.0136125E+00
   98.5000   3.9955290E+05   1.0136134E+00
   98.5100   3.9970735E+05   1.0136143E+00
   98.5200   3.9986767E+05   1.0136153E+00
   98.5300   4.0003380E+05   1.0136163E+00
   98.5400   4.0020576E+05   1.0136174E+00
   98.5500   4.0038343E+05   1.0136184E+00
   98.5600   4.0056658E+05   1.0136195E+00
   98.5700   4.0075524E+05   1.0136207E+00
   98.5800   4.0094930E+05   1.0136219E+00
   98.5900   4.0114853E+05   1.0136231E+00
   98.6000   4.0135294E+05   1.0136243E+00
   98.6100   4.0156242E+05   1.0136256E+00
   98.6200   4.0177692E+05   1.0136269E+00
   98.6300   4.0199626E+05   1.0136282E+00
   98.6400   4.0222031E+05   1.0136296E+00
   98.6500   4.0244899E+05   1.0136310E+00
   98.6600   4.0268230E+05   1.0136324E+00
   98.6700   4.0292006E+05   1.0136338E+00
   98.6800   4.0316219E+05   1.0136353E+00
   98.6900   4.0340863E+05   1.0136368E+00
   98.7000   4.0365918E+05   1.0136383E+00
   98.7100   4.0391372E+05   1.0136398E+00
   98.7200   4.0417214E+05   1.0136414E+00
   98.7300   4.0443438E+05   1.0136430E+00
   98.7400   4.0470044E+05   1.0136446E+00
   98.7500   4.0497017E+05   1.0136463E+00
   98.7600   4.0524346E+05   1.0136479E+00
   98.7700   4.0552024E+05   1.0136496E+00
   98.7800   4.0580030E+05   1.0136513E+00
   98.7900   4.0608364E+05   1.0136530E+00
   98.8000   4.0637012E+05   1.0136548E+00
   98.8100   4.0665965E+05   1.0136565E+00
   98.8200   4.0695215E+05   1.0136583E+00
   98.8300   4.0724740E+05   1.0136601E+00
   98.8400   4.0754541E+05   1.0136619E+00
   98.8500   4.0784600E+05   1.0136638E+00
   98.8600   4.0814906E+05   1.0136656E+00
   98.8700   4.0845449E+05   1.0136675E+00
   98.8800   4.0876221E+05   1.0136693E+00
   98.8900   4.0907217E+05   1.0136712E+00
   98.9000   4.0938436E+05   1.0136731E+00
   98.9100   4.0969859E+05   1.0136750E+00
   98.9200   4.1001471E+05   1.0136770E+00
   98.9300   4.1033277E+05   1.0136789E+00
   98.9400   4.1065264E+05   1.0136809E+00
   98.9500   4.1097424E+05   1.0136828E+00
   98.9600   4.1129732E+05   1.0136848E+00
   98.9700   4.1162181E+05   1.0136868E+00
   98.9800   4.1194767E+05   1.0136888E+00
   98.9900   4.1227488E+05   1.0136907E+00
   99.0000   4.1260325E+05   1.0136927E+00
   99.0100   4.1293278E+05   1.0136948E+00
   99.0200   4.1326331E+05   1.0136968E+00
   99.0300   4.1359467E+05   1.0136988E+00
   99.0400   4.1392691E+05   1.0137008E+00
   99.0500   4.1425989E+05   1.0137028E+00
   99.0600   4.1459348E+05   1.0137049E+00
   99.0700   4.1492757E+05   1.0137069E+00
   99.0800   4.1526221E+05   1.0137090E+00
   99.0900   4.1559732E+05   1.0137110E+00
   99.1000   4.1593277E+05   1.0137130E+00
   99.1100   4.1626848E+05   1.0137151E+00
   99.1200   4.1660434E+05   1.0137171E+00
   99.1300   4.1694027E+05   1.0137192E+00
   99.1400   4.1727617E+05   1.0137212E+00
   99.1500   4.1761195E+05   1.0137233E+00
   99.1600   4.1794752E+05   1.0137253E+00
   99.1700   4.1828296E+05   1.0137274E+00
   99.1800   4.1861817E+05   1.0137294E+00
   99.1900   4.1895306E+05   1.0137315E+00
   99.2000   4.1928752E+05   1.0137335E+00
   99.2100   4.1962144E+05   1.0137356E+00
   99.2200   4.1995471E+05   1.0137376E+00
   99.2300   4.2028740E+05   1.0137396E+00
   99.2400   4.2061937E+05   1.0137416E+00
   99.2500   4.2095049E+05   1.0137437E+00
   99.2600   4.2128080E+05   1.0137457E+00
   99.2700   4.2161015E+05   1.0137477E+00
   99.2800   4.2193855E+05   1.0137497E+00
   99.2900   4.2226602E+05   1.0137517E+00
   99.3000   4.2259236E+05   1.0137537E+00
   99.3100   4.2291757E+05   1.0137557E+00
   99.3200   4.2324161E+05   1.0137576E+00
   99.3300   4.2356446E+05   1.0137596E+00
   99.3400   4.2388605E+05   1.0137616E+00
   99.3500   4.2420631E+05   1.0137635E+00
   99.3600   4.2452518E+05   1.0137655E+00
   99.3700   4.2484255E+05   1.0137674E+00
   99.3800   4.2515848E+05   1.0137693E+00
   99.3900   4.2547286E+05   1.0137713E+00
   99.4000   4.2578571E+05   1.0137732E+00
   99.4100   4.2609688E+05   1.0137751E+00
   99.4200   4.2640636E+05   1.0137770E+00
   99.4300   4.2671413E+05   1.0137788E+00
   99.4400   4.2702017E+05   1.0137807E+00
   99.4500   4.2732440E+05   1.0137826E+00
   99.4600   4.2762676E+05   1.0137844E+00
   99.4700   4.2792733E+05   1.0137863E+00
   99.4800   4.2822600E+05   1.0137881E+00
   99.4900   4.2852280E+05   1.0137899E+00
   99.5000   4.2881758E+05   1.0137917E+00
   99.5100   4.2911034E+05   1.0137935E+00
   99.5200   4.2940107E+05   1.0137953E+00
   99.5300   4.2968970E+05   1.0137970E+00
   99.5400   4.2997637E+05   1.0137988E+00
   99.5500   4.3026097E+05   1.0138005E+00
   99.5600   4.3054341E+05   1.0138022E+00
   99.5700   4.3082372E+05   1.0138039E+00
   99.5800   4.3110193E+05   1.0138056E+00
   99.5900   4.3137804E+05   1.0138073E+00
   99.6000   4.3165202E+05   1.0138090E+00
   99.6100   4.3192383E+05   1.0138107E+00
   99.6200   4.3219340E+05   1.0138123E+00
   99.6300   4.3246080E+05   1.0138139E+00
   99.6400   4.3272593E+05   1.0138156E+00
   99.6500   4.3298881E+05   1.0138172E+00
   99.6600   4.3324946E+05   1.0138188E+00
   99.6700   4.3350786E+05   1.0138203E+00
   99.6800   4.3376399E+05   1.0138219E+00
   99.6900   4.3401794E+05   1.0138235E+00
   99.7000   4.3426965E+05   1.0138250E+00
   99.7100   4.3451917E+05   1.0138265E+00
   99.7200   4.3476637E+05   1.0138280E+00
   99.7300   4.3501127E+05   1.0138295E+00
   99.7400   4.3525387E+05   1.0138310E+00
   99.7500   4.3549431E+05   1.0138325E+00
   99.7600   4.3573253E+05   1.0138339E+00
   99.7700   4.3596847E+05   1.0138354E+00
   99.7800   4.3620219E+05   1.0138368E+00
   99.7900   4.3643375E+05   1.0138382E+00
   99.8000   4.3666317E+05   1.0138396E+00
   99.8100   4.3689046E+05   1.0138410E+00
   99.8200   4.3711559E+05   1.0138424E+00
   99.8300   4.3733854E+05   1.0138438E+00
   99.8400   4.3755940E+05   1.0138451E+00
   99.8500   4.3777809E+05   1.0138464E+00
   99.8600   4.3799467E+05   1.0138478E+00
   99.8700   4.3820920E+05   1.0138491E+00
   99.8800   4.3842168E+05   1.0138504E+00
   99.8900   4.3863212E+05   1.0138517E+00
   99.9000   4.3884050E+05   1.0138529E+00
   99.9100   4.3904694E+05   1.0138542E+00
   99.9200   4.3925137E+05   1.0138554E+00
   99.9300   4.3945390E+05   1.0138567E+00
   99.9400   4.3965440E+05   1.0138579E+00
   99.9500   4.3985293E+05   1.0138591E+00
   99.9600   4.4004950E+05   1.0138603E+00
   99.9700   4.4024430E+05   1.0138615E+00
   99.9800   4.4043732E+05   1.0138627E+00
   99.9900   4.4062852E+05   1.0138639E+00
  100.0000   4.4081803E+05   1.0138650E+00
  100.0100   4.4100576E+05   1.0138662E+00
  100.0200   4.4119182E+05   1.0138673E+00
  100.0300   4.4137625E+05   1.0138684E+00
  100.0400   4.4155913E+05   1.0138696E+00
  100.0500   4.4174047E+05   1.0138707E+00
  100.0600   4.4192029E+05   1.0138718E+00
  100.0700   4.4209860E+05   1.0138729E+00
  100.0800   4.4227538E+05   1.0138739E+00
  100.0900   4.4245077E+05   1.0138750E+00
  100.1000   4.4262472E+05   1.0138761E+00
  100.1100   4.4279735E+05   1.0138771E+00
  100.1200   4.4296857E+05   1.0138782E+00
  100.1300   4.4313848E+05   1.0138792E+00
  100.1400   4.4330715E+05   1.0138802E+00
  100.1500   4.4347462E+05   1.0138813E+00
  100.1600   4.4364095E+05   1.0138823E+00
  100.1700   4.4380617E+05   1.0138833E+00
  100.1800   4.4397029E+05   1.0138843E+00
  100.1900   4.4413332E+05   1.0138853E+00
  100.2000   4.4429544E+05   1.0138863E+00
  100.2100   4.4445664E+05   1.0138873E+00
  100.2200   4.4461688E+05   1.0138883E+00
  100.2300   4.4477631E+05   1.0138892E+00
  100.2400   4.4493489E+05   1.0138902E+00
  100.2500   4.4509274E+05   1.0138912E+00
  100.2600   4.4524980E+05   1.0138921E+00
  100.2700   4.4540618E+05   1.0138931E+00
  100.2800   4.4556198E+05   1.0138940E+00
  100.2900   4.4571731E+05   1.0138950E+00
  100.3000   4.4587206E+05   1.0138959E+00
  100.3100   4.4602632E+05   1.0138969E+00
  100.3200   4.4618018E+05   1.0138978E+00
  100.3300   4.4633370E+05   1.0138988E+00
  100.3400   4.4648695E+05   1.0138997E+00
  100.3500   4.4664002E+05   1.0139006E+00
  100.3600   4.4679277E+05   1.0139016E+00
  100.3700   4.4694527E+05   1.0139025E+00
  100.3800   4.4709758E+05   1.0139034E+00
  100.3900   4.4724976E+05   1.0139044E+00
  100.4000   4.4740187E+05   1.0139053E+00
  100.4100   4.4755395E+05   1.0139062E+00
  100.4200   4.4770607E+05   1.0139072E+00
  100.4300   4.4785828E+05   1.0139081E+00
  100.4400   4.4801064E+05   1.0139090E+00
  100.4500   4.4816320E+05   1.0139099E+00
  100.4600   4.4831603E+05   1.0139109E+00
  100.4700   4.4846918E+05   1.0139118E+00
  100.4800   4.4862273E+05   1.0139128E+00
  100.4900   4.4877675E+05   1.0139137E+00
  100.5000   4.4893113E+05   1.0139146E+00
  100.5100   4.4908595E+05   1.0139156E+00
  100.5200   4.4924130E+05   1.0139165E+00
  100.5300   4.4939727E+05   1.0139175E+00
  100.5400   4.4955378E+05   1.0139185E+00
  100.5500   4.4971092E+05   1.0139194E+00
  100.5600   4.4986882E+05   1.0139204E+00
  100.5700   4.5002742E+05   1.0139214E+00
  100.5800   4.5018683E+05   1.0139223E+00
  100.5900   4.5034701E+05   1.0139233E+00
  100.6000   4.5050812E+05   1.0139243E+00
  100.6100   4.5067012E+05   1.0139253E+00
  100.6200   4.5083300E+05   1.0139263E+00
  100.6300   4.5099693E+05   1.0139273E+00
  100.6400   4.5116192E+05   1.0139283E+00
  100.6500   4.5132799E+05   1.0139293E+00
  100.6600   4.5149516E+05   1.0139303E+00
  100.6700   4.5166348E+05   1.0139314E+00
  100.6800   4.5183301E+05   1.0139324E+00
  100.6900   4.5200380E+05   1.0139334E+00
  100.7000   4.5217595E+05   1.0139345E+00
  100.7100   4.5234936E+05   1.0139356E+00
  100.7200   4.5252416E+05   1.0139366E+00
  100.7300   4.5270028E+05   1.0139377E+00
  100.7400   4.5287786E+05   1.0139388E+00
  100.7500   4.5305689E+05   1.0139399E+00
  100.7600   4.5323735E+05   1.0139410E+00
  100.7700   4.5341925E+05   1.0139421E+00
  100.7800   4.5360263E+05   1.0139432E+00
  100.7900   4.5378751E+05   1.0139444E+00
  100.8000   4.5397395E+05   1.0139455E+00
  100.8100   4.5416203E+05   1.0139467E+00
  100.8200   4.5435185E+05   1.0139478E+00
  100.8300   4.5454333E+05   1.0139490E+00
  100.8400   4.5473661E+05   1.0139502E+00
  100.8500   4.5493165E+05   1.0139514E+00
  100.8600   4.5512845E+05   1.0139526E+00
  100.8700   4.5532701E+05   1.0139538E+00
  100.8800   4.5552735E+05   1.0139550E+00
  100.8900   4.5572954E+05   1.0139563E+00
  100.9000   4.5593364E+05   1.0139575E+00
  100.9100   4.5613955E+05   1.0139588E+00
  100.9200   4.5634739E+05   1.0139600E+00
  100.9300   4.5655710E+05   1.0139613E+00
  100.9400   4.5676866E+05   1.0139626E+00
  100.9500   4.5698224E+05   1.0139639E+00
  100.9600   4.5719786E+05   1.0139652E+00
  100.9700   4.5741537E+05   1.0139666E+00
  100.9800   4.5763482E+05   1.0139679E+00
  100.9900   4.5785630E+05   1.0139693E+00
  101.0000   4.5807974E+05   1.0139706E+00
  101.0100   4.5830524E+05   1.0139720E+00
  101.0200   4.5853278E+05   1.0139734E+00
  101.0300   4.5876235E+05   1.0139748E+00
  101.0400   4.5899395E+05   1.0139762E+00
  101.0500   4.5922762E+05   1.0139777E+00
  101.0600   4.5946343E+05   1.0139791E+00
  101.0700   4.5970125E+05   1.0139806E+00
  101.0800   4.5994121E+05   1.0139820E+00
  101.0900   4.6018323E+05   1.0139835E+00
  101.1000   4.6042730E+05   1.0139850E+00
  101.1100   4.6067341E+05   1.0139865E+00
  101.1200   4.6092156E+05   1.0139881E+00
  101.1300   4.6117179E+05   1.0139896E+00
  101.1400   4.6142416E+05   1.0139911E+00
  101.1500   4.6167858E+05   1.0139927E+00
  101.1600   4.6193497E+05   1.0139943E+00
  101.1700   4.6219345E+05   1.0139958E+00
  101.1800   4.6245400E+05   1.0139974E+00
  101.1900   4.6271662E+05   1.0139990E+00
  101.2000   4.6298131E+05   1.0140007E+00
  101.2100   4.6324793E+05   1.0140023E+00
  101.2200   4.6351656E+05   1.0140040E+00
  101.2300   4.6378708E+05   1.0140056E+00
  101.2400   4.6405960E+05   1.0140073E+00
  101.2500   4.6433407E+05   1.0140090E+00
  101.2600   4.6461046E+05   1.0140107E+00
  101.2700   4.6488875E+05   1.0140124E+00
  101.2800   4.6516895E+05   1.0140141E+00
  101.2900   4.6545110E+05   1.0140158E+00
  101.3000   4.6573506E+05   1.0140175E+00
  101.3100   4.6602092E+05   1.0140193E+00
  101.3200   4.6630857E+05   1.0140211E+00
  101.3300   4.6659796E+05   1.0140228E+00
  101.3400   4.6688904E+05   1.0140246E+00
  101.3500   4.6718177E+05   1.0140264E+00
  101.3600   4.6747616E+05   1.0140282E+00
  101.3700   4.6777219E+05   1.0140300E+00
  101.3800   4.6806991E+05   1.0140319E+00
  101.3900   4.6836918E+05   1.0140337E+00
  101.4000   4.6867006E+05   1.0140355E+00
  101.4100   4.6897244E+05   1.0140374E+00
  101.4200   4.6927625E+05   1.0140393E+00
  101.4300   4.6958160E+05   1.0140411E+00
  101.4400   4.6988843E+05   1.0140430E+00
  101.4500   4.7019672E+05   1.0140449E+00
  101.4600   4.7050644E+05   1.0140468E+00
  101.4700   4.7081742E+05   1.0140487E+00
  101.4800   4.7112965E+05   1.0140506E+00
  101.4900   4.7144318E+05   1.0140525E+00
  101.5000   4.7175786E+05   1.0140545E+00
  101.5100   4.7207375E+05   1.0140564E+00
  101.5200   4.7239072E+05   1.0140584E+00
  101.5300   4.7270869E+05   1.0140603E+00
  101.5400   4.7302773E+05   1.0140623E+00
  101.5500   4.7334777E+05   1.0140642E+00
  101.5600   4.7366875E+05   1.0140662E+00
  101.5700   4.7399060E+05   1.0140682E+00
  101.5800   4.7431328E+05   1.0140701E+00
  101.5900   4.7463676E+05   1.0140721E+00
  101.6000   4.7496100E+05   1.0140741E+00
  101.6100   4.7528598E+05   1.0140761E+00
  101.6200   4.7561151E+05   1.0140781E+00
  101.6300   4.7593759E+05   1.0140801E+00
  101.6400   4.7626421E+05   1.0140821E+00
  101.6500   4.7659120E+05   1.0140841E+00
  101.6600   4.7691858E+05   1.0140861E+00
  101.6700   4.7724636E+05   1.0140881E+00
  101.6800   4.7757437E+05   1.0140902E+00
  101.6900   4.7790265E+05   1.0140922E+00
  101.7000   4.7823103E+05   1.0140942E+00
  101.7100   4.7855954E+05   1.0140962E+00
  101.7200   4.7888804E+05   1.0140982E+00
  101.7300   4.7921654E+05   1.0141002E+00
  101.7400   4.7954491E+05   1.0141022E+00
  101.7500   4.7987315E+05   1.0141043E+00
  101.7600   4.8020114E+05   1.0141063E+00
  101.7700   4.8052887E+05   1.0141083E+00
  101.7800   4.8085620E+05   1.0141103E+00
  101.7900   4.8118315E+05   1.0141123E+00
  101.8000   4.8150954E+05   1.0141143E+00
  101.8100   4.8183538E+05   1.0141163E+00
  101.8200   4.8216067E+05   1.0141183E+00
  101.8300   4.8248523E+05   1.0141203E+00
  101.8400   4.8280905E+05   1.0141223E+00
  101.8500   4.8313209E+05   1.0141243E+00
  101.8600   4.8345434E+05   1.0141262E+00
  101.8700   4.8377558E+05   1.0141282E+00
  101.8800   4.8409575E+05   1.0141302E+00
  101.8900   4.8441479E+05   1.0141321E+00
  101.9000   4.8473263E+05   1.0141341E+00
  101.9100   4.8504919E+05   1.0141360E+00
  101.9200   4.8536436E+05   1.0141380E+00
  101.9300   4.8567821E+05   1.0141399E+00
  101.9400   4.8599062E+05   1.0141418E+00
  101.9500   4.8630142E+05   1.0141437E+00
  101.9600   4.8661065E+05   1.0141456E+00
  101.9700   4.8691812E+05   1.0141475E+00
  101.9800   4.8722381E+05   1.0141494E+00
  101.9900   4.8752768E+05   1.0141513E+00
  102.0000   4.8782968E+05   1.0141531E+00
  102.0100   4.8812973E+05   1.0141550E+00
  102.0200   4.8842772E+05   1.0141568E+00
  102.0300   4.8872353E+05   1.0141586E+00
  102.0400   4.8901720E+05   1.0141604E+00
  102.0500   4.8930855E+05   1.0141622E+00
  102.0600   4.8959757E+05   1.0141640E+00
  102.0700   4.8988422E+05   1.0141658E+00
  102.0800   4.9016843E+05   1.0141675E+00
  102.0900   4.9045011E+05   1.0141692E+00
  102.1000   4.9072913E+05   1.0141710E+00
  102.1100   4.9100535E+05   1.0141727E+00
  102.1200   4.9127876E+05   1.0141743E+00
  102.1300   4.9154933E+05   1.0141760E+00
  102.1400   4.9181700E+05   1.0141777E+00
  102.1500   4.9208167E+05   1.0141793E+00
  102.1600   4.9234322E+05   1.0141809E+00
  102.1700   4.9260165E+05   1.0141825E+00
  102.1800   4.9285679E+05   1.0141841E+00
  102.1900   4.9310856E+05   1.0141856E+00
  102.2000   4.9335689E+05   1.0141871E+00
  102.2100   4.9360182E+05   1.0141886E+00
  102.2200   4.9384319E+05   1.0141901E+00
  102.2300   4.9408098E+05   1.0141916E+00
  102.2400   4.9431512E+05   1.0141930E+00
  102.2500   4.9454551E+05   1.0141945E+00
  102.2600   4.9477201E+05   1.0141959E+00
  102.2700   4.9499461E+05   1.0141972E+00
  102.2800   4.9521325E+05   1.0141986E+00
  102.2900   4.9542786E+05   1.0141999E+00
  102.3000   4.9563828E+05   1.0142012E+00
  102.3100   4.9584451E+05   1.0142025E+00
  102.3200   4.9604651E+05   1.0142037E+00
  102.3300   4.9624417E+05   1.0142049E+00
  102.3400   4.9643754E+05   1.0142061E+00
  102.3500   4.9662643E+05   1.0142073E+00
  102.3600   4.9681076E+05   1.0142084E+00
  102.3700   4.9699044E+05   1.0142096E+00
  102.3800   4.9716548E+05   1.0142106E+00
  102.3900   4.9733585E+05   1.0142117E+00
  102.4000   4.9750146E+05   1.0142127E+00
  102.4100   4.9766218E+05   1.0142137E+00
  102.4200   4.9781800E+05   1.0142147E+00
  102.4300   4.9796885E+05   1.0142156E+00
  102.4400   4.9811462E+05   1.0142165E+00
  102.4500   4.9825531E+05   1.0142174E+00
  102.4600   4.9839087E+05   1.0142182E+00
  102.4700   4.9852120E+05   1.0142190E+00
  102.4800   4.9864631E+05   1.0142198E+00
  102.4900   4.9876616E+05   1.0142206E+00
  102.5000   4.9888065E+05   1.0142213E+00
  102.5100   4.9898980E+05   1.0142219E+00
  102.5200   4.9909340E+05   1.0142226E+00
  102.5300   4.9919152E+05   1.0142232E+00
  102.5400   4.9928401E+05   1.0142238E+00
  102.5500   4.9937083E+05   1.0142243E+00
  102.5600   4.9945205E+05   1.0142248E+00
  102.5700   4.9952751E+05   1.0142253E+00
  102.5800   4.9959717E+05   1.0142257E+00
  102.5900   4.9966108E+05   1.0142261E+00
  102.6000   4.9971909E+05   1.0142265E+00
  102.6100   4.9977112E+05   1.0142268E+00
  102.6200   4.9981723E+05   1.0142271E+00
  102.6300   4.9985741E+05   1.0142274E+00
  102.6400   4.9989158E+05   1.0142276E+00
  102.6500   4.9991961E+05   1.0142278E+00
  102.6600   4.9994146E+05   1.0142279E+00
  102.6700   4.9995721E+05   1.0142281E+00
  102.6800   4.9996671E+05   1.0142281E+00
  102.6900   4.9996988E+05   1.0142282E+00
  102.7000   4.9996680E+05   1.0142281E+00
  102.7100   4.9995746E+05   1.0142281E+00
  102.7200   4.9994175E+05   1.0142280E+00
  102.7300   4.9991973E+05   1.0142279E+00
  102.7400   4.9989135E+05   1.0142277E+00
  102.7500   4.9985649E+05   1.0142275E+00
  102.7600   4.9981515E+05   1.0142273E+00
  102.7700   4.9976726E+05   1.0142270E+00
  102.7800   4.9971286E+05   1.0142267E+00
  102.7900   4.9965190E+05   1.0142263E+00
  102.8000   4.9958447E+05   1.0142259E+00
  102.8100   4.9951055E+05   1.0142255E+00
  102.8200   4.9943007E+05   1.0142250E+00
  102.8300   4.9934307E+05   1.0142245E+00
  102.8400   4.9924952E+05   1.0142239E+00
  102.8500   4.9914930E+05   1.0142233E+00
  102.8600   4.9904242E+05   1.0142227E+00
  102.8700   4.9892897E+05   1.0142220E+00
  102.8800   4.9880881E+05   1.0142213E+00
  102.8900   4.9868207E+05   1.0142205E+00
  102.9000   4.9854865E+05   1.0142197E+00
  102.9100   4.9840854E+05   1.0142189E+00
  102.9200   4.9826183E+05   1.0142180E+00
  102.9300   4.9810836E+05   1.0142171E+00
  102.9400   4.9794828E+05   1.0142161E+00
  102.9500   4.9778145E+05   1.0142151E+00
  102.9600   4.9760805E+05   1.0142140E+00
  102.9700   4.9742798E+05   1.0142129E+00
  102.9800   4.9724126E+05   1.0142118E+00
  102.9900   4.9704783E+05   1.0142106E+00
  103.0000   4.9684776E+05   1.0142094E+00
  103.0100   4.9664100E+05   1.0142082E+00
  103.0200   4.9642766E+05   1.0142069E+00
  103.0300   4.9620773E+05   1.0142055E+00
  103.0400   4.9598116E+05   1.0142042E+00
  103.0500   4.9574799E+05   1.0142027E+00
  103.0600   4.9550820E+05   1.0142013E+00
  103.0700   4.9526186E+05   1.0141998E+00
  103.0800   4.9500899E+05   1.0141983E+00
  103.0900   4.9474969E+05   1.0141967E+00
  103.1000   4.9448402E+05   1.0141951E+00
  103.1100   4.9421194E+05   1.0141934E+00
  103.1200   4.9393354E+05   1.0141917E+00
  103.1300   4.9364883E+05   1.0141900E+00
  103.1400   4.9335776E+05   1.0141882E+00
  103.1500   4.9306038E+05   1.0141864E+00
  103.1600   4.9275667E+05   1.0141846E+00
  103.1700   4.9244674E+05   1.0141827E+00
  103.1800   4.9213060E+05   1.0141808E+00
  103.1900   4.9180821E+05   1.0141788E+00
  103.2000   4.9147964E+05   1.0141768E+00
  103.2100   4.9114507E+05   1.0141748E+00
  103.2200   4.9080444E+05   1.0141727E+00
  103.2300   4.9045779E+05   1.0141706E+00
  103.2400   4.9010528E+05   1.0141684E+00
  103.2500   4.8974683E+05   1.0141662E+00
  103.2600   4.8938246E+05   1.0141640E+00
  103.2700   4.8901233E+05   1.0141618E+00
  103.2800   4.8863652E+05   1.0141595E+00
  103.2900   4.8825504E+05   1.0141571E+00
  103.3000   4.8786785E+05   1.0141548E+00
  103.3100   4.8747502E+05   1.0141524E+00
  103.3200   4.8707674E+05   1.0141500E+00
  103.3300   4.8667297E+05   1.0141475E+00
  103.3400   4.8626377E+05   1.0141450E+00
  103.3500   4.8584915E+05   1.0141425E+00
  103.3600   4.8542925E+05   1.0141399E+00
  103.3700   4.8500413E+05   1.0141373E+00
  103.3800   4.8457381E+05   1.0141347E+00
  103.3900   4.8413842E+05   1.0141320E+00
  103.4000   4.8369805E+05   1.0141294E+00
  103.4100   4.8325273E+05   1.0141266E+00
  103.4200   4.8280259E+05   1.0141239E+00
  103.4300   4.8234775E+05   1.0141211E+00
  103.4400   4.8188824E+05   1.0141183E+00
  103.4500   4.8142406E+05   1.0141155E+00
  103.4600   4.8095533E+05   1.0141126E+00
  103.4700   4.8048212E+05   1.0141097E+00
  103.4800   4.8000446E+05   1.0141068E+00
  103.4900   4.7952250E+05   1.0141039E+00
  103.5000   4.7903634E+05   1.0141009E+00
  103.5100   4.7854605E+05   1.0140979E+00
  103.5200   4.7805163E+05   1.0140949E+00
  103.5300   4.7755323E+05   1.0140919E+00
  103.5400   4.7705096E+05   1.0140888E+00
  103.5500   4.7654489E+05   1.0140857E+00
  103.5600   4.7603501E+05   1.0140826E+00
  103.5700   4.7552150E+05   1.0140794E+00
  103.5800   4.7500447E+05   1.0140763E+00
  103.5900   4.7448400E+05   1.0140731E+00
  103.6000   4.7396012E+05   1.0140699E+00
  103.6100   4.7343302E+05   1.0140667E+00
  103.6200   4.7290266E+05   1.0140635E+00
  103.6300   4.7236915E+05   1.0140602E+00
  103.6400   4.7183275E+05   1.0140569E+00
  103.6500   4.7129350E+05   1.0140536E+00
  103.6600   4.7075141E+05   1.0140503E+00
  103.6700   4.7020664E+05   1.0140470E+00
  103.6800   4.6965931E+05   1.0140436E+00
  103.6900   4.6910954E+05   1.0140403E+00
  103.7000   4.6855738E+05   1.0140369E+00
  103.7100   4.6800290E+05   1.0140335E+00
  103.7200   4.6744629E+05   1.0140301E+00
  103.7300   4.6688755E+05   1.0140267E+00
  103.7400   4.6632683E+05   1.0140233E+00
  103.7500   4.6576427E+05   1.0140198E+00
  103.7600   4.6519997E+05   1.0140164E+00
  103.7700   4.6463404E+05   1.0140129E+00
  103.7800   4.6406653E+05   1.0140095E+00
  103.7900   4.6349752E+05   1.0140060E+00
  103.8000   4.6292721E+05   1.0140025E+00
  103.8100   4.6235563E+05   1.0139990E+00
  103.8200   4.6178298E+05   1.0139955E+00
  103.8300   4.6120925E+05   1.0139920E+00
  103.8400   4.6063460E+05   1.0139885E+00
  103.8500   4.6005920E+05   1.0139850E+00
  103.8600   4.5948319E+05   1.0139814E+00
  103.8700   4.5890653E+05   1.0139779E+00
  103.8800   4.5832935E+05   1.0139744E+00
  103.8900   4.5775178E+05   1.0139708E+00
  103.9000   4.5717395E+05   1.0139673E+00
  103.9100   4.5659596E+05   1.0139638E+00
  103.9200   4.5601794E+05   1.0139602E+00
  103.9300   4.5544001E+05   1.0139567E+00
  103.9400   4.5486228E+05   1.0139532E+00
  103.9500   4.5428487E+05   1.0139496E+00
  103.9600   4.5370791E+05   1.0139461E+00
  103.9700   4.5313151E+05   1.0139426E+00
  103.9800   4.5255582E+05   1.0139391E+00
  103.9900   4.5198079E+05   1.0139355E+00
  104.0000   4.5140657E+05   1.0139320E+00
  104.0100   4.5083331E+05   1.0139285E+00
  104.0200   4.5026119E+05   1.0139250E+00
  104.0300   4.4969020E+05   1.0139215E+00
  104.0400   4.4912053E+05   1.0139180E+00
  104.0500   4.4855221E+05   1.0139145E+00
  104.0600   4.4798545E+05   1.0139111E+00
  104.0700   4.4742032E+05   1.0139076E+00
  104.0800   4.4685688E+05   1.0139042E+00
  104.0900   4.4629523E+05   1.0139007E+00
  104.1000   4.4573548E+05   1.0138973E+00
  104.1100   4.4517776E+05   1.0138939E+00
  104.1200   4.4462223E+05   1.0138905E+00
  104.1300   4.4406889E+05   1.0138871E+00
  104.1400   4.4351793E+05   1.0138837E+00
  104.1500   4.4296941E+05   1.0138804E+00
  104.1600   4.4242341E+05   1.0138770E+00
  104.1700   4.4188001E+05   1.0138737E+00
  104.1800   4.4133936E+05   1.0138704E+00
  104.1900   4.4080161E+05   1.0138671E+00
  104.2000   4.4026678E+05   1.0138638E+00
  104.2100   4.3973509E+05   1.0138606E+00
  104.2200   4.3920663E+05   1.0138573E+00
  104.2300   4.3868149E+05   1.0138541E+00
  104.2400   4.3815966E+05   1.0138509E+00
  104.2500   4.3764132E+05   1.0138477E+00
  104.2600   4.3712651E+05   1.0138446E+00
  104.2700   4.3661532E+05   1.0138414E+00
  104.2800   4.3610787E+05   1.0138383E+00
  104.2900   4.3560432E+05   1.0138353E+00
  104.3000   4.3510471E+05   1.0138322E+00
  104.3100   4.3460909E+05   1.0138292E+00
  104.3200   4.3411758E+05   1.0138261E+00
  104.3300   4.3363035E+05   1.0138232E+00
  104.3400   4.3314741E+05   1.0138202E+00
  104.3500   4.3266883E+05   1.0138173E+00
  104.3600   4.3219475E+05   1.0138144E+00
  104.3700   4.3172514E+05   1.0138115E+00
  104.3800   4.3126022E+05   1.0138086E+00
  104.3900   4.3080010E+05   1.0138058E+00
  104.4000   4.3034471E+05   1.0138030E+00
  104.4100   4.2989427E+05   1.0138002E+00
  104.4200   4.2944883E+05   1.0137975E+00
  104.4300   4.2900835E+05   1.0137948E+00
  104.4400   4.2857300E+05   1.0137921E+00
  104.4500   4.2814282E+05   1.0137895E+00
  104.4600   4.2771795E+05   1.0137869E+00
  104.4700   4.2729835E+05   1.0137843E+00
  104.4800   4.2688408E+05   1.0137818E+00
  104.4900   4.2647525E+05   1.0137793E+00
  104.5000   4.2607202E+05   1.0137768E+00
  104.5100   4.2567443E+05   1.0137744E+00
  104.5200   4.2528241E+05   1.0137720E+00
  104.5300   4.2489614E+05   1.0137696E+00
  104.5400   4.2451567E+05   1.0137672E+00
  104.5500   4.2414110E+05   1.0137649E+00
  104.5600   4.2377245E+05   1.0137627E+00
  104.5700   4.2340978E+05   1.0137605E+00
  104.5800   4.2305303E+05   1.0137583E+00
  104.5900   4.2270242E+05   1.0137561E+00
  104.6000   4.2235783E+05   1.0137540E+00
  104.6100   4.2201942E+05   1.0137519E+00
  104.6200   4.2168724E+05   1.0137499E+00
  104.6300   4.2136138E+05   1.0137479E+00
  104.6400   4.2104184E+05   1.0137459E+00
  104.6500   4.2072869E+05   1.0137440E+00
  104.6600   4.2042189E+05   1.0137421E+00
  104.6700   4.2012145E+05   1.0137403E+00
  104.6800   4.1982747E+05   1.0137384E+00
  104.6900   4.1953995E+05   1.0137367E+00
  104.7000   4.1925894E+05   1.0137349E+00
  104.7100   4.1898456E+05   1.0137333E+00
  104.7200   4.1871684E+05   1.0137316E+00
  104.7300   4.1845569E+05   1.0137300E+00
  104.7400   4.1820129E+05   1.0137284E+00
  104.7500   4.1795350E+05   1.0137269E+00
  104.7600   4.1771248E+05   1.0137254E+00
  104.7700   4.1747824E+05   1.0137240E+00
  104.7800   4.1725071E+05   1.0137226E+00
  104.7900   4.1702988E+05   1.0137212E+00
  104.8000   4.1681583E+05   1.0137199E+00
  104.8100   4.1660853E+05   1.0137186E+00
  104.8200   4.1640800E+05   1.0137174E+00
  104.8300   4.1621437E+05   1.0137162E+00
  104.8400   4.1602764E+05   1.0137150E+00
  104.8500   4.1584773E+05   1.0137139E+00
  104.8600   4.1567460E+05   1.0137129E+00
  104.8700   4.1550832E+05   1.0137118E+00
  104.8800   4.1534884E+05   1.0137109E+00
  104.8900   4.1519619E+05   1.0137099E+00
  104.9000   4.1505046E+05   1.0137090E+00
  104.9100   4.1491165E+05   1.0137082E+00
  104.9200   4.1477965E+05   1.0137073E+00
  104.9300   4.1465443E+05   1.0137066E+00
  104.9400   4.1453604E+05   1.0137058E+00
  104.9500   4.1442442E+05   1.0137051E+00
  104.9600   4.1431956E+05   1.0137045E+00
  104.9700   4.1422157E+05   1.0137039E+00
  104.9800   4.1413043E+05   1.0137033E+00
  104.9900   4.1404601E+05   1.0137028E+00
  105.0000   4.1396825E+05   1.0137023E+00
  105.0100   4.1389720E+05   1.0137018E+00
  105.0200   4.1383277E+05   1.0137014E+00
  105.0300   4.1377494E+05   1.0137011E+00
  105.0400   4.1372379E+05   1.0137008E+00
  105.0500   4.1367928E+05   1.0137005E+00
  105.0600   4.1364142E+05   1.0137002E+00
  105.0700   4.1361016E+05   1.0137000E+00
  105.0800   4.1358548E+05   1.0136999E+00
  105.0900   4.1356728E+05   1.0136997E+00
  105.1000   4.1355551E+05   1.0136997E+00
  105.1100   4.1355021E+05   1.0136996E+00
  105.1200   4.1355131E+05   1.0136996E+00
  105.1300   4.1355879E+05   1.0136997E+00
  105.1400   4.1357253E+05   1.0136997E+00
  105.1500   4.1359250E+05   1.0136998E+00
  105.1600   4.1361872E+05   1.0137000E+00
  105.1700   4.1365108E+05   1.0137002E+00
  105.1800   4.1368958E+05   1.0137004E+00
  105.1900   4.1373408E+05   1.0137007E+00
  105.2000   4.1378451E+05   1.0137010E+00
  105.2100   4.1384086E+05   1.0137013E+00
  105.2200   4.1390320E+05   1.0137017E+00
  105.2300   4.1397149E+05   1.0137021E+00
  105.2400   4.1404554E+05   1.0137025E+00
  105.2500   4.1412527E+05   1.0137030E+00
  105.2600   4.1421062E+05   1.0137035E+00
  105.2700   4.1430163E+05   1.0137041E+00
  105.2800   4.1439820E+05   1.0137046E+00
  105.2900   4.1450029E+05   1.0137053E+00
  105.3000   4.1460775E+05   1.0137059E+00
  105.3100   4.1472067E+05   1.0137066E+00
  105.3200   4.1483883E+05   1.0137073E+00
  105.3300   4.1496225E+05   1.0137081E+00
  105.3400   4.1509085E+05   1.0137088E+00
  105.3500   4.1522458E+05   1.0137096E+00
  105.3600   4.1536327E+05   1.0137105E+00
  105.3700   4.1550699E+05   1.0137113E+00
  105.3800   4.1565552E+05   1.0137122E+00
  105.3900   4.1580885E+05   1.0137132E+00
  105.4000   4.1596685E+05   1.0137141E+00
  105.4100   4.1612944E+05   1.0137151E+00
  105.4200   4.1629661E+05   1.0137161E+00
  105.4300   4.1646819E+05   1.0137172E+00
  105.4400   4.1664426E+05   1.0137182E+00
  105.4500   4.1682477E+05   1.0137193E+00
  105.4600   4.1700952E+05   1.0137205E+00
  105.4700   4.1719837E+05   1.0137216E+00
  105.4800   4.1739141E+05   1.0137228E+00
  105.4900   4.1758842E+05   1.0137240E+00
  105.5000   4.1778937E+05   1.0137252E+00
  105.5100   4.1799414E+05   1.0137265E+00
  105.5200   4.1820262E+05   1.0137277E+00
  105.5300   4.1841475E+05   1.0137290E+00
  105.5400   4.1863052E+05   1.0137303E+00
  105.5500   4.1884976E+05   1.0137317E+00
  105.5600   4.1907236E+05   1.0137330E+00
  105.5700   4.1929824E+05   1.0137344E+00
  105.5800   4.1952734E+05   1.0137358E+00
  105.5900   4.1975966E+05   1.0137372E+00
  105.6000   4.1999504E+05   1.0137386E+00
  105.6100   4.2023336E+05   1.0137401E+00
  105.6200   4.2047454E+05   1.0137415E+00
  105.6300   4.2071850E+05   1.0137430E+00
  105.6400   4.2096524E+05   1.0137445E+00
  105.6500   4.2121457E+05   1.0137461E+00
  105.6600   4.2146635E+05   1.0137476E+00
  105.6700   4.2172063E+05   1.0137491E+00
  105.6800   4.2197733E+05   1.0137507E+00
  105.6900   4.2223620E+05   1.0137523E+00
  105.7000   4.2249719E+05   1.0137539E+00
  105.7100   4.2276029E+05   1.0137555E+00
  105.7200   4.2302534E+05   1.0137571E+00
  105.7300   4.2329234E+05   1.0137587E+00
  105.7400   4.2356118E+05   1.0137604E+00
  105.7500   4.2383174E+05   1.0137620E+00
  105.7600   4.2410393E+05   1.0137637E+00
  105.7700   4.2437768E+05   1.0137653E+00
  105.7800   4.2465293E+05   1.0137670E+00
  105.7900   4.2492946E+05   1.0137687E+00
  105.8000   4.2520725E+05   1.0137704E+00
  105.8100   4.2548629E+05   1.0137721E+00
  105.8200   4.2576640E+05   1.0137738E+00
  105.8300   4.2604741E+05   1.0137755E+00
  105.8400   4.2632935E+05   1.0137772E+00
  105.8500   4.2661208E+05   1.0137790E+00
  105.8600   4.2689545E+05   1.0137807E+00
  105.8700   4.2717953E+05   1.0137824E+00
  105.8800   4.2746419E+05   1.0137842E+00
  105.8900   4.2774931E+05   1.0137859E+00
  105.9000   4.2803479E+05   1.0137876E+00
  105.9100   4.2832053E+05   1.0137894E+00
  105.9200   4.2860642E+05   1.0137911E+00
  105.9300   4.2889236E+05   1.0137929E+00
  105.9400   4.2917825E+05   1.0137946E+00
  105.9500   4.2946418E+05   1.0137964E+00
  105.9600   4.2975005E+05   1.0137981E+00
  105.9700   4.3003575E+05   1.0137999E+00
  105.9800   4.3032119E+05   1.0138016E+00
  105.9900   4.3060627E+05   1.0138033E+00
  106.0000   4.3089086E+05   1.0138051E+00
  106.0100   4.3117488E+05   1.0138068E+00
  106.0200   4.3145836E+05   1.0138085E+00
  106.0300   4.3174120E+05   1.0138103E+00
  106.0400   4.3202325E+05   1.0138120E+00
  106.0500   4.3230438E+05   1.0138137E+00
  106.0600   4.3258462E+05   1.0138154E+00
  106.0700   4.3286381E+05   1.0138171E+00
  106.0800   4.3314195E+05   1.0138188E+00
  106.0900   4.3341888E+05   1.0138205E+00
  106.1000   4.3369456E+05   1.0138222E+00
  106.1100   4.3396897E+05   1.0138239E+00
  106.1200   4.3424208E+05   1.0138256E+00
  106.1300   4.3451381E+05   1.0138272E+00
  106.1400   4.3478411E+05   1.0138289E+00
  106.1500   4.3505287E+05   1.0138305E+00
  106.1600   4.3532001E+05   1.0138321E+00
  106.1700   4.3558539E+05   1.0138338E+00
  106.1800   4.3584905E+05   1.0138354E+00
  106.1900   4.3611083E+05   1.0138370E+00
  106.2000   4.3637074E+05   1.0138386E+00
  106.2100   4.3662875E+05   1.0138401E+00
  106.2200   4.3688482E+05   1.0138417E+00
  106.2300   4.3713889E+05   1.0138433E+00
  106.2400   4.3739087E+05   1.0138448E+00
  106.2500   4.3764065E+05   1.0138463E+00
  106.2600   4.3788828E+05   1.0138478E+00
  106.2700   4.3813361E+05   1.0138493E+00
  106.2800   4.3837664E+05   1.0138508E+00
  106.2900   4.3861733E+05   1.0138523E+00
  106.3000   4.3885564E+05   1.0138538E+00
  106.3100   4.3909149E+05   1.0138552E+00
  106.3200   4.3932477E+05   1.0138566E+00
  106.3300   4.3955553E+05   1.0138580E+00
  106.3400   4.3978362E+05   1.0138594E+00
  106.3500   4.4000902E+05   1.0138608E+00
  106.3600   4.4023169E+05   1.0138622E+00
  106.3700   4.4045156E+05   1.0138635E+00
  106.3800   4.4066871E+05   1.0138648E+00
  106.3900   4.4088302E+05   1.0138661E+00
  106.4000   4.4109450E+05   1.0138674E+00
  106.4100   4.4130314E+05   1.0138687E+00
  106.4200   4.4150890E+05   1.0138700E+00
  106.4300   4.4171170E+05   1.0138712E+00
  106.4400   4.4191143E+05   1.0138724E+00
  106.4500   4.4210814E+05   1.0138736E+00
  106.4600   4.4230182E+05   1.0138748E+00
  106.4700   4.4249246E+05   1.0138760E+00
  106.4800   4.4267999E+05   1.0138771E+00
  106.4900   4.4286432E+05   1.0138783E+00
  106.5000   4.4304549E+05   1.0138794E+00
  106.5100   4.4322352E+05   1.0138805E+00
  106.5200   4.4339840E+05   1.0138815E+00
  106.5300   4.4357006E+05   1.0138826E+00
  106.5400   4.4373842E+05   1.0138836E+00
  106.5500   4.4390353E+05   1.0138846E+00
  106.5600   4.4406542E+05   1.0138856E+00
  106.5700   4.4422406E+05   1.0138866E+00
  106.5800   4.4437940E+05   1.0138875E+00
  106.5900   4.4453135E+05   1.0138885E+00
  106.6000   4.4467998E+05   1.0138894E+00
  106.6100   4.4482528E+05   1.0138903E+00
  106.6200   4.4496726E+05   1.0138911E+00
  106.6300   4.4510584E+05   1.0138920E+00
  106.6400   4.4524112E+05   1.0138928E+00
  106.6500   4.4537297E+05   1.0138936E+00
  106.6600   4.4550140E+05   1.0138944E+00
  106.6700   4.4562638E+05   1.0138952E+00
  106.6800   4.4574804E+05   1.0138959E+00
  106.6900   4.4586628E+05   1.0138966E+00
  106.7000   4.4598113E+05   1.0138973E+00
  106.7100   4.4609260E+05   1.0138980E+00
  106.7200   4.4620067E+05   1.0138987E+00
  106.7300   4.4630526E+05   1.0138993E+00
  106.7400   4.4640645E+05   1.0138999E+00
  106.7500   4.4650428E+05   1.0139005E+00
  106.7600   4.4659873E+05   1.0139011E+00
  106.7700   4.4668978E+05   1.0139017E+00
  106.7800   4.4677752E+05   1.0139022E+00
  106.7900   4.4686186E+05   1.0139027E+00
  106.8000   4.4694280E+05   1.0139032E+00
  106.8100   4.4702036E+05   1.0139037E+00
  106.8200   4.4709466E+05   1.0139042E+00
  106.8300   4.4716562E+05   1.0139046E+00
  106.8400   4.4723331E+05   1.0139050E+00
  106.8500   4.4729776E+05   1.0139054E+00
  106.8600   4.4735895E+05   1.0139058E+00
  106.8700   4.4741684E+05   1.0139061E+00
  106.8800   4.4747153E+05   1.0139065E+00
  106.8900   4.4752291E+05   1.0139068E+00
  106.9000   4.4757100E+05   1.0139071E+00
  106.9100   4.4761597E+05   1.0139074E+00
  106.9200   4.4765778E+05   1.0139076E+00
  106.9300   4.4769635E+05   1.0139079E+00
  106.9400   4.4773175E+05   1.0139081E+00
  106.9500   4.4776400E+05   1.0139083E+00
  106.9600   4.4779312E+05   1.0139084E+00
  106.9700   4.4781923E+05   1.0139086E+00
  106.9800   4.4784227E+05   1.0139087E+00
  106.9900   4.4786232E+05   1.0139089E+00
  107.0000   4.4787941E+05   1.0139090E+00
  107.0100   4.4789356E+05   1.0139091E+00
  107.0200   4.4790474E+05   1.0139091E+00
  107.0300   4.4791289E+05   1.0139092E+00
  107.0400   4.4791812E+05   1.0139092E+00
  107.0500   4.4792047E+05   1.0139092E+00
  107.0600   4.4791998E+05   1.0139092E+00
  107.0700   4.4791664E+05   1.0139092E+00
  107.0800   4.4791041E+05   1.0139092E+00
  107.0900   4.4790141E+05   1.0139091E+00
  107.1000   4.4788973E+05   1.0139090E+00
  107.1100   4.4787522E+05   1.0139090E+00
  107.1200   4.4785811E+05   1.0139089E+00
  107.1300   4.4783837E+05   1.0139087E+00
  107.1400   4.4781597E+05   1.0139086E+00
  107.1500   4.4779103E+05   1.0139084E+00
  107.1600   4.4776345E+05   1.0139083E+00
  107.1700   4.4773329E+05   1.0139081E+00
  107.1800   4.4770058E+05   1.0139079E+00
  107.1900   4.4766533E+05   1.0139077E+00
  107.2000   4.4762767E+05   1.0139074E+00
  107.2100   4.4758756E+05   1.0139072E+00
  107.2200   4.4754511E+05   1.0139069E+00
  107.2300   4.4750019E+05   1.0139067E+00
  107.2400   4.4745286E+05   1.0139064E+00
  107.2500   4.4740314E+05   1.0139061E+00
  107.2600   4.4735120E+05   1.0139058E+00
  107.2700   4.4729701E+05   1.0139054E+00
  107.2800   4.4724052E+05   1.0139051E+00
  107.2900   4.4718181E+05   1.0139047E+00
  107.3000   4.4712098E+05   1.0139044E+00
  107.3100   4.4705806E+05   1.0139040E+00
  107.3200   4.4699308E+05   1.0139036E+00
  107.3300   4.4692606E+05   1.0139032E+00
  107.3400   4.4685696E+05   1.0139027E+00
  107.3500   4.4678576E+05   1.0139023E+00
  107.3600   4.4671256E+05   1.0139019E+00
  107.3700   4.4663747E+05   1.0139014E+00
  107.3800   4.4656037E+05   1.0139009E+00
  107.3900   4.4648131E+05   1.0139004E+00
  107.4000   4.4640033E+05   1.0138999E+00
  107.4100   4.4631743E+05   1.0138994E+00
  107.4200   4.4623279E+05   1.0138989E+00
  107.4300   4.4614636E+05   1.0138984E+00
  107.4400   4.4605809E+05   1.0138978E+00
  107.4500   4.4596810E+05   1.0138973E+00
  107.4600   4.4587630E+05   1.0138967E+00
  107.4700   4.4578274E+05   1.0138962E+00
  107.4800   4.4568748E+05   1.0138956E+00
  107.4900   4.4559056E+05   1.0138950E+00
  107.5000   4.4549197E+05   1.0138944E+00
  107.5100   4.4539173E+05   1.0138938E+00
  107.5200   4.4528997E+05   1.0138931E+00
  107.5300   4.4518667E+05   1.0138925E+00
  107.5400   4.4508176E+05   1.0138919E+00
  107.5500   4.4497535E+05   1.0138912E+00
  107.5600   4.4486734E+05   1.0138906E+00
  107.5700   4.4475780E+05   1.0138899E+00
  107.5800   4.4464678E+05   1.0138892E+00
  107.5900   4.4453433E+05   1.0138885E+00
  107.6000   4.4442047E+05   1.0138878E+00
  107.6100   4.4430519E+05   1.0138871E+00
  107.6200   4.4418848E+05   1.0138864E+00
  107.6300   4.4407033E+05   1.0138857E+00
  107.6400   4.4395086E+05   1.0138849E+00
  107.6500   4.4383003E+05   1.0138842E+00
  107.6600   4.4370793E+05   1.0138835E+00
  107.6700   4.4358449E+05   1.0138827E+00
  107.6800   4.4345977E+05   1.0138819E+00
  107.6900   4.4333368E+05   1.0138812E+00
  107.7000   4.4320624E+05   1.0138804E+00
  107.7100   4.4307751E+05   1.0138796E+00
  107.7200   4.4294750E+05   1.0138788E+00
  107.7300   4.4281622E+05   1.0138780E+00
  107.7400   4.4268365E+05   1.0138772E+00
  107.7500   4.4254978E+05   1.0138764E+00
  107.7600   4.4241475E+05   1.0138755E+00
  107.7700   4.4227852E+05   1.0138747E+00
  107.7800   4.4214101E+05   1.0138739E+00
  107.7900   4.4200234E+05   1.0138730E+00
  107.8000   4.4186240E+05   1.0138721E+00
  107.8100   4.4172129E+05   1.0138713E+00
  107.8200   4.4157888E+05   1.0138704E+00
  107.8300   4.4143522E+05   1.0138695E+00
  107.8400   4.4129035E+05   1.0138686E+00
  107.8500   4.4114429E+05   1.0138677E+00
  107.8600   4.4099705E+05   1.0138668E+00
  107.8700   4.4084862E+05   1.0138659E+00
  107.8800   4.4069898E+05   1.0138650E+00
  107.8900   4.4054811E+05   1.0138641E+00
  107.9000   4.4039596E+05   1.0138632E+00
  107.9100   4.4024265E+05   1.0138622E+00
  107.9200   4.4008812E+05   1.0138613E+00
  107.9300   4.3993244E+05   1.0138603E+00
  107.9400   4.3977554E+05   1.0138594E+00
  107.9500   4.3961747E+05   1.0138584E+00
  107.9600   4.3945812E+05   1.0138574E+00
  107.9700   4.3929752E+05   1.0138564E+00
  107.9800   4.3913570E+05   1.0138554E+00
  107.9900   4.3897268E+05   1.0138544E+00
  108.0000   4.3880845E+05   1.0138534E+00
  108.0100   4.3864301E+05   1.0138524E+00
  108.0200   4.3847633E+05   1.0138514E+00
  108.0300   4.3830837E+05   1.0138504E+00
  108.0400   4.3813908E+05   1.0138493E+00
  108.0500   4.3796856E+05   1.0138483E+00
  108.0600   4.3779674E+05   1.0138472E+00
  108.0700   4.3762352E+05   1.0138462E+00
  108.0800   4.3744897E+05   1.0138451E+00
  108.0900   4.3727314E+05   1.0138440E+00
  108.1000   4.3709589E+05   1.0138429E+00
  108.1100   4.3691724E+05   1.0138418E+00
  108.1200   4.3673720E+05   1.0138407E+00
  108.1300   4.3655578E+05   1.0138396E+00
  108.1400   4.3637293E+05   1.0138385E+00
  108.1500   4.3618863E+05   1.0138374E+00
  108.1600   4.3600282E+05   1.0138362E+00
  108.1700   4.3581561E+05   1.0138351E+00
  108.1800   4.3562691E+05   1.0138339E+00
  108.1900   4.3543680E+05   1.0138328E+00
  108.2000   4.3524517E+05   1.0138316E+00
  108.2100   4.3505205E+05   1.0138304E+00
  108.2200   4.3485747E+05   1.0138292E+00
  108.2300   4.3466127E+05   1.0138280E+00
  108.2400   4.3446345E+05   1.0138268E+00
  108.2500   4.3426397E+05   1.0138256E+00
  108.2600   4.3406297E+05   1.0138243E+00
  108.2700   4.3386040E+05   1.0138231E+00
  108.2800   4.3365618E+05   1.0138218E+00
  108.2900   4.3345039E+05   1.0138206E+00
  108.3000   4.3324293E+05   1.0138193E+00
  108.3100   4.3303385E+05   1.0138180E+00
  108.3200   4.3282298E+05   1.0138167E+00
  108.3300   4.3261035E+05   1.0138154E+00
  108.3400   4.3239595E+05   1.0138141E+00
  108.3500   4.3217976E+05   1.0138128E+00
  108.3600   4.3196172E+05   1.0138114E+00
  108.3700   4.3174194E+05   1.0138101E+00
  108.3800   4.3152035E+05   1.0138087E+00
  108.3900   4.3129701E+05   1.0138074E+00
  108.4000   4.3107181E+05   1.0138060E+00
  108.4100   4.3084476E+05   1.0138046E+00
  108.4200   4.3061589E+05   1.0138032E+00
  108.4300   4.3038520E+05   1.0138018E+00
  108.4400   4.3015264E+05   1.0138003E+00
  108.4500   4.2991818E+05   1.0137989E+00
  108.4600   4.2968174E+05   1.0137975E+00
  108.4700   4.2944342E+05   1.0137960E+00
  108.4800   4.2920310E+05   1.0137945E+00
  108.4900   4.2896083E+05   1.0137930E+00
  108.5000   4.2871663E+05   1.0137915E+00
  108.5100   4.2847033E+05   1.0137900E+00
  108.5200   4.2822210E+05   1.0137885E+00
  108.5300   4.2797187E+05   1.0137870E+00
  108.5400   4.2771961E+05   1.0137854E+00
  108.5500   4.2746521E+05   1.0137839E+00
  108.5600   4.2720875E+05   1.0137823E+00
  108.5700   4.2695028E+05   1.0137807E+00
  108.5800   4.2668964E+05   1.0137791E+00
  108.5900   4.2642683E+05   1.0137775E+00
  108.6000   4.2616184E+05   1.0137759E+00
  108.6100   4.2589480E+05   1.0137742E+00
  108.6200   4.2562563E+05   1.0137726E+00
  108.6300   4.2535425E+05   1.0137709E+00
  108.6400   4.2508071E+05   1.0137692E+00
  108.6500   4.2480507E+05   1.0137675E+00
  108.6600   4.2452733E+05   1.0137658E+00
  108.6700   4.2424748E+05   1.0137641E+00
  108.6800   4.2396550E+05   1.0137624E+00
  108.6900   4.2368133E+05   1.0137606E+00
  108.7000   4.2339490E+05   1.0137589E+00
  108.7100   4.2310627E+05   1.0137571E+00
  108.7200   4.2281550E+05   1.0137553E+00
  108.7300   4.2252263E+05   1.0137535E+00
  108.7400   4.2222765E+05   1.0137517E+00
  108.7500   4.2193056E+05   1.0137499E+00
  108.7600   4.2163129E+05   1.0137481E+00
  108.7700   4.2132980E+05   1.0137462E+00
  108.7800   4.2102617E+05   1.0137444E+00
  108.7900   4.2072029E+05   1.0137425E+00
  108.8000   4.2041220E+05   1.0137406E+00
  108.8100   4.2010191E+05   1.0137387E+00
  108.8200   4.1978942E+05   1.0137368E+00
  108.8300   4.1947470E+05   1.0137348E+00
  108.8400   4.1915786E+05   1.0137329E+00
  108.8500   4.1883884E+05   1.0137309E+00
  108.8600   4.1851770E+05   1.0137290E+00
  108.8700   4.1819451E+05   1.0137270E+00
  108.8800   4.1786928E+05   1.0137250E+00
  108.8900   4.1754203E+05   1.0137230E+00
  108.9000   4.1721274E+05   1.0137209E+00
  108.9100   4.1688137E+05   1.0137189E+00
  108.9200   4.1654805E+05   1.0137169E+00
  108.9300   4.1621269E+05   1.0137148E+00
  108.9400   4.1587536E+05   1.0137127E+00
  108.9500   4.1553613E+05   1.0137107E+00
  108.9600   4.1519501E+05   1.0137086E+00
  108.9700   4.1485202E+05   1.0137065E+00
  108.9800   4.1450716E+05   1.0137043E+00
  108.9900   4.1416039E+05   1.0137022E+00
  109.0000   4.1381184E+05   1.0137001E+00
  109.0100   4.1346144E+05   1.0136979E+00
  109.0200   4.1310927E+05   1.0136958E+00
  109.0300   4.1275542E+05   1.0136936E+00
  109.0400   4.1239974E+05   1.0136914E+00
  109.0500   4.1204226E+05   1.0136892E+00
  109.0600   4.1168318E+05   1.0136870E+00
  109.0700   4.1132248E+05   1.0136848E+00
  109.0800   4.1096015E+05   1.0136826E+00
  109.0900   4.1059631E+05   1.0136803E+00
  109.1000   4.1023091E+05   1.0136781E+00
  109.1100   4.0986405E+05   1.0136758E+00
  109.1200   4.0949581E+05   1.0136736E+00
  109.1300   4.0912608E+05   1.0136713E+00
  109.1400   4.0875492E+05   1.0136690E+00
  109.1500   4.0838236E+05   1.0136667E+00
  109.1600   4.0800843E+05   1.0136644E+00
  109.1700   4.0763331E+05   1.0136621E+00
  109.1800   4.0725699E+05   1.0136598E+00
  109.1900   4.0687947E+05   1.0136575E+00
  109.2000   4.0650087E+05   1.0136552E+00
  109.2100   4.0612117E+05   1.0136528E+00
  109.2200   4.0574047E+05   1.0136505E+00
  109.2300   4.0535890E+05   1.0136482E+00
  109.2400   4.0497637E+05   1.0136458E+00
  109.2500   4.0459297E+05   1.0136435E+00
  109.2600   4.0420879E+05   1.0136411E+00
  109.2700   4.0382389E+05   1.0136387E+00
  109.2800   4.0343834E+05   1.0136364E+00
  109.2900   4.0305221E+05   1.0136340E+00
  109.3000   4.0266553E+05   1.0136316E+00
  109.3100   4.0227835E+05   1.0136292E+00
  109.3200   4.0189071E+05   1.0136269E+00
  109.3300   4.0150264E+05   1.0136245E+00
  109.3400   4.0111417E+05   1.0136221E+00
  109.3500   4.0072551E+05   1.0136197E+00
  109.3600   4.0033667E+05   1.0136173E+00
  109.3700   3.9994767E+05   1.0136149E+00
  109.3800   3.9955854E+05   1.0136125E+00
  109.3900   3.9916946E+05   1.0136101E+00
  109.4000   3.9878046E+05   1.0136077E+00
  109.4100   3.9839154E+05   1.0136053E+00
  109.4200   3.9800291E+05   1.0136030E+00
  109.4300   3.9761459E+05   1.0136006E+00
  109.4400   3.9722659E+05   1.0135982E+00
  109.4500   3.9683896E+05   1.0135958E+00
  109.4600   3.9645189E+05   1.0135934E+00
  109.4700   3.9606542E+05   1.0135910E+00
  109.4800   3.9567960E+05   1.0135887E+00
  109.4900   3.9529447E+05   1.0135863E+00
  109.5000   3.9491010E+05   1.0135839E+00
  109.5100   3.9452655E+05   1.0135816E+00
  109.5200   3.9414389E+05   1.0135792E+00
  109.5300   3.9376221E+05   1.0135769E+00
  109.5400   3.9338161E+05   1.0135745E+00
  109.5500   3.9300218E+05   1.0135722E+00
  109.5600   3.9262404E+05   1.0135699E+00
  109.5700   3.9224716E+05   1.0135676E+00
  109.5800   3.9187168E+05   1.0135652E+00
  109.5900   3.9149775E+05   1.0135629E+00
  109.6000   3.9112539E+05   1.0135607E+00
  109.6100   3.9075460E+05   1.0135584E+00
  109.6200   3.9038559E+05   1.0135561E+00
  109.6300   3.9001842E+05   1.0135538E+00
  109.6400   3.8965317E+05   1.0135516E+00
  109.6500   3.8928992E+05   1.0135494E+00
  109.6600   3.8892880E+05   1.0135471E+00
  109.6700   3.8856975E+05   1.0135449E+00
  109.6800   3.8821294E+05   1.0135427E+00
  109.6900   3.8785838E+05   1.0135405E+00
  109.7000   3.8750627E+05   1.0135384E+00
  109.7100   3.8715668E+05   1.0135362E+00
  109.7200   3.8680968E+05   1.0135341E+00
  109.7300   3.8646540E+05   1.0135320E+00
  109.7400   3.8612379E+05   1.0135299E+00
  109.7500   3.8578502E+05   1.0135278E+00
  109.7600   3.8544912E+05   1.0135257E+00
  109.7700   3.8511615E+05   1.0135236E+00
  109.7800   3.8478618E+05   1.0135216E+00
  109.7900   3.8445934E+05   1.0135196E+00
  109.8000   3.8413578E+05   1.0135176E+00
  109.8100   3.8381552E+05   1.0135156E+00
  109.8200   3.8349859E+05   1.0135137E+00
  109.8300   3.8318509E+05   1.0135117E+00
  109.8400   3.8287512E+05   1.0135098E+00
  109.8500   3.8256885E+05   1.0135079E+00
  109.8600   3.8226630E+05   1.0135061E+00
  109.8700   3.8196753E+05   1.0135042E+00
  109.8800   3.8167263E+05   1.0135024E+00
  109.8900   3.8138176E+05   1.0135006E+00
  109.9000   3.8109493E+05   1.0134988E+00
  109.9100   3.8081217E+05   1.0134971E+00
  109.9200   3.8053360E+05   1.0134954E+00
  109.9300   3.8025935E+05   1.0134937E+00
  109.9400   3.7998943E+05   1.0134920E+00
  109.9500   3.7972391E+05   1.0134904E+00
  109.9600   3.7946289E+05   1.0134888E+00
  109.9700   3.7920652E+05   1.0134872E+00
  109.9800   3.7895483E+05   1.0134856E+00
  109.9900   3.7870791E+05   1.0134841E+00
  110.0000   3.7846587E+05   1.0134826E+00
  110.0100   3.7822874E+05   1.0134811E+00
  110.0200   3.7799655E+05   1.0134797E+00
  110.0300   3.7776943E+05   1.0134783E+00
  110.0400   3.7754737E+05   1.0134769E+00
  110.0500   3.7733058E+05   1.0134756E+00
  110.0600   3.7711900E+05   1.0134742E+00
  110.0700   3.7691277E+05   1.0134730E+00
  110.0800   3.7671194E+05   1.0134717E+00
  110.0900   3.7651660E+05   1.0134705E+00
  110.1000   3.7632674E+05   1.0134693E+00
  110.1100   3.7614256E+05   1.0134682E+00
  110.1200   3.7596400E+05   1.0134671E+00
  110.1300   3.7579120E+05   1.0134660E+00
  110.1400   3.7562423E+05   1.0134650E+00
  110.1500   3.7546318E+05   1.0134640E+00
  110.1600   3.7530805E+05   1.0134630E+00
  110.1700   3.7515890E+05   1.0134621E+00
  110.1800   3.7501586E+05   1.0134612E+00
  110.1900   3.7487894E+05   1.0134603E+00
  110.2000   3.7474821E+05   1.0134595E+00
  110.2100   3.7462365E+05   1.0134587E+00
  110.2200   3.7450530E+05   1.0134580E+00
  110.2300   3.7439325E+05   1.0134573E+00
  110.2400   3.7428750E+05   1.0134566E+00
  110.2500   3.7418811E+05   1.0134560E+00
  110.2600   3.7409522E+05   1.0134554E+00
  110.2700   3.7400885E+05   1.0134548E+00
  110.2800   3.7392910E+05   1.0134543E+00
  110.2900   3.7385596E+05   1.0134539E+00
  110.3000   3.7378948E+05   1.0134534E+00
  110.3100   3.7372962E+05   1.0134531E+00
  110.3200   3.7367660E+05   1.0134527E+00
  110.3300   3.7363033E+05   1.0134524E+00
  110.3400   3.7359081E+05   1.0134522E+00
  110.3500   3.7355812E+05   1.0134519E+00
  110.3600   3.7353239E+05   1.0134518E+00
  110.3700   3.7351368E+05   1.0134516E+00
  110.3800   3.7350193E+05   1.0134515E+00
  110.3900   3.7349715E+05   1.0134515E+00
  110.4000   3.7349944E+05   1.0134515E+00
  110.4100   3.7350878E+05   1.0134515E+00
  110.4200   3.7352526E+05   1.0134516E+00
  110.4300   3.7354883E+05   1.0134517E+00
  110.4400   3.7357955E+05   1.0134519E+00
  110.4500   3.7361736E+05   1.0134521E+00
  110.4600   3.7366229E+05   1.0134524E+00
  110.4700   3.7371443E+05   1.0134527E+00
  110.4800   3.7377378E+05   1.0134530E+00
  110.4900   3.7384044E+05   1.0134534E+00
  110.5000   3.7391437E+05   1.0134538E+00
  110.5100   3.7399565E+05   1.0134543E+00
  110.5200   3.7408423E+05   1.0134548E+00
  110.5300   3.7418016E+05   1.0134554E+00
  110.5400   3.7428337E+05   1.0134560E+00
  110.5500   3.7439390E+05   1.0134567E+00
  110.5600   3.7451167E+05   1.0134574E+00
  110.5700   3.7463668E+05   1.0134581E+00
  110.5800   3.7476902E+05   1.0134589E+00
  110.5900   3.7490868E+05   1.0134598E+00
  110.6000   3.7505571E+05   1.0134607E+00
  110.6100   3.7521009E+05   1.0134616E+00
  110.6200   3.7537186E+05   1.0134625E+00
  110.6300   3.7554098E+05   1.0134636E+00
  110.6400   3.7571748E+05   1.0134646E+00
  110.6500   3.7590128E+05   1.0134657E+00
  110.6600   3.7609240E+05   1.0134669E+00
  110.6700   3.7629075E+05   1.0134681E+00
  110.6800   3.7649633E+05   1.0134693E+00
  110.6900   3.7670921E+05   1.0134706E+00
  110.7000   3.7692936E+05   1.0134719E+00
  110.7100   3.7715665E+05   1.0134733E+00
  110.7200   3.7739122E+05   1.0134747E+00
  110.7300   3.7763292E+05   1.0134762E+00
  110.7400   3.7788187E+05   1.0134777E+00
  110.7500   3.7813788E+05   1.0134793E+00
  110.7600   3.7840106E+05   1.0134808E+00
  110.7700   3.7867138E+05   1.0134825E+00
  110.7800   3.7894874E+05   1.0134842E+00
  110.7900   3.7923311E+05   1.0134859E+00
  110.8000   3.7952451E+05   1.0134877E+00
  110.8100   3.7982290E+05   1.0134895E+00
  110.8200   3.8012829E+05   1.0134913E+00
  110.8300   3.8044059E+05   1.0134932E+00
  110.8400   3.8075980E+05   1.0134951E+00
  110.8500   3.8108580E+05   1.0134971E+00
  110.8600   3.8141854E+05   1.0134991E+00
  110.8700   3.8175808E+05   1.0135012E+00
  110.8800   3.8210433E+05   1.0135033E+00
  110.8900   3.8245731E+05   1.0135055E+00
  110.9000   3.8281691E+05   1.0135076E+00
  110.9100   3.8318310E+05   1.0135099E+00
  110.9200   3.8355594E+05   1.0135121E+00
  110.9300   3.8393535E+05   1.0135144E+00
  110.9400   3.8432118E+05   1.0135168E+00
  110.9500   3.8471350E+05   1.0135192E+00
  110.9600   3.8511229E+05   1.0135216E+00
  110.9700   3.8551740E+05   1.0135241E+00
  110.9800   3.8592879E+05   1.0135266E+00
  110.9900   3.8634644E+05   1.0135291E+00
  111.0000   3.8677027E+05   1.0135317E+00
  111.0100   3.8720022E+05   1.0135343E+00
  111.0200   3.8763632E+05   1.0135370E+00
  111.0300   3.8807850E+05   1.0135396E+00
  111.0400   3.8852656E+05   1.0135424E+00
  111.0500   3.8898055E+05   1.0135451E+00
  111.0600   3.8944040E+05   1.0135479E+00
  111.0700   3.8990612E+05   1.0135508E+00
  111.0800   3.9037759E+05   1.0135537E+00
  111.0900   3.9085476E+05   1.0135566E+00
  111.1000   3.9133745E+05   1.0135595E+00
  111.1100   3.9182575E+05   1.0135625E+00
  111.1200   3.9231960E+05   1.0135655E+00
  111.1300   3.9281885E+05   1.0135685E+00
  111.1400   3.9332338E+05   1.0135716E+00
  111.1500   3.9383316E+05   1.0135747E+00
  111.1600   3.9434819E+05   1.0135778E+00
  111.1700   3.9486836E+05   1.0135810E+00
  111.1800   3.9539363E+05   1.0135842E+00
  111.1900   3.9592400E+05   1.0135875E+00
  111.2000   3.9645935E+05   1.0135907E+00
  111.2100   3.9699960E+05   1.0135940E+00
  111.2200   3.9754476E+05   1.0135973E+00
  111.2300   3.9809468E+05   1.0136007E+00
  111.2400   3.9864929E+05   1.0136041E+00
  111.2500   3.9920854E+05   1.0136075E+00
  111.2600   3.9977229E+05   1.0136109E+00
  111.2700   4.0034059E+05   1.0136144E+00
  111.2800   4.0091340E+05   1.0136179E+00
  111.2900   4.0149052E+05   1.0136214E+00
  111.3000   4.0207198E+05   1.0136250E+00
  111.3100   4.0265770E+05   1.0136285E+00
  111.3200   4.0324763E+05   1.0136321E+00
  111.3300   4.0384159E+05   1.0136358E+00
  111.3400   4.0443961E+05   1.0136394E+00
  111.3500   4.0504162E+05   1.0136431E+00
  111.3600   4.0564757E+05   1.0136468E+00
  111.3700   4.0625727E+05   1.0136505E+00
  111.3800   4.0687075E+05   1.0136542E+00
  111.3900   4.0748794E+05   1.0136580E+00
  111.4000   4.0810875E+05   1.0136618E+00
  111.4100   4.0873301E+05   1.0136656E+00
  111.4200   4.0936072E+05   1.0136695E+00
  111.4300   4.0999177E+05   1.0136733E+00
  111.4400   4.1062607E+05   1.0136772E+00
  111.4500   4.1126358E+05   1.0136811E+00
  111.4600   4.1190427E+05   1.0136850E+00
  111.4700   4.1254801E+05   1.0136889E+00
  111.4800   4.1319484E+05   1.0136929E+00
  111.4900   4.1384467E+05   1.0136968E+00
  111.5000   4.1449745E+05   1.0137008E+00
  111.5100   4.1515317E+05   1.0137048E+00
  111.5200   4.1581163E+05   1.0137089E+00
  111.5300   4.1647272E+05   1.0137129E+00
  111.5400   4.1713650E+05   1.0137170E+00
  111.5500   4.1780288E+05   1.0137210E+00
  111.5600   4.1847182E+05   1.0137251E+00
  111.5700   4.1914329E+05   1.0137292E+00
  111.5800   4.1981713E+05   1.0137333E+00
  111.5900   4.2049336E+05   1.0137375E+00
  111.6000   4.2117186E+05   1.0137416E+00
  111.6100   4.2185253E+05   1.0137458E+00
  111.6200   4.2253530E+05   1.0137499E+00
  111.6300   4.2322013E+05   1.0137541E+00
  111.6400   4.2390699E+05   1.0137583E+00
  111.6500   4.2459588E+05   1.0137625E+00
  111.6600   4.2528663E+05   1.0137668E+00
  111.6700   4.2597929E+05   1.0137710E+00
  111.6800   4.2667375E+05   1.0137752E+00
  111.6900   4.2736989E+05   1.0137795E+00
  111.7000   4.2806764E+05   1.0137838E+00
  111.7100   4.2876695E+05   1.0137880E+00
  111.7200   4.2946776E+05   1.0137923E+00
  111.7300   4.3017006E+05   1.0137966E+00
  111.7400   4.3087383E+05   1.0138009E+00
  111.7500   4.3157908E+05   1.0138052E+00
  111.7600   4.3228565E+05   1.0138096E+00
  111.7700   4.3299358E+05   1.0138139E+00
  111.7800   4.3370275E+05   1.0138182E+00
  111.7900   4.3441322E+05   1.0138226E+00
  111.8000   4.3512489E+05   1.0138269E+00
  111.8100   4.3583768E+05   1.0138313E+00
  111.8200   4.3655152E+05   1.0138357E+00
  111.8300   4.3726634E+05   1.0138400E+00
  111.8400   4.3798211E+05   1.0138444E+00
  111.8500   4.3869877E+05   1.0138488E+00
  111.8600   4.3941631E+05   1.0138532E+00
  111.8700   4.4013470E+05   1.0138576E+00
  111.8800   4.4085394E+05   1.0138620E+00
  111.8900   4.4157403E+05   1.0138664E+00
  111.9000   4.4229479E+05   1.0138708E+00
  111.9100   4.4301625E+05   1.0138752E+00
  111.9200   4.4373844E+05   1.0138796E+00
  111.9300   4.4446121E+05   1.0138841E+00
  111.9400   4.4518460E+05   1.0138885E+00
  111.9500   4.4590847E+05   1.0138929E+00
  111.9600   4.4663290E+05   1.0138973E+00
  111.9700   4.4735774E+05   1.0139018E+00
  111.9800   4.4808308E+05   1.0139062E+00
  111.9900   4.4880880E+05   1.0139107E+00
  112.0000   4.4953499E+05   1.0139151E+00
  112.0100   4.5026153E+05   1.0139196E+00
  112.0200   4.5098852E+05   1.0139240E+00
  112.0300   4.5171586E+05   1.0139285E+00
  112.0400   4.5244348E+05   1.0139329E+00
  112.0500   4.5317147E+05   1.0139374E+00
  112.0600   4.5389975E+05   1.0139418E+00
  112.0700   4.5462825E+05   1.0139463E+00
  112.0800   4.5535690E+05   1.0139508E+00
  112.0900   4.5608580E+05   1.0139552E+00
  112.1000   4.5681491E+05   1.0139597E+00
  112.1100   4.5754414E+05   1.0139642E+00
  112.1200   4.5827343E+05   1.0139686E+00
  112.1300   4.5900292E+05   1.0139731E+00
  112.1400   4.5973253E+05   1.0139776E+00
  112.1500   4.6046222E+05   1.0139820E+00
  112.1600   4.6119192E+05   1.0139865E+00
  112.1700   4.6192176E+05   1.0139910E+00
  112.1800   4.6265169E+05   1.0139954E+00
  112.1900   4.6338165E+05   1.0139999E+00
  112.2000   4.6411160E+05   1.0140044E+00
  112.2100   4.6484166E+05   1.0140088E+00
  112.2200   4.6557178E+05   1.0140133E+00
  112.2300   4.6630191E+05   1.0140178E+00
  112.2400   4.6703201E+05   1.0140223E+00
  112.2500   4.6776220E+05   1.0140267E+00
  112.2600   4.6849244E+05   1.0140312E+00
  112.2700   4.6922269E+05   1.0140357E+00
  112.2800   4.6995288E+05   1.0140402E+00
  112.2900   4.7068299E+05   1.0140446E+00
  112.3000   4.7141313E+05   1.0140491E+00
  112.3100   4.7214327E+05   1.0140536E+00
  112.3200   4.7287336E+05   1.0140581E+00
  112.3300   4.7360335E+05   1.0140625E+00
  112.3400   4.7433337E+05   1.0140670E+00
  112.3500   4.7506338E+05   1.0140715E+00
  112.3600   4.7579333E+05   1.0140760E+00
  112.3700   4.7652335E+05   1.0140804E+00
  112.3800   4.7725339E+05   1.0140849E+00
  112.3900   4.7798342E+05   1.0140894E+00
  112.4000   4.7871338E+05   1.0140939E+00
  112.4100   4.7944341E+05   1.0140983E+00
  112.4200   4.8017346E+05   1.0141028E+00
  112.4300   4.8090349E+05   1.0141073E+00
  112.4400   4.8163346E+05   1.0141118E+00
  112.4500   4.8236349E+05   1.0141162E+00
  112.4600   4.8309355E+05   1.0141207E+00
  112.4700   4.8382359E+05   1.0141252E+00
  112.4800   4.8455375E+05   1.0141297E+00
  112.4900   4.8528399E+05   1.0141341E+00
  112.5000   4.8601426E+05   1.0141386E+00
  112.5100   4.8674452E+05   1.0141431E+00
  112.5200   4.8747492E+05   1.0141476E+00
  112.5300   4.8820542E+05   1.0141520E+00
  112.5400   4.8893598E+05   1.0141565E+00
  112.5500   4.8966655E+05   1.0141610E+00
  112.5600   4.9039730E+05   1.0141655E+00
  112.5700   4.9112819E+05   1.0141700E+00
  112.5800   4.9185917E+05   1.0141745E+00
  112.5900   4.9259023E+05   1.0141789E+00
  112.6000   4.9332133E+05   1.0141834E+00
  112.6100   4.9405262E+05   1.0141879E+00
  112.6200   4.9478408E+05   1.0141924E+00
  112.6300   4.9551569E+05   1.0141969E+00
  112.6400   4.9624741E+05   1.0142014E+00
  112.6500   4.9697924E+05   1.0142059E+00
  112.6600   4.9771133E+05   1.0142103E+00
  112.6700   4.9844366E+05   1.0142148E+00
  112.6800   4.9917623E+05   1.0142193E+00
  112.6900   4.9990901E+05   1.0142238E+00
  112.7000   5.0064201E+05   1.0142283E+00
  112.7100   5.0137522E+05   1.0142328E+00
  112.7200   5.0210863E+05   1.0142373E+00
  112.7300   5.0284225E+05   1.0142418E+00
  112.7400   5.0357607E+05   1.0142463E+00
  112.7500   5.0431010E+05   1.0142508E+00
  112.7600   5.0504435E+05   1.0142553E+00
  112.7700   5.0577883E+05   1.0142598E+00
  112.7800   5.0651355E+05   1.0142644E+00
  112.7900   5.0724853E+05   1.0142689E+00
  112.8000   5.0798378E+05   1.0142734E+00
  112.8100   5.0871933E+05   1.0142779E+00
  112.8200   5.0945520E+05   1.0142824E+00
  112.8300   5.1019142E+05   1.0142869E+00
  112.8400   5.1092785E+05   1.0142914E+00
  112.8500   5.1166451E+05   1.0142960E+00
  112.8600   5.1240146E+05   1.0143005E+00
  112.8700   5.1313872E+05   1.0143050E+00
  112.8800   5.1387617E+05   1.0143095E+00
  112.8900   5.1461386E+05   1.0143141E+00
  112.9000   5.1535183E+05   1.0143186E+00
  112.9100   5.1609014E+05   1.0143231E+00
  112.9200   5.1682867E+05   1.0143277E+00
  112.9300   5.1756748E+05   1.0143322E+00
  112.9400   5.1830644E+05   1.0143367E+00
  112.9500   5.1904564E+05   1.0143413E+00
  112.9600   5.1978513E+05   1.0143458E+00
  112.9700   5.2052481E+05   1.0143504E+00
  112.9800   5.2126476E+05   1.0143549E+00
  112.9900   5.2200487E+05   1.0143594E+00
  113.0000   5.2274522E+05   1.0143640E+00
  113.0100   5.2348571E+05   1.0143685E+00
  113.0200   5.2422644E+05   1.0143731E+00
  113.0300   5.2496730E+05   1.0143776E+00
  113.0400   5.2570838E+05   1.0143822E+00
  113.0500   5.2644960E+05   1.0143867E+00
  113.0600   5.2719088E+05   1.0143913E+00
  113.0700   5.2793229E+05   1.0143958E+00
  113.0800   5.2867377E+05   1.0144004E+00
  113.0900   5.2941523E+05   1.0144050E+00
  113.1000   5.3015676E+05   1.0144095E+00
  113.1100   5.3089828E+05   1.0144141E+00
  113.1200   5.3163990E+05   1.0144186E+00
  113.1300   5.3238153E+05   1.0144232E+00
  113.1400   5.3312309E+05   1.0144277E+00
  113.1500   5.3386450E+05   1.0144323E+00
  113.1600   5.3460586E+05   1.0144368E+00
  113.1700   5.3534708E+05   1.0144414E+00
  113.1800   5.3608809E+05   1.0144459E+00
  113.1900   5.3682897E+05   1.0144505E+00
  113.2000   5.3756965E+05   1.0144550E+00
  113.2100   5.3831002E+05   1.0144596E+00
  113.2200   5.3905019E+05   1.0144641E+00
  113.2300   5.3979005E+05   1.0144687E+00
  113.2400   5.4052951E+05   1.0144732E+00
  113.2500   5.4126864E+05   1.0144778E+00
  113.2600   5.4200735E+05   1.0144823E+00
  113.2700   5.4274571E+05   1.0144869E+00
  113.2800   5.4348359E+05   1.0144914E+00
  113.2900   5.4422088E+05   1.0144959E+00
  113.3000   5.4495765E+05   1.0145004E+00
  113.3100   5.4569375E+05   1.0145050E+00
  113.3200   5.4642924E+05   1.0145095E+00
  113.3300   5.4716397E+05   1.0145140E+00
  113.3400   5.4789796E+05   1.0145185E+00
  113.3500   5.4863125E+05   1.0145230E+00
  113.3600   5.4936366E+05   1.0145275E+00
  113.3700   5.5009520E+05   1.0145320E+00
  113.3800   5.5082586E+05   1.0145365E+00
  113.3900   5.5155562E+05   1.0145410E+00
  113.4000   5.5228429E+05   1.0145455E+00
  113.4100   5.5301183E+05   1.0145500E+00
  113.4200   5.5373818E+05   1.0145544E+00
  113.4300   5.5446329E+05   1.0145589E+00
  113.4400   5.5518726E+05   1.0145633E+00
  113.4500   5.5591001E+05   1.0145678E+00
  113.4600   5.5663144E+05   1.0145722E+00
  113.4700   5.5735142E+05   1.0145766E+00
  113.4800   5.5807002E+05   1.0145811E+00
  113.4900   5.5878708E+05   1.0145855E+00
  113.5000   5.5950262E+05   1.0145899E+00
  113.5100   5.6021647E+05   1.0145943E+00
  113.5200   5.6092861E+05   1.0145987E+00
  113.5300   5.6163900E+05   1.0146030E+00
  113.5400   5.6234760E+05   1.0146074E+00
  113.5500   5.6305431E+05   1.0146117E+00
  113.5600   5.6375906E+05   1.0146161E+00
  113.5700   5.6446172E+05   1.0146204E+00
  113.5800   5.6516234E+05   1.0146247E+00
  113.5900   5.6586075E+05   1.0146290E+00
  113.6000   5.6655696E+05   1.0146333E+00
  113.6100   5.6725093E+05   1.0146376E+00
  113.6200   5.6794260E+05   1.0146418E+00
  113.6300   5.6863191E+05   1.0146461E+00
  113.6400   5.6931875E+05   1.0146503E+00
  113.6500   5.7000298E+05   1.0146545E+00
  113.6600   5.7068462E+05   1.0146587E+00
  113.6700   5.7136350E+05   1.0146629E+00
  113.6800   5.7203956E+05   1.0146670E+00
  113.6900   5.7271275E+05   1.0146712E+00
  113.7000   5.7338295E+05   1.0146753E+00
  113.7100   5.7405023E+05   1.0146794E+00
  113.7200   5.7471441E+05   1.0146835E+00
  113.7300   5.7537547E+05   1.0146876E+00
  113.7400   5.7603337E+05   1.0146916E+00
  113.7500   5.7668801E+05   1.0146957E+00
  113.7600   5.7733927E+05   1.0146997E+00
  113.7700   5.7798717E+05   1.0147037E+00
  113.7800   5.7863152E+05   1.0147076E+00
  113.7900   5.7927226E+05   1.0147116E+00
  113.8000   5.7990929E+05   1.0147155E+00
  113.8100   5.8054265E+05   1.0147194E+00
  113.8200   5.8117218E+05   1.0147233E+00
  113.8300   5.8179784E+05   1.0147271E+00
  113.8400   5.8241953E+05   1.0147310E+00
  113.8500   5.8303714E+05   1.0147348E+00
  113.8600   5.8365069E+05   1.0147386E+00
  113.8700   5.8426013E+05   1.0147423E+00
  113.8800   5.8486539E+05   1.0147460E+00
  113.8900   5.8546635E+05   1.0147497E+00
  113.9000   5.8606283E+05   1.0147534E+00
  113.9100   5.8665479E+05   1.0147571E+00
  113.9200   5.8724215E+05   1.0147607E+00
  113.9300   5.8782494E+05   1.0147643E+00
  113.9400   5.8840297E+05   1.0147679E+00
  113.9500   5.8897618E+05   1.0147714E+00
  113.9600   5.8954446E+05   1.0147749E+00
  113.9700   5.9010781E+05   1.0147784E+00
  113.9800   5.9066619E+05   1.0147818E+00
  113.9900   5.9121950E+05   1.0147852E+00
  114.0000   5.9176759E+05   1.0147886E+00
  114.0100   5.9231043E+05   1.0147920E+00
  114.0200   5.9284793E+05   1.0147953E+00
  114.0300   5.9338012E+05   1.0147986E+00
  114.0400   5.9390697E+05   1.0148018E+00
  114.0500   5.9442841E+05   1.0148050E+00
  114.0600   5.9494428E+05   1.0148082E+00
  114.0700   5.9545457E+05   1.0148114E+00
  114.0800   5.9595918E+05   1.0148145E+00
  114.0900   5.9645797E+05   1.0148176E+00
  114.1000   5.9695090E+05   1.0148206E+00
  114.1100   5.9743788E+05   1.0148236E+00
  114.1200   5.9791893E+05   1.0148266E+00
  114.1300   5.9839399E+05   1.0148296E+00
  114.1400   5.9886296E+05   1.0148325E+00
  114.1500   5.9932584E+05   1.0148353E+00
  114.1600   5.9978255E+05   1.0148381E+00
  114.1700   6.0023297E+05   1.0148409E+00
  114.1800   6.0067706E+05   1.0148437E+00
  114.1900   6.0111475E+05   1.0148464E+00
  114.2000   6.0154603E+05   1.0148491E+00
  114.2100   6.0197086E+05   1.0148517E+00
  114.2200   6.0238912E+05   1.0148543E+00
  114.2300   6.0280078E+05   1.0148568E+00
  114.2400   6.0320575E+05   1.0148593E+00
  114.2500   6.0360406E+05   1.0148618E+00
  114.2600   6.0399564E+05   1.0148642E+00
  114.2700   6.0438037E+05   1.0148666E+00
  114.2800   6.0475821E+05   1.0148690E+00
  114.2900   6.0512926E+05   1.0148713E+00
  114.3000   6.0549332E+05   1.0148735E+00
  114.3100   6.0585051E+05   1.0148757E+00
  114.3200   6.0620068E+05   1.0148779E+00
  114.3300   6.0654379E+05   1.0148800E+00
  114.3400   6.0687988E+05   1.0148821E+00
  114.3500   6.0720895E+05   1.0148842E+00
  114.3600   6.0753088E+05   1.0148862E+00
  114.3700   6.0784569E+05   1.0148881E+00
  114.3800   6.0815330E+05   1.0148901E+00
  114.3900   6.0845374E+05   1.0148919E+00
  114.4000   6.0874695E+05   1.0148938E+00
  114.4100   6.0903280E+05   1.0148955E+00
  114.4200   6.0931144E+05   1.0148973E+00
  114.4300   6.0958275E+05   1.0148990E+00
  114.4400   6.0984672E+05   1.0149006E+00
  114.4500   6.1010326E+05   1.0149022E+00
  114.4600   6.1035237E+05   1.0149038E+00
  114.4700   6.1059416E+05   1.0149053E+00
  114.4800   6.1082846E+05   1.0149067E+00
  114.4900   6.1105540E+05   1.0149082E+00
  114.5000   6.1127483E+05   1.0149095E+00
  114.5100   6.1148689E+05   1.0149109E+00
  114.5200   6.1169146E+05   1.0149122E+00
  114.5300   6.1188850E+05   1.0149134E+00
  114.5400   6.1207809E+05   1.0149146E+00
  114.5500   6.1226021E+05   1.0149157E+00
  114.5600   6.1243495E+05   1.0149168E+00
  114.5700   6.1260232E+05   1.0149179E+00
  114.5800   6.1276223E+05   1.0149189E+00
  114.5900   6.1291471E+05   1.0149199E+00
  114.6000   6.1305970E+05   1.0149208E+00
  114.6100   6.1319722E+05   1.0149217E+00
  114.6200   6.1332743E+05   1.0149225E+00
  114.6300   6.1345019E+05   1.0149233E+00
  114.6400   6.1356565E+05   1.0149240E+00
  114.6500   6.1367370E+05   1.0149247E+00
  114.6600   6.1377434E+05   1.0149254E+00
  114.6700   6.1386765E+05   1.0149260E+00
  114.6800   6.1395364E+05   1.0149265E+00
  114.6900   6.1403241E+05   1.0149270E+00
  114.7000   6.1410400E+05   1.0149275E+00
  114.7100   6.1416836E+05   1.0149279E+00
  114.7200   6.1422552E+05   1.0149283E+00
  114.7300   6.1427547E+05   1.0149287E+00
  114.7400   6.1431827E+05   1.0149290E+00
  114.7500   6.1435391E+05   1.0149292E+00
  114.7600   6.1438248E+05   1.0149294E+00
  114.7700   6.1440400E+05   1.0149296E+00
  114.7800   6.1441859E+05   1.0149297E+00
  114.7900   6.1442629E+05   1.0149298E+00
  114.8000   6.1442706E+05   1.0149298E+00
  114.8100   6.1442096E+05   1.0149298E+00
  114.8200   6.1440819E+05   1.0149298E+00
  114.8300   6.1438864E+05   1.0149297E+00
  114.8400   6.1436235E+05   1.0149296E+00
  114.8500   6.1432944E+05   1.0149294E+00
  114.8600   6.1428998E+05   1.0149292E+00
  114.8700   6.1424394E+05   1.0149289E+00
  114.8800   6.1419143E+05   1.0149286E+00
  114.8900   6.1413246E+05   1.0149283E+00
  114.9000   6.1406716E+05   1.0149279E+00
  114.9100   6.1399559E+05   1.0149275E+00
  114.9200   6.1391775E+05   1.0149271E+00
  114.9300   6.1383373E+05   1.0149266E+00
  114.9400   6.1374357E+05   1.0149261E+00
  114.9500   6.1364742E+05   1.0149255E+00
  114.9600   6.1354535E+05   1.0149249E+00
  114.9700   6.1343738E+05   1.0149243E+00
  114.9800   6.1332365E+05   1.0149237E+00
  114.9900   6.1320421E+05   1.0149230E+00
  115.0000   6.1307907E+05   1.0149222E+00
  115.0100   6.1294835E+05   1.0149215E+00
  115.0200   6.1281211E+05   1.0149207E+00
  115.0300   6.1267053E+05   1.0149198E+00
  115.0400   6.1252373E+05   1.0149190E+00
  115.0500   6.1237177E+05   1.0149181E+00
  115.0600   6.1221465E+05   1.0149171E+00
  115.0700   6.1205250E+05   1.0149162E+00
  115.0800   6.1188539E+05   1.0149152E+00
  115.0900   6.1171335E+05   1.0149142E+00
  115.1000   6.1153651E+05   1.0149131E+00
  115.1100   6.1135496E+05   1.0149120E+00
  115.1200   6.1116875E+05   1.0149109E+00
  115.1300   6.1097804E+05   1.0149098E+00
  115.1400   6.1078294E+05   1.0149086E+00
  115.1500   6.1058352E+05   1.0149074E+00
  115.1600   6.1037982E+05   1.0149062E+00
  115.1700   6.1017197E+05   1.0149050E+00
  115.1800   6.0996009E+05   1.0149037E+00
  115.1900   6.0974424E+05   1.0149024E+00
  115.2000   6.0952461E+05   1.0149011E+00
  115.2100   6.0930120E+05   1.0148998E+00
  115.2200   6.0907411E+05   1.0148984E+00
  115.2300   6.0884342E+05   1.0148970E+00
  115.2400   6.0860935E+05   1.0148956E+00
  115.2500   6.0837188E+05   1.0148942E+00
  115.2600   6.0813117E+05   1.0148928E+00
  115.2700   6.0788732E+05   1.0148913E+00
  115.2800   6.0764039E+05   1.0148898E+00
  115.2900   6.0739061E+05   1.0148883E+00
  115.3000   6.0713798E+05   1.0148868E+00
  115.3100   6.0688265E+05   1.0148853E+00
  115.3200   6.0662475E+05   1.0148837E+00
  115.3300   6.0636436E+05   1.0148822E+00
  115.3400   6.0610156E+05   1.0148806E+00
  115.3500   6.0583638E+05   1.0148790E+00
  115.3600   6.0556903E+05   1.0148774E+00
  115.3700   6.0529966E+05   1.0148758E+00
  115.3800   6.0502826E+05   1.0148741E+00
  115.3900   6.0475493E+05   1.0148725E+00
  115.4000   6.0447979E+05   1.0148708E+00
  115.4100   6.0420292E+05   1.0148692E+00
  115.4200   6.0392457E+05   1.0148675E+00
  115.4300   6.0364478E+05   1.0148658E+00
  115.4400   6.0336358E+05   1.0148641E+00
  115.4500   6.0308117E+05   1.0148624E+00
  115.4600   6.0279755E+05   1.0148607E+00
  115.4700   6.0251289E+05   1.0148590E+00
  115.4800   6.0222735E+05   1.0148573E+00
  115.4900   6.0194090E+05   1.0148556E+00
  115.5000   6.0165367E+05   1.0148538E+00
  115.5100   6.0136580E+05   1.0148521E+00
  115.5200   6.0107740E+05   1.0148504E+00
  115.5300   6.0078859E+05   1.0148486E+00
  115.5400   6.0049948E+05   1.0148469E+00
  115.5500   6.0021018E+05   1.0148451E+00
  115.5600   5.9992079E+05   1.0148434E+00
  115.5700   5.9963142E+05   1.0148417E+00
  115.5800   5.9934218E+05   1.0148399E+00
  115.5900   5.9905316E+05   1.0148382E+00
  115.6000   5.9876447E+05   1.0148364E+00
  115.6100   5.9847605E+05   1.0148347E+00
  115.6200   5.9818801E+05   1.0148330E+00
  115.6300   5.9790046E+05   1.0148312E+00
  115.6400   5.9761354E+05   1.0148295E+00
  115.6500   5.9732736E+05   1.0148278E+00
  115.6600   5.9704207E+05   1.0148261E+00
  115.6700   5.9675764E+05   1.0148244E+00
  115.6800   5.9647422E+05   1.0148226E+00
  115.6900   5.9619180E+05   1.0148209E+00
  115.7000   5.9591056E+05   1.0148192E+00
  115.7100   5.9563050E+05   1.0148176E+00
  115.7200   5.9535184E+05   1.0148159E+00
  115.7300   5.9507462E+05   1.0148142E+00
  115.7400   5.9479889E+05   1.0148126E+00
  115.7500   5.9452471E+05   1.0148109E+00
  115.7600   5.9425219E+05   1.0148093E+00
  115.7700   5.9398142E+05   1.0148076E+00
  115.7800   5.9371235E+05   1.0148060E+00
  115.7900   5.9344513E+05   1.0148044E+00
  115.8000   5.9317992E+05   1.0148028E+00
  115.8100   5.9291672E+05   1.0148012E+00
  115.8200   5.9265558E+05   1.0147996E+00
  115.8300   5.9239652E+05   1.0147981E+00
  115.8400   5.9213964E+05   1.0147965E+00
  115.8500   5.9188502E+05   1.0147950E+00
  115.8600   5.9163280E+05   1.0147935E+00
  115.8700   5.9138293E+05   1.0147920E+00
  115.8800   5.9113542E+05   1.0147905E+00
  115.8900   5.9089046E+05   1.0147890E+00
  115.9000   5.9064810E+05   1.0147876E+00
  115.9100   5.9040824E+05   1.0147861E+00
  115.9200   5.9017098E+05   1.0147847E+00
  115.9300   5.8993646E+05   1.0147833E+00
  115.9400   5.8970465E+05   1.0147819E+00
  115.9500   5.8947558E+05   1.0147805E+00
  115.9600   5.8924928E+05   1.0147792E+00
  115.9700   5.8902582E+05   1.0147778E+00
  115.9800   5.8880531E+05   1.0147765E+00
  115.9900   5.8858771E+05   1.0147752E+00
  116.0000   5.8837301E+05   1.0147739E+00
  116.0100   5.8816121E+05   1.0147726E+00
  116.0200   5.8795239E+05   1.0147714E+00
  116.0300   5.8774661E+05   1.0147701E+00
  116.0400   5.8754382E+05   1.0147689E+00
  116.0500   5.8734418E+05   1.0147677E+00
  116.0600   5.8714768E+05   1.0147666E+00
  116.0700   5.8695436E+05   1.0147654E+00
  116.0800   5.8676413E+05   1.0147643E+00
  116.0900   5.8657708E+05   1.0147631E+00
  116.1000   5.8639319E+05   1.0147620E+00
  116.1100   5.8621244E+05   1.0147609E+00
  116.1200   5.8603488E+05   1.0147599E+00
  116.1300   5.8586058E+05   1.0147588E+00
  116.1400   5.8568945E+05   1.0147578E+00
  116.1500   5.8552145E+05   1.0147568E+00
  116.1600   5.8535658E+05   1.0147558E+00
  116.1700   5.8519486E+05   1.0147549E+00
  116.1800   5.8503636E+05   1.0147539E+00
  116.1900   5.8488100E+05   1.0147530E+00
  116.2000   5.8472872E+05   1.0147521E+00
  116.2100   5.8457951E+05   1.0147512E+00
  116.2200   5.8443339E+05   1.0147503E+00
  116.2300   5.8429042E+05   1.0147495E+00
  116.2400   5.8415049E+05   1.0147486E+00
  116.2500   5.8401357E+05   1.0147478E+00
  116.2600   5.8387961E+05   1.0147470E+00
  116.2700   5.8374862E+05   1.0147463E+00
  116.2800   5.8362065E+05   1.0147455E+00
  116.2900   5.8349559E+05   1.0147448E+00
  116.3000   5.8337336E+05   1.0147440E+00
  116.3100   5.8325411E+05   1.0147433E+00
  116.3200   5.8313763E+05   1.0147426E+00
  116.3300   5.8302395E+05   1.0147420E+00
  116.3400   5.8291312E+05   1.0147413E+00
  116.3500   5.8280503E+05   1.0147407E+00
  116.3600   5.8269963E+05   1.0147401E+00
  116.3700   5.8259688E+05   1.0147394E+00
  116.3800   5.8249675E+05   1.0147389E+00
  116.3900   5.8239910E+05   1.0147383E+00
  116.4000   5.8230397E+05   1.0147377E+00
  116.4100   5.8221125E+05   1.0147372E+00
  116.4200   5.8212086E+05   1.0147367E+00
  116.4300   5.8203275E+05   1.0147361E+00
  116.4400   5.8194690E+05   1.0147356E+00
  116.4500   5.8186329E+05   1.0147352E+00
  116.4600   5.8178178E+05   1.0147347E+00
  116.4700   5.8170221E+05   1.0147342E+00
  116.4800   5.8162467E+05   1.0147338E+00
  116.4900   5.8154905E+05   1.0147333E+00
  116.5000   5.8147529E+05   1.0147329E+00
  116.5100   5.8140333E+05   1.0147325E+00
  116.5200   5.8133297E+05   1.0147321E+00
  116.5300   5.8126419E+05   1.0147317E+00
  116.5400   5.8119700E+05   1.0147313E+00
  116.5500   5.8113123E+05   1.0147309E+00
  116.5600   5.8106675E+05   1.0147305E+00
  116.5700   5.8100361E+05   1.0147302E+00
  116.5800   5.8094169E+05   1.0147298E+00
  116.5900   5.8088090E+05   1.0147295E+00
  116.6000   5.8082114E+05   1.0147291E+00
  116.6100   5.8076234E+05   1.0147288E+00
  116.6200   5.8070444E+05   1.0147285E+00
  116.6300   5.8064738E+05   1.0147281E+00
  116.6400   5.8059093E+05   1.0147278E+00
  116.6500   5.8053506E+05   1.0147275E+00
  116.6600   5.8047973E+05   1.0147272E+00
  116.6700   5.8042473E+05   1.0147269E+00
  116.6800   5.8037004E+05   1.0147266E+00
  116.6900   5.8031546E+05   1.0147263E+00
  116.7000   5.8026096E+05   1.0147259E+00
  116.7100   5.8020655E+05   1.0147256E+00
  116.7200   5.8015201E+05   1.0147253E+00
  116.7300   5.8009733E+05   1.0147250E+00
  116.7400   5.8004230E+05   1.0147247E+00
  116.7500   5.7998691E+05   1.0147244E+00
  116.7600   5.7993095E+05   1.0147241E+00
  116.7700   5.7987438E+05   1.0147237E+00
  116.7800   5.7981717E+05   1.0147234E+00
  116.7900   5.7975908E+05   1.0147231E+00
  116.8000   5.7970006E+05   1.0147228E+00
  116.8100   5.7964004E+05   1.0147224E+00
  116.8200   5.7957895E+05   1.0147221E+00
  116.8300   5.7951651E+05   1.0147217E+00
  116.8400   5.7945262E+05   1.0147213E+00
  116.8500   5.7938733E+05   1.0147210E+00
  116.8600   5.7932052E+05   1.0147206E+00
  116.8700   5.7925203E+05   1.0147202E+00
  116.8800   5.7918169E+05   1.0147198E+00
  116.8900   5.7910949E+05   1.0147194E+00
  116.9000   5.7903521E+05   1.0147189E+00
  116.9100   5.7895880E+05   1.0147185E+00
  116.9200   5.7888018E+05   1.0147180E+00
  116.9300   5.7879926E+05   1.0147176E+00
  116.9400   5.7871589E+05   1.0147171E+00
  116.9500   5.7862994E+05   1.0147166E+00
  116.9600   5.7854139E+05   1.0147161E+00
  116.9700   5.7845003E+05   1.0147155E+00
  116.9800   5.7835581E+05   1.0147150E+00
  116.9900   5.7825862E+05   1.0147144E+00
  117.0000   5.7815835E+05   1.0147138E+00
  117.0100   5.7805482E+05   1.0147132E+00
  117.0200   5.7794803E+05   1.0147126E+00
  117.0300   5.7783774E+05   1.0147119E+00
  117.0400   5.7772386E+05   1.0147113E+00
  117.0500   5.7760644E+05   1.0147106E+00
  117.0600   5.7748532E+05   1.0147098E+00
  117.0700   5.7736028E+05   1.0147091E+00
  117.0800   5.7723125E+05   1.0147083E+00
  117.0900   5.7709811E+05   1.0147076E+00
  117.1000   5.7696089E+05   1.0147067E+00
  117.1100   5.7681937E+05   1.0147059E+00
  117.1200   5.7667348E+05   1.0147050E+00
  117.1300   5.7652311E+05   1.0147041E+00
  117.1400   5.7636824E+05   1.0147032E+00
  117.1500   5.7620868E+05   1.0147023E+00
  117.1600   5.7604432E+05   1.0147013E+00
  117.1700   5.7587520E+05   1.0147003E+00
  117.1800   5.7570112E+05   1.0146992E+00
  117.1900   5.7552201E+05   1.0146982E+00
  117.2000   5.7533774E+05   1.0146971E+00
  117.2100   5.7514831E+05   1.0146959E+00
  117.2200   5.7495365E+05   1.0146948E+00
  117.2300   5.7475366E+05   1.0146936E+00
  117.2400   5.7454814E+05   1.0146923E+00
  117.2500   5.7433704E+05   1.0146911E+00
  117.2600   5.7412024E+05   1.0146898E+00
  117.2700   5.7389775E+05   1.0146884E+00
  117.2800   5.7366948E+05   1.0146871E+00
  117.2900   5.7343532E+05   1.0146856E+00
  117.3000   5.7319526E+05   1.0146842E+00
  117.3100   5.7294920E+05   1.0146827E+00
  117.3200   5.7269702E+05   1.0146812E+00
  117.3300   5.7243867E+05   1.0146797E+00
  117.3400   5.7217406E+05   1.0146781E+00
  117.3500   5.7190319E+05   1.0146764E+00
  117.3600   5.7162602E+05   1.0146748E+00
  117.3700   5.7134241E+05   1.0146730E+00
  117.3800   5.7105234E+05   1.0146713E+00
  117.3900   5.7075573E+05   1.0146695E+00
  117.4000   5.7045241E+05   1.0146677E+00
  117.4100   5.7014233E+05   1.0146658E+00
  117.4200   5.6982554E+05   1.0146639E+00
  117.4300   5.6950202E+05   1.0146619E+00
  117.4400   5.6917166E+05   1.0146599E+00
  117.4500   5.6883448E+05   1.0146579E+00
  117.4600   5.6849041E+05   1.0146558E+00
  117.4700   5.6813930E+05   1.0146537E+00
  117.4800   5.6778111E+05   1.0146515E+00
  117.4900   5.6741591E+05   1.0146493E+00
  117.5000   5.6704366E+05   1.0146471E+00
  117.5100   5.6666429E+05   1.0146448E+00
  117.5200   5.6627780E+05   1.0146424E+00
  117.5300   5.6588411E+05   1.0146401E+00
  117.5400   5.6548326E+05   1.0146376E+00
  117.5500   5.6507520E+05   1.0146352E+00
  117.5600   5.6465979E+05   1.0146326E+00
  117.5700   5.6423701E+05   1.0146301E+00
  117.5800   5.6380692E+05   1.0146275E+00
  117.5900   5.6336951E+05   1.0146248E+00
  117.6000   5.6292470E+05   1.0146221E+00
  117.6100   5.6247248E+05   1.0146194E+00
  117.6200   5.6201297E+05   1.0146166E+00
  117.6300   5.6154600E+05   1.0146138E+00
  117.6400   5.6107169E+05   1.0146109E+00
  117.6500   5.6058991E+05   1.0146080E+00
  117.6600   5.6010080E+05   1.0146050E+00
  117.6700   5.5960423E+05   1.0146020E+00
  117.6800   5.5910018E+05   1.0145989E+00
  117.6900   5.5858872E+05   1.0145958E+00
  117.7000   5.5806984E+05   1.0145927E+00
  117.7100   5.5754363E+05   1.0145895E+00
  117.7200   5.5701011E+05   1.0145862E+00
  117.7300   5.5646919E+05   1.0145829E+00
  117.7400   5.5592090E+05   1.0145796E+00
  117.7500   5.5536537E+05   1.0145762E+00
  117.7600   5.5480247E+05   1.0145728E+00
  117.7700   5.5423233E+05   1.0145693E+00
  117.7800   5.5365503E+05   1.0145658E+00
  117.7900   5.5307054E+05   1.0145623E+00
  117.8000   5.5247877E+05   1.0145587E+00
  117.8100   5.5187991E+05   1.0145550E+00
  117.8200   5.5127389E+05   1.0145514E+00
  117.8300   5.5066072E+05   1.0145476E+00
  117.8400   5.5004055E+05   1.0145439E+00
  117.8500   5.4941342E+05   1.0145400E+00
  117.8600   5.4877931E+05   1.0145362E+00
  117.8700   5.4813829E+05   1.0145323E+00
  117.8800   5.4749037E+05   1.0145283E+00
  117.8900   5.4683566E+05   1.0145244E+00
  117.9000   5.4617417E+05   1.0145203E+00
  117.9100   5.4550606E+05   1.0145163E+00
  117.9200   5.4483138E+05   1.0145122E+00
  117.9300   5.4415012E+05   1.0145080E+00
  117.9400   5.4346238E+05   1.0145038E+00
  117.9500   5.4276819E+05   1.0144996E+00
  117.9600   5.4206768E+05   1.0144953E+00
  117.9700   5.4136091E+05   1.0144910E+00
  117.9800   5.4064788E+05   1.0144867E+00
  117.9900   5.3992869E+05   1.0144823E+00
  118.0000   5.3920340E+05   1.0144779E+00
  118.0100   5.3847213E+05   1.0144734E+00
  118.0200   5.3773499E+05   1.0144690E+00
  118.0300   5.3699199E+05   1.0144644E+00
  118.0400   5.3624327E+05   1.0144599E+00
  118.0500   5.3548889E+05   1.0144553E+00
  118.0600   5.3472887E+05   1.0144506E+00
  118.0700   5.3396333E+05   1.0144460E+00
  118.0800   5.3319234E+05   1.0144413E+00
  118.0900   5.3241609E+05   1.0144366E+00
  118.1000   5.3163452E+05   1.0144318E+00
  118.1100   5.3084788E+05   1.0144270E+00
  118.1200   5.3005618E+05   1.0144222E+00
  118.1300   5.2925957E+05   1.0144173E+00
  118.1400   5.2845812E+05   1.0144124E+00
  118.1500   5.2765185E+05   1.0144075E+00
  118.1600   5.2684094E+05   1.0144026E+00
  118.1700   5.2602547E+05   1.0143976E+00
  118.1800   5.2520551E+05   1.0143926E+00
  118.1900   5.2438123E+05   1.0143876E+00
  118.2000   5.2355277E+05   1.0143825E+00
  118.2100   5.2272023E+05   1.0143775E+00
  118.2200   5.2188364E+05   1.0143724E+00
  118.2300   5.2104318E+05   1.0143672E+00
  118.2400   5.2019900E+05   1.0143621E+00
  118.2500   5.1935118E+05   1.0143569E+00
  118.2600   5.1849978E+05   1.0143517E+00
  118.2700   5.1764499E+05   1.0143465E+00
  118.2800   5.1678698E+05   1.0143413E+00
  118.2900   5.1592585E+05   1.0143360E+00
  118.3000   5.1506171E+05   1.0143307E+00
  118.3100   5.1419460E+05   1.0143255E+00
  118.3200   5.1332472E+05   1.0143202E+00
  118.3300   5.1245225E+05   1.0143148E+00
  118.3400   5.1157713E+05   1.0143095E+00
  118.3500   5.1069966E+05   1.0143041E+00
  118.3600   5.0981994E+05   1.0142988E+00
  118.3700   5.0893800E+05   1.0142934E+00
  118.3800   5.0805408E+05   1.0142880E+00
  118.3900   5.0716818E+05   1.0142826E+00
  118.4000   5.0628047E+05   1.0142772E+00
  118.4100   5.0539110E+05   1.0142717E+00
  118.4200   5.0450021E+05   1.0142663E+00
  118.4300   5.0360790E+05   1.0142609E+00
  118.4400   5.0271428E+05   1.0142554E+00
  118.4500   5.0181961E+05   1.0142499E+00
  118.4600   5.0092395E+05   1.0142445E+00
  118.4700   5.0002738E+05   1.0142390E+00
  118.4800   4.9913011E+05   1.0142335E+00
  118.4900   4.9823220E+05   1.0142280E+00
  118.5000   4.9733384E+05   1.0142226E+00
  118.5100   4.9643509E+05   1.0142171E+00
  118.5200   4.9553612E+05   1.0142116E+00
  118.5300   4.9463716E+05   1.0142061E+00
  118.5400   4.9373822E+05   1.0142006E+00
  118.5500   4.9283949E+05   1.0141951E+00
  118.5600   4.9194119E+05   1.0141896E+00
  118.5700   4.9104334E+05   1.0141841E+00
  118.5800   4.9014614E+05   1.0141787E+00
  118.5900   4.8924965E+05   1.0141732E+00
  118.6000   4.8835408E+05   1.0141677E+00
  118.6100   4.8745949E+05   1.0141623E+00
  118.6200   4.8656612E+05   1.0141568E+00
  118.6300   4.8567406E+05   1.0141513E+00
  118.6400   4.8478340E+05   1.0141459E+00
  118.6500   4.8389424E+05   1.0141405E+00
  118.6600   4.8300670E+05   1.0141351E+00
  118.6700   4.8212094E+05   1.0141296E+00
  118.6800   4.8123710E+05   1.0141242E+00
  118.6900   4.8035538E+05   1.0141189E+00
  118.7000   4.7947579E+05   1.0141135E+00
  118.7100   4.7859856E+05   1.0141081E+00
  118.7200   4.7772377E+05   1.0141028E+00
  118.7300   4.7685151E+05   1.0140974E+00
  118.7400   4.7598191E+05   1.0140921E+00
  118.7500   4.7511512E+05   1.0140868E+00
  118.7600   4.7425134E+05   1.0140816E+00
  118.7700   4.7339060E+05   1.0140763E+00
  118.7800   4.7253315E+05   1.0140711E+00
  118.7900   4.7167910E+05   1.0140658E+00
  118.8000   4.7082841E+05   1.0140606E+00
  118.8100   4.6998127E+05   1.0140555E+00
  118.8200   4.6913790E+05   1.0140503E+00
  118.8300   4.6829837E+05   1.0140452E+00
  118.8400   4.6746281E+05   1.0140401E+00
  118.8500   4.6663120E+05   1.0140350E+00
  118.8600   4.6580376E+05   1.0140299E+00
  118.8700   4.6498056E+05   1.0140249E+00
  118.8800   4.6416172E+05   1.0140199E+00
  118.8900   4.6334741E+05   1.0140149E+00
  118.9000   4.6253766E+05   1.0140099E+00
  118.9100   4.6173257E+05   1.0140050E+00
  118.9200   4.6093226E+05   1.0140001E+00
  118.9300   4.6013695E+05   1.0139953E+00
  118.9400   4.5934668E+05   1.0139904E+00
  118.9500   4.5856159E+05   1.0139856E+00
  118.9600   4.5778166E+05   1.0139809E+00
  118.9700   4.5700714E+05   1.0139761E+00
  118.9800   4.5623813E+05   1.0139714E+00
  118.9900   4.5547463E+05   1.0139667E+00
  119.0000   4.5471669E+05   1.0139621E+00
  119.0100   4.5396443E+05   1.0139575E+00
  119.0200   4.5321802E+05   1.0139529E+00
  119.0300   4.5247752E+05   1.0139484E+00
  119.0400   4.5174306E+05   1.0139439E+00
  119.0500   4.5101465E+05   1.0139395E+00
  119.0600   4.5029237E+05   1.0139350E+00
  119.0700   4.4957636E+05   1.0139307E+00
  119.0800   4.4886666E+05   1.0139263E+00
  119.0900   4.4816337E+05   1.0139220E+00
  119.1000   4.4746666E+05   1.0139177E+00
  119.1100   4.4677659E+05   1.0139135E+00
  119.1200   4.4609313E+05   1.0139093E+00
  119.1300   4.4541649E+05   1.0139052E+00
  119.1400   4.4474676E+05   1.0139011E+00
  119.1500   4.4408396E+05   1.0138970E+00
  119.1600   4.4342815E+05   1.0138930E+00
  119.1700   4.4277931E+05   1.0138890E+00
  119.1800   4.4213767E+05   1.0138851E+00
  119.1900   4.4150317E+05   1.0138812E+00
  119.2000   4.4087585E+05   1.0138774E+00
  119.2100   4.4025582E+05   1.0138736E+00
  119.2200   4.3964306E+05   1.0138698E+00
  119.2300   4.3903768E+05   1.0138661E+00
  119.2400   4.3843983E+05   1.0138625E+00
  119.2500   4.3784959E+05   1.0138589E+00
  119.2600   4.3726693E+05   1.0138553E+00
  119.2700   4.3669190E+05   1.0138518E+00
  119.2800   4.3612464E+05   1.0138483E+00
  119.2900   4.3556520E+05   1.0138449E+00
  119.3000   4.3501353E+05   1.0138415E+00
  119.3100   4.3446966E+05   1.0138381E+00
  119.3200   4.3393372E+05   1.0138349E+00
  119.3300   4.3340572E+05   1.0138316E+00
  119.3400   4.3288562E+05   1.0138284E+00
  119.3500   4.3237342E+05   1.0138253E+00
  119.3600   4.3186923E+05   1.0138222E+00
  119.3700   4.3137308E+05   1.0138192E+00
  119.3800   4.3088507E+05   1.0138162E+00
  119.3900   4.3040522E+05   1.0138132E+00
  119.4000   4.2993344E+05   1.0138103E+00
  119.4100   4.2946993E+05   1.0138075E+00
  119.4200   4.2901461E+05   1.0138047E+00
  119.4300   4.2856750E+05   1.0138020E+00
  119.4400   4.2812869E+05   1.0137993E+00
  119.4500   4.2769821E+05   1.0137966E+00
  119.4600   4.2727598E+05   1.0137940E+00
  119.4700   4.2686202E+05   1.0137915E+00
  119.4800   4.2645643E+05   1.0137890E+00
  119.4900   4.2605923E+05   1.0137866E+00
  119.5000   4.2567036E+05   1.0137842E+00
  119.5100   4.2528983E+05   1.0137819E+00
  119.5200   4.2491759E+05   1.0137796E+00
  119.5300   4.2455365E+05   1.0137773E+00
  119.5400   4.2419814E+05   1.0137751E+00
  119.5500   4.2385108E+05   1.0137730E+00
  119.5600   4.2351242E+05   1.0137709E+00
  119.5700   4.2318220E+05   1.0137689E+00
  119.5800   4.2286035E+05   1.0137669E+00
  119.5900   4.2254692E+05   1.0137650E+00
  119.6000   4.2224186E+05   1.0137631E+00
  119.6100   4.2194522E+05   1.0137613E+00
  119.6200   4.2165695E+05   1.0137595E+00
  119.6300   4.2137710E+05   1.0137578E+00
  119.6400   4.2110563E+05   1.0137561E+00
  119.6500   4.2084242E+05   1.0137545E+00
  119.6600   4.2058760E+05   1.0137529E+00
  119.6700   4.2034106E+05   1.0137514E+00
  119.6800   4.2010276E+05   1.0137500E+00
  119.6900   4.1987276E+05   1.0137485E+00
  119.7000   4.1965103E+05   1.0137472E+00
  119.7100   4.1943763E+05   1.0137459E+00
  119.7200   4.1923254E+05   1.0137446E+00
  119.7300   4.1903563E+05   1.0137434E+00
  119.7400   4.1884687E+05   1.0137422E+00
  119.7500   4.1866634E+05   1.0137411E+00
  119.7600   4.1849400E+05   1.0137400E+00
  119.7700   4.1832974E+05   1.0137390E+00
  119.7800   4.1817353E+05   1.0137381E+00
  119.7900   4.1802543E+05   1.0137371E+00
  119.8000   4.1788542E+05   1.0137363E+00
  119.8100   4.1775336E+05   1.0137355E+00
  119.8200   4.1762923E+05   1.0137347E+00
  119.8300   4.1751307E+05   1.0137340E+00
  119.8400   4.1740487E+05   1.0137333E+00
  119.8500   4.1730447E+05   1.0137327E+00
  119.8600   4.1721183E+05   1.0137321E+00
  119.8700   4.1712700E+05   1.0137316E+00
  119.8800   4.1704993E+05   1.0137311E+00
  119.8900   4.1698063E+05   1.0137306E+00
  119.9000   4.1691906E+05   1.0137303E+00
  119.9100   4.1686505E+05   1.0137299E+00
  119.9200   4.1681872E+05   1.0137296E+00
  119.9300   4.1677987E+05   1.0137294E+00
  119.9400   4.1674863E+05   1.0137292E+00
  119.9500   4.1672478E+05   1.0137290E+00
  119.9600   4.1670842E+05   1.0137289E+00
  119.9700   4.1669953E+05   1.0137288E+00
  119.9800   4.1669798E+05   1.0137288E+00
  119.9900   4.1670374E+05   1.0137288E+00
  120.0000   4.1671668E+05   1.0137289E+00
  120.0100   4.1673691E+05   1.0137290E+00
  120.0200   4.1676428E+05   1.0137292E+00
  120.0300   4.1679871E+05   1.0137294E+00
  120.0400   4.1684019E+05   1.0137296E+00
  120.0500   4.1688863E+05   1.0137299E+00
  120.0600   4.1694400E+05   1.0137302E+00
  120.0700   4.1700635E+05   1.0137306E+00
  120.0800   4.1707563E+05   1.0137310E+00
  120.0900   4.1715167E+05   1.0137315E+00
  120.1000   4.1723440E+05   1.0137320E+00
  120.1100   4.1732380E+05   1.0137325E+00
  120.1200   4.1741995E+05   1.0137331E+00
  120.1300   4.1752262E+05   1.0137337E+00
  120.1400   4.1763184E+05   1.0137344E+00
  120.1500   4.1774753E+05   1.0137351E+00
  120.1600   4.1786969E+05   1.0137358E+00
  120.1700   4.1799821E+05   1.0137366E+00
  120.1800   4.1813304E+05   1.0137374E+00
  120.1900   4.1827420E+05   1.0137382E+00
  120.2000   4.1842162E+05   1.0137391E+00
  120.2100   4.1857527E+05   1.0137401E+00
  120.2200   4.1873503E+05   1.0137410E+00
  120.2300   4.1890083E+05   1.0137420E+00
  120.2400   4.1907269E+05   1.0137431E+00
  120.2500   4.1925050E+05   1.0137442E+00
  120.2600   4.1943422E+05   1.0137453E+00
  120.2700   4.1962386E+05   1.0137464E+00
  120.2800   4.1981935E+05   1.0137476E+00
  120.2900   4.2002065E+05   1.0137488E+00
  120.3000   4.2022762E+05   1.0137501E+00
  120.3100   4.2044019E+05   1.0137514E+00
  120.3200   4.2065833E+05   1.0137527E+00
  120.3300   4.2088191E+05   1.0137541E+00
  120.3400   4.2111103E+05   1.0137554E+00
  120.3500   4.2134550E+05   1.0137569E+00
  120.3600   4.2158536E+05   1.0137583E+00
  120.3700   4.2183054E+05   1.0137598E+00
  120.3800   4.2208101E+05   1.0137613E+00
  120.3900   4.2233664E+05   1.0137629E+00
  120.4000   4.2259735E+05   1.0137645E+00
  120.4100   4.2286310E+05   1.0137661E+00
  120.4200   4.2313393E+05   1.0137677E+00
  120.4300   4.2340974E+05   1.0137694E+00
  120.4400   4.2369050E+05   1.0137711E+00
  120.4500   4.2397621E+05   1.0137729E+00
  120.4600   4.2426676E+05   1.0137746E+00
  120.4700   4.2456211E+05   1.0137764E+00
  120.4800   4.2486224E+05   1.0137783E+00
  120.4900   4.2516703E+05   1.0137801E+00
  120.5000   4.2547638E+05   1.0137820E+00
  120.5100   4.2579028E+05   1.0137839E+00
  120.5200   4.2610874E+05   1.0137859E+00
  120.5300   4.2643166E+05   1.0137878E+00
  120.5400   4.2675897E+05   1.0137898E+00
  120.5500   4.2709067E+05   1.0137918E+00
  120.5600   4.2742660E+05   1.0137939E+00
  120.5700   4.2776686E+05   1.0137960E+00
  120.5800   4.2811139E+05   1.0137981E+00
  120.5900   4.2846002E+05   1.0138002E+00
  120.6000   4.2881279E+05   1.0138023E+00
  120.6100   4.2916960E+05   1.0138045E+00
  120.6200   4.2953042E+05   1.0138067E+00
  120.6300   4.2989524E+05   1.0138089E+00
  120.6400   4.3026393E+05   1.0138112E+00
  120.6500   4.3063656E+05   1.0138135E+00
  120.6600   4.3101309E+05   1.0138158E+00
  120.6700   4.3139334E+05   1.0138181E+00
  120.6800   4.3177733E+05   1.0138204E+00
  120.6900   4.3216496E+05   1.0138228E+00
  120.7000   4.3255617E+05   1.0138252E+00
  120.7100   4.3295093E+05   1.0138276E+00
  120.7200   4.3334925E+05   1.0138300E+00
  120.7300   4.3375101E+05   1.0138325E+00
  120.7400   4.3415630E+05   1.0138349E+00
  120.7500   4.3456506E+05   1.0138374E+00
  120.7600   4.3497730E+05   1.0138399E+00
  120.7700   4.3539285E+05   1.0138425E+00
  120.7800   4.3581179E+05   1.0138450E+00
  120.7900   4.3623402E+05   1.0138476E+00
  120.8000   4.3665951E+05   1.0138502E+00
  120.8100   4.3708826E+05   1.0138528E+00
  120.8200   4.3752011E+05   1.0138555E+00
  120.8300   4.3795513E+05   1.0138581E+00
  120.8400   4.3839323E+05   1.0138608E+00
  120.8500   4.3883438E+05   1.0138635E+00
  120.8600   4.3927855E+05   1.0138662E+00
  120.8700   4.3972558E+05   1.0138689E+00
  120.8800   4.4017554E+05   1.0138717E+00
  120.8900   4.4062833E+05   1.0138744E+00
  120.9000   4.4108387E+05   1.0138772E+00
  120.9100   4.4154214E+05   1.0138800E+00
  120.9200   4.4200314E+05   1.0138828E+00
  120.9300   4.4246689E+05   1.0138857E+00
  120.9400   4.4293327E+05   1.0138885E+00
  120.9500   4.4340236E+05   1.0138914E+00
  120.9600   4.4387411E+05   1.0138943E+00
  120.9700   4.4434848E+05   1.0138971E+00
  120.9800   4.4482528E+05   1.0139001E+00
  120.9900   4.4530454E+05   1.0139030E+00
  121.0000   4.4578630E+05   1.0139059E+00
  121.0100   4.4627047E+05   1.0139089E+00
  121.0200   4.4675697E+05   1.0139119E+00
  121.0300   4.4724574E+05   1.0139148E+00
  121.0400   4.4773677E+05   1.0139178E+00
  121.0500   4.4823004E+05   1.0139209E+00
  121.0600   4.4872560E+05   1.0139239E+00
  121.0700   4.4922330E+05   1.0139269E+00
  121.0800   4.4972323E+05   1.0139300E+00
  121.0900   4.5022530E+05   1.0139331E+00
  121.1000   4.5072945E+05   1.0139361E+00
  121.1100   4.5123566E+05   1.0139392E+00
  121.1200   4.5174390E+05   1.0139423E+00
  121.1300   4.5225419E+05   1.0139455E+00
  121.1400   4.5276638E+05   1.0139486E+00
  121.1500   4.5328053E+05   1.0139517E+00
  121.1600   4.5379654E+05   1.0139549E+00
  121.1700   4.5431432E+05   1.0139581E+00
  121.1800   4.5483400E+05   1.0139612E+00
  121.1900   4.5535552E+05   1.0139644E+00
  121.2000   4.5587887E+05   1.0139676E+00
  121.2100   4.5640387E+05   1.0139708E+00
  121.2200   4.5693053E+05   1.0139740E+00
  121.2300   4.5745890E+05   1.0139773E+00
  121.2400   4.5798883E+05   1.0139805E+00
  121.2500   4.5852042E+05   1.0139838E+00
  121.2600   4.5905357E+05   1.0139870E+00
  121.2700   4.5958821E+05   1.0139903E+00
  121.2800   4.6012428E+05   1.0139936E+00
  121.2900   4.6066174E+05   1.0139969E+00
  121.3000   4.6120057E+05   1.0140002E+00
  121.3100   4.6174077E+05   1.0140035E+00
  121.3200   4.6228233E+05   1.0140068E+00
  121.3300   4.6282529E+05   1.0140101E+00
  121.3400   4.6336950E+05   1.0140134E+00
  121.3500   4.6391501E+05   1.0140168E+00
  121.3600   4.6446171E+05   1.0140201E+00
  121.3700   4.6500949E+05   1.0140235E+00
  121.3800   4.6555846E+05   1.0140268E+00
  121.3900   4.6610853E+05   1.0140302E+00
  121.4000   4.6665964E+05   1.0140336E+00
  121.4100   4.6721174E+05   1.0140369E+00
  121.4200   4.6776480E+05   1.0140403E+00
  121.4300   4.6831877E+05   1.0140437E+00
  121.4400   4.6887365E+05   1.0140471E+00
  121.4500   4.6942943E+05   1.0140505E+00
  121.4600   4.6998610E+05   1.0140539E+00
  121.4700   4.7054351E+05   1.0140573E+00
  121.4800   4.7110166E+05   1.0140607E+00
  121.4900   4.7166059E+05   1.0140642E+00
  121.5000   4.7222015E+05   1.0140676E+00
  121.5100   4.7278039E+05   1.0140710E+00
  121.5200   4.7334119E+05   1.0140744E+00
  121.5300   4.7390259E+05   1.0140779E+00
  121.5400   4.7446449E+05   1.0140813E+00
  121.5500   4.7502695E+05   1.0140848E+00
  121.5600   4.7558988E+05   1.0140882E+00
  121.5700   4.7615318E+05   1.0140917E+00
  121.5800   4.7671674E+05   1.0140951E+00
  121.5900   4.7728067E+05   1.0140986E+00
  121.6000   4.7784488E+05   1.0141020E+00
  121.6100   4.7840928E+05   1.0141055E+00
  121.6200   4.7897380E+05   1.0141089E+00
  121.6300   4.7953854E+05   1.0141124E+00
  121.6400   4.8010342E+05   1.0141158E+00
  121.6500   4.8066836E+05   1.0141193E+00
  121.6600   4.8123330E+05   1.0141228E+00
  121.6700   4.8179817E+05   1.0141262E+00
  121.6800   4.8236288E+05   1.0141297E+00
  121.6900   4.8292754E+05   1.0141331E+00
  121.7000   4.8349208E+05   1.0141366E+00
  121.7100   4.8405643E+05   1.0141401E+00
  121.7200   4.8462050E+05   1.0141435E+00
  121.7300   4.8518421E+05   1.0141470E+00
  121.7400   4.8574766E+05   1.0141504E+00
  121.7500   4.8631076E+05   1.0141539E+00
  121.7600   4.8687342E+05   1.0141573E+00
  121.7700   4.8743555E+05   1.0141608E+00
  121.7800   4.8799721E+05   1.0141642E+00
  121.7900   4.8855832E+05   1.0141676E+00
  121.8000   4.8911874E+05   1.0141711E+00
  121.8100   4.8967856E+05   1.0141745E+00
  121.8200   4.9023763E+05   1.0141779E+00
  121.8300   4.9079582E+05   1.0141813E+00
  121.8400   4.9135318E+05   1.0141848E+00
  121.8500   4.9190973E+05   1.0141882E+00
  121.8600   4.9246531E+05   1.0141916E+00
  121.8700   4.9301992E+05   1.0141950E+00
  121.8800   4.9357357E+05   1.0141984E+00
  121.8900   4.9412606E+05   1.0142018E+00
  121.9000   4.9467737E+05   1.0142051E+00
  121.9100   4.9522746E+05   1.0142085E+00
  121.9200   4.9577629E+05   1.0142119E+00
  121.9300   4.9632377E+05   1.0142152E+00
  121.9400   4.9686985E+05   1.0142186E+00
  121.9500   4.9741460E+05   1.0142219E+00
  121.9600   4.9795791E+05   1.0142253E+00
  121.9700   4.9849966E+05   1.0142286E+00
  121.9800   4.9903989E+05   1.0142319E+00
  121.9900   4.9957844E+05   1.0142352E+00
  122.0000   5.0011532E+05   1.0142385E+00
  122.0100   5.0065051E+05   1.0142418E+00
  122.0200   5.0118398E+05   1.0142450E+00
  122.0300   5.0171567E+05   1.0142483E+00
  122.0400   5.0224553E+05   1.0142515E+00
  122.0500   5.0277345E+05   1.0142548E+00
  122.0600   5.0329932E+05   1.0142580E+00
  122.0700   5.0382320E+05   1.0142612E+00
  122.0800   5.0434492E+05   1.0142644E+00
  122.0900   5.0486448E+05   1.0142676E+00
  122.1000   5.0538187E+05   1.0142708E+00
  122.1100   5.0589704E+05   1.0142739E+00
  122.1200   5.0640991E+05   1.0142771E+00
  122.1300   5.0692039E+05   1.0142802E+00
  122.1400   5.0742836E+05   1.0142833E+00
  122.1500   5.0793385E+05   1.0142864E+00
  122.1600   5.0843667E+05   1.0142895E+00
  122.1700   5.0893682E+05   1.0142926E+00
  122.1800   5.0943422E+05   1.0142957E+00
  122.1900   5.0992880E+05   1.0142987E+00
  122.2000   5.1042062E+05   1.0143017E+00
  122.2100   5.1090954E+05   1.0143047E+00
  122.2200   5.1139556E+05   1.0143077E+00
  122.2300   5.1187864E+05   1.0143107E+00
  122.2400   5.1235873E+05   1.0143136E+00
  122.2500   5.1283573E+05   1.0143165E+00
  122.2600   5.1330952E+05   1.0143194E+00
  122.2700   5.1378011E+05   1.0143223E+00
  122.2800   5.1424748E+05   1.0143252E+00
  122.2900   5.1471158E+05   1.0143281E+00
  122.3000   5.1517233E+05   1.0143309E+00
  122.3100   5.1562959E+05   1.0143337E+00
  122.3200   5.1608337E+05   1.0143365E+00
  122.3300   5.1653367E+05   1.0143393E+00
  122.3400   5.1698042E+05   1.0143420E+00
  122.3500   5.1742351E+05   1.0143447E+00
  122.3600   5.1786300E+05   1.0143474E+00
  122.3700   5.1829869E+05   1.0143501E+00
  122.3800   5.1873056E+05   1.0143528E+00
  122.3900   5.1915851E+05   1.0143554E+00
  122.4000   5.1958261E+05   1.0143580E+00
  122.4100   5.2000269E+05   1.0143606E+00
  122.4200   5.2041870E+05   1.0143631E+00
  122.4300   5.2083059E+05   1.0143657E+00
  122.4400   5.2123840E+05   1.0143682E+00
  122.4500   5.2164197E+05   1.0143707E+00
  122.4600   5.2204127E+05   1.0143731E+00
  122.4700   5.2243621E+05   1.0143755E+00
  122.4800   5.2282686E+05   1.0143779E+00
  122.4900   5.2321322E+05   1.0143803E+00
  122.5000   5.2359524E+05   1.0143827E+00
  122.5100   5.2397285E+05   1.0143850E+00
  122.5200   5.2434589E+05   1.0143873E+00
  122.5300   5.2471436E+05   1.0143896E+00
  122.5400   5.2507821E+05   1.0143918E+00
  122.5500   5.2543733E+05   1.0143940E+00
  122.5600   5.2579173E+05   1.0143962E+00
  122.5700   5.2614139E+05   1.0143983E+00
  122.5800   5.2648622E+05   1.0144005E+00
  122.5900   5.2682626E+05   1.0144026E+00
  122.6000   5.2716133E+05   1.0144046E+00
  122.6100   5.2749154E+05   1.0144067E+00
  122.6200   5.2781677E+05   1.0144087E+00
  122.6300   5.2813703E+05   1.0144106E+00
  122.6400   5.2845227E+05   1.0144126E+00
  122.6500   5.2876240E+05   1.0144145E+00
  122.6600   5.2906743E+05   1.0144164E+00
  122.6700   5.2936734E+05   1.0144182E+00
  122.6800   5.2966202E+05   1.0144201E+00
  122.6900   5.2995151E+05   1.0144218E+00
  122.7000   5.3023580E+05   1.0144236E+00
  122.7100   5.3051479E+05   1.0144253E+00
  122.7200   5.3078835E+05   1.0144270E+00
  122.7300   5.3105645E+05   1.0144287E+00
  122.7400   5.3131920E+05   1.0144303E+00
  122.7500   5.3157646E+05   1.0144319E+00
  122.7600   5.3182821E+05   1.0144334E+00
  122.7700   5.3207436E+05   1.0144350E+00
  122.7800   5.3231497E+05   1.0144364E+00
  122.7900   5.3255001E+05   1.0144379E+00
  122.8000   5.3277940E+05   1.0144393E+00
  122.8100   5.3300317E+05   1.0144407E+00
  122.8200   5.3322129E+05   1.0144420E+00
  122.8300   5.3343368E+05   1.0144434E+00
  122.8400   5.3364036E+05   1.0144446E+00
  122.8500   5.3384130E+05   1.0144459E+00
  122.8600   5.3403659E+05   1.0144471E+00
  122.8700   5.3422606E+05   1.0144483E+00
  122.8800   5.3440967E+05   1.0144494E+00
  122.8900   5.3458749E+05   1.0144505E+00
  122.9000   5.3475953E+05   1.0144516E+00
  122.9100   5.3492573E+05   1.0144526E+00
  122.9200   5.3508617E+05   1.0144536E+00
  122.9300   5.3524082E+05   1.0144546E+00
  122.9400   5.3538963E+05   1.0144555E+00
  122.9500   5.3553247E+05   1.0144564E+00
  122.9600   5.3566932E+05   1.0144573E+00
  122.9700   5.3580028E+05   1.0144581E+00
  122.9800   5.3592537E+05   1.0144589E+00
  122.9900   5.3604458E+05   1.0144596E+00
  123.0000   5.3615780E+05   1.0144603E+00
  123.0100   5.3626505E+05   1.0144610E+00
  123.0200   5.3636629E+05   1.0144616E+00
  123.0300   5.3646157E+05   1.0144622E+00
  123.0400   5.3655091E+05   1.0144628E+00
  123.0500   5.3663423E+05   1.0144633E+00
  123.0600   5.3671159E+05   1.0144638E+00
  123.0700   5.3678297E+05   1.0144643E+00
  123.0800   5.3684847E+05   1.0144647E+00
  123.0900   5.3690793E+05   1.0144651E+00
  123.1000   5.3696152E+05   1.0144654E+00
  123.1100   5.3700912E+05   1.0144657E+00
  123.1200   5.3705076E+05   1.0144660E+00
  123.1300   5.3708639E+05   1.0144662E+00
  123.1400   5.3711606E+05   1.0144664E+00
  123.1500   5.3713979E+05   1.0144666E+00
  123.1600   5.3715768E+05   1.0144667E+00
  123.1700   5.3716960E+05   1.0144668E+00
  123.1800   5.3717572E+05   1.0144669E+00
  123.1900   5.3717595E+05   1.0144669E+00
  123.2000   5.3717034E+05   1.0144669E+00
  123.2100   5.3715885E+05   1.0144668E+00
  123.2200   5.3714157E+05   1.0144667E+00
  123.2300   5.3711851E+05   1.0144666E+00
  123.2400   5.3708965E+05   1.0144664E+00
  123.2500   5.3705505E+05   1.0144662E+00
  123.2600   5.3701473E+05   1.0144660E+00
  123.2700   5.3696862E+05   1.0144658E+00
  123.2800   5.3691681E+05   1.0144655E+00
  123.2900   5.3685929E+05   1.0144651E+00
  123.3000   5.3679618E+05   1.0144648E+00
  123.3100   5.3672735E+05   1.0144644E+00
  123.3200   5.3665299E+05   1.0144639E+00
  123.3300   5.3657303E+05   1.0144634E+00
  123.3400   5.3648751E+05   1.0144629E+00
  123.3500   5.3639643E+05   1.0144624E+00
  123.3600   5.3629990E+05   1.0144618E+00
  123.3700   5.3619797E+05   1.0144612E+00
  123.3800   5.3609063E+05   1.0144606E+00
  123.3900   5.3597799E+05   1.0144599E+00
  123.4000   5.3585992E+05   1.0144592E+00
  123.4100   5.3573659E+05   1.0144585E+00
  123.4200   5.3560794E+05   1.0144577E+00
  123.4300   5.3547403E+05   1.0144569E+00
  123.4400   5.3533484E+05   1.0144561E+00
  123.4500   5.3519051E+05   1.0144552E+00
  123.4600   5.3504110E+05   1.0144543E+00
  123.4700   5.3488660E+05   1.0144534E+00
  123.4800   5.3472698E+05   1.0144524E+00
  123.4900   5.3456230E+05   1.0144514E+00
  123.5000   5.3439260E+05   1.0144504E+00
  123.5100   5.3421800E+05   1.0144494E+00
  123.5200   5.3403860E+05   1.0144483E+00
  123.5300   5.3385443E+05   1.0144472E+00
  123.5400   5.3366549E+05   1.0144460E+00
  123.5500   5.3347188E+05   1.0144449E+00
  123.5600   5.3327366E+05   1.0144437E+00
  123.5700   5.3307084E+05   1.0144424E+00
  123.5800   5.3286338E+05   1.0144412E+00
  123.5900   5.3265136E+05   1.0144399E+00
  123.6000   5.3243483E+05   1.0144386E+00
  123.6100   5.3221395E+05   1.0144373E+00
  123.6200   5.3198865E+05   1.0144359E+00
  123.6300   5.3175902E+05   1.0144345E+00
  123.6400   5.3152507E+05   1.0144331E+00
  123.6500   5.3128695E+05   1.0144317E+00
  123.6600   5.3104461E+05   1.0144302E+00
  123.6700   5.3079809E+05   1.0144287E+00
  123.6800   5.3054759E+05   1.0144272E+00
  123.6900   5.3029310E+05   1.0144257E+00
  123.7000   5.3003471E+05   1.0144241E+00
  123.7100   5.2977249E+05   1.0144225E+00
  123.7200   5.2950647E+05   1.0144209E+00
  123.7300   5.2923662E+05   1.0144193E+00
  123.7400   5.2896307E+05   1.0144176E+00
  123.7500   5.2868589E+05   1.0144159E+00
  123.7600   5.2840512E+05   1.0144142E+00
  123.7700   5.2812076E+05   1.0144125E+00
  123.7800   5.2783295E+05   1.0144107E+00
  123.7900   5.2754179E+05   1.0144090E+00
  123.8000   5.2724734E+05   1.0144072E+00
  123.8100   5.2694963E+05   1.0144054E+00
  123.8200   5.2664865E+05   1.0144036E+00
  123.8300   5.2634453E+05   1.0144017E+00
  123.8400   5.2603738E+05   1.0143999E+00
  123.8500   5.2572727E+05   1.0143980E+00
  123.8600   5.2541422E+05   1.0143961E+00
  123.8700   5.2509825E+05   1.0143942E+00
  123.8800   5.2477949E+05   1.0143922E+00
  123.8900   5.2445789E+05   1.0143903E+00
  123.9000   5.2413353E+05   1.0143883E+00
  123.9100   5.2380647E+05   1.0143863E+00
  123.9200   5.2347674E+05   1.0143843E+00
  123.9300   5.2314451E+05   1.0143823E+00
  123.9400   5.2280976E+05   1.0143803E+00
  123.9500   5.2247260E+05   1.0143782E+00
  123.9600   5.2213313E+05   1.0143762E+00
  123.9700   5.2179143E+05   1.0143741E+00
  123.9800   5.2144753E+05   1.0143720E+00
  123.9900   5.2110145E+05   1.0143699E+00
  124.0000   5.2075338E+05   1.0143678E+00
  124.0100   5.2040329E+05   1.0143657E+00
  124.0200   5.2005130E+05   1.0143635E+00
  124.0300   5.1969735E+05   1.0143614E+00
  124.0400   5.1934152E+05   1.0143592E+00
  124.0500   5.1898389E+05   1.0143570E+00
  124.0600   5.1862451E+05   1.0143548E+00
  124.0700   5.1826358E+05   1.0143526E+00
  124.0800   5.1790111E+05   1.0143504E+00
  124.0900   5.1753709E+05   1.0143482E+00
  124.1000   5.1717170E+05   1.0143460E+00
  124.1100   5.1680488E+05   1.0143438E+00
  124.1200   5.1643676E+05   1.0143415E+00
  124.1300   5.1606746E+05   1.0143393E+00
  124.1400   5.1569689E+05   1.0143370E+00
  124.1500   5.1532514E+05   1.0143348E+00
  124.1600   5.1495228E+05   1.0143325E+00
  124.1700   5.1457836E+05   1.0143302E+00
  124.1800   5.1420343E+05   1.0143280E+00
  124.1900   5.1382772E+05   1.0143257E+00
  124.2000   5.1345124E+05   1.0143234E+00
  124.2100   5.1307401E+05   1.0143211E+00
  124.2200   5.1269605E+05   1.0143188E+00
  124.2300   5.1231753E+05   1.0143165E+00
  124.2400   5.1193846E+05   1.0143142E+00
  124.2500   5.1155881E+05   1.0143119E+00
  124.2600   5.1117876E+05   1.0143096E+00
  124.2700   5.1079827E+05   1.0143072E+00
  124.2800   5.1041751E+05   1.0143049E+00
  124.2900   5.1003644E+05   1.0143026E+00
  124.3000   5.0965520E+05   1.0143003E+00
  124.3100   5.0927377E+05   1.0142980E+00
  124.3200   5.0889229E+05   1.0142956E+00
  124.3300   5.0851070E+05   1.0142933E+00
  124.3400   5.0812916E+05   1.0142910E+00
  124.3500   5.0774763E+05   1.0142887E+00
  124.3600   5.0736624E+05   1.0142863E+00
  124.3700   5.0698495E+05   1.0142840E+00
  124.3800   5.0660391E+05   1.0142817E+00
  124.3900   5.0622309E+05   1.0142794E+00
  124.4000   5.0584262E+05   1.0142771E+00
  124.4100   5.0546248E+05   1.0142748E+00
  124.4200   5.0508283E+05   1.0142724E+00
  124.4300   5.0470364E+05   1.0142701E+00
  124.4400   5.0432508E+05   1.0142678E+00
  124.4500   5.0394715E+05   1.0142655E+00
  124.4600   5.0356982E+05   1.0142632E+00
  124.4700   5.0319312E+05   1.0142609E+00
  124.4800   5.0281723E+05   1.0142586E+00
  124.4900   5.0244218E+05   1.0142564E+00
  124.5000   5.0206798E+05   1.0142541E+00
  124.5100   5.0169469E+05   1.0142518E+00
  124.5200   5.0132234E+05   1.0142495E+00
  124.5300   5.0095099E+05   1.0142473E+00
  124.5400   5.0058072E+05   1.0142450E+00
  124.5500   5.0021161E+05   1.0142428E+00
  124.5600   4.9984356E+05   1.0142405E+00
  124.5700   4.9947669E+05   1.0142383E+00
  124.5800   4.9911110E+05   1.0142361E+00
  124.5900   4.9874676E+05   1.0142339E+00
  124.6000   4.9838380E+05   1.0142316E+00
  124.6100   4.9802222E+05   1.0142294E+00
  124.6200   4.9766199E+05   1.0142272E+00
  124.6300   4.9730313E+05   1.0142251E+00
  124.6400   4.9694585E+05   1.0142229E+00
  124.6500   4.9659019E+05   1.0142207E+00
  124.6600   4.9623602E+05   1.0142186E+00
  124.6700   4.9588343E+05   1.0142164E+00
  124.6800   4.9553251E+05   1.0142143E+00
  124.6900   4.9518336E+05   1.0142121E+00
  124.7000   4.9483594E+05   1.0142100E+00
  124.7100   4.9449022E+05   1.0142079E+00
  124.7200   4.9414637E+05   1.0142058E+00
  124.7300   4.9380439E+05   1.0142037E+00
  124.7400   4.9346431E+05   1.0142017E+00
  124.7500   4.9312619E+05   1.0141996E+00
  124.7600   4.9279009E+05   1.0141976E+00
  124.7700   4.9245593E+05   1.0141955E+00
  124.7800   4.9212382E+05   1.0141935E+00
  124.7900   4.9179372E+05   1.0141915E+00
  124.8000   4.9146579E+05   1.0141895E+00
  124.8100   4.9114003E+05   1.0141875E+00
  124.8200   4.9081646E+05   1.0141855E+00
  124.8300   4.9049514E+05   1.0141836E+00
  124.8400   4.9017614E+05   1.0141816E+00
  124.8500   4.8985938E+05   1.0141797E+00
  124.8600   4.8954499E+05   1.0141778E+00
  124.8700   4.8923294E+05   1.0141759E+00
  124.8800   4.8892321E+05   1.0141740E+00
  124.8900   4.8861584E+05   1.0141721E+00
  124.9000   4.8831088E+05   1.0141703E+00
  124.9100   4.8800838E+05   1.0141684E+00
  124.9200   4.8770847E+05   1.0141666E+00
  124.9300   4.8741108E+05   1.0141648E+00
  124.9400   4.8711619E+05   1.0141630E+00
  124.9500   4.8682399E+05   1.0141612E+00
  124.9600   4.8653452E+05   1.0141594E+00
  124.9700   4.8624764E+05   1.0141577E+00
  124.9800   4.8596346E+05   1.0141559E+00
  124.9900   4.8568210E+05   1.0141542E+00
  125.0000   4.8540353E+05   1.0141525E+00
  125.0100   4.8512775E+05   1.0141508E+00
  125.0200   4.8485480E+05   1.0141492E+00
  125.0300   4.8458474E+05   1.0141475E+00
  125.0400   4.8431749E+05   1.0141459E+00
  125.0500   4.8405317E+05   1.0141443E+00
  125.0600   4.8379176E+05   1.0141427E+00
  125.0700   4.8353328E+05   1.0141411E+00
  125.0800   4.8327777E+05   1.0141396E+00
  125.0900   4.8302530E+05   1.0141380E+00
  125.1000   4.8277580E+05   1.0141365E+00
  125.1100   4.8252942E+05   1.0141350E+00
  125.1200   4.8228614E+05   1.0141335E+00
  125.1300   4.8204601E+05   1.0141321E+00
  125.1400   4.8180909E+05   1.0141306E+00
  125.1500   4.8157529E+05   1.0141292E+00
  125.1600   4.8134474E+05   1.0141278E+00
  125.1700   4.8111745E+05   1.0141264E+00
  125.1800   4.8089343E+05   1.0141250E+00
  125.1900   4.8067275E+05   1.0141237E+00
  125.2000   4.8045531E+05   1.0141224E+00
  125.2100   4.8024127E+05   1.0141211E+00
  125.2200   4.8003060E+05   1.0141198E+00
  125.2300   4.7982334E+05   1.0141185E+00
  125.2400   4.7961955E+05   1.0141173E+00
  125.2500   4.7941915E+05   1.0141160E+00
  125.2600   4.7922229E+05   1.0141148E+00
  125.2700   4.7902895E+05   1.0141137E+00
  125.2800   4.7883920E+05   1.0141125E+00
  125.2900   4.7865291E+05   1.0141114E+00
  125.3000   4.7847020E+05   1.0141103E+00
  125.3100   4.7829105E+05   1.0141092E+00
  125.3200   4.7811548E+05   1.0141081E+00
  125.3300   4.7794353E+05   1.0141070E+00
  125.3400   4.7777530E+05   1.0141060E+00
  125.3500   4.7761074E+05   1.0141050E+00
  125.3600   4.7744985E+05   1.0141040E+00
  125.3700   4.7729266E+05   1.0141031E+00
  125.3800   4.7713925E+05   1.0141021E+00
  125.3900   4.7698955E+05   1.0141012E+00
  125.4000   4.7684371E+05   1.0141003E+00
  125.4100   4.7670177E+05   1.0140995E+00
  125.4200   4.7656379E+05   1.0140986E+00
  125.4300   4.7642968E+05   1.0140978E+00
  125.4400   4.7629941E+05   1.0140970E+00
  125.4500   4.7617319E+05   1.0140962E+00
  125.4600   4.7605087E+05   1.0140955E+00
  125.4700   4.7593257E+05   1.0140948E+00
  125.4800   4.7581824E+05   1.0140941E+00
  125.4900   4.7570789E+05   1.0140934E+00
  125.5000   4.7560157E+05   1.0140928E+00
  125.5100   4.7549937E+05   1.0140921E+00
  125.5200   4.7540125E+05   1.0140915E+00
  125.5300   4.7530722E+05   1.0140910E+00
  125.5400   4.7521732E+05   1.0140904E+00
  125.5500   4.7513165E+05   1.0140899E+00
  125.5600   4.7505018E+05   1.0140894E+00
  125.5700   4.7497289E+05   1.0140889E+00
  125.5800   4.7489986E+05   1.0140885E+00
  125.5900   4.7483118E+05   1.0140881E+00
  125.6000   4.7476682E+05   1.0140877E+00
  125.6100   4.7470679E+05   1.0140873E+00
  125.6200   4.7465116E+05   1.0140870E+00
  125.6300   4.7459986E+05   1.0140867E+00
  125.6400   4.7455304E+05   1.0140864E+00
  125.6500   4.7451073E+05   1.0140861E+00
  125.6600   4.7447284E+05   1.0140859E+00
  125.6700   4.7443948E+05   1.0140857E+00
  125.6800   4.7441066E+05   1.0140855E+00
  125.6900   4.7438642E+05   1.0140854E+00
  125.7000   4.7436667E+05   1.0140853E+00
  125.7100   4.7435157E+05   1.0140852E+00
  125.7200   4.7434112E+05   1.0140851E+00
  125.7300   4.7433540E+05   1.0140851E+00
  125.7400   4.7433435E+05   1.0140851E+00
  125.7500   4.7433795E+05   1.0140851E+00
  125.7600   4.7434625E+05   1.0140851E+00
  125.7700   4.7435935E+05   1.0140852E+00
  125.7800   4.7437721E+05   1.0140853E+00
  125.7900   4.7439986E+05   1.0140855E+00
  125.8000   4.7442735E+05   1.0140856E+00
  125.8100   4.7445964E+05   1.0140858E+00
  125.8200   4.7449673E+05   1.0140861E+00
  125.8300   4.7453867E+05   1.0140863E+00
  125.8400   4.7458556E+05   1.0140866E+00
  125.8500   4.7463737E+05   1.0140869E+00
  125.8600   4.7469416E+05   1.0140873E+00
  125.8700   4.7475599E+05   1.0140877E+00
  125.8800   4.7482284E+05   1.0140881E+00
  125.8900   4.7489472E+05   1.0140885E+00
  125.9000   4.7497171E+05   1.0140890E+00
  125.9100   4.7505375E+05   1.0140895E+00
  125.9200   4.7514086E+05   1.0140900E+00
  125.9300   4.7523309E+05   1.0140906E+00
  125.9400   4.7533038E+05   1.0140912E+00
  125.9500   4.7543291E+05   1.0140918E+00
  125.9600   4.7554054E+05   1.0140925E+00
  125.9700   4.7565338E+05   1.0140932E+00
  125.9800   4.7577143E+05   1.0140939E+00
  125.9900   4.7589471E+05   1.0140946E+00
  126.0000   4.7602333E+05   1.0140954E+00
  126.0100   4.7615727E+05   1.0140962E+00
  126.0200   4.7629656E+05   1.0140971E+00
  126.0300   4.7644113E+05   1.0140980E+00
  126.0400   4.7659094E+05   1.0140989E+00
  126.0500   4.7674602E+05   1.0140999E+00
  126.0600   4.7690647E+05   1.0141008E+00
  126.0700   4.7707225E+05   1.0141019E+00
  126.0800   4.7724339E+05   1.0141029E+00
  126.0900   4.7741998E+05   1.0141040E+00
  126.1000   4.7760199E+05   1.0141051E+00
  126.1100   4.7778943E+05   1.0141062E+00
  126.1200   4.7798241E+05   1.0141074E+00
  126.1300   4.7818088E+05   1.0141086E+00
  126.1400   4.7838486E+05   1.0141099E+00
  126.1500   4.7859428E+05   1.0141112E+00
  126.1600   4.7880928E+05   1.0141125E+00
  126.1700   4.7902970E+05   1.0141138E+00
  126.1800   4.7925564E+05   1.0141152E+00
  126.1900   4.7948706E+05   1.0141166E+00
  126.2000   4.7972400E+05   1.0141181E+00
  126.2100   4.7996655E+05   1.0141196E+00
  126.2200   4.8021467E+05   1.0141211E+00
  126.2300   4.8046842E+05   1.0141226E+00
  126.2400   4.8072769E+05   1.0141242E+00
  126.2500   4.8099248E+05   1.0141259E+00
  126.2600   4.8126280E+05   1.0141275E+00
  126.2700   4.8153878E+05   1.0141292E+00
  126.2800   4.8182038E+05   1.0141309E+00
  126.2900   4.8210747E+05   1.0141327E+00
  126.3000   4.8240016E+05   1.0141345E+00
  126.3100   4.8269842E+05   1.0141363E+00
  126.3200   4.8300231E+05   1.0141382E+00
  126.3300   4.8331176E+05   1.0141401E+00
  126.3400   4.8362675E+05   1.0141420E+00
  126.3500   4.8394734E+05   1.0141439E+00
  126.3600   4.8427345E+05   1.0141459E+00
  126.3700   4.8460509E+05   1.0141480E+00
  126.3800   4.8494231E+05   1.0141500E+00
  126.3900   4.8528504E+05   1.0141521E+00
  126.4000   4.8563328E+05   1.0141543E+00
  126.4100   4.8598709E+05   1.0141564E+00
  126.4200   4.8634641E+05   1.0141586E+00
  126.4300   4.8671124E+05   1.0141609E+00
  126.4400   4.8708145E+05   1.0141631E+00
  126.4500   4.8745718E+05   1.0141654E+00
  126.4600   4.8783841E+05   1.0141678E+00
  126.4700   4.8822504E+05   1.0141701E+00
  126.4800   4.8861699E+05   1.0141725E+00
  126.4900   4.8901428E+05   1.0141750E+00
  126.5000   4.8941696E+05   1.0141774E+00
  126.5100   4.8982496E+05   1.0141799E+00
  126.5200   4.9023829E+05   1.0141825E+00
  126.5300   4.9065701E+05   1.0141850E+00
  126.5400   4.9108104E+05   1.0141876E+00
  126.5500   4.9151037E+05   1.0141903E+00
  126.5600   4.9194489E+05   1.0141929E+00
  126.5700   4.9238452E+05   1.0141956E+00
  126.5800   4.9282925E+05   1.0141983E+00
  126.5900   4.9327911E+05   1.0142011E+00
  126.6000   4.9373404E+05   1.0142039E+00
  126.6100   4.9419399E+05   1.0142067E+00
  126.6200   4.9465900E+05   1.0142095E+00
  126.6300   4.9512899E+05   1.0142124E+00
  126.6400   4.9560390E+05   1.0142153E+00
  126.6500   4.9608375E+05   1.0142183E+00
  126.6600   4.9656844E+05   1.0142212E+00
  126.6700   4.9705790E+05   1.0142242E+00
  126.6800   4.9755214E+05   1.0142273E+00
  126.6900   4.9805119E+05   1.0142303E+00
  126.7000   4.9855499E+05   1.0142334E+00
  126.7100   4.9906350E+05   1.0142365E+00
  126.7200   4.9957658E+05   1.0142397E+00
  126.7300   5.0009412E+05   1.0142428E+00
  126.7400   5.0061605E+05   1.0142460E+00
  126.7500   5.0114239E+05   1.0142493E+00
  126.7600   5.0167317E+05   1.0142525E+00
  126.7700   5.0220831E+05   1.0142558E+00
  126.7800   5.0274776E+05   1.0142591E+00
  126.7900   5.0329135E+05   1.0142624E+00
  126.8000   5.0383914E+05   1.0142658E+00
  126.8100   5.0439104E+05   1.0142692E+00
  126.8200   5.0494703E+05   1.0142726E+00
  126.8300   5.0550693E+05   1.0142760E+00
  126.8400   5.0607080E+05   1.0142794E+00
  126.8500   5.0663855E+05   1.0142829E+00
  126.8600   5.0721015E+05   1.0142864E+00
  126.8700   5.0778542E+05   1.0142900E+00
  126.8800   5.0836422E+05   1.0142935E+00
  126.8900   5.0894664E+05   1.0142971E+00
  126.9000   5.0953262E+05   1.0143007E+00
  126.9100   5.1012196E+05   1.0143043E+00
  126.9200   5.1071468E+05   1.0143079E+00
  126.9300   5.1131066E+05   1.0143116E+00
  126.9400   5.1190982E+05   1.0143152E+00
  126.9500   5.1251209E+05   1.0143189E+00
  126.9600   5.1311747E+05   1.0143226E+00
  126.9700   5.1372580E+05   1.0143264E+00
  126.9800   5.1433693E+05   1.0143301E+00
  126.9900   5.1495078E+05   1.0143339E+00
  127.0000   5.1556727E+05   1.0143376E+00
  127.0100   5.1618637E+05   1.0143414E+00
  127.0200   5.1680807E+05   1.0143453E+00
  127.0300   5.1743219E+05   1.0143491E+00
  127.0400   5.1805862E+05   1.0143529E+00
  127.0500   5.1868724E+05   1.0143568E+00
  127.0600   5.1931796E+05   1.0143606E+00
  127.0700   5.1995073E+05   1.0143645E+00
  127.0800   5.2058551E+05   1.0143684E+00
  127.0900   5.2122210E+05   1.0143723E+00
  127.1000   5.2186050E+05   1.0143762E+00
  127.1100   5.2250057E+05   1.0143802E+00
  127.1200   5.2314215E+05   1.0143841E+00
  127.1300   5.2378514E+05   1.0143880E+00
  127.1400   5.2442942E+05   1.0143920E+00
  127.1500   5.2507492E+05   1.0143959E+00
  127.1600   5.2572155E+05   1.0143999E+00
  127.1700   5.2636924E+05   1.0144039E+00
  127.1800   5.2701796E+05   1.0144079E+00
  127.1900   5.2766747E+05   1.0144118E+00
  127.2000   5.2831775E+05   1.0144158E+00
  127.2100   5.2896860E+05   1.0144198E+00
  127.2200   5.2961999E+05   1.0144238E+00
  127.2300   5.3027175E+05   1.0144278E+00
  127.2400   5.3092386E+05   1.0144318E+00
  127.2500   5.3157615E+05   1.0144358E+00
  127.2600   5.3222861E+05   1.0144398E+00
  127.2700   5.3288108E+05   1.0144438E+00
  127.2800   5.3353337E+05   1.0144478E+00
  127.2900   5.3418548E+05   1.0144518E+00
  127.3000   5.3483724E+05   1.0144558E+00
  127.3100   5.3548846E+05   1.0144598E+00
  127.3200   5.3613914E+05   1.0144638E+00
  127.3300   5.3678908E+05   1.0144678E+00
  127.3400   5.3743826E+05   1.0144718E+00
  127.3500   5.3808647E+05   1.0144758E+00
  127.3600   5.3873366E+05   1.0144797E+00
  127.3700   5.3937961E+05   1.0144837E+00
  127.3800   5.4002425E+05   1.0144877E+00
  127.3900   5.4066751E+05   1.0144916E+00
  127.4000   5.4130928E+05   1.0144955E+00
  127.4100   5.4194946E+05   1.0144995E+00
  127.4200   5.4258792E+05   1.0145034E+00
  127.4300   5.4322451E+05   1.0145073E+00
  127.4400   5.4385908E+05   1.0145112E+00
  127.4500   5.4449160E+05   1.0145151E+00
  127.4600   5.4512187E+05   1.0145189E+00
  127.4700   5.4574984E+05   1.0145228E+00
  127.4800   5.4637543E+05   1.0145266E+00
  127.4900   5.4699834E+05   1.0145305E+00
  127.5000   5.4761863E+05   1.0145343E+00
  127.5100   5.4823613E+05   1.0145381E+00
  127.5200   5.4885065E+05   1.0145418E+00
  127.5300   5.4946213E+05   1.0145456E+00
  127.5400   5.5007051E+05   1.0145493E+00
  127.5500   5.5067566E+05   1.0145531E+00
  127.5600   5.5127745E+05   1.0145568E+00
  127.5700   5.5187567E+05   1.0145604E+00
  127.5800   5.5247029E+05   1.0145641E+00
  127.5900   5.5306123E+05   1.0145677E+00
  127.6000   5.5364836E+05   1.0145713E+00
  127.6100   5.5423151E+05   1.0145749E+00
  127.6200   5.5481066E+05   1.0145785E+00
  127.6300   5.5538555E+05   1.0145820E+00
  127.6400   5.5595606E+05   1.0145855E+00
  127.6500   5.5652221E+05   1.0145890E+00
  127.6600   5.5708377E+05   1.0145924E+00
  127.6700   5.5764068E+05   1.0145959E+00
  127.6800   5.5819277E+05   1.0145993E+00
  127.6900   5.5874006E+05   1.0146026E+00
  127.7000   5.5928248E+05   1.0146060E+00
  127.7100   5.5981991E+05   1.0146093E+00
  127.7200   5.6035218E+05   1.0146125E+00
  127.7300   5.6087925E+05   1.0146158E+00
  127.7400   5.6140101E+05   1.0146190E+00
  127.7500   5.6191731E+05   1.0146222E+00
  127.7600   5.6242809E+05   1.0146253E+00
  127.7700   5.6293327E+05   1.0146284E+00
  127.7800   5.6343267E+05   1.0146315E+00
  127.7900   5.6392625E+05   1.0146345E+00
  127.8000   5.6441390E+05   1.0146376E+00
  127.8100   5.6489544E+05   1.0146405E+00
  127.8200   5.6537082E+05   1.0146434E+00
  127.8300   5.6583989E+05   1.0146463E+00
  127.8400   5.6630265E+05   1.0146492E+00
  127.8500   5.6675901E+05   1.0146520E+00
  127.8600   5.6720880E+05   1.0146548E+00
  127.8700   5.6765197E+05   1.0146575E+00
  127.8800   5.6808841E+05   1.0146602E+00
  127.8900   5.6851810E+05   1.0146628E+00
  127.9000   5.6894094E+05   1.0146655E+00
  127.9100   5.6935695E+05   1.0146680E+00
  127.9200   5.6976607E+05   1.0146705E+00
  127.9300   5.7016816E+05   1.0146730E+00
  127.9400   5.7056319E+05   1.0146755E+00
  127.9500   5.7095104E+05   1.0146779E+00
  127.9600   5.7133171E+05   1.0146802E+00
  127.9700   5.7170511E+05   1.0146825E+00
  127.9800   5.7207107E+05   1.0146848E+00
  127.9900   5.7242951E+05   1.0146870E+00
  128.0000   5.7278047E+05   1.0146892E+00
  128.0100   5.7312389E+05   1.0146913E+00
  128.0200   5.7345963E+05   1.0146934E+00
  128.0300   5.7378765E+05   1.0146954E+00
  128.0400   5.7410801E+05   1.0146974E+00
  128.0500   5.7442048E+05   1.0146993E+00
  128.0600   5.7472514E+05   1.0147012E+00
  128.0700   5.7502196E+05   1.0147030E+00
  128.0800   5.7531083E+05   1.0147048E+00
  128.0900   5.7559173E+05   1.0147066E+00
  128.1000   5.7586456E+05   1.0147083E+00
  128.1100   5.7612931E+05   1.0147099E+00
  128.1200   5.7638586E+05   1.0147115E+00
  128.1300   5.7663422E+05   1.0147130E+00
  128.1400   5.7687446E+05   1.0147145E+00
  128.1500   5.7710657E+05   1.0147160E+00
  128.1600   5.7733045E+05   1.0147174E+00
  128.1700   5.7754608E+05   1.0147187E+00
  128.1800   5.7775337E+05   1.0147200E+00
  128.1900   5.7795230E+05   1.0147212E+00
  128.2000   5.7814294E+05   1.0147224E+00
  128.2100   5.7832529E+05   1.0147236E+00
  128.2200   5.7849923E+05   1.0147247E+00
  128.2300   5.7866474E+05   1.0147257E+00
  128.2400   5.7882189E+05   1.0147267E+00
  128.2500   5.7897065E+05   1.0147276E+00
  128.2600   5.7911110E+05   1.0147285E+00
  128.2700   5.7924320E+05   1.0147293E+00
  128.2800   5.7936701E+05   1.0147301E+00
  128.2900   5.7948250E+05   1.0147309E+00
  128.3000   5.7958955E+05   1.0147315E+00
  128.3100   5.7968830E+05   1.0147322E+00
  128.3200   5.7977862E+05   1.0147327E+00
  128.3300   5.7986067E+05   1.0147333E+00
  128.3400   5.7993448E+05   1.0147337E+00
  128.3500   5.8000002E+05   1.0147342E+00
  128.3600   5.8005733E+05   1.0147346E+00
  128.3700   5.8010638E+05   1.0147349E+00
  128.3800   5.8014721E+05   1.0147352E+00
  128.3900   5.8017977E+05   1.0147354E+00
  128.4000   5.8020411E+05   1.0147356E+00
  128.4100   5.8022037E+05   1.0147357E+00
  128.4200   5.8022859E+05   1.0147358E+00
  128.4300   5.8022873E+05   1.0147358E+00
  128.4400   5.8022085E+05   1.0147358E+00
  128.4500   5.8020507E+05   1.0147357E+00
  128.4600   5.8018146E+05   1.0147356E+00
  128.4700   5.8014998E+05   1.0147354E+00
  128.4800   5.8011069E+05   1.0147352E+00
  128.4900   5.8006357E+05   1.0147349E+00
  128.5000   5.8000869E+05   1.0147346E+00
  128.5100   5.7994620E+05   1.0147343E+00
  128.5200   5.7987620E+05   1.0147339E+00
  128.5300   5.7979868E+05   1.0147334E+00
  128.5400   5.7971372E+05   1.0147329E+00
  128.5500   5.7962136E+05   1.0147324E+00
  128.5600   5.7952168E+05   1.0147318E+00
  128.5700   5.7941473E+05   1.0147312E+00
  128.5800   5.7930064E+05   1.0147305E+00
  128.5900   5.7917945E+05   1.0147298E+00
  128.6000   5.7905133E+05   1.0147290E+00
  128.6100   5.7891634E+05   1.0147282E+00
  128.6200   5.7877450E+05   1.0147274E+00
  128.6300   5.7862590E+05   1.0147265E+00
  128.6400   5.7847057E+05   1.0147256E+00
  128.6500   5.7830867E+05   1.0147246E+00
  128.6600   5.7814024E+05   1.0147236E+00
  128.6700   5.7796547E+05   1.0147226E+00
  128.6800   5.7778445E+05   1.0147215E+00
  128.6900   5.7759723E+05   1.0147204E+00
  128.7000   5.7740395E+05   1.0147192E+00
  128.7100   5.7720468E+05   1.0147180E+00
  128.7200   5.7699962E+05   1.0147168E+00
  128.7300   5.7678873E+05   1.0147155E+00
  128.7400   5.7657224E+05   1.0147142E+00
  128.7500   5.7635017E+05   1.0147129E+00
  128.7600   5.7612262E+05   1.0147115E+00
  128.7700   5.7588967E+05   1.0147101E+00
  128.7800   5.7565149E+05   1.0147087E+00
  128.7900   5.7540822E+05   1.0147072E+00
  128.8000   5.7515991E+05   1.0147057E+00
  128.8100   5.7490677E+05   1.0147042E+00
  128.8200   5.7464893E+05   1.0147027E+00
  128.8300   5.7438648E+05   1.0147011E+00
  128.8400   5.7411963E+05   1.0146995E+00
  128.8500   5.7384838E+05   1.0146978E+00
  128.8600   5.7357285E+05   1.0146962E+00
  128.8700   5.7329328E+05   1.0146945E+00
  128.8800   5.7300971E+05   1.0146928E+00
  128.8900   5.7272229E+05   1.0146910E+00
  128.9000   5.7243116E+05   1.0146893E+00
  128.9100   5.7213638E+05   1.0146875E+00
  128.9200   5.7183819E+05   1.0146857E+00
  128.9300   5.7153676E+05   1.0146839E+00
  128.9400   5.7123223E+05   1.0146821E+00
  128.9500   5.7092473E+05   1.0146802E+00
  128.9600   5.7061433E+05   1.0146783E+00
  128.9700   5.7030126E+05   1.0146764E+00
  128.9800   5.6998553E+05   1.0146745E+00
  128.9900   5.6966731E+05   1.0146726E+00
  129.0000   5.6934675E+05   1.0146707E+00
  129.0100   5.6902395E+05   1.0146687E+00
  129.0200   5.6869919E+05   1.0146667E+00
  129.0300   5.6837254E+05   1.0146648E+00
  129.0400   5.6804422E+05   1.0146628E+00
  129.0500   5.6771427E+05   1.0146608E+00
  129.0600   5.6738286E+05   1.0146588E+00
  129.0700   5.6705018E+05   1.0146568E+00
  129.0800   5.6671639E+05   1.0146548E+00
  129.0900   5.6638163E+05   1.0146527E+00
  129.1000   5.6604605E+05   1.0146507E+00
  129.1100   5.6570976E+05   1.0146487E+00
  129.1200   5.6537288E+05   1.0146466E+00
  129.1300   5.6503554E+05   1.0146446E+00
  129.1400   5.6469801E+05   1.0146425E+00
  129.1500   5.6436041E+05   1.0146405E+00
  129.1600   5.6402283E+05   1.0146385E+00
  129.1700   5.6368538E+05   1.0146364E+00
  129.1800   5.6334835E+05   1.0146344E+00
  129.1900   5.6301184E+05   1.0146323E+00
  129.2000   5.6267598E+05   1.0146303E+00
  129.2100   5.6234087E+05   1.0146283E+00
  129.2200   5.6200667E+05   1.0146263E+00
  129.2300   5.6167349E+05   1.0146242E+00
  129.2400   5.6134150E+05   1.0146222E+00
  129.2500   5.6101085E+05   1.0146202E+00
  129.2600   5.6068173E+05   1.0146182E+00
  129.2700   5.6035434E+05   1.0146163E+00
  129.2800   5.6002870E+05   1.0146143E+00
  129.2900   5.5970505E+05   1.0146123E+00
  129.3000   5.5938346E+05   1.0146104E+00
  129.3100   5.5906403E+05   1.0146084E+00
  129.3200   5.5874706E+05   1.0146065E+00
  129.3300   5.5843252E+05   1.0146046E+00
  129.3400   5.5812058E+05   1.0146027E+00
  129.3500   5.5781145E+05   1.0146009E+00
  129.3600   5.5750517E+05   1.0145990E+00
  129.3700   5.5720202E+05   1.0145972E+00
  129.3800   5.5690210E+05   1.0145954E+00
  129.3900   5.5660558E+05   1.0145936E+00
  129.4000   5.5631247E+05   1.0145918E+00
  129.4100   5.5602299E+05   1.0145900E+00
  129.4200   5.5573722E+05   1.0145883E+00
  129.4300   5.5545531E+05   1.0145866E+00
  129.4400   5.5517742E+05   1.0145849E+00
  129.4500   5.5490358E+05   1.0145833E+00
  129.4600   5.5463387E+05   1.0145816E+00
  129.4700   5.5436843E+05   1.0145800E+00
  129.4800   5.5410741E+05   1.0145784E+00
  129.4900   5.5385104E+05   1.0145769E+00
  129.5000   5.5359941E+05   1.0145754E+00
  129.5100   5.5335248E+05   1.0145739E+00
  129.5200   5.5311045E+05   1.0145724E+00
  129.5300   5.5287339E+05   1.0145710E+00
  129.5400   5.5264140E+05   1.0145696E+00
  129.5500   5.5241469E+05   1.0145682E+00
  129.5600   5.5219329E+05   1.0145669E+00
  129.5700   5.5197733E+05   1.0145656E+00
  129.5800   5.5176697E+05   1.0145643E+00
  129.5900   5.5156228E+05   1.0145631E+00
  129.6000   5.5136337E+05   1.0145619E+00
  129.6100   5.5117024E+05   1.0145607E+00
  129.6200   5.5098295E+05   1.0145596E+00
  129.6300   5.5080163E+05   1.0145585E+00
  129.6400   5.5062648E+05   1.0145574E+00
  129.6500   5.5045758E+05   1.0145564E+00
  129.6600   5.5029490E+05   1.0145554E+00
  129.6700   5.5013847E+05   1.0145545E+00
  129.6800   5.4998841E+05   1.0145536E+00
  129.6900   5.4984488E+05   1.0145527E+00
  129.7000   5.4970797E+05   1.0145519E+00
  129.7100   5.4957762E+05   1.0145511E+00
  129.7200   5.4945388E+05   1.0145504E+00
  129.7300   5.4933685E+05   1.0145497E+00
  129.7400   5.4922670E+05   1.0145490E+00
  129.7500   5.4912334E+05   1.0145484E+00
  129.7600   5.4902691E+05   1.0145478E+00
  129.7700   5.4893746E+05   1.0145473E+00
  129.7800   5.4885511E+05   1.0145468E+00
  129.7900   5.4877988E+05   1.0145464E+00
  129.8000   5.4871169E+05   1.0145460E+00
  129.8100   5.4865072E+05   1.0145456E+00
  129.8200   5.4859705E+05   1.0145453E+00
  129.8300   5.4855064E+05   1.0145450E+00
  129.8400   5.4851155E+05   1.0145448E+00
  129.8500   5.4847974E+05   1.0145446E+00
  129.8600   5.4845525E+05   1.0145445E+00
  129.8700   5.4843818E+05   1.0145444E+00
  129.8800   5.4842857E+05   1.0145444E+00
  129.8900   5.4842632E+05   1.0145444E+00
  129.9000   5.4843144E+05   1.0145444E+00
  129.9100   5.4844401E+05   1.0145445E+00
  129.9200   5.4846402E+05   1.0145446E+00
  129.9300   5.4849152E+05   1.0145448E+00
  129.9400   5.4852649E+05   1.0145450E+00
  129.9500   5.4856898E+05   1.0145453E+00
  129.9600   5.4861894E+05   1.0145456E+00
  129.9700   5.4867640E+05   1.0145460E+00
  129.9800   5.4874131E+05   1.0145464E+00
  129.9900   5.4881367E+05   1.0145469E+00
  130.0000   5.4889341E+05   1.0145474E+00
  130.0100   5.4898054E+05   1.0145479E+00
  130.0200   5.4907513E+05   1.0145485E+00
  130.0300   5.4917718E+05   1.0145491E+00
  130.0400   5.4928657E+05   1.0145498E+00
  130.0500   5.4940326E+05   1.0145505E+00
  130.0600   5.4952732E+05   1.0145513E+00
  130.0700   5.4965867E+05   1.0145521E+00
  130.0800   5.4979737E+05   1.0145530E+00
  130.0900   5.4994334E+05   1.0145539E+00
  130.1000   5.5009640E+05   1.0145549E+00
  130.1100   5.5025665E+05   1.0145558E+00
  130.1200   5.5042407E+05   1.0145569E+00
  130.1300   5.5059856E+05   1.0145580E+00
  130.1400   5.5078007E+05   1.0145591E+00
  130.1500   5.5096847E+05   1.0145603E+00
  130.1600   5.5116369E+05   1.0145615E+00
  130.1700   5.5136576E+05   1.0145627E+00
  130.1800   5.5157457E+05   1.0145640E+00
  130.1900   5.5179011E+05   1.0145653E+00
  130.2000   5.5201225E+05   1.0145667E+00
  130.2100   5.5224095E+05   1.0145681E+00
  130.2200   5.5247623E+05   1.0145696E+00
  130.2300   5.5271800E+05   1.0145711E+00
  130.2400   5.5296606E+05   1.0145726E+00
  130.2500   5.5322048E+05   1.0145742E+00
  130.2600   5.5348101E+05   1.0145758E+00
  130.2700   5.5374767E+05   1.0145774E+00
  130.2800   5.5402035E+05   1.0145791E+00
  130.2900   5.5429903E+05   1.0145808E+00
  130.3000   5.5458356E+05   1.0145826E+00
  130.3100   5.5487384E+05   1.0145844E+00
  130.3200   5.5516987E+05   1.0145862E+00
  130.3300   5.5547150E+05   1.0145880E+00
  130.3400   5.5577866E+05   1.0145899E+00
  130.3500   5.5609116E+05   1.0145919E+00
  130.3600   5.5640885E+05   1.0145938E+00
  130.3700   5.5673167E+05   1.0145958E+00
  130.3800   5.5705958E+05   1.0145978E+00
  130.3900   5.5739245E+05   1.0145999E+00
  130.4000   5.5773019E+05   1.0146020E+00
  130.4100   5.5807257E+05   1.0146041E+00
  130.4200   5.5841962E+05   1.0146062E+00
  130.4300   5.5877121E+05   1.0146084E+00
  130.4400   5.5912711E+05   1.0146106E+00
  130.4500   5.5948730E+05   1.0146128E+00
  130.4600   5.5985162E+05   1.0146150E+00
  130.4700   5.6021997E+05   1.0146173E+00
  130.4800   5.6059231E+05   1.0146196E+00
  130.4900   5.6096842E+05   1.0146219E+00
  130.5000   5.6134816E+05   1.0146242E+00
  130.5100   5.6173141E+05   1.0146266E+00
  130.5200   5.6211811E+05   1.0146290E+00
  130.5300   5.6250803E+05   1.0146314E+00
  130.5400   5.6290098E+05   1.0146338E+00
  130.5500   5.6329702E+05   1.0146362E+00
  130.5600   5.6369583E+05   1.0146387E+00
  130.5700   5.6409735E+05   1.0146412E+00
  130.5800   5.6450151E+05   1.0146437E+00
  130.5900   5.6490812E+05   1.0146462E+00
  130.6000   5.6531699E+05   1.0146487E+00
  130.6100   5.6572799E+05   1.0146512E+00
  130.6200   5.6614097E+05   1.0146537E+00
  130.6300   5.6655584E+05   1.0146563E+00
  130.6400   5.6697251E+05   1.0146589E+00
  130.6500   5.6739074E+05   1.0146614E+00
  130.6600   5.6781047E+05   1.0146640E+00
  130.6700   5.6823151E+05   1.0146666E+00
  130.6800   5.6865365E+05   1.0146692E+00
  130.6900   5.6907690E+05   1.0146718E+00
  130.7000   5.6950107E+05   1.0146744E+00
  130.7100   5.6992601E+05   1.0146771E+00
  130.7200   5.7035158E+05   1.0146797E+00
  130.7300   5.7077761E+05   1.0146823E+00
  130.7400   5.7120399E+05   1.0146849E+00
  130.7500   5.7163056E+05   1.0146875E+00
  130.7600   5.7205720E+05   1.0146902E+00
  130.7700   5.7248377E+05   1.0146928E+00
  130.7800   5.7291015E+05   1.0146954E+00
  130.7900   5.7333601E+05   1.0146981E+00
  130.8000   5.7376122E+05   1.0147007E+00
  130.8100   5.7418563E+05   1.0147033E+00
  130.8200   5.7460927E+05   1.0147059E+00
  130.8300   5.7503198E+05   1.0147085E+00
  130.8400   5.7545357E+05   1.0147111E+00
  130.8500   5.7587386E+05   1.0147137E+00
  130.8600   5.7629266E+05   1.0147163E+00
  130.8700   5.7670993E+05   1.0147188E+00
  130.8800   5.7712543E+05   1.0147214E+00
  130.8900   5.7753910E+05   1.0147240E+00
  130.9000   5.7795084E+05   1.0147265E+00
  130.9100   5.7836036E+05   1.0147290E+00
  130.9200   5.7876753E+05   1.0147315E+00
  130.9300   5.7917236E+05   1.0147340E+00
  130.9400   5.7957466E+05   1.0147365E+00
  130.9500   5.7997421E+05   1.0147390E+00
  130.9600   5.8037096E+05   1.0147414E+00
  130.9700   5.8076481E+05   1.0147438E+00
  130.9800   5.8115563E+05   1.0147463E+00
  130.9900   5.8154326E+05   1.0147486E+00
  131.0000   5.8192750E+05   1.0147510E+00
  131.0100   5.8230830E+05   1.0147534E+00
  131.0200   5.8268557E+05   1.0147557E+00
  131.0300   5.8305918E+05   1.0147580E+00
  131.0400   5.8342896E+05   1.0147603E+00
  131.0500   5.8379471E+05   1.0147625E+00
  131.0600   5.8415634E+05   1.0147648E+00
  131.0700   5.8451373E+05   1.0147670E+00
  131.0800   5.8486673E+05   1.0147692E+00
  131.0900   5.8521529E+05   1.0147713E+00
  131.1000   5.8555933E+05   1.0147735E+00
  131.1100   5.8589872E+05   1.0147756E+00
  131.1200   5.8623328E+05   1.0147776E+00
  131.1300   5.8656295E+05   1.0147797E+00
  131.1400   5.8688761E+05   1.0147817E+00
  131.1500   5.8720711E+05   1.0147836E+00
  131.1600   5.8752141E+05   1.0147856E+00
  131.1700   5.8783039E+05   1.0147875E+00
  131.1800   5.8813392E+05   1.0147894E+00
  131.1900   5.8843194E+05   1.0147912E+00
  131.2000   5.8872437E+05   1.0147930E+00
  131.2100   5.8901105E+05   1.0147948E+00
  131.2200   5.8929192E+05   1.0147966E+00
  131.2300   5.8956690E+05   1.0147983E+00
  131.2400   5.8983599E+05   1.0147999E+00
  131.2500   5.9009895E+05   1.0148016E+00
  131.2600   5.9035584E+05   1.0148032E+00
  131.2700   5.9060648E+05   1.0148047E+00
  131.2800   5.9085079E+05   1.0148062E+00
  131.2900   5.9108880E+05   1.0148077E+00
  131.3000   5.9132030E+05   1.0148092E+00
  131.3100   5.9154536E+05   1.0148106E+00
  131.3200   5.9176380E+05   1.0148119E+00
  131.3300   5.9197555E+05   1.0148132E+00
  131.3400   5.9218065E+05   1.0148145E+00
  131.3500   5.9237889E+05   1.0148158E+00
  131.3600   5.9257032E+05   1.0148170E+00
  131.3700   5.9275477E+05   1.0148181E+00
  131.3800   5.9293234E+05   1.0148192E+00
  131.3900   5.9310285E+05   1.0148203E+00
  131.4000   5.9326626E+05   1.0148213E+00
  131.4100   5.9342261E+05   1.0148223E+00
  131.4200   5.9357187E+05   1.0148232E+00
  131.4300   5.9371393E+05   1.0148241E+00
  131.4400   5.9384879E+05   1.0148250E+00
  131.4500   5.9397634E+05   1.0148258E+00
  131.4600   5.9409662E+05   1.0148266E+00
  131.4700   5.9420954E+05   1.0148273E+00
  131.4800   5.9431514E+05   1.0148280E+00
  131.4900   5.9441337E+05   1.0148286E+00
  131.5000   5.9450428E+05   1.0148292E+00
  131.5100   5.9458785E+05   1.0148297E+00
  131.5200   5.9466395E+05   1.0148302E+00
  131.5300   5.9473257E+05   1.0148306E+00
  131.5400   5.9479381E+05   1.0148310E+00
  131.5500   5.9484766E+05   1.0148314E+00
  131.5600   5.9489404E+05   1.0148317E+00
  131.5700   5.9493298E+05   1.0148320E+00
  131.5800   5.9496442E+05   1.0148322E+00
  131.5900   5.9498838E+05   1.0148324E+00
  131.6000   5.9500483E+05   1.0148325E+00
  131.6100   5.9501381E+05   1.0148326E+00
  131.6200   5.9501529E+05   1.0148326E+00
  131.6300   5.9500935E+05   1.0148326E+00
  131.6400   5.9499595E+05   1.0148326E+00
  131.6500   5.9497520E+05   1.0148325E+00
  131.6600   5.9494709E+05   1.0148323E+00
  131.6700   5.9491154E+05   1.0148321E+00
  131.6800   5.9486857E+05   1.0148319E+00
  131.6900   5.9481831E+05   1.0148316E+00
  131.7000   5.9476077E+05   1.0148313E+00
  131.7100   5.9469594E+05   1.0148309E+00
  131.7200   5.9462385E+05   1.0148305E+00
  131.7300   5.9454468E+05   1.0148300E+00
  131.7400   5.9445831E+05   1.0148295E+00
  131.7500   5.9436494E+05   1.0148290E+00
  131.7600   5.9426448E+05   1.0148284E+00
  131.7700   5.9415695E+05   1.0148278E+00
  131.7800   5.9404250E+05   1.0148271E+00
  131.7900   5.9392117E+05   1.0148264E+00
  131.8000   5.9379293E+05   1.0148256E+00
  131.8100   5.9365786E+05   1.0148248E+00
  131.8200   5.9351616E+05   1.0148240E+00
  131.8300   5.9336775E+05   1.0148231E+00
  131.8400   5.9321266E+05   1.0148222E+00
  131.8500   5.9305106E+05   1.0148212E+00
  131.8600   5.9288300E+05   1.0148202E+00
  131.8700   5.9270848E+05   1.0148192E+00
  131.8800   5.9252763E+05   1.0148181E+00
  131.8900   5.9234048E+05   1.0148170E+00
  131.9000   5.9214718E+05   1.0148159E+00
  131.9100   5.9194782E+05   1.0148147E+00
  131.9200   5.9174241E+05   1.0148134E+00
  131.9300   5.9153108E+05   1.0148122E+00
  131.9400   5.9131390E+05   1.0148109E+00
  131.9500   5.9109088E+05   1.0148095E+00
  131.9600   5.9086212E+05   1.0148082E+00
  131.9700   5.9062786E+05   1.0148068E+00
  131.9800   5.9038809E+05   1.0148053E+00
  131.9900   5.9014293E+05   1.0148039E+00
  132.0000   5.8989243E+05   1.0148024E+00
  132.0100   5.8963676E+05   1.0148008E+00
  132.0200   5.8937604E+05   1.0147992E+00
  132.0300   5.8911033E+05   1.0147977E+00
  132.0400   5.8883964E+05   1.0147960E+00
  132.0500   5.8856409E+05   1.0147944E+00
  132.0600   5.8828377E+05   1.0147927E+00
  132.0700   5.8799888E+05   1.0147910E+00
  132.0800   5.8770939E+05   1.0147892E+00
  132.0900   5.8741560E+05   1.0147875E+00
  132.1000   5.8711755E+05   1.0147857E+00
  132.1100   5.8681526E+05   1.0147838E+00
  132.1200   5.8650886E+05   1.0147820E+00
  132.1300   5.8619846E+05   1.0147801E+00
  132.1400   5.8588430E+05   1.0147782E+00
  132.1500   5.8556637E+05   1.0147763E+00
  132.1600   5.8524484E+05   1.0147744E+00
  132.1700   5.8491981E+05   1.0147724E+00
  132.1800   5.8459135E+05   1.0147704E+00
  132.1900   5.8425968E+05   1.0147684E+00
  132.2000   5.8392480E+05   1.0147664E+00
  132.2100   5.8358685E+05   1.0147644E+00
  132.2200   5.8324594E+05   1.0147623E+00
  132.2300   5.8290215E+05   1.0147602E+00
  132.2400   5.8255569E+05   1.0147581E+00
  132.2500   5.8220659E+05   1.0147560E+00
  132.2600   5.8185501E+05   1.0147539E+00
  132.2700   5.8150109E+05   1.0147518E+00
  132.2800   5.8114494E+05   1.0147496E+00
  132.2900   5.8078665E+05   1.0147474E+00
  132.3000   5.8042647E+05   1.0147453E+00
  132.3100   5.8006443E+05   1.0147431E+00
  132.3200   5.7970075E+05   1.0147409E+00
  132.3300   5.7933541E+05   1.0147387E+00
  132.3400   5.7896860E+05   1.0147365E+00
  132.3500   5.7860045E+05   1.0147342E+00
  132.3600   5.7823111E+05   1.0147320E+00
  132.3700   5.7786069E+05   1.0147298E+00
  132.3800   5.7748931E+05   1.0147275E+00
  132.3900   5.7711705E+05   1.0147253E+00
  132.4000   5.7674402E+05   1.0147230E+00
  132.4100   5.7637028E+05   1.0147207E+00
  132.4200   5.7599610E+05   1.0147185E+00
  132.4300   5.7562154E+05   1.0147162E+00
  132.4400   5.7524665E+05   1.0147139E+00
  132.4500   5.7487169E+05   1.0147117E+00
  132.4600   5.7449670E+05   1.0147094E+00
  132.4700   5.7412174E+05   1.0147071E+00
  132.4800   5.7374706E+05   1.0147049E+00
  132.4900   5.7337270E+05   1.0147026E+00
  132.5000   5.7299874E+05   1.0147003E+00
  132.5100   5.7262524E+05   1.0146981E+00
  132.5200   5.7225245E+05   1.0146958E+00
  132.5300   5.7188046E+05   1.0146936E+00
  132.5400   5.7150935E+05   1.0146913E+00
  132.5500   5.7113921E+05   1.0146891E+00
  132.5600   5.7077017E+05   1.0146869E+00
  132.5700   5.7040233E+05   1.0146846E+00
  132.5800   5.7003584E+05   1.0146824E+00
  132.5900   5.6967083E+05   1.0146802E+00
  132.6000   5.6930730E+05   1.0146780E+00
  132.6100   5.6894542E+05   1.0146758E+00
  132.6200   5.6858522E+05   1.0146736E+00
  132.6300   5.6822690E+05   1.0146715E+00
  132.6400   5.6787052E+05   1.0146693E+00
  132.6500   5.6751617E+05   1.0146672E+00
  132.6600   5.6716394E+05   1.0146650E+00
  132.6700   5.6681396E+05   1.0146629E+00
  132.6800   5.6646637E+05   1.0146608E+00
  132.6900   5.6612117E+05   1.0146587E+00
  132.7000   5.6577855E+05   1.0146566E+00
  132.7100   5.6543857E+05   1.0146546E+00
  132.7200   5.6510130E+05   1.0146525E+00
  132.7300   5.6476685E+05   1.0146505E+00
  132.7400   5.6443517E+05   1.0146485E+00
  132.7500   5.6410643E+05   1.0146465E+00
  132.7600   5.6378066E+05   1.0146445E+00
  132.7700   5.6345808E+05   1.0146426E+00
  132.7800   5.6313860E+05   1.0146407E+00
  132.7900   5.6282234E+05   1.0146387E+00
  132.8000   5.6250946E+05   1.0146369E+00
  132.8100   5.6219997E+05   1.0146350E+00
  132.8200   5.6189393E+05   1.0146331E+00
  132.8300   5.6159141E+05   1.0146313E+00
  132.8400   5.6129254E+05   1.0146295E+00
  132.8500   5.6099732E+05   1.0146277E+00
  132.8600   5.6070576E+05   1.0146259E+00
  132.8700   5.6041794E+05   1.0146242E+00
  132.8800   5.6013396E+05   1.0146225E+00
  132.8900   5.5985398E+05   1.0146208E+00
  132.9000   5.5957800E+05   1.0146191E+00
  132.9100   5.5930608E+05   1.0146175E+00
  132.9200   5.5903814E+05   1.0146159E+00
  132.9300   5.5877433E+05   1.0146143E+00
  132.9400   5.5851466E+05   1.0146127E+00
  132.9500   5.5825919E+05   1.0146112E+00
  132.9600   5.5800801E+05   1.0146096E+00
  132.9700   5.5776109E+05   1.0146081E+00
  132.9800   5.5751846E+05   1.0146067E+00
  132.9900   5.5728017E+05   1.0146052E+00
  133.0000   5.5704634E+05   1.0146038E+00
  133.0100   5.5681693E+05   1.0146024E+00
  133.0200   5.5659199E+05   1.0146011E+00
  133.0300   5.5637158E+05   1.0145998E+00
  133.0400   5.5615566E+05   1.0145985E+00
  133.0500   5.5594421E+05   1.0145972E+00
  133.0600   5.5573729E+05   1.0145959E+00
  133.0700   5.5553499E+05   1.0145947E+00
  133.0800   5.5533726E+05   1.0145935E+00
  133.0900   5.5514414E+05   1.0145924E+00
  133.1000   5.5495572E+05   1.0145912E+00
  133.1100   5.5477192E+05   1.0145901E+00
  133.1200   5.5459270E+05   1.0145890E+00
  133.1300   5.5441810E+05   1.0145880E+00
  133.1400   5.5424803E+05   1.0145870E+00
  133.1500   5.5408264E+05   1.0145860E+00
  133.1600   5.5392192E+05   1.0145850E+00
  133.1700   5.5376576E+05   1.0145841E+00
  133.1800   5.5361427E+05   1.0145832E+00
  133.1900   5.5346743E+05   1.0145823E+00
  133.2000   5.5332510E+05   1.0145814E+00
  133.2100   5.5318735E+05   1.0145806E+00
  133.2200   5.5305414E+05   1.0145798E+00
  133.2300   5.5292547E+05   1.0145790E+00
  133.2400   5.5280122E+05   1.0145783E+00
  133.2500   5.5268147E+05   1.0145776E+00
  133.2600   5.5256622E+05   1.0145769E+00
  133.2700   5.5245547E+05   1.0145762E+00
  133.2800   5.5234911E+05   1.0145756E+00
  133.2900   5.5224708E+05   1.0145750E+00
  133.3000   5.5214937E+05   1.0145744E+00
  133.3100   5.5205601E+05   1.0145738E+00
  133.3200   5.5196690E+05   1.0145733E+00
  133.3300   5.5188198E+05   1.0145728E+00
  133.3400   5.5180124E+05   1.0145723E+00
  133.3500   5.5172474E+05   1.0145719E+00
  133.3600   5.5165237E+05   1.0145714E+00
  133.3700   5.5158408E+05   1.0145710E+00
  133.3800   5.5151987E+05   1.0145707E+00
  133.3900   5.5145960E+05   1.0145703E+00
  133.4000   5.5140317E+05   1.0145700E+00
  133.4100   5.5135052E+05   1.0145697E+00
  133.4200   5.5130166E+05   1.0145694E+00
  133.4300   5.5125660E+05   1.0145691E+00
  133.4400   5.5121523E+05   1.0145689E+00
  133.4500   5.5117749E+05   1.0145687E+00
  133.4600   5.5114336E+05   1.0145685E+00
  133.4700   5.5111265E+05   1.0145683E+00
  133.4800   5.5108542E+05   1.0145682E+00
  133.4900   5.5106158E+05   1.0145680E+00
  133.5000   5.5104106E+05   1.0145679E+00
  133.5100   5.5102386E+05   1.0145678E+00
  133.5200   5.5100981E+05   1.0145678E+00
  133.5300   5.5099877E+05   1.0145677E+00
  133.5400   5.5099084E+05   1.0145677E+00
  133.5500   5.5098596E+05   1.0145677E+00
  133.5600   5.5098391E+05   1.0145677E+00
  133.5700   5.5098471E+05   1.0145677E+00
  133.5800   5.5098820E+05   1.0145677E+00
  133.5900   5.5099427E+05   1.0145678E+00
  133.6000   5.5100283E+05   1.0145678E+00
  133.6100   5.5101383E+05   1.0145679E+00
  133.6200   5.5102723E+05   1.0145680E+00
  133.6300   5.5104303E+05   1.0145681E+00
  133.6400   5.5106107E+05   1.0145683E+00
  133.6500   5.5108121E+05   1.0145684E+00
  133.6600   5.5110333E+05   1.0145685E+00
  133.6700   5.5112736E+05   1.0145687E+00
  133.6800   5.5115323E+05   1.0145689E+00
  133.6900   5.5118087E+05   1.0145691E+00
  133.7000   5.5121027E+05   1.0145693E+00
  133.7100   5.5124123E+05   1.0145695E+00
  133.7200   5.5127377E+05   1.0145697E+00
  133.7300   5.5130772E+05   1.0145699E+00
  133.7400   5.5134296E+05   1.0145701E+00
  133.7500   5.5137934E+05   1.0145704E+00
  133.7600   5.5141694E+05   1.0145706E+00
  133.7700   5.5145567E+05   1.0145709E+00
  133.7800   5.5149543E+05   1.0145711E+00
  133.7900   5.5153597E+05   1.0145714E+00
  133.8000   5.5157722E+05   1.0145717E+00
  133.8100   5.5161913E+05   1.0145719E+00
  133.8200   5.5166163E+05   1.0145722E+00
  133.8300   5.5170470E+05   1.0145725E+00
  133.8400   5.5174810E+05   1.0145728E+00
  133.8500   5.5179181E+05   1.0145731E+00
  133.8600   5.5183580E+05   1.0145733E+00
  133.8700   5.5187984E+05   1.0145736E+00
  133.8800   5.5192393E+05   1.0145739E+00
  133.8900   5.5196784E+05   1.0145742E+00
  133.9000   5.5201156E+05   1.0145745E+00
  133.9100   5.5205504E+05   1.0145748E+00
  133.9200   5.5209809E+05   1.0145750E+00
  133.9300   5.5214065E+05   1.0145753E+00
  133.9400   5.5218269E+05   1.0145756E+00
  133.9500   5.5222398E+05   1.0145759E+00
  133.9600   5.5226445E+05   1.0145761E+00
  133.9700   5.5230405E+05   1.0145764E+00
  133.9800   5.5234270E+05   1.0145766E+00
  133.9900   5.5238031E+05   1.0145769E+00
  134.0000   5.5241678E+05   1.0145771E+00
  134.0100   5.5245202E+05   1.0145774E+00
  134.0200   5.5248588E+05   1.0145776E+00
  134.0300   5.5251824E+05   1.0145778E+00
  134.0400   5.5254911E+05   1.0145780E+00
  134.0500   5.5257834E+05   1.0145782E+00
  134.0600   5.5260590E+05   1.0145784E+00
  134.0700   5.5263160E+05   1.0145786E+00
  134.0800   5.5265538E+05   1.0145787E+00
  134.0900   5.5267718E+05   1.0145789E+00
  134.1000   5.5269691E+05   1.0145790E+00
  134.1100   5.5271445E+05   1.0145791E+00
  134.1200   5.5272984E+05   1.0145792E+00
  134.1300   5.5274293E+05   1.0145793E+00
  134.1400   5.5275372E+05   1.0145794E+00
  134.1500   5.5276198E+05   1.0145795E+00
  134.1600   5.5276766E+05   1.0145795E+00
  134.1700   5.5277068E+05   1.0145796E+00
  134.1800   5.5277091E+05   1.0145796E+00
  134.1900   5.5276839E+05   1.0145796E+00
  134.2000   5.5276295E+05   1.0145796E+00
  134.2100   5.5275456E+05   1.0145795E+00
  134.2200   5.5274315E+05   1.0145795E+00
  134.2300   5.5272863E+05   1.0145794E+00
  134.2400   5.5271086E+05   1.0145793E+00
  134.2500   5.5268988E+05   1.0145792E+00
  134.2600   5.5266566E+05   1.0145791E+00
  134.2700   5.5263795E+05   1.0145789E+00
  134.2800   5.5260686E+05   1.0145788E+00
  134.2900   5.5257225E+05   1.0145786E+00
  134.3000   5.5253413E+05   1.0145784E+00
  134.3100   5.5249229E+05   1.0145781E+00
  134.3200   5.5244666E+05   1.0145779E+00
  134.3300   5.5239732E+05   1.0145776E+00
  134.3400   5.5234411E+05   1.0145773E+00
  134.3500   5.5228703E+05   1.0145769E+00
  134.3600   5.5222600E+05   1.0145766E+00
  134.3700   5.5216095E+05   1.0145762E+00
  134.3800   5.5209189E+05   1.0145758E+00
  134.3900   5.5201865E+05   1.0145754E+00
  134.4000   5.5194117E+05   1.0145749E+00
  134.4100   5.5185954E+05   1.0145744E+00
  134.4200   5.5177360E+05   1.0145739E+00
  134.4300   5.5168334E+05   1.0145734E+00
  134.4400   5.5158871E+05   1.0145728E+00
  134.4500   5.5148978E+05   1.0145722E+00
  134.4600   5.5138638E+05   1.0145716E+00
  134.4700   5.5127850E+05   1.0145710E+00
  134.4800   5.5116607E+05   1.0145703E+00
  134.4900   5.5104913E+05   1.0145696E+00
  134.5000   5.5092770E+05   1.0145689E+00
  134.5100   5.5080173E+05   1.0145682E+00
  134.5200   5.5067113E+05   1.0145674E+00
  134.5300   5.5053593E+05   1.0145666E+00
  134.5400   5.5039613E+05   1.0145657E+00
  134.5500   5.5025166E+05   1.0145649E+00
  134.5600   5.5010240E+05   1.0145640E+00
  134.5700   5.4994837E+05   1.0145631E+00
  134.5800   5.4978951E+05   1.0145621E+00
  134.5900   5.4962592E+05   1.0145611E+00
  134.6000   5.4945746E+05   1.0145601E+00
  134.6100   5.4928410E+05   1.0145591E+00
  134.6200   5.4910594E+05   1.0145580E+00
  134.6300   5.4892287E+05   1.0145569E+00
  134.6400   5.4873488E+05   1.0145558E+00
  134.6500   5.4854209E+05   1.0145546E+00
  134.6600   5.4834441E+05   1.0145534E+00
  134.6700   5.4814185E+05   1.0145522E+00
  134.6800   5.4793437E+05   1.0145509E+00
  134.6900   5.4772207E+05   1.0145497E+00
  134.7000   5.4750480E+05   1.0145484E+00
  134.7100   5.4728272E+05   1.0145470E+00
  134.7200   5.4705578E+05   1.0145457E+00
  134.7300   5.4682402E+05   1.0145443E+00
  134.7400   5.4658746E+05   1.0145428E+00
  134.7500   5.4634603E+05   1.0145414E+00
  134.7600   5.4609982E+05   1.0145399E+00
  134.7700   5.4584886E+05   1.0145384E+00
  134.7800   5.4559311E+05   1.0145368E+00
  134.7900   5.4533250E+05   1.0145352E+00
  134.8000   5.4506707E+05   1.0145336E+00
  134.8100   5.4479681E+05   1.0145320E+00
  134.8200   5.4452185E+05   1.0145303E+00
  134.8300   5.4424226E+05   1.0145287E+00
  134.8400   5.4395805E+05   1.0145269E+00
  134.8500   5.4366919E+05   1.0145252E+00
  134.8600   5.4337578E+05   1.0145234E+00
  134.8700   5.4307767E+05   1.0145216E+00
  134.8800   5.4277506E+05   1.0145198E+00
  134.8900   5.4246786E+05   1.0145179E+00
  134.9000   5.4215618E+05   1.0145160E+00
  134.9100   5.4184001E+05   1.0145141E+00
  134.9200   5.4151935E+05   1.0145122E+00
  134.9300   5.4119430E+05   1.0145102E+00
  134.9400   5.4086491E+05   1.0145082E+00
  134.9500   5.4053119E+05   1.0145062E+00
  134.9600   5.4019310E+05   1.0145041E+00
  134.9700   5.3985074E+05   1.0145021E+00
  134.9800   5.3950416E+05   1.0145000E+00
  134.9900   5.3915335E+05   1.0144978E+00
  135.0000   5.3879844E+05   1.0144957E+00
  135.0100   5.3843953E+05   1.0144935E+00
  135.0200   5.3807666E+05   1.0144913E+00
  135.0300   5.3770983E+05   1.0144891E+00
  135.0400   5.3733917E+05   1.0144868E+00
  135.0500   5.3696460E+05   1.0144846E+00
  135.0600   5.3658618E+05   1.0144823E+00
  135.0700   5.3620408E+05   1.0144800E+00
  135.0800   5.3581828E+05   1.0144776E+00
  135.0900   5.3542889E+05   1.0144753E+00
  135.1000   5.3503596E+05   1.0144729E+00
  135.1100   5.3463954E+05   1.0144705E+00
  135.1200   5.3423962E+05   1.0144680E+00
  135.1300   5.3383631E+05   1.0144656E+00
  135.1400   5.3342972E+05   1.0144631E+00
  135.1500   5.3301991E+05   1.0144606E+00
  135.1600   5.3260689E+05   1.0144581E+00
  135.1700   5.3219066E+05   1.0144556E+00
  135.1800   5.3177134E+05   1.0144530E+00
  135.1900   5.3134903E+05   1.0144505E+00
  135.2000   5.3092380E+05   1.0144479E+00
  135.2100   5.3049569E+05   1.0144453E+00
  135.2200   5.3006467E+05   1.0144427E+00
  135.2300   5.2963092E+05   1.0144400E+00
  135.2400   5.2919454E+05   1.0144374E+00
  135.2500   5.2875563E+05   1.0144347E+00
  135.2600   5.2831424E+05   1.0144320E+00
  135.2700   5.2787040E+05   1.0144294E+00
  135.2800   5.2742414E+05   1.0144266E+00
  135.2900   5.2697559E+05   1.0144239E+00
  135.3000   5.2652472E+05   1.0144212E+00
  135.3100   5.2607164E+05   1.0144184E+00
  135.3200   5.2561642E+05   1.0144157E+00
  135.3300   5.2515914E+05   1.0144129E+00
  135.3400   5.2469982E+05   1.0144101E+00
  135.3500   5.2423866E+05   1.0144073E+00
  135.3600   5.2377565E+05   1.0144045E+00
  135.3700   5.2331096E+05   1.0144016E+00
  135.3800   5.2284453E+05   1.0143988E+00
  135.3900   5.2237648E+05   1.0143960E+00
  135.4000   5.2190691E+05   1.0143931E+00
  135.4100   5.2143590E+05   1.0143902E+00
  135.4200   5.2096351E+05   1.0143874E+00
  135.4300   5.2048979E+05   1.0143845E+00
  135.4400   5.2001478E+05   1.0143816E+00
  135.4500   5.1953868E+05   1.0143787E+00
  135.4600   5.1906149E+05   1.0143758E+00
  135.4700   5.1858321E+05   1.0143729E+00
  135.4800   5.1810401E+05   1.0143700E+00
  135.4900   5.1762404E+05   1.0143670E+00
  135.5000   5.1714326E+05   1.0143641E+00
  135.5100   5.1666181E+05   1.0143612E+00
  135.5200   5.1617964E+05   1.0143583E+00
  135.5300   5.1569686E+05   1.0143553E+00
  135.5400   5.1521359E+05   1.0143524E+00
  135.5500   5.1472994E+05   1.0143494E+00
  135.5600   5.1424601E+05   1.0143465E+00
  135.5700   5.1376171E+05   1.0143435E+00
  135.5800   5.1327715E+05   1.0143406E+00
  135.5900   5.1279242E+05   1.0143376E+00
  135.6000   5.1230760E+05   1.0143347E+00
  135.6100   5.1182278E+05   1.0143317E+00
  135.6200   5.1133806E+05   1.0143288E+00
  135.6300   5.1085353E+05   1.0143258E+00
  135.6400   5.1036927E+05   1.0143229E+00
  135.6500   5.0988520E+05   1.0143199E+00
  135.6600   5.0940142E+05   1.0143170E+00
  135.6700   5.0891802E+05   1.0143141E+00
  135.6800   5.0843511E+05   1.0143111E+00
  135.6900   5.0795279E+05   1.0143082E+00
  135.7000   5.0747100E+05   1.0143052E+00
  135.7100   5.0698987E+05   1.0143023E+00
  135.7200   5.0650951E+05   1.0142994E+00
  135.7300   5.0602989E+05   1.0142965E+00
  135.7400   5.0555114E+05   1.0142936E+00
  135.7500   5.0507324E+05   1.0142906E+00
  135.7600   5.0459634E+05   1.0142877E+00
  135.7700   5.0412046E+05   1.0142848E+00
  135.7800   5.0364558E+05   1.0142820E+00
  135.7900   5.0317190E+05   1.0142791E+00
  135.8000   5.0269944E+05   1.0142762E+00
  135.8100   5.0222826E+05   1.0142733E+00
  135.8200   5.0175840E+05   1.0142705E+00
  135.8300   5.0128993E+05   1.0142676E+00
  135.8400   5.0082294E+05   1.0142648E+00
  135.8500   5.0035734E+05   1.0142619E+00
  135.8600   4.9989325E+05   1.0142591E+00
  135.8700   4.9943080E+05   1.0142563E+00
  135.8800   4.9896997E+05   1.0142535E+00
  135.8900   4.9851072E+05   1.0142507E+00
  135.9000   4.9805326E+05   1.0142479E+00
  135.9100   4.9759761E+05   1.0142451E+00
  135.9200   4.9714379E+05   1.0142423E+00
  135.9300   4.9669189E+05   1.0142396E+00
  135.9400   4.9624180E+05   1.0142368E+00
  135.9500   4.9579363E+05   1.0142341E+00
  135.9600   4.9534750E+05   1.0142314E+00
  135.9700   4.9490338E+05   1.0142287E+00
  135.9800   4.9446125E+05   1.0142260E+00
  135.9900   4.9402112E+05   1.0142233E+00
  136.0000   4.9358304E+05   1.0142206E+00
  136.0100   4.9314704E+05   1.0142180E+00
  136.0200   4.9271321E+05   1.0142153E+00
  136.0300   4.9228165E+05   1.0142127E+00
  136.0400   4.9185231E+05   1.0142101E+00
  136.0500   4.9142533E+05   1.0142075E+00
  136.0600   4.9100071E+05   1.0142049E+00
  136.0700   4.9057848E+05   1.0142023E+00
  136.0800   4.9015867E+05   1.0141998E+00
  136.0900   4.8974118E+05   1.0141972E+00
  136.1000   4.8932611E+05   1.0141947E+00
  136.1100   4.8891341E+05   1.0141922E+00
  136.1200   4.8850323E+05   1.0141897E+00
  136.1300   4.8809556E+05   1.0141872E+00
  136.1400   4.8769043E+05   1.0141847E+00
  136.1500   4.8728789E+05   1.0141823E+00
  136.1600   4.8688786E+05   1.0141798E+00
  136.1700   4.8649043E+05   1.0141774E+00
  136.1800   4.8609557E+05   1.0141750E+00
  136.1900   4.8570326E+05   1.0141726E+00
  136.2000   4.8531351E+05   1.0141702E+00
  136.2100   4.8492637E+05   1.0141679E+00
  136.2200   4.8454190E+05   1.0141655E+00
  136.2300   4.8416003E+05   1.0141632E+00
  136.2400   4.8378089E+05   1.0141609E+00
  136.2500   4.8340445E+05   1.0141586E+00
  136.2600   4.8303072E+05   1.0141563E+00
  136.2700   4.8265974E+05   1.0141540E+00
  136.2800   4.8229140E+05   1.0141518E+00
  136.2900   4.8192578E+05   1.0141496E+00
  136.3000   4.8156284E+05   1.0141473E+00
  136.3100   4.8120255E+05   1.0141452E+00
  136.3200   4.8084491E+05   1.0141430E+00
  136.3300   4.8048996E+05   1.0141408E+00
  136.3400   4.8013776E+05   1.0141387E+00
  136.3500   4.7978822E+05   1.0141365E+00
  136.3600   4.7944129E+05   1.0141344E+00
  136.3700   4.7909711E+05   1.0141323E+00
  136.3800   4.7875568E+05   1.0141302E+00
  136.3900   4.7841686E+05   1.0141282E+00
  136.4000   4.7808070E+05   1.0141261E+00
  136.4100   4.7774712E+05   1.0141241E+00
  136.4200   4.7741622E+05   1.0141221E+00
  136.4300   4.7708797E+05   1.0141200E+00
  136.4400   4.7676238E+05   1.0141181E+00
  136.4500   4.7643945E+05   1.0141161E+00
  136.4600   4.7611907E+05   1.0141141E+00
  136.4700   4.7580131E+05   1.0141122E+00
  136.4800   4.7548611E+05   1.0141103E+00
  136.4900   4.7517341E+05   1.0141084E+00
  136.5000   4.7486321E+05   1.0141065E+00
  136.5100   4.7455553E+05   1.0141046E+00
  136.5200   4.7425038E+05   1.0141027E+00
  136.5300   4.7394768E+05   1.0141009E+00
  136.5400   4.7364750E+05   1.0140991E+00
  136.5500   4.7334979E+05   1.0140972E+00
  136.5600   4.7305453E+05   1.0140954E+00
  136.5700   4.7276170E+05   1.0140936E+00
  136.5800   4.7247132E+05   1.0140919E+00
  136.5900   4.7218328E+05   1.0140901E+00
  136.6000   4.7189763E+05   1.0140884E+00
  136.6100   4.7161431E+05   1.0140866E+00
  136.6200   4.7133326E+05   1.0140849E+00
  136.6300   4.7105445E+05   1.0140832E+00
  136.6400   4.7077787E+05   1.0140815E+00
  136.6500   4.7050354E+05   1.0140799E+00
  136.6600   4.7023134E+05   1.0140782E+00
  136.6700   4.6996133E+05   1.0140766E+00
  136.6800   4.6969342E+05   1.0140749E+00
  136.6900   4.6942754E+05   1.0140733E+00
  136.7000   4.6916383E+05   1.0140717E+00
  136.7100   4.6890210E+05   1.0140701E+00
  136.7200   4.6864235E+05   1.0140685E+00
  136.7300   4.6838460E+05   1.0140669E+00
  136.7400   4.6812890E+05   1.0140654E+00
  136.7500   4.6787513E+05   1.0140638E+00
  136.7600   4.6762321E+05   1.0140623E+00
  136.7700   4.6737325E+05   1.0140607E+00
  136.7800   4.6712519E+05   1.0140592E+00
  136.7900   4.6687902E+05   1.0140577E+00
  136.8000   4.6663455E+05   1.0140562E+00
  136.8100   4.6639177E+05   1.0140548E+00
  136.8200   4.6615074E+05   1.0140533E+00
  136.8300   4.6591131E+05   1.0140518E+00
  136.8400   4.6567355E+05   1.0140504E+00
  136.8500   4.6543737E+05   1.0140489E+00
  136.8600   4.6520269E+05   1.0140475E+00
  136.8700   4.6496963E+05   1.0140461E+00
  136.8800   4.6473815E+05   1.0140446E+00
  136.8900   4.6450822E+05   1.0140432E+00
  136.9000   4.6427965E+05   1.0140418E+00
  136.9100   4.6405245E+05   1.0140405E+00
  136.9200   4.6382663E+05   1.0140391E+00
  136.9300   4.6360224E+05   1.0140377E+00
  136.9400   4.6337915E+05   1.0140363E+00
  136.9500   4.6315742E+05   1.0140350E+00
  136.9600   4.6293695E+05   1.0140336E+00
  136.9700   4.6271765E+05   1.0140323E+00
  136.9800   4.6249947E+05   1.0140310E+00
  136.9900   4.6228250E+05   1.0140296E+00
  137.0000   4.6206671E+05   1.0140283E+00
  137.0100   4.6185207E+05   1.0140270E+00
  137.0200   4.6163855E+05   1.0140257E+00
  137.0300   4.6142596E+05   1.0140244E+00
  137.0400   4.6121430E+05   1.0140231E+00
  137.0500   4.6100358E+05   1.0140218E+00
  137.0600   4.6079383E+05   1.0140205E+00
  137.0700   4.6058489E+05   1.0140193E+00
  137.0800   4.6037681E+05   1.0140180E+00
  137.0900   4.6016964E+05   1.0140167E+00
  137.1000   4.5996326E+05   1.0140155E+00
  137.1100   4.5975755E+05   1.0140142E+00
  137.1200   4.5955259E+05   1.0140130E+00
  137.1300   4.5934829E+05   1.0140117E+00
  137.1400   4.5914474E+05   1.0140105E+00
  137.1500   4.5894185E+05   1.0140092E+00
  137.1600   4.5873956E+05   1.0140080E+00
  137.1700   4.5853780E+05   1.0140068E+00
  137.1800   4.5833649E+05   1.0140055E+00
  137.1900   4.5813578E+05   1.0140043E+00
  137.2000   4.5793562E+05   1.0140031E+00
  137.2100   4.5773594E+05   1.0140018E+00
  137.2200   4.5753673E+05   1.0140006E+00
  137.2300   4.5733794E+05   1.0139994E+00
  137.2400   4.5713956E+05   1.0139982E+00
  137.2500   4.5694154E+05   1.0139970E+00
  137.2600   4.5674388E+05   1.0139958E+00
  137.2700   4.5654655E+05   1.0139946E+00
  137.2800   4.5634955E+05   1.0139934E+00
  137.2900   4.5615286E+05   1.0139922E+00
  137.3000   4.5595648E+05   1.0139910E+00
  137.3100   4.5576042E+05   1.0139898E+00
  137.3200   4.5556447E+05   1.0139886E+00
  137.3300   4.5536866E+05   1.0139874E+00
  137.3400   4.5517298E+05   1.0139862E+00
  137.3500   4.5497744E+05   1.0139850E+00
  137.3600   4.5478204E+05   1.0139838E+00
  137.3700   4.5458680E+05   1.0139826E+00
  137.3800   4.5439172E+05   1.0139814E+00
  137.3900   4.5419663E+05   1.0139802E+00
  137.4000   4.5400155E+05   1.0139790E+00
  137.4100   4.5380649E+05   1.0139778E+00
  137.4200   4.5361146E+05   1.0139766E+00
  137.4300   4.5341646E+05   1.0139754E+00
  137.4400   4.5322152E+05   1.0139742E+00
  137.4500   4.5302665E+05   1.0139730E+00
  137.4600   4.5283168E+05   1.0139718E+00
  137.4700   4.5263661E+05   1.0139707E+00
  137.4800   4.5244147E+05   1.0139695E+00
  137.4900   4.5224626E+05   1.0139683E+00
  137.5000   4.5205099E+05   1.0139671E+00
  137.5100   4.5185567E+05   1.0139659E+00
  137.5200   4.5166031E+05   1.0139647E+00
  137.5300   4.5146492E+05   1.0139635E+00
  137.5400   4.5126950E+05   1.0139623E+00
  137.5500   4.5107389E+05   1.0139611E+00
  137.5600   4.5087807E+05   1.0139599E+00
  137.5700   4.5068207E+05   1.0139587E+00
  137.5800   4.5048587E+05   1.0139575E+00
  137.5900   4.5028948E+05   1.0139563E+00
  137.6000   4.5009288E+05   1.0139551E+00
  137.6100   4.4989609E+05   1.0139539E+00
  137.6200   4.4969908E+05   1.0139527E+00
  137.6300   4.4950184E+05   1.0139515E+00
  137.6400   4.4930437E+05   1.0139503E+00
  137.6500   4.4910682E+05   1.0139490E+00
  137.6600   4.4890918E+05   1.0139478E+00
  137.6700   4.4871143E+05   1.0139466E+00
  137.6800   4.4851356E+05   1.0139454E+00
  137.6900   4.4831553E+05   1.0139442E+00
  137.7000   4.4811733E+05   1.0139430E+00
  137.7100   4.4791893E+05   1.0139418E+00
  137.7200   4.4772031E+05   1.0139406E+00
  137.7300   4.4752161E+05   1.0139393E+00
  137.7400   4.4732281E+05   1.0139381E+00
  137.7500   4.4712388E+05   1.0139369E+00
  137.7600   4.4692477E+05   1.0139357E+00
  137.7700   4.4672546E+05   1.0139345E+00
  137.7800   4.4652609E+05   1.0139332E+00
  137.7900   4.4632662E+05   1.0139320E+00
  137.8000   4.4612701E+05   1.0139308E+00
  137.8100   4.4592722E+05   1.0139296E+00
  137.8200   4.4572739E+05   1.0139283E+00
  137.8300   4.4552747E+05   1.0139271E+00
  137.8400   4.4532742E+05   1.0139259E+00
  137.8500   4.4512738E+05   1.0139247E+00
  137.8600   4.4492729E+05   1.0139234E+00
  137.8700   4.4472711E+05   1.0139222E+00
  137.8800   4.4452698E+05   1.0139210E+00
  137.8900   4.4432684E+05   1.0139198E+00
  137.9000   4.4412665E+05   1.0139185E+00
  137.9100   4.4392654E+05   1.0139173E+00
  137.9200   4.4372647E+05   1.0139161E+00
  137.9300   4.4352638E+05   1.0139149E+00
  137.9400   4.4332641E+05   1.0139136E+00
  137.9500   4.4312652E+05   1.0139124E+00
  137.9600   4.4292665E+05   1.0139112E+00
  137.9700   4.4272695E+05   1.0139100E+00
  137.9800   4.4252737E+05   1.0139087E+00
  137.9900   4.4232787E+05   1.0139075E+00
  138.0000   4.4212858E+05   1.0139063E+00
  138.0100   4.4192947E+05   1.0139051E+00
  138.0200   4.4173050E+05   1.0139039E+00
  138.0300   4.4153182E+05   1.0139026E+00
  138.0400   4.4133340E+05   1.0139014E+00
  138.0500   4.4113520E+05   1.0139002E+00
  138.0600   4.4093719E+05   1.0138990E+00
  138.0700   4.4073953E+05   1.0138978E+00
  138.0800   4.4054221E+05   1.0138966E+00
  138.0900   4.4034519E+05   1.0138954E+00
  138.1000   4.4014848E+05   1.0138942E+00
  138.1100   4.3995204E+05   1.0138929E+00
  138.1200   4.3975607E+05   1.0138917E+00
  138.1300   4.3956055E+05   1.0138905E+00
  138.1400   4.3936548E+05   1.0138893E+00
  138.1500   4.3917088E+05   1.0138882E+00
  138.1600   4.3897674E+05   1.0138870E+00
  138.1700   4.3878310E+05   1.0138858E+00
  138.1800   4.3858997E+05   1.0138846E+00
  138.1900   4.3839738E+05   1.0138834E+00
  138.2000   4.3820535E+05   1.0138822E+00
  138.2100   4.3801394E+05   1.0138811E+00
  138.2200   4.3782319E+05   1.0138799E+00
  138.2300   4.3763315E+05   1.0138787E+00
  138.2400   4.3744369E+05   1.0138776E+00
  138.2500   4.3725489E+05   1.0138764E+00
  138.2600   4.3706683E+05   1.0138752E+00
  138.2700   4.3687958E+05   1.0138741E+00
  138.2800   4.3669306E+05   1.0138729E+00
  138.2900   4.3650736E+05   1.0138718E+00
  138.3000   4.3632241E+05   1.0138707E+00
  138.3100   4.3613833E+05   1.0138695E+00
  138.3200   4.3595507E+05   1.0138684E+00
  138.3300   4.3577275E+05   1.0138673E+00
  138.3400   4.3559135E+05   1.0138662E+00
  138.3500   4.3541084E+05   1.0138651E+00
  138.3600   4.3523120E+05   1.0138640E+00
  138.3700   4.3505260E+05   1.0138629E+00
  138.3800   4.3487506E+05   1.0138618E+00
  138.3900   4.3469859E+05   1.0138607E+00
  138.4000   4.3452322E+05   1.0138596E+00
  138.4100   4.3434899E+05   1.0138586E+00
  138.4200   4.3417577E+05   1.0138575E+00
  138.4300   4.3400362E+05   1.0138564E+00
  138.4400   4.3383263E+05   1.0138554E+00
  138.4500   4.3366287E+05   1.0138543E+00
  138.4600   4.3349428E+05   1.0138533E+00
  138.4700   4.3332696E+05   1.0138523E+00
  138.4800   4.3316087E+05   1.0138512E+00
  138.4900   4.3299597E+05   1.0138502E+00
  138.5000   4.3283240E+05   1.0138492E+00
  138.5100   4.3267017E+05   1.0138482E+00
  138.5200   4.3250928E+05   1.0138472E+00
  138.5300   4.3234974E+05   1.0138463E+00
  138.5400   4.3219158E+05   1.0138453E+00
  138.5500   4.3203487E+05   1.0138443E+00
  138.5600   4.3187965E+05   1.0138434E+00
  138.5700   4.3172584E+05   1.0138424E+00
  138.5800   4.3157352E+05   1.0138415E+00
  138.5900   4.3142264E+05   1.0138406E+00
  138.6000   4.3127331E+05   1.0138396E+00
  138.6100   4.3112551E+05   1.0138387E+00
  138.6200   4.3097921E+05   1.0138378E+00
  138.6300   4.3083442E+05   1.0138369E+00
  138.6400   4.3069115E+05   1.0138360E+00
  138.6500   4.3054942E+05   1.0138352E+00
  138.6600   4.3040929E+05   1.0138343E+00
  138.6700   4.3027083E+05   1.0138335E+00
  138.6800   4.3013412E+05   1.0138326E+00
  138.6900   4.2999909E+05   1.0138318E+00
  138.7000   4.2986584E+05   1.0138310E+00
  138.7100   4.2973436E+05   1.0138302E+00
  138.7200   4.2960461E+05   1.0138294E+00
  138.7300   4.2947659E+05   1.0138286E+00
  138.7400   4.2935033E+05   1.0138278E+00
  138.7500   4.2922587E+05   1.0138270E+00
  138.7600   4.2910325E+05   1.0138263E+00
  138.7700   4.2898238E+05   1.0138255E+00
  138.7800   4.2886335E+05   1.0138248E+00
  138.7900   4.2874611E+05   1.0138241E+00
  138.8000   4.2863078E+05   1.0138233E+00
  138.8100   4.2851735E+05   1.0138226E+00
  138.8200   4.2840581E+05   1.0138219E+00
  138.8300   4.2829618E+05   1.0138213E+00
  138.8400   4.2818851E+05   1.0138206E+00
  138.8500   4.2808286E+05   1.0138200E+00
  138.8600   4.2797912E+05   1.0138193E+00
  138.8700   4.2787741E+05   1.0138187E+00
  138.8800   4.2777766E+05   1.0138181E+00
  138.8900   4.2767985E+05   1.0138175E+00
  138.9000   4.2758398E+05   1.0138169E+00
  138.9100   4.2749003E+05   1.0138163E+00
  138.9200   4.2739806E+05   1.0138157E+00
  138.9300   4.2730812E+05   1.0138152E+00
  138.9400   4.2722027E+05   1.0138146E+00
  138.9500   4.2713444E+05   1.0138141E+00
  138.9600   4.2705076E+05   1.0138136E+00
  138.9700   4.2696918E+05   1.0138130E+00
  138.9800   4.2688969E+05   1.0138126E+00
  138.9900   4.2681231E+05   1.0138121E+00
  139.0000   4.2673707E+05   1.0138116E+00
  139.0100   4.2666383E+05   1.0138111E+00
  139.0200   4.2659269E+05   1.0138107E+00
  139.0300   4.2652357E+05   1.0138103E+00
  139.0400   4.2645659E+05   1.0138099E+00
  139.0500   4.2639171E+05   1.0138095E+00
  139.0600   4.2632893E+05   1.0138091E+00
  139.0700   4.2626826E+05   1.0138087E+00
  139.0800   4.2620975E+05   1.0138083E+00
  139.0900   4.2615345E+05   1.0138080E+00
  139.1000   4.2609926E+05   1.0138076E+00
  139.1100   4.2604711E+05   1.0138073E+00
  139.1200   4.2599714E+05   1.0138070E+00
  139.1300   4.2594932E+05   1.0138067E+00
  139.1400   4.2590364E+05   1.0138064E+00
  139.1500   4.2586014E+05   1.0138061E+00
  139.1600   4.2581885E+05   1.0138059E+00
  139.1700   4.2577966E+05   1.0138056E+00
  139.1800   4.2574268E+05   1.0138054E+00
  139.1900   4.2570782E+05   1.0138052E+00
  139.2000   4.2567507E+05   1.0138049E+00
  139.2100   4.2564438E+05   1.0138047E+00
  139.2200   4.2561579E+05   1.0138046E+00
  139.2300   4.2558931E+05   1.0138044E+00
  139.2400   4.2556499E+05   1.0138042E+00
  139.2500   4.2554274E+05   1.0138041E+00
  139.2600   4.2552265E+05   1.0138040E+00
  139.2700   4.2550467E+05   1.0138038E+00
  139.2800   4.2548875E+05   1.0138037E+00
  139.2900   4.2547490E+05   1.0138036E+00
  139.3000   4.2546311E+05   1.0138036E+00
  139.3100   4.2545344E+05   1.0138035E+00
  139.3200   4.2544592E+05   1.0138034E+00
  139.3300   4.2544046E+05   1.0138034E+00
  139.3400   4.2543718E+05   1.0138034E+00
  139.3500   4.2543600E+05   1.0138033E+00
  139.3600   4.2543692E+05   1.0138033E+00
  139.3700   4.2543990E+05   1.0138034E+00
  139.3800   4.2544499E+05   1.0138034E+00
  139.3900   4.2545221E+05   1.0138034E+00
  139.4000   4.2546144E+05   1.0138035E+00
  139.4100   4.2547278E+05   1.0138035E+00
  139.4200   4.2548614E+05   1.0138036E+00
  139.4300   4.2550149E+05   1.0138037E+00
  139.4400   4.2551878E+05   1.0138038E+00
  139.4500   4.2553803E+05   1.0138039E+00
  139.4600   4.2555923E+05   1.0138040E+00
  139.4700   4.2558243E+05   1.0138041E+00
  139.4800   4.2560768E+05   1.0138043E+00
  139.4900   4.2563490E+05   1.0138044E+00
  139.5000   4.2566399E+05   1.0138046E+00
  139.5100   4.2569508E+05   1.0138048E+00
  139.5200   4.2572815E+05   1.0138050E+00
  139.5300   4.2576317E+05   1.0138052E+00
  139.5400   4.2580016E+05   1.0138054E+00
  139.5500   4.2583896E+05   1.0138056E+00
  139.5600   4.2587962E+05   1.0138059E+00
  139.5700   4.2592222E+05   1.0138061E+00
  139.5800   4.2596666E+05   1.0138064E+00
  139.5900   4.2601289E+05   1.0138067E+00
  139.6000   4.2606103E+05   1.0138069E+00
  139.6100   4.2611105E+05   1.0138072E+00
  139.6200   4.2616295E+05   1.0138075E+00
  139.6300   4.2621674E+05   1.0138079E+00
  139.6400   4.2627228E+05   1.0138082E+00
  139.6500   4.2632962E+05   1.0138085E+00
  139.6600   4.2638866E+05   1.0138089E+00
  139.6700   4.2644948E+05   1.0138092E+00
  139.6800   4.2651203E+05   1.0138096E+00
  139.6900   4.2657625E+05   1.0138100E+00
  139.7000   4.2664211E+05   1.0138104E+00
  139.7100   4.2670960E+05   1.0138108E+00
  139.7200   4.2677872E+05   1.0138112E+00
  139.7300   4.2684951E+05   1.0138116E+00
  139.7400   4.2692200E+05   1.0138121E+00
  139.7500   4.2699607E+05   1.0138125E+00
  139.7600   4.2707181E+05   1.0138130E+00
  139.7700   4.2714912E+05   1.0138134E+00
  139.7800   4.2722813E+05   1.0138139E+00
  139.7900   4.2730878E+05   1.0138144E+00
  139.8000   4.2739105E+05   1.0138149E+00
  139.8100   4.2747493E+05   1.0138154E+00
  139.8200   4.2756041E+05   1.0138159E+00
  139.8300   4.2764736E+05   1.0138164E+00
  139.8400   4.2773580E+05   1.0138170E+00
  139.8500   4.2782579E+05   1.0138175E+00
  139.8600   4.2791723E+05   1.0138180E+00
  139.8700   4.2801020E+05   1.0138186E+00
  139.8800   4.2810464E+05   1.0138192E+00
  139.8900   4.2820048E+05   1.0138198E+00
  139.9000   4.2829768E+05   1.0138203E+00
  139.9100   4.2839623E+05   1.0138209E+00
  139.9200   4.2849609E+05   1.0138215E+00
  139.9300   4.2859729E+05   1.0138221E+00
  139.9400   4.2869982E+05   1.0138228E+00
  139.9500   4.2880374E+05   1.0138234E+00
  139.9600   4.2890908E+05   1.0138240E+00
  139.9700   4.2901573E+05   1.0138247E+00
  139.9800   4.2912376E+05   1.0138253E+00
  139.9900   4.2923309E+05   1.0138260E+00
  140.0000   4.2934365E+05   1.0138266E+00
  140.0100   4.2945555E+05   1.0138273E+00
  140.0200   4.2956876E+05   1.0138280E+00
  140.0300   4.2968323E+05   1.0138287E+00
  140.0400   4.2979896E+05   1.0138294E+00
  140.0500   4.2991594E+05   1.0138301E+00
  140.0600   4.3003418E+05   1.0138308E+00
  140.0700   4.3015353E+05   1.0138315E+00
  140.0800   4.3027403E+05   1.0138323E+00
  140.0900   4.3039572E+05   1.0138330E+00
  140.1000   4.3051849E+05   1.0138337E+00
  140.1100   4.3064242E+05   1.0138345E+00
  140.1200   4.3076741E+05   1.0138352E+00
  140.1300   4.3089356E+05   1.0138360E+00
  140.1400   4.3102081E+05   1.0138368E+00
  140.1500   4.3114910E+05   1.0138376E+00
  140.1600   4.3127838E+05   1.0138383E+00
  140.1700   4.3140863E+05   1.0138391E+00
  140.1800   4.3154000E+05   1.0138399E+00
  140.1900   4.3167248E+05   1.0138407E+00
  140.2000   4.3180590E+05   1.0138415E+00
  140.2100   4.3194026E+05   1.0138423E+00
  140.2200   4.3207560E+05   1.0138432E+00
  140.2300   4.3221194E+05   1.0138440E+00
  140.2400   4.3234933E+05   1.0138448E+00
  140.2500   4.3248765E+05   1.0138456E+00
  140.2600   4.3262696E+05   1.0138465E+00
  140.2700   4.3276717E+05   1.0138473E+00
  140.2800   4.3290836E+05   1.0138482E+00
  140.2900   4.3305044E+05   1.0138491E+00
  140.3000   4.3319336E+05   1.0138499E+00
  140.3100   4.3333722E+05   1.0138508E+00
  140.3200   4.3348197E+05   1.0138517E+00
  140.3300   4.3362758E+05   1.0138526E+00
  140.3400   4.3377401E+05   1.0138534E+00
  140.3500   4.3392123E+05   1.0138543E+00
  140.3600   4.3406924E+05   1.0138552E+00
  140.3700   4.3421802E+05   1.0138561E+00
  140.3800   4.3436759E+05   1.0138570E+00
  140.3900   4.3451794E+05   1.0138579E+00
  140.4000   4.3466911E+05   1.0138589E+00
  140.4100   4.3482112E+05   1.0138598E+00
  140.4200   4.3497383E+05   1.0138607E+00
  140.4300   4.3512729E+05   1.0138616E+00
  140.4400   4.3528155E+05   1.0138626E+00
  140.4500   4.3543649E+05   1.0138635E+00
  140.4600   4.3559219E+05   1.0138645E+00
  140.4700   4.3574854E+05   1.0138654E+00
  140.4800   4.3590563E+05   1.0138664E+00
  140.4900   4.3606338E+05   1.0138673E+00
  140.5000   4.3622189E+05   1.0138683E+00
  140.5100   4.3638109E+05   1.0138692E+00
  140.5200   4.3654092E+05   1.0138702E+00
  140.5300   4.3670150E+05   1.0138712E+00
  140.5400   4.3686279E+05   1.0138722E+00
  140.5500   4.3702475E+05   1.0138732E+00
  140.5600   4.3718735E+05   1.0138741E+00
  140.5700   4.3735056E+05   1.0138751E+00
  140.5800   4.3751436E+05   1.0138761E+00
  140.5900   4.3767875E+05   1.0138771E+00
  140.6000   4.3784372E+05   1.0138781E+00
  140.6100   4.3800928E+05   1.0138791E+00
  140.6200   4.3817542E+05   1.0138801E+00
  140.6300   4.3834218E+05   1.0138811E+00
  140.6400   4.3850957E+05   1.0138822E+00
  140.6500   4.3867761E+05   1.0138832E+00
  140.6600   4.3884617E+05   1.0138842E+00
  140.6700   4.3901529E+05   1.0138852E+00
  140.6800   4.3918502E+05   1.0138863E+00
  140.6900   4.3935541E+05   1.0138873E+00
  140.7000   4.3952634E+05   1.0138883E+00
  140.7100   4.3969789E+05   1.0138894E+00
  140.7200   4.3986995E+05   1.0138904E+00
  140.7300   4.4004259E+05   1.0138915E+00
  140.7400   4.4021573E+05   1.0138925E+00
  140.7500   4.4038947E+05   1.0138936E+00
  140.7600   4.4056371E+05   1.0138946E+00
  140.7700   4.4073856E+05   1.0138957E+00
  140.7800   4.4091397E+05   1.0138968E+00
  140.7900   4.4108986E+05   1.0138978E+00
  140.8000   4.4126636E+05   1.0138989E+00
  140.8100   4.4144342E+05   1.0139000E+00
  140.8200   4.4162100E+05   1.0139011E+00
  140.8300   4.4179905E+05   1.0139021E+00
  140.8400   4.4197755E+05   1.0139032E+00
  140.8500   4.4215665E+05   1.0139043E+00
  140.8600   4.4233633E+05   1.0139054E+00
  140.8700   4.4251658E+05   1.0139065E+00
  140.8800   4.4269738E+05   1.0139076E+00
  140.8900   4.4287874E+05   1.0139087E+00
  140.9000   4.4306065E+05   1.0139098E+00
  140.9100   4.4324314E+05   1.0139109E+00
  140.9200   4.4342622E+05   1.0139120E+00
  140.9300   4.4360990E+05   1.0139132E+00
  140.9400   4.4379405E+05   1.0139143E+00
  140.9500   4.4397869E+05   1.0139154E+00
  140.9600   4.4416388E+05   1.0139165E+00
  140.9700   4.4434964E+05   1.0139177E+00
  140.9800   4.4453586E+05   1.0139188E+00
  140.9900   4.4472260E+05   1.0139199E+00
  141.0000   4.4490992E+05   1.0139211E+00
  141.0100   4.4509771E+05   1.0139222E+00
  141.0200   4.4528605E+05   1.0139233E+00
  141.0300   4.4547502E+05   1.0139245E+00
  141.0400   4.4566453E+05   1.0139257E+00
  141.0500   4.4585467E+05   1.0139268E+00
  141.0600   4.4604537E+05   1.0139280E+00
  141.0700   4.4623655E+05   1.0139291E+00
  141.0800   4.4642833E+05   1.0139303E+00
  141.0900   4.4662065E+05   1.0139315E+00
  141.1000   4.4681363E+05   1.0139326E+00
  141.1100   4.4700724E+05   1.0139338E+00
  141.1200   4.4720142E+05   1.0139350E+00
  141.1300   4.4739615E+05   1.0139362E+00
  141.1400   4.4759139E+05   1.0139374E+00
  141.1500   4.4778732E+05   1.0139386E+00
  141.1600   4.4798391E+05   1.0139398E+00
  141.1700   4.4818116E+05   1.0139410E+00
  141.1800   4.4837906E+05   1.0139422E+00
  141.1900   4.4857764E+05   1.0139434E+00
  141.2000   4.4877690E+05   1.0139446E+00
  141.2100   4.4897687E+05   1.0139458E+00
  141.2200   4.4917758E+05   1.0139470E+00
  141.2300   4.4937888E+05   1.0139483E+00
  141.2400   4.4958083E+05   1.0139495E+00
  141.2500   4.4978347E+05   1.0139507E+00
  141.2600   4.4998688E+05   1.0139520E+00
  141.2700   4.5019093E+05   1.0139532E+00
  141.2800   4.5039570E+05   1.0139544E+00
  141.2900   4.5060129E+05   1.0139557E+00
  141.3000   4.5080759E+05   1.0139570E+00
  141.3100   4.5101472E+05   1.0139582E+00
  141.3200   4.5122261E+05   1.0139595E+00
  141.3300   4.5143118E+05   1.0139608E+00
  141.3400   4.5164058E+05   1.0139620E+00
  141.3500   4.5185076E+05   1.0139633E+00
  141.3600   4.5206167E+05   1.0139646E+00
  141.3700   4.5227347E+05   1.0139659E+00
  141.3800   4.5248616E+05   1.0139672E+00
  141.3900   4.5269971E+05   1.0139685E+00
  141.4000   4.5291413E+05   1.0139698E+00
  141.4100   4.5312943E+05   1.0139711E+00
  141.4200   4.5334563E+05   1.0139724E+00
  141.4300   4.5356277E+05   1.0139737E+00
  141.4400   4.5378088E+05   1.0139751E+00
  141.4500   4.5400003E+05   1.0139764E+00
  141.4600   4.5422008E+05   1.0139777E+00
  141.4700   4.5444112E+05   1.0139791E+00
  141.4800   4.5466322E+05   1.0139804E+00
  141.4900   4.5488632E+05   1.0139818E+00
  141.5000   4.5511050E+05   1.0139832E+00
  141.5100   4.5533572E+05   1.0139845E+00
  141.5200   4.5556193E+05   1.0139859E+00
  141.5300   4.5578925E+05   1.0139873E+00
  141.5400   4.5601768E+05   1.0139887E+00
  141.5500   4.5624720E+05   1.0139901E+00
  141.5600   4.5647780E+05   1.0139915E+00
  141.5700   4.5670949E+05   1.0139929E+00
  141.5800   4.5694231E+05   1.0139943E+00
  141.5900   4.5717627E+05   1.0139958E+00
  141.6000   4.5741143E+05   1.0139972E+00
  141.6100   4.5764786E+05   1.0139986E+00
  141.6200   4.5788563E+05   1.0140001E+00
  141.6300   4.5812464E+05   1.0140015E+00
  141.6400   4.5836500E+05   1.0140030E+00
  141.6500   4.5860664E+05   1.0140045E+00
  141.6600   4.5884971E+05   1.0140060E+00
  141.6700   4.5909417E+05   1.0140075E+00
  141.6800   4.5933999E+05   1.0140090E+00
  141.6900   4.5958719E+05   1.0140105E+00
  141.7000   4.5983578E+05   1.0140120E+00
  141.7100   4.6008577E+05   1.0140135E+00
  141.7200   4.6033723E+05   1.0140150E+00
  141.7300   4.6059020E+05   1.0140166E+00
  141.7400   4.6084477E+05   1.0140181E+00
  141.7500   4.6110085E+05   1.0140197E+00
  141.7600   4.6135856E+05   1.0140213E+00
  141.7700   4.6161784E+05   1.0140229E+00
  141.7800   4.6187867E+05   1.0140244E+00
  141.7900   4.6214119E+05   1.0140260E+00
  141.8000   4.6240543E+05   1.0140277E+00
  141.8100   4.6267140E+05   1.0140293E+00
  141.8200   4.6293914E+05   1.0140309E+00
  141.8300   4.6320871E+05   1.0140326E+00
  141.8400   4.6348002E+05   1.0140342E+00
  141.8500   4.6375316E+05   1.0140359E+00
  141.8600   4.6402807E+05   1.0140376E+00
  141.8700   4.6430490E+05   1.0140392E+00
  141.8800   4.6458362E+05   1.0140409E+00
  141.8900   4.6486423E+05   1.0140427E+00
  141.9000   4.6514677E+05   1.0140444E+00
  141.9100   4.6543126E+05   1.0140461E+00
  141.9200   4.6571779E+05   1.0140479E+00
  141.9300   4.6600643E+05   1.0140496E+00
  141.9400   4.6629711E+05   1.0140514E+00
  141.9500   4.6658998E+05   1.0140532E+00
  141.9600   4.6688501E+05   1.0140550E+00
  141.9700   4.6718220E+05   1.0140568E+00
  141.9800   4.6748158E+05   1.0140586E+00
  141.9900   4.6778319E+05   1.0140605E+00
  142.0000   4.6808711E+05   1.0140623E+00
  142.0100   4.6839326E+05   1.0140642E+00
  142.0200   4.6870177E+05   1.0140661E+00
  142.0300   4.6901260E+05   1.0140680E+00
  142.0400   4.6932575E+05   1.0140699E+00
  142.0500   4.6964124E+05   1.0140718E+00
  142.0600   4.6995913E+05   1.0140738E+00
  142.0700   4.7027947E+05   1.0140757E+00
  142.0800   4.7060238E+05   1.0140777E+00
  142.0900   4.7092781E+05   1.0140797E+00
  142.1000   4.7125572E+05   1.0140817E+00
  142.1100   4.7158631E+05   1.0140837E+00
  142.1200   4.7191961E+05   1.0140857E+00
  142.1300   4.7225550E+05   1.0140878E+00
  142.1400   4.7259408E+05   1.0140898E+00
  142.1500   4.7293547E+05   1.0140919E+00
  142.1600   4.7327963E+05   1.0140940E+00
  142.1700   4.7362658E+05   1.0140962E+00
  142.1800   4.7397635E+05   1.0140983E+00
  142.1900   4.7432900E+05   1.0141004E+00
  142.2000   4.7468463E+05   1.0141026E+00
  142.2100   4.7504320E+05   1.0141048E+00
  142.2200   4.7540467E+05   1.0141070E+00
  142.2300   4.7576908E+05   1.0141092E+00
  142.2400   4.7613645E+05   1.0141115E+00
  142.2500   4.7650688E+05   1.0141137E+00
  142.2600   4.7688048E+05   1.0141160E+00
  142.2700   4.7725722E+05   1.0141183E+00
  142.2800   4.7763709E+05   1.0141207E+00
  142.2900   4.7802013E+05   1.0141230E+00
  142.3000   4.7840643E+05   1.0141254E+00
  142.3100   4.7879590E+05   1.0141277E+00
  142.3200   4.7918869E+05   1.0141301E+00
  142.3300   4.7958479E+05   1.0141325E+00
  142.3400   4.7998426E+05   1.0141350E+00
  142.3500   4.8038715E+05   1.0141375E+00
  142.3600   4.8079339E+05   1.0141399E+00
  142.3700   4.8120315E+05   1.0141424E+00
  142.3800   4.8161642E+05   1.0141450E+00
  142.3900   4.8203325E+05   1.0141475E+00
  142.4000   4.8245355E+05   1.0141501E+00
  142.4100   4.8287743E+05   1.0141527E+00
  142.4200   4.8330488E+05   1.0141553E+00
  142.4300   4.8373593E+05   1.0141579E+00
  142.4400   4.8417062E+05   1.0141606E+00
  142.4500   4.8460907E+05   1.0141632E+00
  142.4600   4.8505124E+05   1.0141660E+00
  142.4700   4.8549713E+05   1.0141687E+00
  142.4800   4.8594679E+05   1.0141714E+00
  142.4900   4.8640031E+05   1.0141742E+00
  142.5000   4.8685762E+05   1.0141770E+00
  142.5100   4.8731873E+05   1.0141798E+00
  142.5200   4.8778367E+05   1.0141827E+00
  142.5300   4.8825251E+05   1.0141855E+00
  142.5400   4.8872537E+05   1.0141884E+00
  142.5500   4.8920223E+05   1.0141913E+00
  142.5600   4.8968313E+05   1.0141943E+00
  142.5700   4.9016794E+05   1.0141972E+00
  142.5800   4.9065679E+05   1.0142002E+00
  142.5900   4.9114966E+05   1.0142032E+00
  142.6000   4.9164656E+05   1.0142063E+00
  142.6100   4.9214757E+05   1.0142093E+00
  142.6200   4.9265261E+05   1.0142124E+00
  142.6300   4.9316185E+05   1.0142155E+00
  142.6400   4.9367531E+05   1.0142187E+00
  142.6500   4.9419287E+05   1.0142218E+00
  142.6600   4.9471467E+05   1.0142250E+00
  142.6700   4.9524067E+05   1.0142282E+00
  142.6800   4.9577090E+05   1.0142315E+00
  142.6900   4.9630545E+05   1.0142347E+00
  142.7000   4.9684424E+05   1.0142380E+00
  142.7100   4.9738729E+05   1.0142414E+00
  142.7200   4.9793461E+05   1.0142447E+00
  142.7300   4.9848629E+05   1.0142481E+00
  142.7400   4.9904229E+05   1.0142515E+00
  142.7500   4.9960260E+05   1.0142549E+00
  142.7600   5.0016727E+05   1.0142584E+00
  142.7700   5.0073641E+05   1.0142618E+00
  142.7800   5.0130996E+05   1.0142653E+00
  142.7900   5.0188794E+05   1.0142689E+00
  142.8000   5.0247024E+05   1.0142724E+00
  142.8100   5.0305697E+05   1.0142760E+00
  142.8200   5.0364810E+05   1.0142796E+00
  142.8300   5.0424366E+05   1.0142833E+00
  142.8400   5.0484372E+05   1.0142870E+00
  142.8500   5.0544824E+05   1.0142907E+00
  142.8600   5.0605720E+05   1.0142944E+00
  142.8700   5.0667066E+05   1.0142981E+00
  142.8800   5.0728851E+05   1.0143019E+00
  142.8900   5.0791073E+05   1.0143057E+00
  142.9000   5.0853733E+05   1.0143095E+00
  142.9100   5.0916836E+05   1.0143134E+00
  142.9200   5.0980374E+05   1.0143173E+00
  142.9300   5.1044364E+05   1.0143212E+00
  142.9400   5.1108791E+05   1.0143251E+00
  142.9500   5.1173660E+05   1.0143291E+00
  142.9600   5.1238967E+05   1.0143331E+00
  142.9700   5.1304711E+05   1.0143371E+00
  142.9800   5.1370896E+05   1.0143412E+00
  142.9900   5.1437511E+05   1.0143453E+00
  143.0000   5.1504571E+05   1.0143494E+00
  143.0100   5.1572077E+05   1.0143535E+00
  143.0200   5.1640014E+05   1.0143576E+00
  143.0300   5.1708395E+05   1.0143618E+00
  143.0400   5.1777215E+05   1.0143660E+00
  143.0500   5.1846458E+05   1.0143703E+00
  143.0600   5.1916131E+05   1.0143745E+00
  143.0700   5.1986227E+05   1.0143788E+00
  143.0800   5.2056744E+05   1.0143831E+00
  143.0900   5.2127685E+05   1.0143875E+00
  143.1000   5.2199038E+05   1.0143918E+00
  143.1100   5.2270816E+05   1.0143962E+00
  143.1200   5.2343017E+05   1.0144007E+00
  143.1300   5.2415627E+05   1.0144051E+00
  143.1400   5.2488652E+05   1.0144096E+00
  143.1500   5.2562088E+05   1.0144141E+00
  143.1600   5.2635933E+05   1.0144186E+00
  143.1700   5.2710172E+05   1.0144231E+00
  143.1800   5.2784813E+05   1.0144277E+00
  143.1900   5.2859851E+05   1.0144323E+00
  143.2000   5.2935283E+05   1.0144369E+00
  143.2100   5.3011095E+05   1.0144415E+00
  143.2200   5.3087294E+05   1.0144462E+00
  143.2300   5.3163873E+05   1.0144509E+00
  143.2400   5.3240829E+05   1.0144556E+00
  143.2500   5.3318165E+05   1.0144603E+00
  143.2600   5.3395869E+05   1.0144651E+00
  143.2700   5.3473931E+05   1.0144699E+00
  143.2800   5.3552349E+05   1.0144747E+00
  143.2900   5.3631123E+05   1.0144795E+00
  143.3000   5.3710237E+05   1.0144843E+00
  143.3100   5.3789699E+05   1.0144892E+00
  143.3200   5.3869505E+05   1.0144941E+00
  143.3300   5.3949649E+05   1.0144990E+00
  143.3400   5.4030116E+05   1.0145039E+00
  143.3500   5.4110910E+05   1.0145089E+00
  143.3600   5.4192021E+05   1.0145138E+00
  143.3700   5.4273443E+05   1.0145188E+00
  143.3800   5.4355173E+05   1.0145238E+00
  143.3900   5.4437212E+05   1.0145288E+00
  143.4000   5.4519546E+05   1.0145339E+00
  143.4100   5.4602164E+05   1.0145389E+00
  143.4200   5.4685058E+05   1.0145440E+00
  143.4300   5.4768224E+05   1.0145491E+00
  143.4400   5.4851661E+05   1.0145542E+00
  143.4500   5.4935351E+05   1.0145593E+00
  143.4600   5.5019300E+05   1.0145645E+00
  143.4700   5.5103496E+05   1.0145696E+00
  143.4800   5.5187932E+05   1.0145748E+00
  143.4900   5.5272602E+05   1.0145800E+00
  143.5000   5.5357503E+05   1.0145852E+00
  143.5100   5.5442617E+05   1.0145904E+00
  143.5200   5.5527947E+05   1.0145956E+00
  143.5300   5.5613478E+05   1.0146009E+00
  143.5400   5.5699200E+05   1.0146061E+00
  143.5500   5.5785103E+05   1.0146114E+00
  143.5600   5.5871181E+05   1.0146166E+00
  143.5700   5.5957428E+05   1.0146219E+00
  143.5800   5.6043842E+05   1.0146272E+00
  143.5900   5.6130402E+05   1.0146325E+00
  143.6000   5.6217110E+05   1.0146378E+00
  143.6100   5.6303948E+05   1.0146432E+00
  143.6200   5.6390921E+05   1.0146485E+00
  143.6300   5.6478016E+05   1.0146538E+00
  143.6400   5.6565221E+05   1.0146592E+00
  143.6500   5.6652524E+05   1.0146645E+00
  143.6600   5.6739918E+05   1.0146699E+00
  143.6700   5.6827394E+05   1.0146752E+00
  143.6800   5.6914944E+05   1.0146806E+00
  143.6900   5.7002561E+05   1.0146860E+00
  143.7000   5.7090223E+05   1.0146913E+00
  143.7100   5.7177923E+05   1.0146967E+00
  143.7200   5.7265657E+05   1.0147021E+00
  143.7300   5.7353421E+05   1.0147075E+00
  143.7400   5.7441193E+05   1.0147128E+00
  143.7500   5.7528968E+05   1.0147182E+00
  143.7600   5.7616742E+05   1.0147236E+00
  143.7700   5.7704495E+05   1.0147290E+00
  143.7800   5.7792222E+05   1.0147344E+00
  143.7900   5.7879901E+05   1.0147397E+00
  143.8000   5.7967526E+05   1.0147451E+00
  143.8100   5.8055093E+05   1.0147505E+00
  143.8200   5.8142596E+05   1.0147558E+00
  143.8300   5.8230010E+05   1.0147612E+00
  143.8400   5.8317327E+05   1.0147665E+00
  143.8500   5.8404540E+05   1.0147719E+00
  143.8600   5.8491638E+05   1.0147772E+00
  143.8700   5.8578610E+05   1.0147826E+00
  143.8800   5.8665444E+05   1.0147879E+00
  143.8900   5.8752127E+05   1.0147932E+00
  143.9000   5.8838642E+05   1.0147985E+00
  143.9100   5.8924991E+05   1.0148038E+00
  143.9200   5.9011156E+05   1.0148091E+00
  143.9300   5.9097132E+05   1.0148144E+00
  143.9400   5.9182897E+05   1.0148196E+00
  143.9500   5.9268443E+05   1.0148249E+00
  143.9600   5.9353761E+05   1.0148301E+00
  143.9700   5.9438839E+05   1.0148353E+00
  143.9800   5.9523662E+05   1.0148405E+00
  143.9900   5.9608212E+05   1.0148457E+00
  144.0000   5.9692487E+05   1.0148509E+00
  144.0100   5.9776482E+05   1.0148560E+00
  144.0200   5.9860169E+05   1.0148612E+00
  144.0300   5.9943537E+05   1.0148663E+00
  144.0400   6.0026589E+05   1.0148714E+00
  144.0500   6.0109306E+05   1.0148765E+00
  144.0600   6.0191684E+05   1.0148815E+00
  144.0700   6.0273695E+05   1.0148865E+00
  144.0800   6.0355329E+05   1.0148915E+00
  144.0900   6.0436587E+05   1.0148965E+00
  144.1000   6.0517448E+05   1.0149015E+00
  144.1100   6.0597906E+05   1.0149064E+00
  144.1200   6.0677950E+05   1.0149114E+00
  144.1300   6.0757565E+05   1.0149162E+00
  144.1400   6.0836729E+05   1.0149211E+00
  144.1500   6.0915435E+05   1.0149259E+00
  144.1600   6.0993672E+05   1.0149307E+00
  144.1700   6.1071441E+05   1.0149355E+00
  144.1800   6.1148718E+05   1.0149403E+00
  144.1900   6.1225494E+05   1.0149450E+00
  144.2000   6.1301753E+05   1.0149497E+00
  144.2100   6.1377493E+05   1.0149543E+00
  144.2200   6.1452706E+05   1.0149589E+00
  144.2300   6.1527376E+05   1.0149635E+00
  144.2400   6.1601483E+05   1.0149681E+00
  144.2500   6.1675019E+05   1.0149726E+00
  144.2600   6.1747970E+05   1.0149771E+00
  144.2700   6.1820331E+05   1.0149815E+00
  144.2800   6.1892094E+05   1.0149859E+00
  144.2900   6.1963242E+05   1.0149903E+00
  144.3000   6.2033770E+05   1.0149946E+00
  144.3100   6.2103668E+05   1.0149989E+00
  144.3200   6.2172916E+05   1.0150032E+00
  144.3300   6.2241506E+05   1.0150074E+00
  144.3400   6.2309425E+05   1.0150116E+00
  144.3500   6.2376667E+05   1.0150157E+00
  144.3600   6.2443220E+05   1.0150198E+00
  144.3700   6.2509067E+05   1.0150239E+00
  144.3800   6.2574198E+05   1.0150279E+00
  144.3900   6.2638614E+05   1.0150318E+00
  144.4000   6.2702291E+05   1.0150358E+00
  144.4100   6.2765232E+05   1.0150396E+00
  144.4200   6.2827414E+05   1.0150435E+00
  144.4300   6.2888824E+05   1.0150473E+00
  144.4400   6.2949459E+05   1.0150510E+00
  144.4500   6.3009307E+05   1.0150547E+00
  144.4600   6.3068366E+05   1.0150583E+00
  144.4700   6.3126623E+05   1.0150619E+00
  144.4800   6.3184078E+05   1.0150654E+00
  144.4900   6.3240718E+05   1.0150689E+00
  144.5000   6.3296526E+05   1.0150724E+00
  144.5100   6.3351488E+05   1.0150758E+00
  144.5200   6.3405604E+05   1.0150791E+00
  144.5300   6.3458862E+05   1.0150824E+00
  144.5400   6.3511260E+05   1.0150856E+00
  144.5500   6.3562784E+05   1.0150888E+00
  144.5600   6.3613431E+05   1.0150919E+00
  144.5700   6.3663188E+05   1.0150950E+00
  144.5800   6.3712050E+05   1.0150980E+00
  144.5900   6.3760001E+05   1.0151010E+00
  144.6000   6.3807034E+05   1.0151039E+00
  144.6100   6.3853150E+05   1.0151067E+00
  144.6200   6.3898341E+05   1.0151095E+00
  144.6300   6.3942605E+05   1.0151123E+00
  144.6400   6.3985930E+05   1.0151149E+00
  144.6500   6.4028313E+05   1.0151176E+00
  144.6600   6.4069740E+05   1.0151201E+00
  144.6700   6.4110204E+05   1.0151226E+00
  144.6800   6.4149706E+05   1.0151251E+00
  144.6900   6.4188236E+05   1.0151275E+00
  144.7000   6.4225792E+05   1.0151298E+00
  144.7100   6.4262360E+05   1.0151321E+00
  144.7200   6.4297936E+05   1.0151343E+00
  144.7300   6.4332520E+05   1.0151364E+00
  144.7400   6.4366103E+05   1.0151385E+00
  144.7500   6.4398682E+05   1.0151405E+00
  144.7600   6.4430243E+05   1.0151425E+00
  144.7700   6.4460798E+05   1.0151444E+00
  144.7800   6.4490328E+05   1.0151462E+00
  144.7900   6.4518841E+05   1.0151480E+00
  144.8000   6.4546333E+05   1.0151497E+00
  144.8100   6.4572787E+05   1.0151514E+00
  144.8200   6.4598213E+05   1.0151529E+00
  144.8300   6.4622609E+05   1.0151545E+00
  144.8400   6.4645962E+05   1.0151559E+00
  144.8500   6.4668264E+05   1.0151573E+00
  144.8600   6.4689515E+05   1.0151587E+00
  144.8700   6.4709721E+05   1.0151599E+00
  144.8800   6.4728876E+05   1.0151611E+00
  144.8900   6.4746983E+05   1.0151623E+00
  144.9000   6.4764029E+05   1.0151634E+00
  144.9100   6.4780030E+05   1.0151644E+00
  144.9200   6.4794969E+05   1.0151653E+00
  144.9300   6.4808855E+05   1.0151662E+00
  144.9400   6.4821686E+05   1.0151670E+00
  144.9500   6.4833464E+05   1.0151678E+00
  144.9600   6.4844183E+05   1.0151685E+00
  144.9700   6.4853840E+05   1.0151691E+00
  144.9800   6.4862439E+05   1.0151697E+00
  144.9900   6.4869975E+05   1.0151702E+00
  145.0000   6.4876446E+05   1.0151706E+00
  145.0100   6.4881859E+05   1.0151710E+00
  145.0200   6.4886207E+05   1.0151713E+00
  145.0300   6.4889490E+05   1.0151715E+00
  145.0400   6.4891716E+05   1.0151717E+00
  145.0500   6.4892898E+05   1.0151718E+00
  145.0600   6.4893037E+05   1.0151718E+00
  145.0700   6.4892123E+05   1.0151718E+00
  145.0800   6.4890172E+05   1.0151717E+00
  145.0900   6.4887168E+05   1.0151716E+00
  145.1000   6.4883120E+05   1.0151714E+00
  145.1100   6.4878028E+05   1.0151711E+00
  145.1200   6.4871895E+05   1.0151707E+00
  145.1300   6.4864734E+05   1.0151703E+00
  145.1400   6.4856543E+05   1.0151699E+00
  145.1500   6.4847330E+05   1.0151694E+00
  145.1600   6.4837090E+05   1.0151688E+00
  145.1700   6.4825826E+05   1.0151681E+00
  145.1800   6.4813545E+05   1.0151674E+00
  145.1900   6.4800265E+05   1.0151666E+00
  145.2000   6.4785988E+05   1.0151658E+00
  145.2100   6.4770711E+05   1.0151649E+00
  145.2200   6.4754432E+05   1.0151639E+00
  145.2300   6.4737160E+05   1.0151629E+00
  145.2400   6.4718910E+05   1.0151618E+00
  145.2500   6.4699685E+05   1.0151607E+00
  145.2600   6.4679498E+05   1.0151595E+00
  145.2700   6.4658349E+05   1.0151583E+00
  145.2800   6.4636246E+05   1.0151569E+00
  145.2900   6.4613187E+05   1.0151556E+00
  145.3000   6.4589177E+05   1.0151541E+00
  145.3100   6.4564228E+05   1.0151527E+00
  145.3200   6.4538345E+05   1.0151511E+00
  145.3300   6.4511535E+05   1.0151495E+00
  145.3400   6.4483819E+05   1.0151479E+00
  145.3500   6.4455202E+05   1.0151461E+00
  145.3600   6.4425685E+05   1.0151444E+00
  145.3700   6.4395272E+05   1.0151426E+00
  145.3800   6.4363979E+05   1.0151407E+00
  145.3900   6.4331809E+05   1.0151388E+00
  145.4000   6.4298776E+05   1.0151368E+00
  145.4100   6.4264884E+05   1.0151347E+00
  145.4200   6.4230144E+05   1.0151327E+00
  145.4300   6.4194559E+05   1.0151305E+00
  145.4400   6.4158141E+05   1.0151283E+00
  145.4500   6.4120909E+05   1.0151261E+00
  145.4600   6.4082877E+05   1.0151238E+00
  145.4700   6.4044045E+05   1.0151215E+00
  145.4800   6.4004426E+05   1.0151191E+00
  145.4900   6.3964022E+05   1.0151167E+00
  145.5000   6.3922846E+05   1.0151142E+00
  145.5100   6.3880902E+05   1.0151116E+00
  145.5200   6.3838204E+05   1.0151091E+00
  145.5300   6.3794774E+05   1.0151065E+00
  145.5400   6.3750610E+05   1.0151038E+00
  145.5500   6.3705736E+05   1.0151011E+00
  145.5600   6.3660153E+05   1.0150983E+00
  145.5700   6.3613868E+05   1.0150955E+00
  145.5800   6.3566903E+05   1.0150927E+00
  145.5900   6.3519269E+05   1.0150898E+00
  145.6000   6.3470971E+05   1.0150869E+00
  145.6100   6.3422025E+05   1.0150840E+00
  145.6200   6.3372438E+05   1.0150810E+00
  145.6300   6.3322230E+05   1.0150779E+00
  145.6400   6.3271415E+05   1.0150749E+00
  145.6500   6.3219996E+05   1.0150718E+00
  145.6600   6.3167992E+05   1.0150686E+00
  145.6700   6.3115413E+05   1.0150655E+00
  145.6800   6.3062264E+05   1.0150622E+00
  145.6900   6.3008560E+05   1.0150590E+00
  145.7000   6.2954312E+05   1.0150557E+00
  145.7100   6.2899540E+05   1.0150524E+00
  145.7200   6.2844245E+05   1.0150491E+00
  145.7300   6.2788435E+05   1.0150457E+00
  145.7400   6.2732133E+05   1.0150423E+00
  145.7500   6.2675357E+05   1.0150388E+00
  145.7600   6.2618120E+05   1.0150354E+00
  145.7700   6.2560427E+05   1.0150319E+00
  145.7800   6.2502298E+05   1.0150284E+00
  145.7900   6.2443731E+05   1.0150248E+00
  145.8000   6.2384755E+05   1.0150213E+00
  145.8100   6.2325374E+05   1.0150177E+00
  145.8200   6.2265608E+05   1.0150141E+00
  145.8300   6.2205454E+05   1.0150104E+00
  145.8400   6.2144941E+05   1.0150068E+00
  145.8500   6.2084075E+05   1.0150031E+00
  145.8600   6.2022860E+05   1.0149994E+00
  145.8700   6.1961312E+05   1.0149956E+00
  145.8800   6.1899444E+05   1.0149919E+00
  145.8900   6.1837267E+05   1.0149881E+00
  145.9000   6.1774804E+05   1.0149843E+00
  145.9100   6.1712060E+05   1.0149805E+00
  145.9200   6.1649051E+05   1.0149767E+00
  145.9300   6.1585793E+05   1.0149729E+00
  145.9400   6.1522299E+05   1.0149690E+00
  145.9500   6.1458578E+05   1.0149652E+00
  145.9600   6.1394638E+05   1.0149613E+00
  145.9700   6.1330501E+05   1.0149574E+00
  145.9800   6.1266169E+05   1.0149535E+00
  145.9900   6.1201662E+05   1.0149496E+00
  146.0000   6.1136995E+05   1.0149457E+00
  146.0100   6.1072165E+05   1.0149418E+00
  146.0200   6.1007186E+05   1.0149378E+00
  146.0300   6.0942068E+05   1.0149339E+00
  146.0400   6.0876839E+05   1.0149299E+00
  146.0500   6.0811508E+05   1.0149260E+00
  146.0600   6.0746081E+05   1.0149220E+00
  146.0700   6.0680565E+05   1.0149180E+00
  146.0800   6.0614983E+05   1.0149140E+00
  146.0900   6.0549339E+05   1.0149101E+00
  146.1000   6.0483638E+05   1.0149061E+00
  146.1100   6.0417900E+05   1.0149021E+00
  146.1200   6.0352127E+05   1.0148981E+00
  146.1300   6.0286341E+05   1.0148941E+00
  146.1400   6.0220542E+05   1.0148901E+00
  146.1500   6.0154751E+05   1.0148861E+00
  146.1600   6.0088970E+05   1.0148822E+00
  146.1700   6.0023219E+05   1.0148782E+00
  146.1800   5.9957500E+05   1.0148742E+00
  146.1900   5.9891833E+05   1.0148702E+00
  146.2000   5.9826223E+05   1.0148662E+00
  146.2100   5.9760671E+05   1.0148622E+00
  146.2200   5.9695202E+05   1.0148583E+00
  146.2300   5.9629820E+05   1.0148543E+00
  146.2400   5.9564532E+05   1.0148503E+00
  146.2500   5.9499344E+05   1.0148464E+00
  146.2600   5.9434265E+05   1.0148424E+00
  146.2700   5.9369303E+05   1.0148385E+00
  146.2800   5.9304471E+05   1.0148346E+00
  146.2900   5.9239780E+05   1.0148306E+00
  146.3000   5.9175244E+05   1.0148267E+00
  146.3100   5.9110859E+05   1.0148228E+00
  146.3200   5.9046643E+05   1.0148189E+00
  146.3300   5.8982597E+05   1.0148150E+00
  146.3400   5.8918722E+05   1.0148112E+00
  146.3500   5.8855024E+05   1.0148073E+00
  146.3600   5.8791527E+05   1.0148034E+00
  146.3700   5.8728222E+05   1.0147996E+00
  146.3800   5.8665118E+05   1.0147958E+00
  146.3900   5.8602229E+05   1.0147920E+00
  146.4000   5.8539551E+05   1.0147881E+00
  146.4100   5.8477104E+05   1.0147844E+00
  146.4200   5.8414887E+05   1.0147806E+00
  146.4300   5.8352906E+05   1.0147768E+00
  146.4400   5.8291167E+05   1.0147731E+00
  146.4500   5.8229681E+05   1.0147693E+00
  146.4600   5.8168442E+05   1.0147656E+00
  146.4700   5.8107464E+05   1.0147619E+00
  146.4800   5.8046748E+05   1.0147582E+00
  146.4900   5.7986296E+05   1.0147546E+00
  146.5000   5.7926114E+05   1.0147509E+00
  146.5100   5.7866211E+05   1.0147473E+00
  146.5200   5.7806580E+05   1.0147437E+00
  146.5300   5.7747235E+05   1.0147401E+00
  146.5400   5.7688177E+05   1.0147365E+00
  146.5500   5.7629409E+05   1.0147329E+00
  146.5600   5.7570936E+05   1.0147294E+00
  146.5700   5.7512749E+05   1.0147258E+00
  146.5800   5.7454861E+05   1.0147223E+00
  146.5900   5.7397270E+05   1.0147188E+00
  146.6000   5.7339975E+05   1.0147153E+00
  146.6100   5.7282982E+05   1.0147119E+00
  146.6200   5.7226298E+05   1.0147084E+00
  146.6300   5.7169915E+05   1.0147050E+00
  146.6400   5.7113847E+05   1.0147016E+00
  146.6500   5.7058094E+05   1.0146982E+00
  146.6600   5.7002641E+05   1.0146949E+00
  146.6700   5.6947494E+05   1.0146915E+00
  146.6800   5.6892662E+05   1.0146882E+00
  146.6900   5.6838141E+05   1.0146849E+00
  146.7000   5.6783928E+05   1.0146816E+00
  146.7100   5.6730025E+05   1.0146783E+00
  146.7200   5.6676438E+05   1.0146751E+00
  146.7300   5.6623157E+05   1.0146718E+00
  146.7400   5.6570175E+05   1.0146686E+00
  146.7500   5.6517490E+05   1.0146654E+00
  146.7600   5.6465103E+05   1.0146622E+00
  146.7700   5.6413016E+05   1.0146591E+00
  146.7800   5.6361220E+05   1.0146559E+00
  146.7900   5.6309723E+05   1.0146528E+00
  146.8000   5.6258522E+05   1.0146497E+00
  146.8100   5.6207614E+05   1.0146466E+00
  146.8200   5.6157003E+05   1.0146435E+00
  146.8300   5.6106674E+05   1.0146405E+00
  146.8400   5.6056618E+05   1.0146375E+00
  146.8500   5.6006846E+05   1.0146344E+00
  146.8600   5.5957354E+05   1.0146314E+00
  146.8700   5.5908123E+05   1.0146284E+00
  146.8800   5.5859156E+05   1.0146255E+00
  146.8900   5.5810458E+05   1.0146225E+00
  146.9000   5.5762018E+05   1.0146196E+00
  146.9100   5.5713829E+05   1.0146166E+00
  146.9200   5.5665887E+05   1.0146137E+00
  146.9300   5.5618190E+05   1.0146108E+00
  146.9400   5.5570721E+05   1.0146080E+00
  146.9500   5.5523483E+05   1.0146051E+00
  146.9600   5.5476464E+05   1.0146022E+00
  146.9700   5.5429672E+05   1.0145994E+00
  146.9800   5.5383101E+05   1.0145966E+00
  146.9900   5.5336744E+05   1.0145938E+00
  147.0000   5.5290583E+05   1.0145910E+00
  147.0100   5.5244616E+05   1.0145882E+00
  147.0200   5.5198845E+05   1.0145854E+00
  147.0300   5.5153257E+05   1.0145826E+00
  147.0400   5.5107838E+05   1.0145799E+00
  147.0500   5.5062579E+05   1.0145771E+00
  147.0600   5.5017471E+05   1.0145744E+00
  147.0700   5.4972508E+05   1.0145717E+00
  147.0800   5.4927684E+05   1.0145689E+00
  147.0900   5.4882995E+05   1.0145662E+00
  147.1000   5.4838439E+05   1.0145635E+00
  147.1100   5.4793997E+05   1.0145608E+00
  147.1200   5.4749670E+05   1.0145581E+00
  147.1300   5.4705442E+05   1.0145555E+00
  147.1400   5.4661314E+05   1.0145528E+00
  147.1500   5.4617274E+05   1.0145501E+00
  147.1600   5.4573307E+05   1.0145474E+00
  147.1700   5.4529401E+05   1.0145448E+00
  147.1800   5.4485563E+05   1.0145421E+00
  147.1900   5.4441781E+05   1.0145394E+00
  147.2000   5.4398045E+05   1.0145368E+00
  147.2100   5.4354346E+05   1.0145341E+00
  147.2200   5.4310673E+05   1.0145315E+00
  147.2300   5.4267017E+05   1.0145288E+00
  147.2400   5.4223370E+05   1.0145262E+00
  147.2500   5.4179722E+05   1.0145235E+00
  147.2600   5.4136064E+05   1.0145209E+00
  147.2700   5.4092387E+05   1.0145182E+00
  147.2800   5.4048682E+05   1.0145156E+00
  147.2900   5.4004940E+05   1.0145129E+00
  147.3000   5.3961149E+05   1.0145103E+00
  147.3100   5.3917300E+05   1.0145076E+00
  147.3200   5.3873381E+05   1.0145049E+00
  147.3300   5.3829380E+05   1.0145023E+00
  147.3400   5.3785284E+05   1.0144996E+00
  147.3500   5.3741079E+05   1.0144969E+00
  147.3600   5.3696768E+05   1.0144942E+00
  147.3700   5.3652335E+05   1.0144915E+00
  147.3800   5.3607762E+05   1.0144888E+00
  147.3900   5.3563047E+05   1.0144861E+00
  147.4000   5.3518188E+05   1.0144834E+00
  147.4100   5.3473162E+05   1.0144806E+00
  147.4200   5.3427964E+05   1.0144779E+00
  147.4300   5.3382584E+05   1.0144751E+00
  147.4400   5.3337013E+05   1.0144724E+00
  147.4500   5.3291239E+05   1.0144696E+00
  147.4600   5.3245246E+05   1.0144668E+00
  147.4700   5.3199036E+05   1.0144640E+00
  147.4800   5.3152591E+05   1.0144612E+00
  147.4900   5.3105904E+05   1.0144583E+00
  147.5000   5.3058972E+05   1.0144555E+00
  147.5100   5.3011783E+05   1.0144526E+00
  147.5200   5.2964326E+05   1.0144497E+00
  147.5300   5.2916586E+05   1.0144468E+00
  147.5400   5.2868563E+05   1.0144439E+00
  147.5500   5.2820234E+05   1.0144410E+00
  147.5600   5.2771595E+05   1.0144380E+00
  147.5700   5.2722634E+05   1.0144351E+00
  147.5800   5.2673357E+05   1.0144321E+00
  147.5900   5.2623745E+05   1.0144290E+00
  147.6000   5.2573797E+05   1.0144260E+00
  147.6100   5.2523505E+05   1.0144230E+00
  147.6200   5.2472860E+05   1.0144199E+00
  147.6300   5.2421847E+05   1.0144168E+00
  147.6400   5.2370449E+05   1.0144137E+00
  147.6500   5.2318659E+05   1.0144105E+00
  147.6600   5.2266471E+05   1.0144073E+00
  147.6700   5.2213889E+05   1.0144041E+00
  147.6800   5.2160895E+05   1.0144009E+00
  147.6900   5.2107485E+05   1.0143977E+00
  147.7000   5.2053651E+05   1.0143944E+00
  147.7100   5.1999379E+05   1.0143911E+00
  147.7200   5.1944670E+05   1.0143878E+00
  147.7300   5.1889519E+05   1.0143844E+00
  147.7400   5.1833915E+05   1.0143810E+00
  147.7500   5.1777844E+05   1.0143776E+00
  147.7600   5.1721305E+05   1.0143742E+00
  147.7700   5.1664289E+05   1.0143707E+00
  147.7800   5.1606786E+05   1.0143672E+00
  147.7900   5.1548794E+05   1.0143637E+00
  147.8000   5.1490310E+05   1.0143601E+00
  147.8100   5.1431323E+05   1.0143565E+00
  147.8200   5.1371834E+05   1.0143529E+00
  147.8300   5.1311841E+05   1.0143493E+00
  147.8400   5.1251334E+05   1.0143456E+00
  147.8500   5.1190298E+05   1.0143419E+00
  147.8600   5.1128732E+05   1.0143381E+00
  147.8700   5.1066626E+05   1.0143343E+00
  147.8800   5.1003985E+05   1.0143305E+00
  147.8900   5.0940805E+05   1.0143267E+00
  147.9000   5.0877080E+05   1.0143228E+00
  147.9100   5.0812812E+05   1.0143189E+00
  147.9200   5.0748001E+05   1.0143150E+00
  147.9300   5.0682637E+05   1.0143110E+00
  147.9400   5.0616707E+05   1.0143070E+00
  147.9500   5.0550207E+05   1.0143029E+00
  147.9600   5.0483148E+05   1.0142988E+00
  147.9700   5.0415514E+05   1.0142947E+00
  147.9800   5.0347303E+05   1.0142906E+00
  147.9900   5.0278522E+05   1.0142864E+00
  148.0000   5.0209175E+05   1.0142822E+00
  148.0100   5.0139256E+05   1.0142779E+00
  148.0200   5.0068756E+05   1.0142736E+00
  148.0300   4.9997676E+05   1.0142693E+00
  148.0400   4.9926010E+05   1.0142649E+00
  148.0500   4.9853766E+05   1.0142605E+00
  148.0600   4.9780942E+05   1.0142561E+00
  148.0700   4.9707533E+05   1.0142516E+00
  148.0800   4.9633544E+05   1.0142471E+00
  148.0900   4.9558974E+05   1.0142426E+00
  148.1000   4.9483833E+05   1.0142380E+00
  148.1100   4.9408108E+05   1.0142334E+00
  148.1200   4.9331813E+05   1.0142287E+00
  148.1300   4.9254940E+05   1.0142240E+00
  148.1400   4.9177493E+05   1.0142193E+00
  148.1500   4.9099468E+05   1.0142146E+00
  148.1600   4.9020873E+05   1.0142098E+00
  148.1700   4.8941710E+05   1.0142049E+00
  148.1800   4.8861976E+05   1.0142001E+00
  148.1900   4.8781677E+05   1.0141952E+00
  148.2000   4.8700814E+05   1.0141903E+00
  148.2100   4.8619402E+05   1.0141853E+00
  148.2200   4.8537428E+05   1.0141803E+00
  148.2300   4.8454912E+05   1.0141753E+00
  148.2400   4.8371848E+05   1.0141702E+00
  148.2500   4.8288243E+05   1.0141651E+00
  148.2600   4.8204098E+05   1.0141600E+00
  148.2700   4.8119426E+05   1.0141548E+00
  148.2800   4.8034233E+05   1.0141496E+00
  148.2900   4.7948521E+05   1.0141444E+00
  148.3000   4.7862285E+05   1.0141391E+00
  148.3100   4.7775533E+05   1.0141339E+00
  148.3200   4.7688286E+05   1.0141285E+00
  148.3300   4.7600539E+05   1.0141232E+00
  148.3400   4.7512302E+05   1.0141178E+00
  148.3500   4.7423578E+05   1.0141124E+00
  148.3600   4.7334383E+05   1.0141070E+00
  148.3700   4.7244711E+05   1.0141015E+00
  148.3800   4.7154585E+05   1.0140960E+00
  148.3900   4.7064007E+05   1.0140905E+00
  148.4000   4.6972989E+05   1.0140849E+00
  148.4100   4.6881540E+05   1.0140793E+00
  148.4200   4.6789666E+05   1.0140737E+00
  148.4300   4.6697365E+05   1.0140681E+00
  148.4400   4.6604649E+05   1.0140625E+00
  148.4500   4.6511527E+05   1.0140568E+00
  148.4600   4.6418021E+05   1.0140511E+00
  148.4700   4.6324130E+05   1.0140453E+00
  148.4800   4.6229866E+05   1.0140396E+00
  148.4900   4.6135239E+05   1.0140338E+00
  148.5000   4.6040254E+05   1.0140280E+00
  148.5100   4.5944929E+05   1.0140222E+00
  148.5200   4.5849281E+05   1.0140164E+00
  148.5300   4.5753319E+05   1.0140105E+00
  148.5400   4.5657054E+05   1.0140046E+00
  148.5500   4.5560488E+05   1.0139987E+00
  148.5600   4.5463642E+05   1.0139928E+00
  148.5700   4.5366513E+05   1.0139869E+00
  148.5800   4.5269116E+05   1.0139810E+00
  148.5900   4.5171459E+05   1.0139750E+00
  148.6000   4.5073569E+05   1.0139690E+00
  148.6100   4.4975449E+05   1.0139630E+00
  148.6200   4.4877121E+05   1.0139570E+00
  148.6300   4.4778583E+05   1.0139510E+00
  148.6400   4.4679851E+05   1.0139450E+00
  148.6500   4.4580938E+05   1.0139389E+00
  148.6600   4.4481856E+05   1.0139329E+00
  148.6700   4.4382631E+05   1.0139268E+00
  148.6800   4.4283271E+05   1.0139208E+00
  148.6900   4.4183783E+05   1.0139147E+00
  148.7000   4.4084190E+05   1.0139086E+00
  148.7100   4.3984493E+05   1.0139025E+00
  148.7200   4.3884715E+05   1.0138964E+00
  148.7300   4.3784874E+05   1.0138903E+00
  148.7400   4.3684989E+05   1.0138842E+00
  148.7500   4.3585060E+05   1.0138781E+00
  148.7600   4.3485105E+05   1.0138720E+00
  148.7700   4.3385141E+05   1.0138659E+00
  148.7800   4.3285184E+05   1.0138598E+00
  148.7900   4.3185252E+05   1.0138537E+00
  148.8000   4.3085363E+05   1.0138476E+00
  148.8100   4.2985516E+05   1.0138415E+00
  148.8200   4.2885730E+05   1.0138354E+00
  148.8300   4.2786022E+05   1.0138293E+00
  148.8400   4.2686413E+05   1.0138232E+00
  148.8500   4.2586906E+05   1.0138172E+00
  148.8600   4.2487521E+05   1.0138111E+00
  148.8700   4.2388283E+05   1.0138050E+00
  148.8800   4.2289198E+05   1.0137990E+00
  148.8900   4.2190292E+05   1.0137929E+00
  148.9000   4.2091574E+05   1.0137869E+00
  148.9100   4.1993058E+05   1.0137809E+00
  148.9200   4.1894758E+05   1.0137749E+00
  148.9300   4.1796690E+05   1.0137689E+00
  148.9400   4.1698873E+05   1.0137629E+00
  148.9500   4.1601312E+05   1.0137569E+00
  148.9600   4.1504030E+05   1.0137510E+00
  148.9700   4.1407037E+05   1.0137450E+00
  148.9800   4.1310347E+05   1.0137391E+00
  148.9900   4.1213975E+05   1.0137332E+00
  149.0000   4.1117941E+05   1.0137274E+00
  149.0100   4.1022268E+05   1.0137215E+00
  149.0200   4.0926965E+05   1.0137157E+00
  149.0300   4.0832044E+05   1.0137099E+00
  149.0400   4.0737524E+05   1.0137041E+00
  149.0500   4.0643426E+05   1.0136983E+00
  149.0600   4.0549758E+05   1.0136926E+00
  149.0700   4.0456533E+05   1.0136869E+00
  149.0800   4.0363768E+05   1.0136812E+00
  149.0900   4.0271487E+05   1.0136756E+00
  149.1000   4.0179698E+05   1.0136700E+00
  149.1100   4.0088418E+05   1.0136644E+00
  149.1200   3.9997668E+05   1.0136588E+00
  149.1300   3.9907455E+05   1.0136533E+00
  149.1400   3.9817794E+05   1.0136478E+00
  149.1500   3.9728706E+05   1.0136424E+00
  149.1600   3.9640200E+05   1.0136370E+00
  149.1700   3.9552290E+05   1.0136316E+00
  149.1800   3.9464980E+05   1.0136262E+00
  149.1900   3.9378299E+05   1.0136209E+00
  149.2000   3.9292244E+05   1.0136157E+00
  149.2100   3.9206840E+05   1.0136104E+00
  149.2200   3.9122100E+05   1.0136052E+00
  149.2300   3.9038044E+05   1.0136001E+00
  149.2400   3.8954682E+05   1.0135950E+00
  149.2500   3.8872030E+05   1.0135899E+00
  149.2600   3.8790096E+05   1.0135849E+00
  149.2700   3.8708894E+05   1.0135799E+00
  149.2800   3.8628430E+05   1.0135750E+00
  149.2900   3.8548715E+05   1.0135701E+00
  149.3000   3.8469772E+05   1.0135653E+00
  149.3100   3.8391611E+05   1.0135605E+00
  149.3200   3.8314234E+05   1.0135557E+00
  149.3300   3.8237671E+05   1.0135511E+00
  149.3400   3.8161922E+05   1.0135464E+00
  149.3500   3.8086998E+05   1.0135418E+00
  149.3600   3.8012918E+05   1.0135373E+00
  149.3700   3.7939694E+05   1.0135328E+00
  149.3800   3.7867326E+05   1.0135283E+00
  149.3900   3.7795826E+05   1.0135240E+00
  149.4000   3.7725216E+05   1.0135196E+00
  149.4100   3.7655507E+05   1.0135154E+00
  149.4200   3.7586704E+05   1.0135111E+00
  149.4300   3.7518821E+05   1.0135070E+00
  149.4400   3.7451866E+05   1.0135029E+00
  149.4500   3.7385835E+05   1.0134988E+00
  149.4600   3.7320739E+05   1.0134948E+00
  149.4700   3.7256595E+05   1.0134909E+00
  149.4800   3.7193416E+05   1.0134870E+00
  149.4900   3.7131204E+05   1.0134832E+00
  149.5000   3.7069975E+05   1.0134794E+00
  149.5100   3.7009736E+05   1.0134757E+00
  149.5200   3.6950487E+05   1.0134721E+00
  149.5300   3.6892238E+05   1.0134685E+00
  149.5400   3.6834994E+05   1.0134650E+00
  149.5500   3.6778769E+05   1.0134615E+00
  149.5600   3.6723572E+05   1.0134581E+00
  149.5700   3.6669404E+05   1.0134548E+00
  149.5800   3.6616277E+05   1.0134515E+00
  149.5900   3.6564198E+05   1.0134483E+00
  149.6000   3.6513165E+05   1.0134452E+00
  149.6100   3.6463189E+05   1.0134421E+00
  149.6200   3.6414276E+05   1.0134391E+00
  149.6300   3.6366423E+05   1.0134362E+00
  149.6400   3.6319640E+05   1.0134333E+00
  149.6500   3.6273930E+05   1.0134305E+00
  149.6600   3.6229290E+05   1.0134277E+00
  149.6700   3.6185731E+05   1.0134250E+00
  149.6800   3.6143253E+05   1.0134224E+00
  149.6900   3.6101873E+05   1.0134199E+00
  149.7000   3.6061580E+05   1.0134174E+00
  149.7100   3.6022378E+05   1.0134150E+00
  149.7200   3.5984280E+05   1.0134126E+00
  149.7300   3.5947278E+05   1.0134103E+00
  149.7400   3.5911374E+05   1.0134081E+00
  149.7500   3.5876583E+05   1.0134060E+00
  149.7600   3.5842896E+05   1.0134039E+00
  149.7700   3.5810316E+05   1.0134019E+00
  149.7800   3.5778839E+05   1.0133999E+00
  149.7900   3.5748477E+05   1.0133980E+00
  149.8000   3.5719231E+05   1.0133962E+00
  149.8100   3.5691099E+05   1.0133945E+00
  149.8200   3.5664074E+05   1.0133928E+00
  149.8300   3.5638160E+05   1.0133912E+00
  149.8400   3.5613354E+05   1.0133896E+00
  149.8500   3.5589650E+05   1.0133882E+00
  149.8600   3.5567052E+05   1.0133868E+00
  149.8700   3.5545558E+05   1.0133854E+00
  149.8800   3.5525162E+05   1.0133841E+00
  149.8900   3.5505868E+05   1.0133829E+00
  149.9000   3.5487675E+05   1.0133818E+00
  149.9100   3.5470576E+05   1.0133807E+00
  149.9200   3.5454576E+05   1.0133797E+00
  149.9300   3.5439674E+05   1.0133788E+00
  149.9400   3.5425864E+05   1.0133779E+00
  149.9500   3.5413133E+05   1.0133771E+00
  149.9600   3.5401478E+05   1.0133764E+00
  149.9700   3.5390894E+05   1.0133757E+00
  149.9800   3.5381385E+05   1.0133751E+00
  149.9900   3.5372949E+05   1.0133745E+00
  150.0000   3.5365578E+05   1.0133741E+00
  150.0100   3.5359258E+05   1.0133737E+00
  150.0200   3.5353986E+05   1.0133733E+00
  150.0300   3.5349754E+05   1.0133730E+00
  150.0400   3.5346563E+05   1.0133728E+00
  150.0500   3.5344410E+05   1.0133726E+00
  150.0600   3.5343283E+05   1.0133725E+00
  150.0700   3.5343182E+05   1.0133725E+00
  150.0800   3.5344103E+05   1.0133725E+00
  150.0900   3.5346030E+05   1.0133726E+00
  150.1000   3.5348963E+05   1.0133728E+00
  150.1100   3.5352893E+05   1.0133730E+00
  150.1200   3.5357802E+05   1.0133733E+00
  150.1300   3.5363686E+05   1.0133736E+00
  150.1400   3.5370533E+05   1.0133740E+00
  150.1500   3.5378340E+05   1.0133744E+00
  150.1600   3.5387098E+05   1.0133749E+00
  150.1700   3.5396808E+05   1.0133755E+00
  150.1800   3.5407446E+05   1.0133761E+00
  150.1900   3.5419015E+05   1.0133768E+00
  150.2000   3.5431492E+05   1.0133775E+00
  150.2100   3.5444885E+05   1.0133783E+00
  150.2200   3.5459172E+05   1.0133792E+00
  150.2300   3.5474344E+05   1.0133801E+00
  150.2400   3.5490401E+05   1.0133810E+00
  150.2500   3.5507333E+05   1.0133820E+00
  150.2600   3.5525123E+05   1.0133831E+00
  150.2700   3.5543764E+05   1.0133842E+00
  150.2800   3.5563239E+05   1.0133854E+00
  150.2900   3.5583542E+05   1.0133866E+00
  150.3000   3.5604656E+05   1.0133878E+00
  150.3100   3.5626574E+05   1.0133891E+00
  150.3200   3.5649279E+05   1.0133905E+00
  150.3300   3.5672765E+05   1.0133919E+00
  150.3400   3.5697014E+05   1.0133934E+00
  150.3500   3.5722017E+05   1.0133949E+00
  150.3600   3.5747775E+05   1.0133964E+00
  150.3700   3.5774277E+05   1.0133980E+00
  150.3800   3.5801503E+05   1.0133996E+00
  150.3900   3.5829443E+05   1.0134013E+00
  150.4000   3.5858090E+05   1.0134030E+00
  150.4100   3.5887433E+05   1.0134048E+00
  150.4200   3.5917445E+05   1.0134066E+00
  150.4300   3.5948128E+05   1.0134084E+00
  150.4400   3.5979454E+05   1.0134103E+00
  150.4500   3.6011420E+05   1.0134123E+00
  150.4600   3.6044012E+05   1.0134142E+00
  150.4700   3.6077225E+05   1.0134162E+00
  150.4800   3.6111040E+05   1.0134183E+00
  150.4900   3.6145445E+05   1.0134203E+00
  150.5000   3.6180418E+05   1.0134224E+00
  150.5100   3.6215961E+05   1.0134246E+00
  150.5200   3.6252045E+05   1.0134268E+00
  150.5300   3.6288666E+05   1.0134290E+00
  150.5400   3.6325808E+05   1.0134312E+00
  150.5500   3.6363460E+05   1.0134335E+00
  150.5600   3.6401617E+05   1.0134358E+00
  150.5700   3.6440261E+05   1.0134381E+00
  150.5800   3.6479382E+05   1.0134405E+00
  150.5900   3.6518953E+05   1.0134429E+00
  150.6000   3.6558974E+05   1.0134453E+00
  150.6100   3.6599430E+05   1.0134477E+00
  150.6200   3.6640309E+05   1.0134502E+00
  150.6300   3.6681590E+05   1.0134527E+00
  150.6400   3.6723271E+05   1.0134552E+00
  150.6500   3.6765338E+05   1.0134578E+00
  150.6600   3.6807781E+05   1.0134603E+00
  150.6700   3.6850575E+05   1.0134629E+00
  150.6800   3.6893719E+05   1.0134655E+00
  150.6900   3.6937195E+05   1.0134682E+00
  150.7000   3.6980993E+05   1.0134708E+00
  150.7100   3.7025102E+05   1.0134735E+00
  150.7200   3.7069498E+05   1.0134762E+00
  150.7300   3.7114180E+05   1.0134789E+00
  150.7400   3.7159130E+05   1.0134816E+00
  150.7500   3.7204335E+05   1.0134843E+00
  150.7600   3.7249781E+05   1.0134871E+00
  150.7700   3.7295461E+05   1.0134899E+00
  150.7800   3.7341369E+05   1.0134926E+00
  150.7900   3.7387483E+05   1.0134954E+00
  150.8000   3.7433783E+05   1.0134982E+00
  150.8100   3.7480270E+05   1.0135011E+00
  150.8200   3.7526930E+05   1.0135039E+00
  150.8300   3.7573748E+05   1.0135067E+00
  150.8400   3.7620713E+05   1.0135096E+00
  150.8500   3.7667816E+05   1.0135124E+00
  150.8600   3.7715047E+05   1.0135153E+00
  150.8700   3.7762402E+05   1.0135182E+00
  150.8800   3.7809854E+05   1.0135210E+00
  150.8900   3.7857401E+05   1.0135239E+00
  150.9000   3.7905040E+05   1.0135268E+00
  150.9100   3.7952748E+05   1.0135297E+00
  150.9200   3.8000527E+05   1.0135326E+00
  150.9300   3.8048355E+05   1.0135355E+00
  150.9400   3.8096216E+05   1.0135384E+00
  150.9500   3.8144110E+05   1.0135413E+00
  150.9600   3.8192019E+05   1.0135442E+00
  150.9700   3.8239944E+05   1.0135471E+00
  150.9800   3.8287868E+05   1.0135500E+00
  150.9900   3.8335793E+05   1.0135529E+00
  151.0000   3.8383701E+05   1.0135558E+00
  151.0100   3.8431575E+05   1.0135587E+00
  151.0200   3.8479416E+05   1.0135616E+00
  151.0300   3.8527207E+05   1.0135645E+00
  151.0400   3.8574946E+05   1.0135674E+00
  151.0500   3.8622634E+05   1.0135703E+00
  151.0600   3.8670251E+05   1.0135732E+00
  151.0700   3.8717794E+05   1.0135761E+00
  151.0800   3.8765261E+05   1.0135790E+00
  151.0900   3.8812631E+05   1.0135818E+00
  151.1000   3.8859898E+05   1.0135847E+00
  151.1100   3.8907057E+05   1.0135876E+00
  151.1200   3.8954101E+05   1.0135904E+00
  151.1300   3.9001021E+05   1.0135933E+00
  151.1400   3.9047808E+05   1.0135961E+00
  151.1500   3.9094469E+05   1.0135990E+00
  151.1600   3.9140992E+05   1.0136018E+00
  151.1700   3.9187363E+05   1.0136046E+00
  151.1800   3.9233584E+05   1.0136074E+00
  151.1900   3.9279656E+05   1.0136102E+00
  151.2000   3.9325561E+05   1.0136130E+00
  151.2100   3.9371296E+05   1.0136158E+00
  151.2200   3.9416856E+05   1.0136185E+00
  151.2300   3.9462236E+05   1.0136213E+00
  151.2400   3.9507427E+05   1.0136240E+00
  151.2500   3.9552437E+05   1.0136267E+00
  151.2600   3.9597253E+05   1.0136295E+00
  151.2700   3.9641880E+05   1.0136322E+00
  151.2800   3.9686301E+05   1.0136349E+00
  151.2900   3.9730515E+05   1.0136376E+00
  151.3000   3.9774519E+05   1.0136402E+00
  151.3100   3.9818309E+05   1.0136429E+00
  151.3200   3.9861894E+05   1.0136455E+00
  151.3300   3.9905266E+05   1.0136482E+00
  151.3400   3.9948411E+05   1.0136508E+00
  151.3500   3.9991334E+05   1.0136534E+00
  151.3600   4.0034035E+05   1.0136560E+00
  151.3700   4.0076513E+05   1.0136586E+00
  151.3800   4.0118765E+05   1.0136611E+00
  151.3900   4.0160784E+05   1.0136637E+00
  151.4000   4.0202579E+05   1.0136662E+00
  151.4100   4.0244139E+05   1.0136687E+00
  151.4200   4.0285469E+05   1.0136713E+00
  151.4300   4.0326569E+05   1.0136737E+00
  151.4400   4.0367440E+05   1.0136762E+00
  151.4500   4.0408078E+05   1.0136787E+00
  151.4600   4.0448476E+05   1.0136811E+00
  151.4700   4.0488646E+05   1.0136836E+00
  151.4800   4.0528574E+05   1.0136860E+00
  151.4900   4.0568267E+05   1.0136884E+00
  151.5000   4.0607726E+05   1.0136908E+00
  151.5100   4.0646950E+05   1.0136932E+00
  151.5200   4.0685936E+05   1.0136956E+00
  151.5300   4.0724696E+05   1.0136979E+00
  151.5400   4.0763222E+05   1.0137003E+00
  151.5500   4.0801520E+05   1.0137026E+00
  151.5600   4.0839596E+05   1.0137049E+00
  151.5700   4.0877452E+05   1.0137072E+00
  151.5800   4.0915087E+05   1.0137095E+00
  151.5900   4.0952499E+05   1.0137118E+00
  151.6000   4.0989701E+05   1.0137140E+00
  151.6100   4.1026685E+05   1.0137163E+00
  151.6200   4.1063460E+05   1.0137185E+00
  151.6300   4.1100032E+05   1.0137207E+00
  151.6400   4.1136404E+05   1.0137229E+00
  151.6500   4.1172579E+05   1.0137251E+00
  151.6600   4.1208555E+05   1.0137273E+00
  151.6700   4.1244330E+05   1.0137295E+00
  151.6800   4.1279917E+05   1.0137316E+00
  151.6900   4.1315309E+05   1.0137338E+00
  151.7000   4.1350514E+05   1.0137359E+00
  151.7100   4.1385541E+05   1.0137380E+00
  151.7200   4.1420393E+05   1.0137402E+00
  151.7300   4.1455073E+05   1.0137423E+00
  151.7400   4.1489584E+05   1.0137444E+00
  151.7500   4.1523923E+05   1.0137465E+00
  151.7600   4.1558107E+05   1.0137485E+00
  151.7700   4.1592131E+05   1.0137506E+00
  151.7800   4.1626007E+05   1.0137527E+00
  151.7900   4.1659745E+05   1.0137547E+00
  151.8000   4.1693337E+05   1.0137567E+00
  151.8100   4.1726789E+05   1.0137588E+00
  151.8200   4.1760108E+05   1.0137608E+00
  151.8300   4.1793297E+05   1.0137628E+00
  151.8400   4.1826359E+05   1.0137648E+00
  151.8500   4.1859315E+05   1.0137668E+00
  151.8600   4.1892164E+05   1.0137688E+00
  151.8700   4.1924904E+05   1.0137708E+00
  151.8800   4.1957554E+05   1.0137728E+00
  151.8900   4.1990108E+05   1.0137748E+00
  151.9000   4.2022582E+05   1.0137767E+00
  151.9100   4.2054971E+05   1.0137787E+00
  151.9200   4.2087285E+05   1.0137807E+00
  151.9300   4.2119538E+05   1.0137826E+00
  151.9400   4.2151721E+05   1.0137846E+00
  151.9500   4.2183844E+05   1.0137865E+00
  151.9600   4.2215917E+05   1.0137885E+00
  151.9700   4.2247948E+05   1.0137904E+00
  151.9800   4.2279946E+05   1.0137924E+00
  151.9900   4.2311918E+05   1.0137943E+00
  152.0000   4.2343872E+05   1.0137962E+00
  152.0100   4.2375817E+05   1.0137982E+00
  152.0200   4.2407740E+05   1.0138001E+00
  152.0300   4.2439649E+05   1.0138021E+00
  152.0400   4.2471551E+05   1.0138040E+00
  152.0500   4.2503453E+05   1.0138059E+00
  152.0600   4.2535361E+05   1.0138079E+00
  152.0700   4.2567284E+05   1.0138098E+00
  152.0800   4.2599227E+05   1.0138118E+00
  152.0900   4.2631198E+05   1.0138137E+00
  152.1000   4.2663206E+05   1.0138156E+00
  152.1100   4.2695258E+05   1.0138176E+00
  152.1200   4.2727363E+05   1.0138195E+00
  152.1300   4.2759530E+05   1.0138215E+00
  152.1400   4.2791750E+05   1.0138235E+00
  152.1500   4.2824035E+05   1.0138254E+00
  152.1600   4.2856395E+05   1.0138274E+00
  152.1700   4.2888825E+05   1.0138294E+00
  152.1800   4.2921337E+05   1.0138313E+00
  152.1900   4.2953945E+05   1.0138333E+00
  152.2000   4.2986646E+05   1.0138353E+00
  152.2100   4.3019438E+05   1.0138373E+00
  152.2200   4.3052337E+05   1.0138393E+00
  152.2300   4.3085343E+05   1.0138413E+00
  152.2400   4.3118458E+05   1.0138433E+00
  152.2500   4.3151684E+05   1.0138453E+00
  152.2600   4.3185043E+05   1.0138474E+00
  152.2700   4.3218539E+05   1.0138494E+00
  152.2800   4.3252161E+05   1.0138514E+00
  152.2900   4.3285918E+05   1.0138535E+00
  152.3000   4.3319818E+05   1.0138556E+00
  152.3100   4.3353873E+05   1.0138576E+00
  152.3200   4.3388078E+05   1.0138597E+00
  152.3300   4.3422446E+05   1.0138618E+00
  152.3400   4.3456977E+05   1.0138639E+00
  152.3500   4.3491670E+05   1.0138660E+00
  152.3600   4.3526527E+05   1.0138681E+00
  152.3700   4.3561552E+05   1.0138703E+00
  152.3800   4.3596749E+05   1.0138724E+00
  152.3900   4.3632127E+05   1.0138745E+00
  152.4000   4.3667695E+05   1.0138767E+00
  152.4100   4.3703446E+05   1.0138789E+00
  152.4200   4.3739394E+05   1.0138811E+00
  152.4300   4.3775537E+05   1.0138833E+00
  152.4400   4.3811873E+05   1.0138855E+00
  152.4500   4.3848406E+05   1.0138877E+00
  152.4600   4.3885140E+05   1.0138899E+00
  152.4700   4.3922080E+05   1.0138922E+00
  152.4800   4.3959217E+05   1.0138944E+00
  152.4900   4.3996562E+05   1.0138967E+00
  152.5000   4.4034111E+05   1.0138990E+00
  152.5100   4.4071877E+05   1.0139013E+00
  152.5200   4.4109863E+05   1.0139036E+00
  152.5300   4.4148068E+05   1.0139059E+00
  152.5400   4.4186481E+05   1.0139083E+00
  152.5500   4.4225107E+05   1.0139106E+00
  152.5600   4.4263956E+05   1.0139130E+00
  152.5700   4.4303022E+05   1.0139154E+00
  152.5800   4.4342301E+05   1.0139178E+00
  152.5900   4.4381791E+05   1.0139202E+00
  152.6000   4.4421493E+05   1.0139226E+00
  152.6100   4.4461410E+05   1.0139250E+00
  152.6200   4.4501547E+05   1.0139275E+00
  152.6300   4.4541895E+05   1.0139299E+00
  152.6400   4.4582464E+05   1.0139324E+00
  152.6500   4.4623248E+05   1.0139349E+00
  152.6600   4.4664244E+05   1.0139374E+00
  152.6700   4.4705452E+05   1.0139399E+00
  152.6800   4.4746874E+05   1.0139424E+00
  152.6900   4.4788514E+05   1.0139449E+00
  152.7000   4.4830360E+05   1.0139475E+00
  152.7100   4.4872421E+05   1.0139501E+00
  152.7200   4.4914690E+05   1.0139526E+00
  152.7300   4.4957163E+05   1.0139552E+00
  152.7400   4.4999838E+05   1.0139578E+00
  152.7500   4.5042713E+05   1.0139604E+00
  152.7600   4.5085793E+05   1.0139631E+00
  152.7700   4.5129062E+05   1.0139657E+00
  152.7800   4.5172528E+05   1.0139683E+00
  152.7900   4.5216181E+05   1.0139710E+00
  152.8000   4.5260014E+05   1.0139737E+00
  152.8100   4.5304022E+05   1.0139764E+00
  152.8200   4.5348201E+05   1.0139790E+00
  152.8300   4.5392551E+05   1.0139817E+00
  152.8400   4.5437071E+05   1.0139845E+00
  152.8500   4.5481746E+05   1.0139872E+00
  152.8600   4.5526580E+05   1.0139899E+00
  152.8700   4.5571562E+05   1.0139927E+00
  152.8800   4.5616698E+05   1.0139954E+00
  152.8900   4.5661979E+05   1.0139982E+00
  152.9000   4.5707400E+05   1.0140009E+00
  152.9100   4.5752953E+05   1.0140037E+00
  152.9200   4.5798636E+05   1.0140065E+00
  152.9300   4.5844444E+05   1.0140093E+00
  152.9400   4.5890360E+05   1.0140121E+00
  152.9500   4.5936382E+05   1.0140149E+00
  152.9600   4.5982513E+05   1.0140177E+00
  152.9700   4.6028735E+05   1.0140205E+00
  152.9800   4.6075053E+05   1.0140234E+00
  152.9900   4.6121454E+05   1.0140262E+00
  153.0000   4.6167923E+05   1.0140290E+00
  153.0100   4.6214469E+05   1.0140319E+00
  153.0200   4.6261078E+05   1.0140347E+00
  153.0300   4.6307742E+05   1.0140376E+00
  153.0400   4.6354450E+05   1.0140404E+00
  153.0500   4.6401194E+05   1.0140433E+00
  153.0600   4.6447963E+05   1.0140461E+00
  153.0700   4.6494751E+05   1.0140490E+00
  153.0800   4.6541549E+05   1.0140518E+00
  153.0900   4.6588348E+05   1.0140547E+00
  153.1000   4.6635141E+05   1.0140575E+00
  153.1100   4.6681919E+05   1.0140604E+00
  153.1200   4.6728674E+05   1.0140632E+00
  153.1300   4.6775398E+05   1.0140661E+00
  153.1400   4.6822082E+05   1.0140689E+00
  153.1500   4.6868716E+05   1.0140718E+00
  153.1600   4.6915292E+05   1.0140746E+00
  153.1700   4.6961797E+05   1.0140775E+00
  153.1800   4.7008223E+05   1.0140803E+00
  153.1900   4.7054573E+05   1.0140831E+00
  153.2000   4.7100836E+05   1.0140860E+00
  153.2100   4.7146998E+05   1.0140888E+00
  153.2200   4.7193045E+05   1.0140916E+00
  153.2300   4.7238977E+05   1.0140944E+00
  153.2400   4.7284778E+05   1.0140972E+00
  153.2500   4.7330429E+05   1.0141000E+00
  153.2600   4.7375927E+05   1.0141028E+00
  153.2700   4.7421269E+05   1.0141055E+00
  153.2800   4.7466431E+05   1.0141083E+00
  153.2900   4.7511405E+05   1.0141110E+00
  153.3000   4.7556182E+05   1.0141138E+00
  153.3100   4.7600750E+05   1.0141165E+00
  153.3200   4.7645112E+05   1.0141192E+00
  153.3300   4.7689253E+05   1.0141219E+00
  153.3400   4.7733153E+05   1.0141246E+00
  153.3500   4.7776809E+05   1.0141272E+00
  153.3600   4.7820216E+05   1.0141299E+00
  153.3700   4.7863364E+05   1.0141325E+00
  153.3800   4.7906242E+05   1.0141351E+00
  153.3900   4.7948836E+05   1.0141378E+00
  153.4000   4.7991127E+05   1.0141403E+00
  153.4100   4.8033113E+05   1.0141429E+00
  153.4200   4.8074788E+05   1.0141454E+00
  153.4300   4.8116142E+05   1.0141480E+00
  153.4400   4.8157161E+05   1.0141505E+00
  153.4500   4.8197830E+05   1.0141530E+00
  153.4600   4.8238145E+05   1.0141554E+00
  153.4700   4.8278081E+05   1.0141579E+00
  153.4800   4.8317629E+05   1.0141603E+00
  153.4900   4.8356791E+05   1.0141627E+00
  153.5000   4.8395549E+05   1.0141651E+00
  153.5100   4.8433896E+05   1.0141674E+00
  153.5200   4.8471823E+05   1.0141697E+00
  153.5300   4.8509315E+05   1.0141720E+00
  153.5400   4.8546371E+05   1.0141743E+00
  153.5500   4.8582966E+05   1.0141765E+00
  153.5600   4.8619090E+05   1.0141787E+00
  153.5700   4.8654744E+05   1.0141809E+00
  153.5800   4.8689906E+05   1.0141831E+00
  153.5900   4.8724569E+05   1.0141852E+00
  153.6000   4.8758735E+05   1.0141873E+00
  153.6100   4.8792384E+05   1.0141893E+00
  153.6200   4.8825510E+05   1.0141914E+00
  153.6300   4.8858099E+05   1.0141934E+00
  153.6400   4.8890150E+05   1.0141953E+00
  153.6500   4.8921657E+05   1.0141972E+00
  153.6600   4.8952606E+05   1.0141991E+00
  153.6700   4.8982978E+05   1.0142010E+00
  153.6800   4.9012766E+05   1.0142028E+00
  153.6900   4.9041975E+05   1.0142046E+00
  153.7000   4.9070584E+05   1.0142064E+00
  153.7100   4.9098585E+05   1.0142081E+00
  153.7200   4.9125980E+05   1.0142098E+00
  153.7300   4.9152748E+05   1.0142114E+00
  153.7400   4.9178877E+05   1.0142130E+00
  153.7500   4.9204368E+05   1.0142146E+00
  153.7600   4.9229214E+05   1.0142161E+00
  153.7700   4.9253402E+05   1.0142176E+00
  153.7800   4.9276928E+05   1.0142190E+00
  153.7900   4.9299781E+05   1.0142204E+00
  153.8000   4.9321963E+05   1.0142218E+00
  153.8100   4.9343466E+05   1.0142231E+00
  153.8200   4.9364275E+05   1.0142244E+00
  153.8300   4.9384387E+05   1.0142256E+00
  153.8400   4.9403790E+05   1.0142268E+00
  153.8500   4.9422482E+05   1.0142279E+00
  153.8600   4.9440453E+05   1.0142291E+00
  153.8700   4.9457705E+05   1.0142301E+00
  153.8800   4.9474230E+05   1.0142311E+00
  153.8900   4.9490014E+05   1.0142321E+00
  153.9000   4.9505051E+05   1.0142330E+00
  153.9100   4.9519345E+05   1.0142339E+00
  153.9200   4.9532875E+05   1.0142347E+00
  153.9300   4.9545648E+05   1.0142355E+00
  153.9400   4.9557660E+05   1.0142363E+00
  153.9500   4.9568901E+05   1.0142370E+00
  153.9600   4.9579370E+05   1.0142376E+00
  153.9700   4.9589058E+05   1.0142382E+00
  153.9800   4.9597965E+05   1.0142388E+00
  153.9900   4.9606080E+05   1.0142393E+00
  154.0000   4.9613407E+05   1.0142397E+00
  154.0100   4.9619935E+05   1.0142401E+00
  154.0200   4.9625667E+05   1.0142405E+00
  154.0300   4.9630594E+05   1.0142408E+00
  154.0400   4.9634719E+05   1.0142411E+00
  154.0500   4.9638035E+05   1.0142413E+00
  154.0600   4.9640542E+05   1.0142414E+00
  154.0700   4.9642235E+05   1.0142415E+00
  154.0800   4.9643115E+05   1.0142416E+00
  154.0900   4.9643176E+05   1.0142416E+00
  154.1000   4.9642420E+05   1.0142416E+00
  154.1100   4.9640839E+05   1.0142415E+00
  154.1200   4.9638436E+05   1.0142413E+00
  154.1300   4.9635205E+05   1.0142412E+00
  154.1400   4.9631147E+05   1.0142409E+00
  154.1500   4.9626273E+05   1.0142406E+00
  154.1600   4.9620567E+05   1.0142403E+00
  154.1700   4.9614040E+05   1.0142399E+00
  154.1800   4.9606694E+05   1.0142395E+00
  154.1900   4.9598521E+05   1.0142390E+00
  154.2000   4.9589524E+05   1.0142384E+00
  154.2100   4.9579713E+05   1.0142378E+00
  154.2200   4.9569091E+05   1.0142372E+00
  154.2300   4.9557648E+05   1.0142365E+00
  154.2400   4.9545389E+05   1.0142358E+00
  154.2500   4.9532304E+05   1.0142350E+00
  154.2600   4.9518397E+05   1.0142341E+00
  154.2700   4.9503677E+05   1.0142332E+00
  154.2800   4.9488147E+05   1.0142323E+00
  154.2900   4.9471818E+05   1.0142313E+00
  154.3000   4.9454691E+05   1.0142303E+00
  154.3100   4.9436760E+05   1.0142292E+00
  154.3200   4.9418028E+05   1.0142281E+00
  154.3300   4.9398506E+05   1.0142269E+00
  154.3400   4.9378197E+05   1.0142256E+00
  154.3500   4.9357095E+05   1.0142244E+00
  154.3600   4.9335205E+05   1.0142230E+00
  154.3700   4.9312539E+05   1.0142217E+00
  154.3800   4.9289101E+05   1.0142202E+00
  154.3900   4.9264888E+05   1.0142188E+00
  154.4000   4.9239905E+05   1.0142172E+00
  154.4100   4.9214167E+05   1.0142157E+00
  154.4200   4.9187680E+05   1.0142141E+00
  154.4300   4.9160444E+05   1.0142124E+00
  154.4400   4.9132465E+05   1.0142107E+00
  154.4500   4.9103745E+05   1.0142090E+00
  154.4600   4.9074293E+05   1.0142072E+00
  154.4700   4.9044110E+05   1.0142053E+00
  154.4800   4.9013210E+05   1.0142035E+00
  154.4900   4.8981594E+05   1.0142015E+00
  154.5000   4.8949278E+05   1.0141996E+00
  154.5100   4.8916268E+05   1.0141976E+00
  154.5200   4.8882562E+05   1.0141955E+00
  154.5300   4.8848169E+05   1.0141934E+00
  154.5400   4.8813109E+05   1.0141913E+00
  154.5500   4.8777376E+05   1.0141891E+00
  154.5600   4.8740993E+05   1.0141869E+00
  154.5700   4.8703956E+05   1.0141846E+00
  154.5800   4.8666275E+05   1.0141824E+00
  154.5900   4.8627968E+05   1.0141800E+00
  154.6000   4.8589031E+05   1.0141777E+00
  154.6100   4.8549485E+05   1.0141752E+00
  154.6200   4.8509331E+05   1.0141728E+00
  154.6300   4.8468577E+05   1.0141703E+00
  154.6400   4.8427227E+05   1.0141678E+00
  154.6500   4.8385297E+05   1.0141652E+00
  154.6600   4.8342794E+05   1.0141627E+00
  154.6700   4.8299738E+05   1.0141600E+00
  154.6800   4.8256126E+05   1.0141574E+00
  154.6900   4.8211984E+05   1.0141547E+00
  154.7000   4.8167313E+05   1.0141520E+00
  154.7100   4.8122128E+05   1.0141492E+00
  154.7200   4.8076437E+05   1.0141464E+00
  154.7300   4.8030243E+05   1.0141436E+00
  154.7400   4.7983561E+05   1.0141408E+00
  154.7500   4.7936402E+05   1.0141379E+00
  154.7600   4.7888771E+05   1.0141350E+00
  154.7700   4.7840684E+05   1.0141321E+00
  154.7800   4.7792154E+05   1.0141291E+00
  154.7900   4.7743190E+05   1.0141261E+00
  154.8000   4.7693811E+05   1.0141231E+00
  154.8100   4.7644016E+05   1.0141201E+00
  154.8200   4.7593817E+05   1.0141170E+00
  154.8300   4.7543221E+05   1.0141139E+00
  154.8400   4.7492248E+05   1.0141108E+00
  154.8500   4.7440916E+05   1.0141077E+00
  154.8600   4.7389236E+05   1.0141045E+00
  154.8700   4.7337219E+05   1.0141014E+00
  154.8800   4.7284868E+05   1.0140982E+00
  154.8900   4.7232204E+05   1.0140950E+00
  154.9000   4.7179224E+05   1.0140917E+00
  154.9100   4.7125940E+05   1.0140885E+00
  154.9200   4.7072380E+05   1.0140852E+00
  154.9300   4.7018549E+05   1.0140819E+00
  154.9400   4.6964452E+05   1.0140786E+00
  154.9500   4.6910104E+05   1.0140753E+00
  154.9600   4.6855523E+05   1.0140720E+00
  154.9700   4.6800721E+05   1.0140686E+00
  154.9800   4.6745707E+05   1.0140653E+00
  154.9900   4.6690491E+05   1.0140619E+00
  155.0000   4.6635076E+05   1.0140585E+00
  155.0100   4.6579485E+05   1.0140551E+00
  155.0200   4.6523738E+05   1.0140517E+00
  155.0300   4.6467833E+05   1.0140483E+00
  155.0400   4.6411787E+05   1.0140449E+00
  155.0500   4.6355615E+05   1.0140415E+00
  155.0600   4.6299329E+05   1.0140380E+00
  155.0700   4.6242940E+05   1.0140346E+00
  155.0800   4.6186460E+05   1.0140311E+00
  155.0900   4.6129897E+05   1.0140277E+00
  155.1000   4.6073261E+05   1.0140242E+00
  155.1100   4.6016559E+05   1.0140208E+00
  155.1200   4.5959816E+05   1.0140173E+00
  155.1300   4.5903038E+05   1.0140138E+00
  155.1400   4.5846231E+05   1.0140104E+00
  155.1500   4.5789420E+05   1.0140069E+00
  155.1600   4.5732610E+05   1.0140034E+00
  155.1700   4.5675806E+05   1.0140000E+00
  155.1800   4.5619014E+05   1.0139965E+00
  155.1900   4.5562258E+05   1.0139930E+00
  155.2000   4.5505544E+05   1.0139896E+00
  155.2100   4.5448878E+05   1.0139861E+00
  155.2200   4.5392268E+05   1.0139826E+00
  155.2300   4.5335739E+05   1.0139792E+00
  155.2400   4.5279300E+05   1.0139757E+00
  155.2500   4.5222960E+05   1.0139723E+00
  155.2600   4.5166730E+05   1.0139689E+00
  155.2700   4.5110621E+05   1.0139654E+00
  155.2800   4.5054647E+05   1.0139620E+00
  155.2900   4.4998803E+05   1.0139586E+00
  155.3000   4.4943106E+05   1.0139552E+00
  155.3100   4.4887573E+05   1.0139518E+00
  155.3200   4.4832205E+05   1.0139484E+00
  155.3300   4.4777005E+05   1.0139450E+00
  155.3400   4.4721997E+05   1.0139417E+00
  155.3500   4.4667187E+05   1.0139383E+00
  155.3600   4.4612583E+05   1.0139350E+00
  155.3700   4.4558198E+05   1.0139317E+00
  155.3800   4.4504027E+05   1.0139283E+00
  155.3900   4.4450086E+05   1.0139251E+00
  155.4000   4.4396393E+05   1.0139218E+00
  155.4100   4.4342952E+05   1.0139185E+00
  155.4200   4.4289768E+05   1.0139152E+00
  155.4300   4.4236850E+05   1.0139120E+00
  155.4400   4.4184210E+05   1.0139088E+00
  155.4500   4.4131845E+05   1.0139056E+00
  155.4600   4.4079771E+05   1.0139024E+00
  155.4700   4.4027992E+05   1.0138992E+00
  155.4800   4.3976514E+05   1.0138961E+00
  155.4900   4.3925346E+05   1.0138930E+00
  155.5000   4.3874501E+05   1.0138899E+00
  155.5100   4.3823977E+05   1.0138868E+00
  155.5200   4.3773776E+05   1.0138837E+00
  155.5300   4.3723920E+05   1.0138806E+00
  155.5400   4.3674401E+05   1.0138776E+00
  155.5500   4.3625231E+05   1.0138746E+00
  155.5600   4.3576410E+05   1.0138716E+00
  155.5700   4.3527956E+05   1.0138686E+00
  155.5800   4.3479878E+05   1.0138657E+00
  155.5900   4.3432166E+05   1.0138628E+00
  155.6000   4.3384835E+05   1.0138599E+00
  155.6100   4.3337887E+05   1.0138570E+00
  155.6200   4.3291324E+05   1.0138542E+00
  155.6300   4.3245158E+05   1.0138513E+00
  155.6400   4.3199382E+05   1.0138485E+00
  155.6500   4.3154014E+05   1.0138458E+00
  155.6600   4.3109059E+05   1.0138430E+00
  155.6700   4.3064507E+05   1.0138403E+00
  155.6800   4.3020370E+05   1.0138376E+00
  155.6900   4.2976649E+05   1.0138349E+00
  155.7000   4.2933347E+05   1.0138322E+00
  155.7100   4.2890473E+05   1.0138296E+00
  155.7200   4.2848022E+05   1.0138270E+00
  155.7300   4.2805993E+05   1.0138244E+00
  155.7400   4.2764393E+05   1.0138219E+00
  155.7500   4.2723229E+05   1.0138194E+00
  155.7600   4.2682497E+05   1.0138169E+00
  155.7700   4.2642200E+05   1.0138144E+00
  155.7800   4.2602341E+05   1.0138120E+00
  155.7900   4.2562913E+05   1.0138095E+00
  155.8000   4.2523931E+05   1.0138072E+00
  155.8100   4.2485397E+05   1.0138048E+00
  155.8200   4.2447300E+05   1.0138025E+00
  155.8300   4.2409651E+05   1.0138001E+00
  155.8400   4.2372449E+05   1.0137979E+00
  155.8500   4.2335697E+05   1.0137956E+00
  155.8600   4.2299385E+05   1.0137934E+00
  155.8700   4.2263527E+05   1.0137912E+00
  155.8800   4.2228123E+05   1.0137890E+00
  155.8900   4.2193159E+05   1.0137869E+00
  155.9000   4.2158645E+05   1.0137848E+00
  155.9100   4.2124579E+05   1.0137827E+00
  155.9200   4.2090962E+05   1.0137806E+00
  155.9300   4.2057782E+05   1.0137786E+00
  155.9400   4.2025051E+05   1.0137766E+00
  155.9500   4.1992767E+05   1.0137746E+00
  155.9600   4.1960916E+05   1.0137726E+00
  155.9700   4.1929505E+05   1.0137707E+00
  155.9800   4.1898529E+05   1.0137688E+00
  155.9900   4.1867988E+05   1.0137669E+00
  156.0000   4.1837886E+05   1.0137651E+00
  156.0100   4.1808214E+05   1.0137632E+00
  156.0200   4.1778968E+05   1.0137614E+00
  156.0300   4.1750149E+05   1.0137597E+00
  156.0400   4.1721743E+05   1.0137579E+00
  156.0500   4.1693760E+05   1.0137562E+00
  156.0600   4.1666198E+05   1.0137545E+00
  156.0700   4.1639056E+05   1.0137528E+00
  156.0800   4.1612322E+05   1.0137512E+00
  156.0900   4.1585989E+05   1.0137496E+00
  156.1000   4.1560052E+05   1.0137480E+00
  156.1100   4.1534513E+05   1.0137464E+00
  156.1200   4.1509376E+05   1.0137449E+00
  156.1300   4.1484634E+05   1.0137433E+00
  156.1400   4.1460282E+05   1.0137418E+00
  156.1500   4.1436321E+05   1.0137404E+00
  156.1600   4.1412736E+05   1.0137389E+00
  156.1700   4.1389518E+05   1.0137375E+00
  156.1800   4.1366662E+05   1.0137361E+00
  156.1900   4.1344167E+05   1.0137347E+00
  156.2000   4.1322034E+05   1.0137333E+00
  156.2100   4.1300253E+05   1.0137320E+00
  156.2200   4.1278816E+05   1.0137307E+00
  156.2300   4.1257719E+05   1.0137294E+00
  156.2400   4.1236962E+05   1.0137281E+00
  156.2500   4.1216548E+05   1.0137268E+00
  156.2600   4.1196467E+05   1.0137256E+00
  156.2700   4.1176712E+05   1.0137244E+00
  156.2800   4.1157279E+05   1.0137232E+00
  156.2900   4.1138169E+05   1.0137220E+00
  156.3000   4.1119368E+05   1.0137208E+00
  156.3100   4.1100863E+05   1.0137197E+00
  156.3200   4.1082648E+05   1.0137186E+00
  156.3300   4.1064718E+05   1.0137175E+00
  156.3400   4.1047072E+05   1.0137164E+00
  156.3500   4.1029711E+05   1.0137153E+00
  156.3600   4.1012623E+05   1.0137142E+00
  156.3700   4.0995796E+05   1.0137132E+00
  156.3800   4.0979224E+05   1.0137122E+00
  156.3900   4.0962903E+05   1.0137112E+00
  156.4000   4.0946831E+05   1.0137102E+00
  156.4100   4.0931008E+05   1.0137092E+00
  156.4200   4.0915421E+05   1.0137082E+00
  156.4300   4.0900057E+05   1.0137073E+00
  156.4400   4.0884926E+05   1.0137063E+00
  156.4500   4.0870021E+05   1.0137054E+00
  156.4600   4.0855338E+05   1.0137045E+00
  156.4700   4.0840856E+05   1.0137036E+00
  156.4800   4.0826578E+05   1.0137027E+00
  156.4900   4.0812486E+05   1.0137019E+00
  156.5000   4.0798586E+05   1.0137010E+00
  156.5100   4.0784867E+05   1.0137001E+00
  156.5200   4.0771320E+05   1.0136993E+00
  156.5300   4.0757937E+05   1.0136985E+00
  156.5400   4.0744713E+05   1.0136977E+00
  156.5500   4.0731644E+05   1.0136968E+00
  156.5600   4.0718728E+05   1.0136960E+00
  156.5700   4.0705966E+05   1.0136952E+00
  156.5800   4.0693339E+05   1.0136945E+00
  156.5900   4.0680852E+05   1.0136937E+00
  156.6000   4.0668490E+05   1.0136929E+00
  156.6100   4.0656241E+05   1.0136922E+00
  156.6200   4.0644113E+05   1.0136914E+00
  156.6300   4.0632095E+05   1.0136907E+00
  156.6400   4.0620179E+05   1.0136899E+00
  156.6500   4.0608358E+05   1.0136892E+00
  156.6600   4.0596625E+05   1.0136885E+00
  156.6700   4.0584975E+05   1.0136877E+00
  156.6800   4.0573404E+05   1.0136870E+00
  156.6900   4.0561908E+05   1.0136863E+00
  156.7000   4.0550485E+05   1.0136856E+00
  156.7100   4.0539132E+05   1.0136849E+00
  156.7200   4.0527830E+05   1.0136842E+00
  156.7300   4.0516579E+05   1.0136835E+00
  156.7400   4.0505379E+05   1.0136828E+00
  156.7500   4.0494230E+05   1.0136821E+00
  156.7600   4.0483115E+05   1.0136814E+00
  156.7700   4.0472037E+05   1.0136807E+00
  156.7800   4.0460996E+05   1.0136800E+00
  156.7900   4.0449977E+05   1.0136793E+00
  156.8000   4.0438982E+05   1.0136786E+00
  156.8100   4.0427997E+05   1.0136780E+00
  156.8200   4.0417023E+05   1.0136773E+00
  156.8300   4.0406065E+05   1.0136766E+00
  156.8400   4.0395107E+05   1.0136759E+00
  156.8500   4.0384153E+05   1.0136752E+00
  156.8600   4.0373188E+05   1.0136746E+00
  156.8700   4.0362214E+05   1.0136739E+00
  156.8800   4.0351235E+05   1.0136732E+00
  156.8900   4.0340237E+05   1.0136725E+00
  156.9000   4.0329220E+05   1.0136718E+00
  156.9100   4.0318189E+05   1.0136711E+00
  156.9200   4.0307128E+05   1.0136704E+00
  156.9300   4.0296038E+05   1.0136698E+00
  156.9400   4.0284921E+05   1.0136691E+00
  156.9500   4.0273761E+05   1.0136684E+00
  156.9600   4.0262559E+05   1.0136677E+00
  156.9700   4.0251315E+05   1.0136670E+00
  156.9800   4.0240029E+05   1.0136663E+00
  156.9900   4.0228702E+05   1.0136656E+00
  157.0000   4.0217331E+05   1.0136649E+00
  157.0100   4.0205916E+05   1.0136641E+00
  157.0200   4.0194454E+05   1.0136634E+00
  157.0300   4.0182945E+05   1.0136627E+00
  157.0400   4.0171384E+05   1.0136620E+00
  157.0500   4.0159767E+05   1.0136613E+00
  157.0600   4.0148092E+05   1.0136605E+00
  157.0700   4.0136354E+05   1.0136598E+00
  157.0800   4.0124564E+05   1.0136591E+00
  157.0900   4.0112717E+05   1.0136583E+00
  157.1000   4.0100806E+05   1.0136576E+00
  157.1100   4.0088843E+05   1.0136569E+00
  157.1200   4.0076819E+05   1.0136561E+00
  157.1300   4.0064725E+05   1.0136554E+00
  157.1400   4.0052571E+05   1.0136546E+00
  157.1500   4.0040346E+05   1.0136538E+00
  157.1600   4.0028058E+05   1.0136531E+00
  157.1700   4.0015712E+05   1.0136523E+00
  157.1800   4.0003298E+05   1.0136515E+00
  157.1900   3.9990820E+05   1.0136508E+00
  157.2000   3.9978282E+05   1.0136500E+00
  157.2100   3.9965688E+05   1.0136492E+00
  157.2200   3.9953043E+05   1.0136484E+00
  157.2300   3.9940347E+05   1.0136476E+00
  157.2400   3.9927585E+05   1.0136468E+00
  157.2500   3.9914759E+05   1.0136460E+00
  157.2600   3.9901887E+05   1.0136452E+00
  157.2700   3.9888969E+05   1.0136444E+00
  157.2800   3.9876005E+05   1.0136436E+00
  157.2900   3.9862993E+05   1.0136428E+00
  157.3000   3.9849933E+05   1.0136420E+00
  157.3100   3.9836821E+05   1.0136412E+00
  157.3200   3.9823675E+05   1.0136404E+00
  157.3300   3.9810490E+05   1.0136396E+00
  157.3400   3.9797264E+05   1.0136387E+00
  157.3500   3.9784010E+05   1.0136379E+00
  157.3600   3.9770724E+05   1.0136371E+00
  157.3700   3.9757402E+05   1.0136363E+00
  157.3800   3.9744058E+05   1.0136354E+00
  157.3900   3.9730684E+05   1.0136346E+00
  157.4000   3.9717295E+05   1.0136338E+00
  157.4100   3.9703885E+05   1.0136329E+00
  157.4200   3.9690465E+05   1.0136321E+00
  157.4300   3.9677030E+05   1.0136313E+00
  157.4400   3.9663591E+05   1.0136304E+00
  157.4500   3.9650142E+05   1.0136296E+00
  157.4600   3.9636695E+05   1.0136288E+00
  157.4700   3.9623261E+05   1.0136279E+00
  157.4800   3.9609835E+05   1.0136271E+00
  157.4900   3.9596428E+05   1.0136263E+00
  157.5000   3.9583034E+05   1.0136254E+00
  157.5100   3.9569666E+05   1.0136246E+00
  157.5200   3.9556317E+05   1.0136238E+00
  157.5300   3.9543001E+05   1.0136229E+00
  157.5400   3.9529713E+05   1.0136221E+00
  157.5500   3.9516465E+05   1.0136213E+00
  157.5600   3.9503254E+05   1.0136205E+00
  157.5700   3.9490094E+05   1.0136197E+00
  157.5800   3.9476982E+05   1.0136188E+00
  157.5900   3.9463932E+05   1.0136180E+00
  157.6000   3.9450944E+05   1.0136172E+00
  157.6100   3.9438032E+05   1.0136164E+00
  157.6200   3.9425198E+05   1.0136156E+00
  157.6300   3.9412441E+05   1.0136148E+00
  157.6400   3.9399762E+05   1.0136140E+00
  157.6500   3.9387181E+05   1.0136133E+00
  157.6600   3.9374701E+05   1.0136125E+00
  157.6700   3.9362327E+05   1.0136117E+00
  157.6800   3.9350063E+05   1.0136109E+00
  157.6900   3.9337917E+05   1.0136102E+00
  157.7000   3.9325895E+05   1.0136094E+00
  157.7100   3.9313989E+05   1.0136087E+00
  157.7200   3.9302210E+05   1.0136080E+00
  157.7300   3.9290569E+05   1.0136072E+00
  157.7400   3.9279062E+05   1.0136065E+00
  157.7500   3.9267702E+05   1.0136058E+00
  157.7600   3.9256489E+05   1.0136051E+00
  157.7700   3.9245441E+05   1.0136044E+00
  157.7800   3.9234559E+05   1.0136037E+00
  157.7900   3.9223848E+05   1.0136031E+00
  157.8000   3.9213311E+05   1.0136024E+00
  157.8100   3.9202957E+05   1.0136018E+00
  157.8200   3.9192796E+05   1.0136011E+00
  157.8300   3.9182820E+05   1.0136005E+00
  157.8400   3.9173043E+05   1.0135999E+00
  157.8500   3.9163463E+05   1.0135993E+00
  157.8600   3.9154098E+05   1.0135987E+00
  157.8700   3.9144949E+05   1.0135981E+00
  157.8800   3.9136022E+05   1.0135976E+00
  157.8900   3.9127324E+05   1.0135970E+00
  157.9000   3.9118863E+05   1.0135965E+00
  157.9100   3.9110634E+05   1.0135960E+00
  157.9200   3.9102652E+05   1.0135954E+00
  157.9300   3.9094916E+05   1.0135950E+00
  157.9400   3.9087428E+05   1.0135945E+00
  157.9500   3.9080193E+05   1.0135940E+00
  157.9600   3.9073218E+05   1.0135936E+00
  157.9700   3.9066514E+05   1.0135932E+00
  157.9800   3.9060094E+05   1.0135927E+00
  157.9900   3.9053957E+05   1.0135924E+00
  158.0000   3.9048104E+05   1.0135920E+00
  158.0100   3.9042539E+05   1.0135916E+00
  158.0200   3.9037272E+05   1.0135913E+00
  158.0300   3.9032312E+05   1.0135910E+00
  158.0400   3.9027656E+05   1.0135907E+00
  158.0500   3.9023305E+05   1.0135904E+00
  158.0600   3.9019261E+05   1.0135901E+00
  158.0700   3.9015530E+05   1.0135899E+00
  158.0800   3.9012123E+05   1.0135897E+00
  158.0900   3.9009054E+05   1.0135894E+00
  158.1000   3.9006321E+05   1.0135893E+00
  158.1100   3.9003928E+05   1.0135891E+00
  158.1200   3.9001881E+05   1.0135890E+00
  158.1300   3.9000172E+05   1.0135888E+00
  158.1400   3.8998816E+05   1.0135887E+00
  158.1500   3.8997813E+05   1.0135887E+00
  158.1600   3.8997166E+05   1.0135886E+00
  158.1700   3.8996884E+05   1.0135886E+00
  158.1800   3.8996960E+05   1.0135886E+00
  158.1900   3.8997410E+05   1.0135886E+00
  158.2000   3.8998236E+05   1.0135886E+00
  158.2100   3.8999444E+05   1.0135887E+00
  158.2200   3.9001026E+05   1.0135887E+00
  158.2300   3.9002997E+05   1.0135888E+00
  158.2400   3.9005356E+05   1.0135890E+00
  158.2500   3.9008109E+05   1.0135891E+00
  158.2600   3.9011247E+05   1.0135893E+00
  158.2700   3.9014783E+05   1.0135895E+00
  158.2800   3.9018717E+05   1.0135897E+00
  158.2900   3.9023053E+05   1.0135900E+00
  158.3000   3.9027782E+05   1.0135902E+00
  158.3100   3.9032916E+05   1.0135905E+00
  158.3200   3.9038455E+05   1.0135908E+00
  158.3300   3.9044403E+05   1.0135912E+00
  158.3400   3.9050767E+05   1.0135916E+00
  158.3500   3.9057543E+05   1.0135920E+00
  158.3600   3.9064731E+05   1.0135924E+00
  158.3700   3.9072332E+05   1.0135928E+00
  158.3800   3.9080340E+05   1.0135933E+00
  158.3900   3.9088765E+05   1.0135938E+00
  158.4000   3.9097608E+05   1.0135943E+00
  158.4100   3.9106872E+05   1.0135949E+00
  158.4200   3.9116549E+05   1.0135954E+00
  158.4300   3.9126652E+05   1.0135960E+00
  158.4400   3.9137180E+05   1.0135967E+00
  158.4500   3.9148120E+05   1.0135973E+00
  158.4600   3.9159482E+05   1.0135980E+00
  158.4700   3.9171260E+05   1.0135987E+00
  158.4800   3.9183456E+05   1.0135994E+00
  158.4900   3.9196074E+05   1.0136002E+00
  158.5000   3.9209106E+05   1.0136010E+00
  158.5100   3.9222548E+05   1.0136018E+00
  158.5200   3.9236400E+05   1.0136026E+00
  158.5300   3.9250668E+05   1.0136034E+00
  158.5400   3.9265344E+05   1.0136043E+00
  158.5500   3.9280441E+05   1.0136052E+00
  158.5600   3.9295943E+05   1.0136062E+00
  158.5700   3.9311854E+05   1.0136071E+00
  158.5800   3.9328167E+05   1.0136081E+00
  158.5900   3.9344897E+05   1.0136091E+00
  158.6000   3.9362024E+05   1.0136101E+00
  158.6100   3.9379556E+05   1.0136112E+00
  158.6200   3.9397483E+05   1.0136123E+00
  158.6300   3.9415802E+05   1.0136134E+00
  158.6400   3.9434512E+05   1.0136145E+00
  158.6500   3.9453619E+05   1.0136156E+00
  158.6600   3.9473113E+05   1.0136168E+00
  158.6700   3.9492990E+05   1.0136180E+00
  158.6800   3.9513249E+05   1.0136192E+00
  158.6900   3.9533893E+05   1.0136205E+00
  158.7000   3.9554914E+05   1.0136217E+00
  158.7100   3.9576304E+05   1.0136230E+00
  158.7200   3.9598061E+05   1.0136243E+00
  158.7300   3.9620189E+05   1.0136257E+00
  158.7400   3.9642675E+05   1.0136270E+00
  158.7500   3.9665512E+05   1.0136284E+00
  158.7600   3.9688695E+05   1.0136298E+00
  158.7700   3.9712224E+05   1.0136312E+00
  158.7800   3.9736104E+05   1.0136327E+00
  158.7900   3.9760323E+05   1.0136341E+00
  158.8000   3.9784875E+05   1.0136356E+00
  158.8100   3.9809757E+05   1.0136371E+00
  158.8200   3.9834970E+05   1.0136386E+00
  158.8300   3.9860499E+05   1.0136402E+00
  158.8400   3.9886353E+05   1.0136418E+00
  158.8500   3.9912525E+05   1.0136433E+00
  158.8600   3.9938993E+05   1.0136449E+00
  158.8700   3.9965758E+05   1.0136466E+00
  158.8800   3.9992824E+05   1.0136482E+00
  158.8900   4.0020178E+05   1.0136498E+00
  158.9000   4.0047813E+05   1.0136515E+00
  158.9100   4.0075724E+05   1.0136532E+00
  158.9200   4.0103908E+05   1.0136549E+00
  158.9300   4.0132349E+05   1.0136566E+00
  158.9400   4.0161051E+05   1.0136584E+00
  158.9500   4.0190002E+05   1.0136601E+00
  158.9600   4.0219194E+05   1.0136619E+00
  158.9700   4.0248622E+05   1.0136637E+00
  158.9800   4.0278281E+05   1.0136655E+00
  158.9900   4.0308171E+05   1.0136673E+00
  159.0000   4.0338276E+05   1.0136691E+00
  159.0100   4.0368601E+05   1.0136710E+00
  159.0200   4.0399134E+05   1.0136728E+00
  159.0300   4.0429866E+05   1.0136747E+00
  159.0400   4.0460790E+05   1.0136765E+00
  159.0500   4.0491902E+05   1.0136784E+00
  159.0600   4.0523199E+05   1.0136803E+00
  159.0700   4.0554663E+05   1.0136822E+00
  159.0800   4.0586294E+05   1.0136841E+00
  159.0900   4.0618079E+05   1.0136861E+00
  159.1000   4.0650021E+05   1.0136880E+00
  159.1100   4.0682110E+05   1.0136900E+00
  159.1200   4.0714336E+05   1.0136919E+00
  159.1300   4.0746691E+05   1.0136939E+00
  159.1400   4.0779167E+05   1.0136958E+00
  159.1500   4.0811760E+05   1.0136978E+00
  159.1600   4.0844465E+05   1.0136998E+00
  159.1700   4.0877261E+05   1.0137018E+00
  159.1800   4.0910146E+05   1.0137038E+00
  159.1900   4.0943121E+05   1.0137058E+00
  159.2000   4.0976165E+05   1.0137078E+00
  159.2100   4.1009282E+05   1.0137098E+00
  159.2200   4.1042454E+05   1.0137118E+00
  159.2300   4.1075684E+05   1.0137138E+00
  159.2400   4.1108956E+05   1.0137159E+00
  159.2500   4.1142275E+05   1.0137179E+00
  159.2600   4.1175626E+05   1.0137199E+00
  159.2700   4.1208996E+05   1.0137219E+00
  159.2800   4.1242389E+05   1.0137240E+00
  159.2900   4.1275792E+05   1.0137260E+00
  159.3000   4.1309192E+05   1.0137280E+00
  159.3100   4.1342595E+05   1.0137301E+00
  159.3200   4.1375987E+05   1.0137321E+00
  159.3300   4.1409355E+05   1.0137341E+00
  159.3400   4.1442705E+05   1.0137361E+00
  159.3500   4.1476021E+05   1.0137382E+00
  159.3600   4.1509292E+05   1.0137402E+00
  159.3700   4.1542520E+05   1.0137422E+00
  159.3800   4.1575690E+05   1.0137442E+00
  159.3900   4.1608806E+05   1.0137462E+00
  159.4000   4.1641851E+05   1.0137482E+00
  159.4100   4.1674826E+05   1.0137502E+00
  159.4200   4.1707715E+05   1.0137522E+00
  159.4300   4.1740517E+05   1.0137542E+00
  159.4400   4.1773230E+05   1.0137562E+00
  159.4500   4.1805834E+05   1.0137582E+00
  159.4600   4.1838326E+05   1.0137602E+00
  159.4700   4.1870700E+05   1.0137621E+00
  159.4800   4.1902952E+05   1.0137641E+00
  159.4900   4.1935074E+05   1.0137660E+00
  159.5000   4.1967056E+05   1.0137680E+00
  159.5100   4.1998890E+05   1.0137699E+00
  159.5200   4.2030580E+05   1.0137718E+00
  159.5300   4.2062114E+05   1.0137738E+00
  159.5400   4.2093495E+05   1.0137757E+00
  159.5500   4.2124706E+05   1.0137776E+00
  159.5600   4.2155746E+05   1.0137795E+00
  159.5700   4.2186613E+05   1.0137813E+00
  159.5800   4.2217302E+05   1.0137832E+00
  159.5900   4.2247807E+05   1.0137851E+00
  159.6000   4.2278121E+05   1.0137869E+00
  159.6100   4.2308231E+05   1.0137887E+00
  159.6200   4.2338145E+05   1.0137905E+00
  159.6300   4.2367847E+05   1.0137923E+00
  159.6400   4.2397338E+05   1.0137941E+00
  159.6500   4.2426617E+05   1.0137959E+00
  159.6600   4.2455680E+05   1.0137977E+00
  159.6700   4.2484522E+05   1.0137994E+00
  159.6800   4.2513133E+05   1.0138012E+00
  159.6900   4.2541502E+05   1.0138029E+00
  159.7000   4.2569635E+05   1.0138046E+00
  159.7100   4.2597515E+05   1.0138063E+00
  159.7200   4.2625140E+05   1.0138080E+00
  159.7300   4.2652508E+05   1.0138097E+00
  159.7400   4.2679611E+05   1.0138113E+00
  159.7500   4.2706458E+05   1.0138129E+00
  159.7600   4.2733038E+05   1.0138145E+00
  159.7700   4.2759352E+05   1.0138161E+00
  159.7800   4.2785401E+05   1.0138177E+00
  159.7900   4.2811182E+05   1.0138193E+00
  159.8000   4.2836689E+05   1.0138209E+00
  159.8100   4.2861913E+05   1.0138224E+00
  159.8200   4.2886860E+05   1.0138239E+00
  159.8300   4.2911515E+05   1.0138254E+00
  159.8400   4.2935878E+05   1.0138269E+00
  159.8500   4.2959945E+05   1.0138283E+00
  159.8600   4.2983727E+05   1.0138298E+00
  159.8700   4.3007216E+05   1.0138312E+00
  159.8800   4.3030415E+05   1.0138326E+00
  159.8900   4.3053309E+05   1.0138340E+00
  159.9000   4.3075897E+05   1.0138354E+00
  159.9100   4.3098190E+05   1.0138367E+00
  159.9200   4.3120182E+05   1.0138381E+00
  159.9300   4.3141879E+05   1.0138394E+00
  159.9400   4.3163266E+05   1.0138407E+00
  159.9500   4.3184344E+05   1.0138420E+00
  159.9600   4.3205108E+05   1.0138432E+00
  159.9700   4.3225570E+05   1.0138445E+00
  159.9800   4.3245720E+05   1.0138457E+00
  159.9900   4.3265562E+05   1.0138469E+00
  160.0000   4.3285098E+05   1.0138481E+00
  160.0100   4.3304324E+05   1.0138493E+00
  160.0200   4.3323236E+05   1.0138504E+00
  160.0300   4.3341843E+05   1.0138516E+00
  160.0400   4.3360149E+05   1.0138527E+00
  160.0500   4.3378157E+05   1.0138538E+00
  160.0600   4.3395866E+05   1.0138548E+00
  160.0700   4.3413272E+05   1.0138559E+00
  160.0800   4.3430366E+05   1.0138569E+00
  160.0900   4.3447157E+05   1.0138580E+00
  160.1000   4.3463646E+05   1.0138590E+00
  160.1100   4.3479836E+05   1.0138599E+00
  160.1200   4.3495722E+05   1.0138609E+00
  160.1300   4.3511317E+05   1.0138618E+00
  160.1400   4.3526611E+05   1.0138628E+00
  160.1500   4.3541609E+05   1.0138637E+00
  160.1600   4.3556312E+05   1.0138646E+00
  160.1700   4.3570721E+05   1.0138655E+00
  160.1800   4.3584848E+05   1.0138663E+00
  160.1900   4.3598685E+05   1.0138672E+00
  160.2000   4.3612240E+05   1.0138680E+00
  160.2100   4.3625517E+05   1.0138688E+00
  160.2200   4.3638518E+05   1.0138696E+00
  160.2300   4.3651239E+05   1.0138703E+00
  160.2400   4.3663694E+05   1.0138711E+00
  160.2500   4.3675875E+05   1.0138718E+00
  160.2600   4.3687789E+05   1.0138726E+00
  160.2700   4.3699440E+05   1.0138733E+00
  160.2800   4.3710829E+05   1.0138740E+00
  160.2900   4.3721955E+05   1.0138746E+00
  160.3000   4.3732831E+05   1.0138753E+00
  160.3100   4.3743450E+05   1.0138759E+00
  160.3200   4.3753819E+05   1.0138766E+00
  160.3300   4.3763945E+05   1.0138772E+00
  160.3400   4.3773828E+05   1.0138778E+00
  160.3500   4.3783469E+05   1.0138784E+00
  160.3600   4.3792884E+05   1.0138789E+00
  160.3700   4.3802066E+05   1.0138795E+00
  160.3800   4.3811026E+05   1.0138800E+00
  160.3900   4.3819772E+05   1.0138806E+00
  160.4000   4.3828309E+05   1.0138811E+00
  160.4100   4.3836640E+05   1.0138816E+00
  160.4200   4.3844765E+05   1.0138821E+00
  160.4300   4.3852684E+05   1.0138825E+00
  160.4400   4.3860410E+05   1.0138830E+00
  160.4500   4.3867937E+05   1.0138835E+00
  160.4600   4.3875275E+05   1.0138839E+00
  160.4700   4.3882433E+05   1.0138843E+00
  160.4800   4.3889416E+05   1.0138848E+00
  160.4900   4.3896228E+05   1.0138852E+00
  160.5000   4.3902871E+05   1.0138856E+00
  160.5100   4.3909345E+05   1.0138860E+00
  160.5200   4.3915666E+05   1.0138863E+00
  160.5300   4.3921832E+05   1.0138867E+00
  160.5400   4.3927855E+05   1.0138871E+00
  160.5500   4.3933729E+05   1.0138874E+00
  160.5600   4.3939462E+05   1.0138878E+00
  160.5700   4.3945065E+05   1.0138881E+00
  160.5800   4.3950542E+05   1.0138884E+00
  160.5900   4.3955900E+05   1.0138888E+00
  160.6000   4.3961143E+05   1.0138891E+00
  160.6100   4.3966273E+05   1.0138894E+00
  160.6200   4.3971293E+05   1.0138897E+00
  160.6300   4.3976220E+05   1.0138900E+00
  160.6400   4.3981053E+05   1.0138903E+00
  160.6500   4.3985792E+05   1.0138906E+00
  160.6600   4.3990450E+05   1.0138908E+00
  160.6700   4.3995026E+05   1.0138911E+00
  160.6800   4.3999531E+05   1.0138914E+00
  160.6900   4.4003961E+05   1.0138917E+00
  160.7000   4.4008328E+05   1.0138919E+00
  160.7100   4.4012642E+05   1.0138922E+00
  160.7200   4.4016897E+05   1.0138924E+00
  160.7300   4.4021101E+05   1.0138927E+00
  160.7400   4.4025266E+05   1.0138929E+00
  160.7500   4.4029399E+05   1.0138932E+00
  160.7600   4.4033491E+05   1.0138934E+00
  160.7700   4.4037550E+05   1.0138937E+00
  160.7800   4.4041584E+05   1.0138939E+00
  160.7900   4.4045600E+05   1.0138941E+00
  160.8000   4.4049606E+05   1.0138944E+00
  160.8100   4.4053609E+05   1.0138946E+00
  160.8200   4.4057616E+05   1.0138949E+00
  160.8300   4.4061635E+05   1.0138951E+00
  160.8400   4.4065653E+05   1.0138953E+00
  160.8500   4.4069680E+05   1.0138956E+00
  160.8600   4.4073721E+05   1.0138958E+00
  160.8700   4.4077785E+05   1.0138961E+00
  160.8800   4.4081880E+05   1.0138963E+00
  160.8900   4.4086013E+05   1.0138966E+00
  160.9000   4.4090175E+05   1.0138968E+00
  160.9100   4.4094375E+05   1.0138971E+00
  160.9200   4.4098622E+05   1.0138973E+00
  160.9300   4.4102926E+05   1.0138976E+00
  160.9400   4.4107280E+05   1.0138978E+00
  160.9500   4.4111694E+05   1.0138981E+00
  160.9600   4.4116162E+05   1.0138984E+00
  160.9700   4.4120696E+05   1.0138986E+00
  160.9800   4.4125291E+05   1.0138989E+00
  160.9900   4.4129961E+05   1.0138992E+00
  161.0000   4.4134702E+05   1.0138995E+00
  161.0100   4.4139529E+05   1.0138998E+00
  161.0200   4.4144441E+05   1.0139001E+00
  161.0300   4.4149436E+05   1.0139004E+00
  161.0400   4.4154515E+05   1.0139007E+00
  161.0500   4.4159696E+05   1.0139010E+00
  161.0600   4.4164982E+05   1.0139013E+00
  161.0700   4.4170375E+05   1.0139016E+00
  161.0800   4.4175880E+05   1.0139019E+00
  161.0900   4.4181485E+05   1.0139023E+00
  161.1000   4.4187196E+05   1.0139026E+00
  161.1100   4.4193021E+05   1.0139030E+00
  161.1200   4.4198969E+05   1.0139033E+00
  161.1300   4.4205033E+05   1.0139037E+00
  161.1400   4.4211225E+05   1.0139041E+00
  161.1500   4.4217539E+05   1.0139045E+00
  161.1600   4.4223971E+05   1.0139048E+00
  161.1700   4.4230539E+05   1.0139052E+00
  161.1800   4.4237240E+05   1.0139056E+00
  161.1900   4.4244076E+05   1.0139061E+00
  161.2000   4.4251049E+05   1.0139065E+00
  161.2100   4.4258163E+05   1.0139069E+00
  161.2200   4.4265405E+05   1.0139073E+00
  161.2300   4.4272781E+05   1.0139078E+00
  161.2400   4.4280299E+05   1.0139082E+00
  161.2500   4.4287953E+05   1.0139087E+00
  161.2600   4.4295751E+05   1.0139092E+00
  161.2700   4.4303690E+05   1.0139097E+00
  161.2800   4.4311766E+05   1.0139101E+00
  161.2900   4.4319994E+05   1.0139106E+00
  161.3000   4.4328374E+05   1.0139111E+00
  161.3100   4.4336908E+05   1.0139117E+00
  161.3200   4.4345580E+05   1.0139122E+00
  161.3300   4.4354394E+05   1.0139127E+00
  161.3400   4.4363356E+05   1.0139133E+00
  161.3500   4.4372475E+05   1.0139138E+00
  161.3600   4.4381741E+05   1.0139144E+00
  161.3700   4.4391147E+05   1.0139149E+00
  161.3800   4.4400707E+05   1.0139155E+00
  161.3900   4.4410415E+05   1.0139161E+00
  161.4000   4.4420270E+05   1.0139167E+00
  161.4100   4.4430271E+05   1.0139173E+00
  161.4200   4.4440419E+05   1.0139179E+00
  161.4300   4.4450717E+05   1.0139185E+00
  161.4400   4.4461151E+05   1.0139192E+00
  161.4500   4.4471727E+05   1.0139198E+00
  161.4600   4.4482453E+05   1.0139205E+00
  161.4700   4.4493319E+05   1.0139211E+00
  161.4800   4.4504317E+05   1.0139218E+00
  161.4900   4.4515461E+05   1.0139225E+00
  161.5000   4.4526745E+05   1.0139232E+00
  161.5100   4.4538166E+05   1.0139239E+00
  161.5200   4.4549724E+05   1.0139246E+00
  161.5300   4.4561418E+05   1.0139253E+00
  161.5400   4.4573251E+05   1.0139260E+00
  161.5500   4.4585207E+05   1.0139267E+00
  161.5600   4.4597291E+05   1.0139274E+00
  161.5700   4.4609491E+05   1.0139282E+00
  161.5800   4.4621814E+05   1.0139289E+00
  161.5900   4.4634250E+05   1.0139297E+00
  161.6000   4.4646811E+05   1.0139304E+00
  161.6100   4.4659488E+05   1.0139312E+00
  161.6200   4.4672276E+05   1.0139320E+00
  161.6300   4.4685172E+05   1.0139328E+00
  161.6400   4.4698172E+05   1.0139336E+00
  161.6500   4.4711274E+05   1.0139344E+00
  161.6600   4.4724478E+05   1.0139352E+00
  161.6700   4.4737783E+05   1.0139360E+00
  161.6800   4.4751191E+05   1.0139368E+00
  161.6900   4.4764688E+05   1.0139376E+00
  161.7000   4.4778275E+05   1.0139384E+00
  161.7100   4.4791941E+05   1.0139393E+00
  161.7200   4.4805690E+05   1.0139401E+00
  161.7300   4.4819511E+05   1.0139409E+00
  161.7400   4.4833411E+05   1.0139418E+00
  161.7500   4.4847380E+05   1.0139426E+00
  161.7600   4.4861408E+05   1.0139435E+00
  161.7700   4.4875506E+05   1.0139443E+00
  161.7800   4.4889666E+05   1.0139452E+00
  161.7900   4.4903880E+05   1.0139461E+00
  161.8000   4.4918142E+05   1.0139469E+00
  161.8100   4.4932446E+05   1.0139478E+00
  161.8200   4.4946786E+05   1.0139487E+00
  161.8300   4.4961177E+05   1.0139496E+00
  161.8400   4.4975612E+05   1.0139504E+00
  161.8500   4.4990089E+05   1.0139513E+00
  161.8600   4.5004603E+05   1.0139522E+00
  161.8700   4.5019133E+05   1.0139531E+00
  161.8800   4.5033677E+05   1.0139540E+00
  161.8900   4.5048232E+05   1.0139548E+00
  161.9000   4.5062795E+05   1.0139557E+00
  161.9100   4.5077363E+05   1.0139566E+00
  161.9200   4.5091934E+05   1.0139575E+00
  161.9300   4.5106506E+05   1.0139584E+00
  161.9400   4.5121077E+05   1.0139593E+00
  161.9500   4.5135643E+05   1.0139602E+00
  161.9600   4.5150202E+05   1.0139611E+00
  161.9700   4.5164753E+05   1.0139619E+00
  161.9800   4.5179273E+05   1.0139628E+00
  161.9900   4.5193761E+05   1.0139637E+00
  162.0000   4.5208213E+05   1.0139646E+00
  162.0100   4.5222624E+05   1.0139655E+00
  162.0200   4.5236992E+05   1.0139663E+00
  162.0300   4.5251311E+05   1.0139672E+00
  162.0400   4.5265577E+05   1.0139681E+00
  162.0500   4.5279783E+05   1.0139689E+00
  162.0600   4.5293942E+05   1.0139698E+00
  162.0700   4.5308046E+05   1.0139707E+00
  162.0800   4.5322089E+05   1.0139715E+00
  162.0900   4.5336061E+05   1.0139724E+00
  162.1000   4.5349955E+05   1.0139732E+00
  162.1100   4.5363778E+05   1.0139741E+00
  162.1200   4.5377520E+05   1.0139749E+00
  162.1300   4.5391169E+05   1.0139757E+00
  162.1400   4.5404731E+05   1.0139766E+00
  162.1500   4.5418193E+05   1.0139774E+00
  162.1600   4.5431558E+05   1.0139782E+00
  162.1700   4.5444830E+05   1.0139790E+00
  162.1800   4.5457990E+05   1.0139798E+00
  162.1900   4.5471040E+05   1.0139806E+00
  162.2000   4.5483979E+05   1.0139814E+00
  162.2100   4.5496804E+05   1.0139822E+00
  162.2200   4.5509512E+05   1.0139829E+00
  162.2300   4.5522099E+05   1.0139837E+00
  162.2400   4.5534558E+05   1.0139845E+00
  162.2500   4.5546882E+05   1.0139852E+00
  162.2600   4.5559062E+05   1.0139860E+00
  162.2700   4.5571106E+05   1.0139867E+00
  162.2800   4.5583002E+05   1.0139874E+00
  162.2900   4.5594754E+05   1.0139881E+00
  162.3000   4.5606365E+05   1.0139888E+00
  162.3100   4.5617818E+05   1.0139895E+00
  162.3200   4.5629114E+05   1.0139902E+00
  162.3300   4.5640249E+05   1.0139909E+00
  162.3400   4.5651221E+05   1.0139916E+00
  162.3500   4.5662023E+05   1.0139922E+00
  162.3600   4.5672666E+05   1.0139929E+00
  162.3700   4.5683140E+05   1.0139935E+00
  162.3800   4.5693435E+05   1.0139941E+00
  162.3900   4.5703556E+05   1.0139948E+00
  162.4000   4.5713505E+05   1.0139954E+00
  162.4100   4.5723283E+05   1.0139960E+00
  162.4200   4.5732873E+05   1.0139965E+00
  162.4300   4.5742270E+05   1.0139971E+00
  162.4400   4.5751489E+05   1.0139977E+00
  162.4500   4.5760522E+05   1.0139982E+00
  162.4600   4.5769360E+05   1.0139988E+00
  162.4700   4.5778011E+05   1.0139993E+00
  162.4800   4.5786461E+05   1.0139998E+00
  162.4900   4.5794712E+05   1.0140003E+00
  162.5000   4.5802767E+05   1.0140008E+00
  162.5100   4.5810622E+05   1.0140013E+00
  162.5200   4.5818274E+05   1.0140018E+00
  162.5300   4.5825717E+05   1.0140022E+00
  162.5400   4.5832961E+05   1.0140026E+00
  162.5500   4.5839994E+05   1.0140031E+00
  162.5600   4.5846823E+05   1.0140035E+00
  162.5700   4.5853451E+05   1.0140039E+00
  162.5800   4.5859877E+05   1.0140043E+00
  162.5900   4.5866101E+05   1.0140047E+00
  162.6000   4.5872119E+05   1.0140050E+00
  162.6100   4.5877924E+05   1.0140054E+00
  162.6200   4.5883527E+05   1.0140057E+00
  162.6300   4.5888917E+05   1.0140061E+00
  162.6400   4.5894098E+05   1.0140064E+00
  162.6500   4.5899075E+05   1.0140067E+00
  162.6600   4.5903848E+05   1.0140070E+00
  162.6700   4.5908414E+05   1.0140072E+00
  162.6800   4.5912770E+05   1.0140075E+00
  162.6900   4.5916910E+05   1.0140078E+00
  162.7000   4.5920843E+05   1.0140080E+00
  162.7100   4.5924576E+05   1.0140082E+00
  162.7200   4.5928097E+05   1.0140084E+00
  162.7300   4.5931408E+05   1.0140086E+00
  162.7400   4.5934508E+05   1.0140088E+00
  162.7500   4.5937397E+05   1.0140090E+00
  162.7600   4.5940088E+05   1.0140092E+00
  162.7700   4.5942574E+05   1.0140093E+00
  162.7800   4.5944864E+05   1.0140095E+00
  162.7900   4.5946949E+05   1.0140096E+00
  162.8000   4.5948832E+05   1.0140097E+00
  162.8100   4.5950516E+05   1.0140098E+00
  162.8200   4.5952001E+05   1.0140099E+00
  162.8300   4.5953287E+05   1.0140100E+00
  162.8400   4.5954386E+05   1.0140100E+00
  162.8500   4.5955294E+05   1.0140101E+00
  162.8600   4.5956019E+05   1.0140101E+00
  162.8700   4.5956552E+05   1.0140102E+00
  162.8800   4.5956898E+05   1.0140102E+00
  162.8900   4.5957062E+05   1.0140102E+00
  162.9000   4.5957045E+05   1.0140102E+00
  162.9100   4.5956846E+05   1.0140102E+00
  162.9200   4.5956464E+05   1.0140102E+00
  162.9300   4.5955912E+05   1.0140101E+00
  162.9400   4.5955184E+05   1.0140101E+00
  162.9500   4.5954291E+05   1.0140100E+00
  162.9600   4.5953221E+05   1.0140100E+00
  162.9700   4.5951981E+05   1.0140099E+00
  162.9800   4.5950576E+05   1.0140098E+00
  162.9900   4.5949008E+05   1.0140097E+00
  163.0000   4.5947277E+05   1.0140096E+00
  163.0100   4.5945383E+05   1.0140095E+00
  163.0200   4.5943341E+05   1.0140094E+00
  163.0300   4.5941146E+05   1.0140092E+00
  163.0400   4.5938810E+05   1.0140091E+00
  163.0500   4.5936325E+05   1.0140089E+00
  163.0600   4.5933699E+05   1.0140088E+00
  163.0700   4.5930941E+05   1.0140086E+00
  163.0800   4.5928055E+05   1.0140084E+00
  163.0900   4.5925045E+05   1.0140082E+00
  163.1000   4.5921915E+05   1.0140080E+00
  163.1100   4.5918666E+05   1.0140078E+00
  163.1200   4.5915298E+05   1.0140076E+00
  163.1300   4.5911810E+05   1.0140074E+00
  163.1400   4.5908199E+05   1.0140072E+00
  163.1500   4.5904479E+05   1.0140070E+00
  163.1600   4.5900647E+05   1.0140067E+00
  163.1700   4.5896712E+05   1.0140065E+00
  163.1800   4.5892669E+05   1.0140063E+00
  163.1900   4.5888525E+05   1.0140060E+00
  163.2000   4.5884291E+05   1.0140057E+00
  163.2100   4.5879973E+05   1.0140055E+00
  163.2200   4.5875558E+05   1.0140052E+00
  163.2300   4.5871054E+05   1.0140049E+00
  163.2400   4.5866463E+05   1.0140046E+00
  163.2500   4.5861790E+05   1.0140044E+00
  163.2600   4.5857037E+05   1.0140041E+00
  163.2700   4.5852205E+05   1.0140038E+00
  163.2800   4.5847314E+05   1.0140035E+00
  163.2900   4.5842363E+05   1.0140032E+00
  163.3000   4.5837352E+05   1.0140029E+00
  163.3100   4.5832279E+05   1.0140025E+00
  163.3200   4.5827142E+05   1.0140022E+00
  163.3300   4.5821957E+05   1.0140019E+00
  163.3400   4.5816721E+05   1.0140016E+00
  163.3500   4.5811448E+05   1.0140013E+00
  163.3600   4.5806133E+05   1.0140009E+00
  163.3700   4.5800773E+05   1.0140006E+00
  163.3800   4.5795379E+05   1.0140003E+00
  163.3900   4.5789947E+05   1.0140000E+00
  163.4000   4.5784488E+05   1.0139996E+00
  163.4100   4.5778997E+05   1.0139993E+00
  163.4200   4.5773484E+05   1.0139989E+00
  163.4300   4.5767943E+05   1.0139986E+00
  163.4400   4.5762385E+05   1.0139983E+00
  163.4500   4.5756802E+05   1.0139979E+00
  163.4600   4.5751205E+05   1.0139976E+00
  163.4700   4.5745604E+05   1.0139972E+00
  163.4800   4.5739992E+05   1.0139969E+00
  163.4900   4.5734377E+05   1.0139965E+00
  163.5000   4.5728752E+05   1.0139962E+00
  163.5100   4.5723128E+05   1.0139959E+00
  163.5200   4.5717496E+05   1.0139955E+00
  163.5300   4.5711865E+05   1.0139952E+00
  163.5400   4.5706246E+05   1.0139948E+00
  163.5500   4.5700631E+05   1.0139945E+00
  163.5600   4.5695030E+05   1.0139941E+00
  163.5700   4.5689434E+05   1.0139938E+00
  163.5800   4.5683854E+05   1.0139934E+00
  163.5900   4.5678282E+05   1.0139931E+00
  163.6000   4.5672729E+05   1.0139928E+00
  163.6100   4.5667188E+05   1.0139924E+00
  163.6200   4.5661668E+05   1.0139921E+00
  163.6300   4.5656164E+05   1.0139917E+00
  163.6400   4.5650686E+05   1.0139914E+00
  163.6500   4.5645228E+05   1.0139911E+00
  163.6600   4.5639783E+05   1.0139907E+00
  163.6700   4.5634364E+05   1.0139904E+00
  163.6800   4.5628963E+05   1.0139901E+00
  163.6900   4.5623595E+05   1.0139897E+00
  163.7000   4.5618253E+05   1.0139894E+00
  163.7100   4.5612932E+05   1.0139891E+00
  163.7200   4.5607627E+05   1.0139888E+00
  163.7300   4.5602353E+05   1.0139884E+00
  163.7400   4.5597103E+05   1.0139881E+00
  163.7500   4.5591875E+05   1.0139878E+00
  163.7600   4.5586664E+05   1.0139875E+00
  163.7700   4.5581485E+05   1.0139872E+00
  163.7800   4.5576335E+05   1.0139868E+00
  163.7900   4.5571210E+05   1.0139865E+00
  163.8000   4.5566108E+05   1.0139862E+00
  163.8100   4.5561027E+05   1.0139859E+00
  163.8200   4.5555963E+05   1.0139856E+00
  163.8300   4.5550916E+05   1.0139853E+00
  163.8400   4.5545883E+05   1.0139850E+00
  163.8500   4.5540862E+05   1.0139847E+00
  163.8600   4.5535852E+05   1.0139844E+00
  163.8700   4.5530852E+05   1.0139840E+00
  163.8800   4.5525860E+05   1.0139837E+00
  163.8900   4.5520874E+05   1.0139834E+00
  163.9000   4.5515894E+05   1.0139831E+00
  163.9100   4.5510919E+05   1.0139828E+00
  163.9200   4.5505947E+05   1.0139825E+00
  163.9300   4.5500977E+05   1.0139822E+00
  163.9400   4.5496009E+05   1.0139819E+00
  163.9500   4.5491041E+05   1.0139816E+00
  163.9600   4.5486073E+05   1.0139813E+00
  163.9700   4.5481103E+05   1.0139810E+00
  163.9800   4.5476130E+05   1.0139807E+00
  163.9900   4.5471135E+05   1.0139804E+00
  164.0000   4.5466117E+05   1.0139801E+00
  164.0100   4.5461074E+05   1.0139798E+00
  164.0200   4.5456005E+05   1.0139794E+00
  164.0300   4.5450907E+05   1.0139791E+00
  164.0400   4.5445778E+05   1.0139788E+00
  164.0500   4.5440614E+05   1.0139785E+00
  164.0600   4.5435414E+05   1.0139782E+00
  164.0700   4.5430173E+05   1.0139779E+00
  164.0800   4.5424888E+05   1.0139775E+00
  164.0900   4.5419553E+05   1.0139772E+00
  164.1000   4.5414163E+05   1.0139769E+00
  164.1100   4.5408714E+05   1.0139765E+00
  164.1200   4.5403199E+05   1.0139762E+00
  164.1300   4.5397610E+05   1.0139759E+00
  164.1400   4.5391940E+05   1.0139755E+00
  164.1500   4.5386198E+05   1.0139752E+00
  164.1600   4.5380375E+05   1.0139748E+00
  164.1700   4.5374459E+05   1.0139744E+00
  164.1800   4.5368441E+05   1.0139741E+00
  164.1900   4.5362324E+05   1.0139737E+00
  164.2000   4.5356096E+05   1.0139733E+00
  164.2100   4.5349760E+05   1.0139729E+00
  164.2200   4.5343299E+05   1.0139725E+00
  164.2300   4.5336714E+05   1.0139721E+00
  164.2400   4.5330005E+05   1.0139717E+00
  164.2500   4.5323169E+05   1.0139713E+00
  164.2600   4.5316184E+05   1.0139709E+00
  164.2700   4.5309046E+05   1.0139704E+00
  164.2800   4.5301747E+05   1.0139700E+00
  164.2900   4.5294297E+05   1.0139695E+00
  164.3000   4.5286686E+05   1.0139690E+00
  164.3100   4.5278902E+05   1.0139686E+00
  164.3200   4.5270948E+05   1.0139681E+00
  164.3300   4.5262809E+05   1.0139676E+00
  164.3400   4.5254485E+05   1.0139671E+00
  164.3500   4.5245956E+05   1.0139666E+00
  164.3600   4.5237217E+05   1.0139660E+00
  164.3700   4.5228264E+05   1.0139655E+00
  164.3800   4.5219085E+05   1.0139649E+00
  164.3900   4.5209689E+05   1.0139643E+00
  164.4000   4.5200062E+05   1.0139637E+00
  164.4100   4.5190205E+05   1.0139631E+00
  164.4200   4.5180100E+05   1.0139625E+00
  164.4300   4.5169743E+05   1.0139619E+00
  164.4400   4.5159129E+05   1.0139612E+00
  164.4500   4.5148247E+05   1.0139606E+00
  164.4600   4.5137086E+05   1.0139599E+00
  164.4700   4.5125649E+05   1.0139592E+00
  164.4800   4.5113918E+05   1.0139585E+00
  164.4900   4.5101889E+05   1.0139577E+00
  164.5000   4.5089556E+05   1.0139570E+00
  164.5100   4.5076909E+05   1.0139562E+00
  164.5200   4.5063952E+05   1.0139554E+00
  164.5300   4.5050669E+05   1.0139546E+00
  164.5400   4.5037058E+05   1.0139538E+00
  164.5500   4.5023112E+05   1.0139529E+00
  164.5600   4.5008821E+05   1.0139520E+00
  164.5700   4.4994173E+05   1.0139511E+00
  164.5800   4.4979167E+05   1.0139502E+00
  164.5900   4.4963802E+05   1.0139493E+00
  164.6000   4.4948068E+05   1.0139483E+00
  164.6100   4.4931955E+05   1.0139473E+00
  164.6200   4.4915448E+05   1.0139463E+00
  164.6300   4.4898544E+05   1.0139453E+00
  164.6400   4.4881238E+05   1.0139442E+00
  164.6500   4.4863518E+05   1.0139431E+00
  164.6600   4.4845388E+05   1.0139420E+00
  164.6700   4.4826828E+05   1.0139409E+00
  164.6800   4.4807831E+05   1.0139397E+00
  164.6900   4.4788405E+05   1.0139385E+00
  164.7000   4.4768533E+05   1.0139373E+00
  164.7100   4.4748213E+05   1.0139361E+00
  164.7200   4.4727437E+05   1.0139348E+00
  164.7300   4.4706191E+05   1.0139335E+00
  164.7400   4.4684477E+05   1.0139322E+00
  164.7500   4.4662290E+05   1.0139308E+00
  164.7600   4.4639618E+05   1.0139295E+00
  164.7700   4.4616464E+05   1.0139280E+00
  164.7800   4.4592826E+05   1.0139266E+00
  164.7900   4.4568695E+05   1.0139251E+00
  164.8000   4.4544058E+05   1.0139236E+00
  164.8100   4.4518912E+05   1.0139221E+00
  164.8200   4.4493252E+05   1.0139205E+00
  164.8300   4.4467066E+05   1.0139189E+00
  164.8400   4.4440351E+05   1.0139173E+00
  164.8500   4.4413104E+05   1.0139156E+00
  164.8600   4.4385311E+05   1.0139139E+00
  164.8700   4.4356973E+05   1.0139122E+00
  164.8800   4.4328083E+05   1.0139104E+00
  164.8900   4.4298649E+05   1.0139086E+00
  164.9000   4.4268651E+05   1.0139068E+00
  164.9100   4.4238084E+05   1.0139049E+00
  164.9200   4.4206953E+05   1.0139030E+00
  164.9300   4.4175257E+05   1.0139011E+00
  164.9400   4.4142991E+05   1.0138991E+00
  164.9500   4.4110139E+05   1.0138971E+00
  164.9600   4.4076702E+05   1.0138950E+00
  164.9700   4.4042670E+05   1.0138929E+00
  164.9800   4.4008048E+05   1.0138908E+00
  164.9900   4.3972832E+05   1.0138887E+00
  165.0000   4.3937012E+05   1.0138865E+00
  165.0100   4.3900591E+05   1.0138843E+00
  165.0200   4.3863564E+05   1.0138820E+00
  165.0300   4.3825936E+05   1.0138797E+00
  165.0400   4.3787708E+05   1.0138774E+00
  165.0500   4.3748873E+05   1.0138750E+00
  165.0600   4.3709417E+05   1.0138726E+00
  165.0700   4.3669339E+05   1.0138701E+00
  165.0800   4.3628647E+05   1.0138676E+00
  165.0900   4.3587343E+05   1.0138651E+00
  165.1000   4.3545423E+05   1.0138625E+00
  165.1100   4.3502875E+05   1.0138599E+00
  165.1200   4.3459698E+05   1.0138573E+00
  165.1300   4.3415904E+05   1.0138546E+00
  165.1400   4.3371479E+05   1.0138519E+00
  165.1500   4.3326419E+05   1.0138491E+00
  165.1600   4.3280733E+05   1.0138464E+00
  165.1700   4.3234421E+05   1.0138435E+00
  165.1800   4.3187478E+05   1.0138407E+00
  165.1900   4.3139909E+05   1.0138377E+00
  165.2000   4.3091713E+05   1.0138348E+00
  165.2100   4.3042898E+05   1.0138318E+00
  165.2200   4.2993450E+05   1.0138288E+00
  165.2300   4.2943382E+05   1.0138257E+00
  165.2400   4.2892684E+05   1.0138226E+00
  165.2500   4.2841354E+05   1.0138195E+00
  165.2600   4.2789404E+05   1.0138163E+00
  165.2700   4.2736838E+05   1.0138131E+00
  165.2800   4.2683653E+05   1.0138098E+00
  165.2900   4.2629858E+05   1.0138065E+00
  165.3000   4.2575454E+05   1.0138032E+00
  165.3100   4.2520437E+05   1.0137999E+00
  165.3200   4.2464813E+05   1.0137964E+00
  165.3300   4.2408581E+05   1.0137930E+00
  165.3400   4.2351752E+05   1.0137895E+00
  165.3500   4.2294331E+05   1.0137860E+00
  165.3600   4.2236316E+05   1.0137825E+00
  165.3700   4.2177715E+05   1.0137789E+00
  165.3800   4.2118532E+05   1.0137753E+00
  165.3900   4.2058762E+05   1.0137716E+00
  165.4000   4.1998414E+05   1.0137679E+00
  165.4100   4.1937489E+05   1.0137642E+00
  165.4200   4.1876000E+05   1.0137604E+00
  165.4300   4.1813954E+05   1.0137566E+00
  165.4400   4.1751352E+05   1.0137528E+00
  165.4500   4.1688188E+05   1.0137489E+00
  165.4600   4.1624470E+05   1.0137450E+00
  165.4700   4.1560214E+05   1.0137411E+00
  165.4800   4.1495416E+05   1.0137371E+00
  165.4900   4.1430082E+05   1.0137331E+00
  165.5000   4.1364230E+05   1.0137291E+00
  165.5100   4.1297855E+05   1.0137250E+00
  165.5200   4.1230965E+05   1.0137210E+00
  165.5300   4.1163578E+05   1.0137168E+00
  165.5400   4.1095689E+05   1.0137127E+00
  165.5500   4.1027309E+05   1.0137085E+00
  165.5600   4.0958438E+05   1.0137043E+00
  165.5700   4.0889093E+05   1.0137000E+00
  165.5800   4.0819283E+05   1.0136958E+00
  165.5900   4.0749014E+05   1.0136915E+00
  165.6000   4.0678286E+05   1.0136871E+00
  165.6100   4.0607111E+05   1.0136828E+00
  165.6200   4.0535498E+05   1.0136784E+00
  165.6300   4.0463467E+05   1.0136740E+00
  165.6400   4.0391017E+05   1.0136695E+00
  165.6500   4.0318160E+05   1.0136651E+00
  165.6600   4.0244902E+05   1.0136606E+00
  165.6700   4.0171248E+05   1.0136561E+00
  165.6800   4.0097212E+05   1.0136516E+00
  165.6900   4.0022808E+05   1.0136470E+00
  165.7000   3.9948044E+05   1.0136424E+00
  165.7100   3.9872923E+05   1.0136378E+00
  165.7200   3.9797465E+05   1.0136332E+00
  165.7300   3.9721683E+05   1.0136286E+00
  165.7400   3.9645571E+05   1.0136239E+00
  165.7500   3.9569153E+05   1.0136192E+00
  165.7600   3.9492433E+05   1.0136145E+00
  165.7700   3.9415430E+05   1.0136098E+00
  165.7800   3.9338141E+05   1.0136051E+00
  165.7900   3.9260579E+05   1.0136003E+00
  165.8000   3.9182751E+05   1.0135956E+00
  165.8100   3.9104683E+05   1.0135908E+00
  165.8200   3.9026378E+05   1.0135860E+00
  165.8300   3.8947855E+05   1.0135812E+00
  165.8400   3.8869112E+05   1.0135763E+00
  165.8500   3.8790163E+05   1.0135715E+00
  165.8600   3.8711019E+05   1.0135667E+00
  165.8700   3.8631690E+05   1.0135618E+00
  165.8800   3.8552202E+05   1.0135569E+00
  165.8900   3.8472560E+05   1.0135521E+00
  165.9000   3.8392767E+05   1.0135472E+00
  165.9100   3.8312844E+05   1.0135423E+00
  165.9200   3.8232792E+05   1.0135374E+00
  165.9300   3.8152628E+05   1.0135325E+00
  165.9400   3.8072368E+05   1.0135275E+00
  165.9500   3.7992026E+05   1.0135226E+00
  165.9600   3.7911617E+05   1.0135177E+00
  165.9700   3.7831154E+05   1.0135128E+00
  165.9800   3.7750649E+05   1.0135078E+00
  165.9900   3.7670115E+05   1.0135029E+00
  166.0000   3.7589563E+05   1.0134979E+00
  166.0100   3.7509010E+05   1.0134930E+00
  166.0200   3.7428462E+05   1.0134881E+00
  166.0300   3.7347930E+05   1.0134831E+00
  166.0400   3.7267425E+05   1.0134782E+00
  166.0500   3.7186959E+05   1.0134733E+00
  166.0600   3.7106544E+05   1.0134683E+00
  166.0700   3.7026193E+05   1.0134634E+00
  166.0800   3.6945919E+05   1.0134585E+00
  166.0900   3.6865736E+05   1.0134536E+00
  166.1000   3.6785659E+05   1.0134487E+00
  166.1100   3.6705686E+05   1.0134437E+00
  166.1200   3.6625834E+05   1.0134388E+00
  166.1300   3.6546123E+05   1.0134340E+00
  166.1400   3.6466553E+05   1.0134291E+00
  166.1500   3.6387147E+05   1.0134242E+00
  166.1600   3.6307910E+05   1.0134193E+00
  166.1700   3.6228849E+05   1.0134145E+00
  166.1800   3.6149990E+05   1.0134097E+00
  166.1900   3.6071346E+05   1.0134048E+00
  166.2000   3.5992930E+05   1.0134000E+00
  166.2100   3.5914740E+05   1.0133952E+00
  166.2200   3.5836794E+05   1.0133904E+00
  166.2300   3.5759094E+05   1.0133857E+00
  166.2400   3.5681666E+05   1.0133809E+00
  166.2500   3.5604518E+05   1.0133762E+00
  166.2600   3.5527661E+05   1.0133715E+00
  166.2700   3.5451110E+05   1.0133668E+00
  166.2800   3.5374865E+05   1.0133621E+00
  166.2900   3.5298949E+05   1.0133574E+00
  166.3000   3.5223368E+05   1.0133528E+00
  166.3100   3.5148132E+05   1.0133482E+00
  166.3200   3.5073257E+05   1.0133436E+00
  166.3300   3.4998743E+05   1.0133390E+00
  166.3400   3.4924611E+05   1.0133344E+00
  166.3500   3.4850872E+05   1.0133299E+00
  166.3600   3.4777537E+05   1.0133254E+00
  166.3700   3.4704605E+05   1.0133209E+00
  166.3800   3.4632099E+05   1.0133165E+00
  166.3900   3.4560026E+05   1.0133120E+00
  166.4000   3.4488381E+05   1.0133076E+00
  166.4100   3.4417182E+05   1.0133033E+00
  166.4200   3.4346434E+05   1.0132989E+00
  166.4300   3.4276146E+05   1.0132946E+00
  166.4400   3.4206331E+05   1.0132903E+00
  166.4500   3.4136993E+05   1.0132860E+00
  166.4600   3.4068156E+05   1.0132818E+00
  166.4700   3.3999813E+05   1.0132776E+00
  166.4800   3.3931983E+05   1.0132734E+00
  166.4900   3.3864671E+05   1.0132693E+00
  166.5000   3.3797887E+05   1.0132652E+00
  166.5100   3.3731631E+05   1.0132611E+00
  166.5200   3.3665925E+05   1.0132571E+00
  166.5300   3.3600762E+05   1.0132531E+00
  166.5400   3.3536157E+05   1.0132491E+00
  166.5500   3.3472115E+05   1.0132451E+00
  166.5600   3.3408648E+05   1.0132412E+00
  166.5700   3.3345753E+05   1.0132374E+00
  166.5800   3.3283437E+05   1.0132335E+00
  166.5900   3.3221710E+05   1.0132297E+00
  166.6000   3.3160572E+05   1.0132260E+00
  166.6100   3.3100031E+05   1.0132222E+00
  166.6200   3.3040098E+05   1.0132185E+00
  166.6300   3.2980776E+05   1.0132149E+00
  166.6400   3.2922073E+05   1.0132113E+00
  166.6500   3.2863986E+05   1.0132077E+00
  166.6600   3.2806537E+05   1.0132042E+00
  166.6700   3.2749718E+05   1.0132007E+00
  166.6800   3.2693529E+05   1.0131972E+00
  166.6900   3.2637977E+05   1.0131938E+00
  166.7000   3.2583076E+05   1.0131904E+00
  166.7100   3.2528827E+05   1.0131870E+00
  166.7200   3.2475223E+05   1.0131837E+00
  166.7300   3.2422281E+05   1.0131805E+00
  166.7400   3.2370007E+05   1.0131772E+00
  166.7500   3.2318397E+05   1.0131740E+00
  166.7600   3.2267452E+05   1.0131709E+00
  166.7700   3.2217183E+05   1.0131678E+00
  166.7800   3.2167590E+05   1.0131647E+00
  166.7900   3.2118662E+05   1.0131617E+00
  166.8000   3.2070411E+05   1.0131587E+00
  166.8100   3.2022843E+05   1.0131558E+00
  166.8200   3.1975949E+05   1.0131529E+00
  166.8300   3.1929731E+05   1.0131500E+00
  166.8400   3.1884196E+05   1.0131472E+00
  166.8500   3.1839342E+05   1.0131445E+00
  166.8600   3.1795173E+05   1.0131417E+00
  166.8700   3.1751683E+05   1.0131390E+00
  166.8800   3.1708874E+05   1.0131364E+00
  166.8900   3.1666738E+05   1.0131338E+00
  166.9000   3.1625291E+05   1.0131312E+00
  166.9100   3.1584521E+05   1.0131287E+00
  166.9200   3.1544423E+05   1.0131262E+00
  166.9300   3.1505001E+05   1.0131238E+00
  166.9400   3.1466265E+05   1.0131214E+00
  166.9500   3.1428196E+05   1.0131190E+00
  166.9600   3.1390802E+05   1.0131167E+00
  166.9700   3.1354080E+05   1.0131144E+00
  166.9800   3.1318033E+05   1.0131122E+00
  166.9900   3.1282655E+05   1.0131100E+00
  167.0000   3.1247946E+05   1.0131078E+00
  167.0100   3.1213897E+05   1.0131057E+00
  167.0200   3.1180504E+05   1.0131036E+00
  167.0300   3.1147772E+05   1.0131016E+00
  167.0400   3.1115695E+05   1.0130996E+00
  167.0500   3.1084275E+05   1.0130976E+00
  167.0600   3.1053500E+05   1.0130957E+00
  167.0700   3.1023368E+05   1.0130939E+00
  167.0800   3.0993883E+05   1.0130920E+00
  167.0900   3.0965039E+05   1.0130902E+00
  167.1000   3.0936819E+05   1.0130885E+00
  167.1100   3.0909228E+05   1.0130867E+00
  167.1200   3.0882264E+05   1.0130851E+00
  167.1300   3.0855912E+05   1.0130834E+00
  167.1400   3.0830181E+05   1.0130818E+00
  167.1500   3.0805052E+05   1.0130802E+00
  167.1600   3.0780530E+05   1.0130787E+00
  167.1700   3.0756608E+05   1.0130772E+00
  167.1800   3.0733270E+05   1.0130757E+00
  167.1900   3.0710522E+05   1.0130743E+00
  167.2000   3.0688360E+05   1.0130729E+00
  167.2100   3.0666767E+05   1.0130716E+00
  167.2200   3.0645751E+05   1.0130703E+00
  167.2300   3.0625291E+05   1.0130690E+00
  167.2400   3.0605389E+05   1.0130677E+00
  167.2500   3.0586035E+05   1.0130665E+00
  167.2600   3.0567227E+05   1.0130653E+00
  167.2700   3.0548949E+05   1.0130642E+00
  167.2800   3.0531209E+05   1.0130630E+00
  167.2900   3.0513986E+05   1.0130620E+00
  167.3000   3.0497281E+05   1.0130609E+00
  167.3100   3.0481085E+05   1.0130599E+00
  167.3200   3.0465393E+05   1.0130589E+00
  167.3300   3.0450188E+05   1.0130579E+00
  167.3400   3.0435475E+05   1.0130570E+00
  167.3500   3.0421249E+05   1.0130561E+00
  167.3600   3.0407490E+05   1.0130552E+00
  167.3700   3.0394202E+05   1.0130543E+00
  167.3800   3.0381378E+05   1.0130535E+00
  167.3900   3.0368995E+05   1.0130527E+00
  167.4000   3.0357054E+05   1.0130520E+00
  167.4100   3.0345544E+05   1.0130512E+00
  167.4200   3.0334457E+05   1.0130505E+00
  167.4300   3.0323790E+05   1.0130498E+00
  167.4400   3.0313529E+05   1.0130492E+00
  167.4500   3.0303661E+05   1.0130485E+00
  167.4600   3.0294180E+05   1.0130479E+00
  167.4700   3.0285082E+05   1.0130473E+00
  167.4800   3.0276369E+05   1.0130467E+00
  167.4900   3.0268029E+05   1.0130462E+00
  167.5000   3.0260053E+05   1.0130457E+00
  167.5100   3.0252437E+05   1.0130452E+00
  167.5200   3.0245162E+05   1.0130447E+00
  167.5300   3.0238233E+05   1.0130442E+00
  167.5400   3.0231638E+05   1.0130438E+00
  167.5500   3.0225370E+05   1.0130434E+00
  167.5600   3.0219408E+05   1.0130430E+00
  167.5700   3.0213751E+05   1.0130426E+00
  167.5800   3.0208385E+05   1.0130422E+00
  167.5900   3.0203317E+05   1.0130419E+00
  167.6000   3.0198537E+05   1.0130416E+00
  167.6100   3.0194023E+05   1.0130413E+00
  167.6200   3.0189773E+05   1.0130410E+00
  167.6300   3.0185788E+05   1.0130407E+00
  167.6400   3.0182052E+05   1.0130404E+00
  167.6500   3.0178555E+05   1.0130402E+00
  167.6600   3.0175287E+05   1.0130399E+00
  167.6700   3.0172242E+05   1.0130397E+00
  167.6800   3.0169416E+05   1.0130395E+00
  167.6900   3.0166808E+05   1.0130393E+00
  167.7000   3.0164400E+05   1.0130391E+00
  167.7100   3.0162195E+05   1.0130389E+00
  167.7200   3.0160181E+05   1.0130388E+00
  167.7300   3.0158347E+05   1.0130386E+00
  167.7400   3.0156683E+05   1.0130385E+00
  167.7500   3.0155185E+05   1.0130384E+00
  167.7600   3.0153846E+05   1.0130383E+00
  167.7700   3.0152663E+05   1.0130382E+00
  167.7800   3.0151635E+05   1.0130381E+00
  167.7900   3.0150745E+05   1.0130380E+00
  167.8000   3.0149993E+05   1.0130379E+00
  167.8100   3.0149366E+05   1.0130378E+00
  167.8200   3.0148867E+05   1.0130377E+00
  167.8300   3.0148486E+05   1.0130377E+00
  167.8400   3.0148211E+05   1.0130376E+00
  167.8500   3.0148051E+05   1.0130376E+00
  167.8600   3.0147998E+05   1.0130376E+00
  167.8700   3.0148045E+05   1.0130375E+00
  167.8800   3.0148186E+05   1.0130375E+00
  167.8900   3.0148416E+05   1.0130375E+00
  167.9000   3.0148731E+05   1.0130375E+00
  167.9100   3.0149129E+05   1.0130374E+00
  167.9200   3.0149607E+05   1.0130374E+00
  167.9300   3.0150147E+05   1.0130374E+00
  167.9400   3.0150747E+05   1.0130374E+00
  167.9500   3.0151409E+05   1.0130374E+00
  167.9600   3.0152132E+05   1.0130375E+00
  167.9700   3.0152901E+05   1.0130375E+00
  167.9800   3.0153718E+05   1.0130375E+00
  167.9900   3.0154586E+05   1.0130375E+00
  168.0000   3.0155489E+05   1.0130375E+00
  168.0100   3.0156431E+05   1.0130375E+00
  168.0200   3.0157417E+05   1.0130376E+00
  168.0300   3.0158433E+05   1.0130376E+00
  168.0400   3.0159483E+05   1.0130376E+00
  168.0500   3.0160555E+05   1.0130377E+00
  168.0600   3.0161655E+05   1.0130377E+00
  168.0700   3.0162789E+05   1.0130377E+00
  168.0800   3.0163943E+05   1.0130378E+00
  168.0900   3.0165126E+05   1.0130378E+00
  168.1000   3.0166325E+05   1.0130378E+00
  168.1100   3.0167548E+05   1.0130379E+00
  168.1200   3.0168783E+05   1.0130379E+00
  168.1300   3.0170039E+05   1.0130380E+00
  168.1400   3.0171322E+05   1.0130380E+00
  168.1500   3.0172623E+05   1.0130380E+00
  168.1600   3.0173949E+05   1.0130381E+00
  168.1700   3.0175291E+05   1.0130381E+00
  168.1800   3.0176658E+05   1.0130382E+00
  168.1900   3.0178039E+05   1.0130382E+00
  168.2000   3.0179445E+05   1.0130383E+00
  168.2100   3.0180866E+05   1.0130383E+00
  168.2200   3.0182312E+05   1.0130384E+00
  168.2300   3.0183774E+05   1.0130384E+00
  168.2400   3.0185263E+05   1.0130385E+00
  168.2500   3.0186788E+05   1.0130386E+00
  168.2600   3.0188341E+05   1.0130386E+00
  168.2700   3.0189935E+05   1.0130387E+00
  168.2800   3.0191562E+05   1.0130387E+00
  168.2900   3.0193234E+05   1.0130388E+00
  168.3000   3.0194944E+05   1.0130389E+00
  168.3100   3.0196706E+05   1.0130390E+00
  168.3200   3.0198515E+05   1.0130390E+00
  168.3300   3.0200367E+05   1.0130391E+00
  168.3400   3.0202274E+05   1.0130392E+00
  168.3500   3.0204235E+05   1.0130393E+00
  168.3600   3.0206265E+05   1.0130394E+00
  168.3700   3.0208362E+05   1.0130395E+00
  168.3800   3.0210524E+05   1.0130396E+00
  168.3900   3.0212769E+05   1.0130397E+00
  168.4000   3.0215098E+05   1.0130398E+00
  168.4100   3.0217513E+05   1.0130399E+00
  168.4200   3.0220014E+05   1.0130400E+00
  168.4300   3.0222606E+05   1.0130401E+00
  168.4400   3.0225294E+05   1.0130403E+00
  168.4500   3.0228081E+05   1.0130404E+00
  168.4600   3.0230975E+05   1.0130405E+00
  168.4700   3.0233984E+05   1.0130407E+00
  168.4800   3.0237116E+05   1.0130408E+00
  168.4900   3.0240381E+05   1.0130410E+00
  168.5000   3.0243792E+05   1.0130412E+00
  168.5100   3.0247344E+05   1.0130414E+00
  168.5200   3.0251050E+05   1.0130415E+00
  168.5300   3.0254911E+05   1.0130417E+00
  168.5400   3.0258944E+05   1.0130420E+00
  168.5500   3.0263151E+05   1.0130422E+00
  168.5600   3.0267537E+05   1.0130424E+00
  168.5700   3.0272107E+05   1.0130427E+00
  168.5800   3.0276870E+05   1.0130429E+00
  168.5900   3.0281835E+05   1.0130432E+00
  168.6000   3.0287015E+05   1.0130435E+00
  168.6100   3.0292406E+05   1.0130438E+00
  168.6200   3.0298027E+05   1.0130441E+00
  168.6300   3.0303877E+05   1.0130444E+00
  168.6400   3.0309962E+05   1.0130447E+00
  168.6500   3.0316307E+05   1.0130451E+00
  168.6600   3.0322902E+05   1.0130454E+00
  168.6700   3.0329760E+05   1.0130458E+00
  168.6800   3.0336896E+05   1.0130462E+00
  168.6900   3.0344310E+05   1.0130466E+00
  168.7000   3.0352024E+05   1.0130471E+00
  168.7100   3.0360045E+05   1.0130475E+00
  168.7200   3.0368382E+05   1.0130480E+00
  168.7300   3.0377031E+05   1.0130485E+00
  168.7400   3.0386008E+05   1.0130490E+00
  168.7500   3.0395316E+05   1.0130496E+00
  168.7600   3.0404980E+05   1.0130501E+00
  168.7700   3.0415009E+05   1.0130507E+00
  168.7800   3.0425399E+05   1.0130513E+00
  168.7900   3.0436169E+05   1.0130519E+00
  168.8000   3.0447322E+05   1.0130526E+00
  168.8100   3.0458867E+05   1.0130532E+00
  168.8200   3.0470817E+05   1.0130539E+00
  168.8300   3.0483170E+05   1.0130546E+00
  168.8400   3.0495950E+05   1.0130554E+00
  168.8500   3.0509162E+05   1.0130562E+00
  168.8600   3.0522822E+05   1.0130570E+00
  168.8700   3.0536929E+05   1.0130578E+00
  168.8800   3.0551487E+05   1.0130586E+00
  168.8900   3.0566507E+05   1.0130595E+00
  168.9000   3.0582003E+05   1.0130604E+00
  168.9100   3.0597978E+05   1.0130614E+00
  168.9200   3.0614457E+05   1.0130623E+00
  168.9300   3.0631435E+05   1.0130633E+00
  168.9400   3.0648931E+05   1.0130644E+00
  168.9500   3.0666950E+05   1.0130654E+00
  168.9600   3.0685506E+05   1.0130665E+00
  168.9700   3.0704597E+05   1.0130677E+00
  168.9800   3.0724229E+05   1.0130688E+00
  168.9900   3.0744414E+05   1.0130700E+00
  169.0000   3.0765170E+05   1.0130713E+00
  169.0100   3.0786503E+05   1.0130725E+00
  169.0200   3.0808425E+05   1.0130738E+00
  169.0300   3.0830937E+05   1.0130752E+00
  169.0400   3.0854046E+05   1.0130766E+00
  169.0500   3.0877768E+05   1.0130780E+00
  169.0600   3.0902103E+05   1.0130794E+00
  169.0700   3.0927062E+05   1.0130809E+00
  169.0800   3.0952660E+05   1.0130825E+00
  169.0900   3.0978904E+05   1.0130840E+00
  169.1000   3.1005788E+05   1.0130856E+00
  169.1100   3.1033331E+05   1.0130873E+00
  169.1200   3.1061542E+05   1.0130890E+00
  169.1300   3.1090419E+05   1.0130907E+00
  169.1400   3.1119967E+05   1.0130925E+00
  169.1500   3.1150200E+05   1.0130943E+00
  169.1600   3.1181120E+05   1.0130961E+00
  169.1700   3.1212736E+05   1.0130980E+00
  169.1800   3.1245048E+05   1.0131000E+00
  169.1900   3.1278064E+05   1.0131020E+00
  169.2000   3.1311798E+05   1.0131040E+00
  169.2100   3.1346256E+05   1.0131061E+00
  169.2200   3.1381432E+05   1.0131082E+00
  169.2300   3.1417348E+05   1.0131103E+00
  169.2400   3.1453995E+05   1.0131125E+00
  169.2500   3.1491376E+05   1.0131148E+00
  169.2600   3.1529499E+05   1.0131171E+00
  169.2700   3.1568381E+05   1.0131194E+00
  169.2800   3.1608013E+05   1.0131218E+00
  169.2900   3.1648410E+05   1.0131243E+00
  169.3000   3.1689578E+05   1.0131267E+00
  169.3100   3.1731515E+05   1.0131293E+00
  169.3200   3.1774225E+05   1.0131318E+00
  169.3300   3.1817704E+05   1.0131345E+00
  169.3400   3.1861957E+05   1.0131371E+00
  169.3500   3.1906996E+05   1.0131399E+00
  169.3600   3.1952825E+05   1.0131426E+00
  169.3700   3.1999438E+05   1.0131454E+00
  169.3800   3.2046838E+05   1.0131483E+00
  169.3900   3.2095019E+05   1.0131512E+00
  169.4000   3.2143982E+05   1.0131542E+00
  169.4100   3.2193738E+05   1.0131572E+00
  169.4200   3.2244288E+05   1.0131602E+00
  169.4300   3.2295626E+05   1.0131633E+00
  169.4400   3.2347751E+05   1.0131665E+00
  169.4500   3.2400674E+05   1.0131697E+00
  169.4600   3.2454395E+05   1.0131730E+00
  169.4700   3.2508904E+05   1.0131763E+00
  169.4800   3.2564203E+05   1.0131796E+00
  169.4900   3.2620299E+05   1.0131830E+00
  169.5000   3.2677192E+05   1.0131864E+00
  169.5100   3.2734871E+05   1.0131899E+00
  169.5200   3.2793337E+05   1.0131935E+00
  169.5300   3.2852596E+05   1.0131971E+00
  169.5400   3.2912647E+05   1.0132007E+00
  169.5500   3.2973478E+05   1.0132044E+00
  169.5600   3.3035088E+05   1.0132081E+00
  169.5700   3.3097464E+05   1.0132119E+00
  169.5800   3.3160603E+05   1.0132157E+00
  169.5900   3.3224510E+05   1.0132196E+00
  169.6000   3.3289181E+05   1.0132235E+00
  169.6100   3.3354620E+05   1.0132275E+00
  169.6200   3.3420822E+05   1.0132315E+00
  169.6300   3.3487770E+05   1.0132356E+00
  169.6400   3.3555459E+05   1.0132397E+00
  169.6500   3.3623889E+05   1.0132438E+00
  169.6600   3.3693052E+05   1.0132480E+00
  169.6700   3.3762948E+05   1.0132523E+00
  169.6800   3.3833566E+05   1.0132566E+00
  169.6900   3.3904905E+05   1.0132609E+00
  169.7000   3.3976951E+05   1.0132653E+00
  169.7100   3.4049700E+05   1.0132697E+00
  169.7200   3.4123137E+05   1.0132742E+00
  169.7300   3.4197255E+05   1.0132787E+00
  169.7400   3.4272055E+05   1.0132832E+00
  169.7500   3.4347526E+05   1.0132878E+00
  169.7600   3.4423666E+05   1.0132924E+00
  169.7700   3.4500461E+05   1.0132971E+00
  169.7800   3.4577905E+05   1.0133018E+00
  169.7900   3.4655982E+05   1.0133065E+00
  169.8000   3.4734681E+05   1.0133113E+00
  169.8100   3.4813999E+05   1.0133161E+00
  169.8200   3.4893923E+05   1.0133210E+00
  169.8300   3.4974444E+05   1.0133259E+00
  169.8400   3.5055544E+05   1.0133308E+00
  169.8500   3.5137229E+05   1.0133358E+00
  169.8600   3.5219474E+05   1.0133408E+00
  169.8700   3.5302280E+05   1.0133458E+00
  169.8800   3.5385635E+05   1.0133509E+00
  169.8900   3.5469516E+05   1.0133560E+00
  169.9000   3.5553923E+05   1.0133612E+00
  169.9100   3.5638845E+05   1.0133663E+00
  169.9200   3.5724256E+05   1.0133715E+00
  169.9300   3.5810157E+05   1.0133767E+00
  169.9400   3.5896534E+05   1.0133820E+00
  169.9500   3.5983361E+05   1.0133873E+00
  169.9600   3.6070636E+05   1.0133926E+00
  169.9700   3.6158342E+05   1.0133979E+00
  169.9800   3.6246467E+05   1.0134033E+00
  169.9900   3.6334988E+05   1.0134087E+00
  170.0000   3.6423903E+05   1.0134141E+00
  170.0100   3.6513195E+05   1.0134195E+00
  170.0200   3.6602853E+05   1.0134250E+00
  170.0300   3.6692851E+05   1.0134305E+00
  170.0400   3.6783186E+05   1.0134360E+00
  170.0500   3.6873839E+05   1.0134415E+00
  170.0600   3.6964797E+05   1.0134470E+00
  170.0700   3.7056048E+05   1.0134526E+00
  170.0800   3.7147566E+05   1.0134582E+00
  170.0900   3.7239347E+05   1.0134638E+00
  170.1000   3.7331370E+05   1.0134694E+00
  170.1100   3.7423620E+05   1.0134750E+00
  170.1200   3.7516080E+05   1.0134806E+00
  170.1300   3.7608740E+05   1.0134863E+00
  170.1400   3.7701570E+05   1.0134919E+00
  170.1500   3.7794563E+05   1.0134976E+00
  170.1600   3.7887694E+05   1.0135033E+00
  170.1700   3.7980960E+05   1.0135089E+00
  170.1800   3.8074338E+05   1.0135146E+00
  170.1900   3.8167810E+05   1.0135203E+00
  170.2000   3.8261355E+05   1.0135260E+00
  170.2100   3.8354957E+05   1.0135317E+00
  170.2200   3.8448598E+05   1.0135374E+00
  170.2300   3.8542261E+05   1.0135432E+00
  170.2400   3.8635930E+05   1.0135489E+00
  170.2500   3.8729589E+05   1.0135546E+00
  170.2600   3.8823221E+05   1.0135603E+00
  170.2700   3.8916809E+05   1.0135660E+00
  170.2800   3.9010337E+05   1.0135717E+00
  170.2900   3.9103786E+05   1.0135774E+00
  170.3000   3.9197139E+05   1.0135831E+00
  170.3100   3.9290375E+05   1.0135888E+00
  170.3200   3.9383493E+05   1.0135944E+00
  170.3300   3.9476469E+05   1.0136001E+00
  170.3400   3.9569282E+05   1.0136058E+00
  170.3500   3.9661922E+05   1.0136114E+00
  170.3600   3.9754363E+05   1.0136171E+00
  170.3700   3.9846594E+05   1.0136227E+00
  170.3800   3.9938602E+05   1.0136283E+00
  170.3900   4.0030370E+05   1.0136339E+00
  170.4000   4.0121880E+05   1.0136395E+00
  170.4100   4.0213111E+05   1.0136451E+00
  170.4200   4.0304037E+05   1.0136506E+00
  170.4300   4.0394651E+05   1.0136561E+00
  170.4400   4.0484938E+05   1.0136616E+00
  170.4500   4.0574882E+05   1.0136671E+00
  170.4600   4.0664462E+05   1.0136726E+00
  170.4700   4.0753656E+05   1.0136780E+00
  170.4800   4.0842451E+05   1.0136835E+00
  170.4900   4.0930833E+05   1.0136888E+00
  170.5000   4.1018784E+05   1.0136942E+00
  170.5100   4.1106296E+05   1.0136996E+00
  170.5200   4.1193342E+05   1.0137049E+00
  170.5300   4.1279905E+05   1.0137101E+00
  170.5400   4.1365982E+05   1.0137154E+00
  170.5500   4.1451547E+05   1.0137206E+00
  170.5600   4.1536585E+05   1.0137258E+00
  170.5700   4.1621078E+05   1.0137310E+00
  170.5800   4.1705017E+05   1.0137361E+00
  170.5900   4.1788389E+05   1.0137412E+00
  170.6000   4.1871173E+05   1.0137462E+00
  170.6100   4.1953362E+05   1.0137513E+00
  170.6200   4.2034940E+05   1.0137562E+00
  170.6300   4.2115886E+05   1.0137612E+00
  170.6400   4.2196189E+05   1.0137661E+00
  170.6500   4.2275831E+05   1.0137710E+00
  170.6600   4.2354807E+05   1.0137758E+00
  170.6700   4.2433103E+05   1.0137806E+00
  170.6800   4.2510695E+05   1.0137853E+00
  170.6900   4.2587574E+05   1.0137900E+00
  170.7000   4.2663739E+05   1.0137946E+00
  170.7100   4.2739162E+05   1.0137992E+00
  170.7200   4.2813845E+05   1.0138038E+00
  170.7300   4.2887763E+05   1.0138083E+00
  170.7400   4.2960918E+05   1.0138128E+00
  170.7500   4.3033287E+05   1.0138172E+00
  170.7600   4.3104855E+05   1.0138216E+00
  170.7700   4.3175617E+05   1.0138259E+00
  170.7800   4.3245560E+05   1.0138302E+00
  170.7900   4.3314678E+05   1.0138344E+00
  170.8000   4.3382956E+05   1.0138386E+00
  170.8100   4.3450392E+05   1.0138427E+00
  170.8200   4.3516968E+05   1.0138468E+00
  170.8300   4.3582681E+05   1.0138508E+00
  170.8400   4.3647514E+05   1.0138547E+00
  170.8500   4.3711461E+05   1.0138586E+00
  170.8600   4.3774523E+05   1.0138625E+00
  170.8700   4.3836691E+05   1.0138663E+00
  170.8800   4.3897948E+05   1.0138700E+00
  170.8900   4.3958283E+05   1.0138737E+00
  170.9000   4.4017694E+05   1.0138774E+00
  170.9100   4.4076168E+05   1.0138809E+00
  170.9200   4.4133701E+05   1.0138845E+00
  170.9300   4.4190296E+05   1.0138879E+00
  170.9400   4.4245946E+05   1.0138913E+00
  170.9500   4.4300632E+05   1.0138947E+00
  170.9600   4.4354363E+05   1.0138979E+00
  170.9700   4.4407136E+05   1.0139012E+00
  170.9800   4.4458937E+05   1.0139043E+00
  170.9900   4.4509761E+05   1.0139074E+00
  171.0000   4.4559610E+05   1.0139105E+00
  171.0100   4.4608472E+05   1.0139135E+00
  171.0200   4.4656348E+05   1.0139164E+00
  171.0300   4.4703240E+05   1.0139193E+00
  171.0400   4.4749145E+05   1.0139221E+00
  171.0500   4.4794062E+05   1.0139248E+00
  171.0600   4.4837984E+05   1.0139275E+00
  171.0700   4.4880906E+05   1.0139301E+00
  171.0800   4.4922834E+05   1.0139327E+00
  171.0900   4.4963761E+05   1.0139352E+00
  171.1000   4.5003688E+05   1.0139376E+00
  171.1100   4.5042605E+05   1.0139400E+00
  171.1200   4.5080526E+05   1.0139423E+00
  171.1300   4.5117437E+05   1.0139446E+00
  171.1400   4.5153348E+05   1.0139468E+00
  171.1500   4.5188260E+05   1.0139489E+00
  171.1600   4.5222179E+05   1.0139510E+00
  171.1700   4.5255100E+05   1.0139530E+00
  171.1800   4.5287026E+05   1.0139550E+00
  171.1900   4.5317967E+05   1.0139569E+00
  171.2000   4.5347921E+05   1.0139587E+00
  171.2100   4.5376896E+05   1.0139605E+00
  171.2200   4.5404887E+05   1.0139622E+00
  171.2300   4.5431895E+05   1.0139639E+00
  171.2400   4.5457931E+05   1.0139654E+00
  171.2500   4.5482993E+05   1.0139670E+00
  171.2600   4.5507089E+05   1.0139685E+00
  171.2700   4.5530213E+05   1.0139699E+00
  171.2800   4.5552387E+05   1.0139712E+00
  171.2900   4.5573603E+05   1.0139725E+00
  171.3000   4.5593880E+05   1.0139738E+00
  171.3100   4.5613225E+05   1.0139750E+00
  171.3200   4.5631635E+05   1.0139761E+00
  171.3300   4.5649117E+05   1.0139772E+00
  171.3400   4.5665682E+05   1.0139782E+00
  171.3500   4.5681334E+05   1.0139791E+00
  171.3600   4.5696084E+05   1.0139800E+00
  171.3700   4.5709933E+05   1.0139809E+00
  171.3800   4.5722889E+05   1.0139817E+00
  171.3900   4.5734969E+05   1.0139824E+00
  171.4000   4.5746183E+05   1.0139831E+00
  171.4100   4.5756545E+05   1.0139838E+00
  171.4200   4.5766062E+05   1.0139843E+00
  171.4300   4.5774731E+05   1.0139849E+00
  171.4400   4.5782577E+05   1.0139854E+00
  171.4500   4.5789597E+05   1.0139858E+00
  171.4600   4.5795814E+05   1.0139862E+00
  171.4700   4.5801226E+05   1.0139865E+00
  171.4800   4.5805856E+05   1.0139868E+00
  171.4900   4.5809703E+05   1.0139870E+00
  171.5000   4.5812791E+05   1.0139872E+00
  171.5100   4.5815119E+05   1.0139874E+00
  171.5200   4.5816713E+05   1.0139875E+00
  171.5300   4.5817573E+05   1.0139875E+00
  171.5400   4.5817710E+05   1.0139875E+00
  171.5500   4.5817143E+05   1.0139875E+00
  171.5600   4.5815886E+05   1.0139874E+00
  171.5700   4.5813941E+05   1.0139873E+00
  171.5800   4.5811326E+05   1.0139871E+00
  171.5900   4.5808066E+05   1.0139869E+00
  171.6000   4.5804161E+05   1.0139867E+00
  171.6100   4.5799622E+05   1.0139864E+00
  171.6200   4.5794474E+05   1.0139861E+00
  171.6300   4.5788731E+05   1.0139858E+00
  171.6400   4.5782403E+05   1.0139854E+00
  171.6500   4.5775511E+05   1.0139850E+00
  171.6600   4.5768069E+05   1.0139845E+00
  171.6700   4.5760086E+05   1.0139840E+00
  171.6800   4.5751584E+05   1.0139835E+00
  171.6900   4.5742576E+05   1.0139830E+00
  171.7000   4.5733072E+05   1.0139824E+00
  171.7100   4.5723094E+05   1.0139818E+00
  171.7200   4.5712659E+05   1.0139811E+00
  171.7300   4.5701778E+05   1.0139805E+00
  171.7400   4.5690458E+05   1.0139798E+00
  171.7500   4.5678718E+05   1.0139791E+00
  171.7600   4.5666575E+05   1.0139783E+00
  171.7700   4.5654038E+05   1.0139776E+00
  171.7800   4.5641133E+05   1.0139768E+00
  171.7900   4.5627879E+05   1.0139760E+00
  171.8000   4.5614293E+05   1.0139751E+00
  171.8100   4.5600389E+05   1.0139743E+00
  171.8200   4.5586174E+05   1.0139734E+00
  171.8300   4.5571673E+05   1.0139725E+00
  171.8400   4.5556889E+05   1.0139716E+00
  171.8500   4.5541840E+05   1.0139707E+00
  171.8600   4.5526539E+05   1.0139698E+00
  171.8700   4.5511018E+05   1.0139688E+00
  171.8800   4.5495284E+05   1.0139679E+00
  171.8900   4.5479346E+05   1.0139669E+00
  171.9000   4.5463226E+05   1.0139659E+00
  171.9100   4.5446945E+05   1.0139649E+00
  171.9200   4.5430522E+05   1.0139639E+00
  171.9300   4.5413974E+05   1.0139629E+00
  171.9400   4.5397318E+05   1.0139619E+00
  171.9500   4.5380568E+05   1.0139609E+00
  171.9600   4.5363738E+05   1.0139598E+00
  171.9700   4.5346841E+05   1.0139588E+00
  171.9800   4.5329889E+05   1.0139578E+00
  171.9900   4.5312893E+05   1.0139567E+00
  172.0000   4.5295883E+05   1.0139557E+00
  172.0100   4.5278868E+05   1.0139546E+00
  172.0200   4.5261861E+05   1.0139536E+00
  172.0300   4.5244871E+05   1.0139525E+00
  172.0400   4.5227929E+05   1.0139515E+00
  172.0500   4.5211044E+05   1.0139505E+00
  172.0600   4.5194230E+05   1.0139494E+00
  172.0700   4.5177499E+05   1.0139484E+00
  172.0800   4.5160865E+05   1.0139474E+00
  172.0900   4.5144342E+05   1.0139464E+00
  172.1000   4.5127948E+05   1.0139454E+00
  172.1100   4.5111698E+05   1.0139444E+00
  172.1200   4.5095595E+05   1.0139434E+00
  172.1300   4.5079658E+05   1.0139424E+00
  172.1400   4.5063911E+05   1.0139415E+00
  172.1500   4.5048359E+05   1.0139405E+00
  172.1600   4.5033011E+05   1.0139396E+00
  172.1700   4.5017878E+05   1.0139386E+00
  172.1800   4.5002973E+05   1.0139377E+00
  172.1900   4.4988312E+05   1.0139368E+00
  172.2000   4.4973913E+05   1.0139360E+00
  172.2100   4.4959779E+05   1.0139351E+00
  172.2200   4.4945935E+05   1.0139342E+00
  172.2300   4.4932390E+05   1.0139334E+00
  172.2400   4.4919156E+05   1.0139326E+00
  172.2500   4.4906231E+05   1.0139318E+00
  172.2600   4.4893634E+05   1.0139310E+00
  172.2700   4.4881371E+05   1.0139303E+00
  172.2800   4.4869450E+05   1.0139295E+00
  172.2900   4.4857883E+05   1.0139288E+00
  172.3000   4.4846687E+05   1.0139281E+00
  172.3100   4.4835864E+05   1.0139275E+00
  172.3200   4.4825438E+05   1.0139268E+00
  172.3300   4.4815402E+05   1.0139262E+00
  172.3400   4.4805771E+05   1.0139256E+00
  172.3500   4.4796565E+05   1.0139251E+00
  172.3600   4.4787789E+05   1.0139245E+00
  172.3700   4.4779437E+05   1.0139240E+00
  172.3800   4.4771523E+05   1.0139235E+00
  172.3900   4.4764051E+05   1.0139231E+00
  172.4000   4.4757027E+05   1.0139226E+00
  172.4100   4.4750463E+05   1.0139222E+00
  172.4200   4.4744359E+05   1.0139218E+00
  172.4300   4.4738737E+05   1.0139215E+00
  172.4400   4.4733588E+05   1.0139212E+00
  172.4500   4.4728927E+05   1.0139209E+00
  172.4600   4.4724756E+05   1.0139206E+00
  172.4700   4.4721082E+05   1.0139204E+00
  172.4800   4.4717900E+05   1.0139202E+00
  172.4900   4.4715229E+05   1.0139200E+00
  172.5000   4.4713074E+05   1.0139199E+00
  172.5100   4.4711429E+05   1.0139198E+00
  172.5200   4.4710294E+05   1.0139197E+00
  172.5300   4.4709671E+05   1.0139197E+00
  172.5400   4.4709574E+05   1.0139197E+00
  172.5500   4.4709998E+05   1.0139197E+00
  172.5600   4.4710949E+05   1.0139197E+00
  172.5700   4.4712418E+05   1.0139198E+00
  172.5800   4.4714420E+05   1.0139200E+00
  172.5900   4.4716959E+05   1.0139201E+00
  172.6000   4.4720026E+05   1.0139203E+00
  172.6100   4.4723618E+05   1.0139205E+00
  172.6200   4.4727737E+05   1.0139208E+00
  172.6300   4.4732392E+05   1.0139210E+00
  172.6400   4.4737580E+05   1.0139213E+00
  172.6500   4.4743303E+05   1.0139217E+00
  172.6600   4.4749551E+05   1.0139221E+00
  172.6700   4.4756320E+05   1.0139225E+00
  172.6800   4.4763611E+05   1.0139229E+00
  172.6900   4.4771433E+05   1.0139234E+00
  172.7000   4.4779780E+05   1.0139239E+00
  172.7100   4.4788635E+05   1.0139244E+00
  172.7200   4.4798006E+05   1.0139250E+00
  172.7300   4.4807886E+05   1.0139256E+00
  172.7400   4.4818275E+05   1.0139262E+00
  172.7500   4.4829161E+05   1.0139269E+00
  172.7600   4.4840538E+05   1.0139276E+00
  172.7700   4.4852402E+05   1.0139283E+00
  172.7800   4.4864759E+05   1.0139291E+00
  172.7900   4.4877599E+05   1.0139298E+00
  172.8000   4.4890920E+05   1.0139307E+00
  172.8100   4.4904703E+05   1.0139315E+00
  172.8200   4.4918958E+05   1.0139324E+00
  172.8300   4.4933677E+05   1.0139333E+00
  172.8400   4.4948843E+05   1.0139342E+00
  172.8500   4.4964459E+05   1.0139351E+00
  172.8600   4.4980516E+05   1.0139361E+00
  172.8700   4.4997010E+05   1.0139371E+00
  172.8800   4.5013924E+05   1.0139381E+00
  172.8900   4.5031246E+05   1.0139392E+00
  172.9000   4.5048968E+05   1.0139403E+00
  172.9100   4.5067085E+05   1.0139414E+00
  172.9200   4.5085580E+05   1.0139425E+00
  172.9300   4.5104459E+05   1.0139437E+00
  172.9400   4.5123713E+05   1.0139448E+00
  172.9500   4.5143318E+05   1.0139460E+00
  172.9600   4.5163274E+05   1.0139473E+00
  172.9700   4.5183565E+05   1.0139485E+00
  172.9800   4.5204181E+05   1.0139497E+00
  172.9900   4.5225114E+05   1.0139510E+00
  173.0000   4.5246360E+05   1.0139523E+00
  173.0100   4.5267899E+05   1.0139536E+00
  173.0200   4.5289716E+05   1.0139550E+00
  173.0300   4.5311799E+05   1.0139563E+00
  173.0400   4.5334138E+05   1.0139577E+00
  173.0500   4.5356727E+05   1.0139591E+00
  173.0600   4.5379544E+05   1.0139605E+00
  173.0700   4.5402586E+05   1.0139619E+00
  173.0800   4.5425838E+05   1.0139633E+00
  173.0900   4.5449285E+05   1.0139647E+00
  173.1000   4.5472914E+05   1.0139662E+00
  173.1100   4.5496715E+05   1.0139676E+00
  173.1200   4.5520679E+05   1.0139691E+00
  173.1300   4.5544782E+05   1.0139705E+00
  173.1400   4.5569019E+05   1.0139720E+00
  173.1500   4.5593368E+05   1.0139735E+00
  173.1600   4.5617826E+05   1.0139750E+00
  173.1700   4.5642375E+05   1.0139765E+00
  173.1800   4.5666996E+05   1.0139780E+00
  173.1900   4.5691672E+05   1.0139795E+00
  173.2000   4.5716387E+05   1.0139810E+00
  173.2100   4.5741141E+05   1.0139825E+00
  173.2200   4.5765919E+05   1.0139841E+00
  173.2300   4.5790706E+05   1.0139856E+00
  173.2400   4.5815486E+05   1.0139871E+00
  173.2500   4.5840243E+05   1.0139886E+00
  173.2600   4.5864963E+05   1.0139901E+00
  173.2700   4.5889628E+05   1.0139916E+00
  173.2800   4.5914223E+05   1.0139931E+00
  173.2900   4.5938729E+05   1.0139946E+00
  173.3000   4.5963128E+05   1.0139961E+00
  173.3100   4.5987419E+05   1.0139976E+00
  173.3200   4.6011581E+05   1.0139991E+00
  173.3300   4.6035592E+05   1.0140005E+00
  173.3400   4.6059445E+05   1.0140020E+00
  173.3500   4.6083117E+05   1.0140035E+00
  173.3600   4.6106596E+05   1.0140049E+00
  173.3700   4.6129872E+05   1.0140063E+00
  173.3800   4.6152930E+05   1.0140077E+00
  173.3900   4.6175755E+05   1.0140091E+00
  173.4000   4.6198328E+05   1.0140105E+00
  173.4100   4.6220627E+05   1.0140119E+00
  173.4200   4.6242646E+05   1.0140132E+00
  173.4300   4.6264375E+05   1.0140145E+00
  173.4400   4.6285784E+05   1.0140159E+00
  173.4500   4.6306875E+05   1.0140171E+00
  173.4600   4.6327627E+05   1.0140184E+00
  173.4700   4.6348018E+05   1.0140197E+00
  173.4800   4.6368038E+05   1.0140209E+00
  173.4900   4.6387673E+05   1.0140221E+00
  173.5000   4.6406906E+05   1.0140233E+00
  173.5100   4.6425734E+05   1.0140244E+00
  173.5200   4.6444129E+05   1.0140256E+00
  173.5300   4.6462078E+05   1.0140267E+00
  173.5400   4.6479563E+05   1.0140277E+00
  173.5500   4.6496580E+05   1.0140288E+00
  173.5600   4.6513117E+05   1.0140298E+00
  173.5700   4.6529159E+05   1.0140308E+00
  173.5800   4.6544686E+05   1.0140317E+00
  173.5900   4.6559687E+05   1.0140326E+00
  173.6000   4.6574150E+05   1.0140335E+00
  173.6100   4.6588072E+05   1.0140344E+00
  173.6200   4.6601426E+05   1.0140352E+00
  173.6300   4.6614197E+05   1.0140360E+00
  173.6400   4.6626384E+05   1.0140367E+00
  173.6500   4.6637976E+05   1.0140374E+00
  173.6600   4.6648958E+05   1.0140381E+00
  173.6700   4.6659326E+05   1.0140388E+00
  173.6800   4.6669049E+05   1.0140394E+00
  173.6900   4.6678128E+05   1.0140399E+00
  173.7000   4.6686555E+05   1.0140404E+00
  173.7100   4.6694315E+05   1.0140409E+00
  173.7200   4.6701387E+05   1.0140414E+00
  173.7300   4.6707778E+05   1.0140417E+00
  173.7400   4.6713467E+05   1.0140421E+00
  173.7500   4.6718447E+05   1.0140424E+00
  173.7600   4.6722700E+05   1.0140427E+00
  173.7700   4.6726221E+05   1.0140429E+00
  173.7800   4.6728995E+05   1.0140431E+00
  173.7900   4.6731017E+05   1.0140432E+00
  173.8000   4.6732274E+05   1.0140433E+00
  173.8100   4.6732763E+05   1.0140433E+00
  173.8200   4.6732472E+05   1.0140433E+00
  173.8300   4.6731399E+05   1.0140432E+00
  173.8400   4.6729532E+05   1.0140431E+00
  173.8500   4.6726871E+05   1.0140430E+00
  173.8600   4.6723404E+05   1.0140428E+00
  173.8700   4.6719129E+05   1.0140425E+00
  173.8800   4.6714038E+05   1.0140422E+00
  173.8900   4.6708129E+05   1.0140418E+00
  173.9000   4.6701391E+05   1.0140414E+00
  173.9100   4.6693824E+05   1.0140410E+00
  173.9200   4.6685417E+05   1.0140405E+00
  173.9300   4.6676168E+05   1.0140399E+00
  173.9400   4.6666066E+05   1.0140393E+00
  173.9500   4.6655109E+05   1.0140386E+00
  173.9600   4.6643285E+05   1.0140379E+00
  173.9700   4.6630592E+05   1.0140371E+00
  173.9800   4.6617034E+05   1.0140363E+00
  173.9900   4.6602607E+05   1.0140354E+00
  174.0000   4.6587297E+05   1.0140345E+00
  174.0100   4.6571117E+05   1.0140335E+00
  174.0200   4.6554051E+05   1.0140325E+00
  174.0300   4.6536110E+05   1.0140314E+00
  174.0400   4.6517279E+05   1.0140302E+00
  174.0500   4.6497566E+05   1.0140290E+00
  174.0600   4.6476972E+05   1.0140278E+00
  174.0700   4.6455487E+05   1.0140265E+00
  174.0800   4.6433109E+05   1.0140251E+00
  174.0900   4.6409845E+05   1.0140237E+00
  174.1000   4.6385691E+05   1.0140222E+00
  174.1100   4.6360654E+05   1.0140207E+00
  174.1200   4.6334728E+05   1.0140191E+00
  174.1300   4.6307916E+05   1.0140175E+00
  174.1400   4.6280214E+05   1.0140158E+00
  174.1500   4.6251621E+05   1.0140141E+00
  174.1600   4.6222150E+05   1.0140123E+00
  174.1700   4.6191800E+05   1.0140104E+00
  174.1800   4.6160581E+05   1.0140085E+00
  174.1900   4.6128490E+05   1.0140065E+00
  174.2000   4.6095537E+05   1.0140045E+00
  174.2100   4.6061720E+05   1.0140025E+00
  174.2200   4.6027044E+05   1.0140004E+00
  174.2300   4.5991508E+05   1.0139982E+00
  174.2400   4.5955116E+05   1.0139960E+00
  174.2500   4.5917884E+05   1.0139937E+00
  174.2600   4.5879816E+05   1.0139914E+00
  174.2700   4.5840908E+05   1.0139890E+00
  174.2800   4.5801165E+05   1.0139866E+00
  174.2900   4.5760600E+05   1.0139841E+00
  174.3000   4.5719217E+05   1.0139816E+00
  174.3100   4.5677029E+05   1.0139790E+00
  174.3200   4.5634042E+05   1.0139764E+00
  174.3300   4.5590250E+05   1.0139737E+00
  174.3400   4.5545677E+05   1.0139710E+00
  174.3500   4.5500317E+05   1.0139682E+00
  174.3600   4.5454178E+05   1.0139654E+00
  174.3700   4.5407273E+05   1.0139625E+00
  174.3800   4.5359610E+05   1.0139596E+00
  174.3900   4.5311203E+05   1.0139566E+00
  174.4000   4.5262061E+05   1.0139536E+00
  174.4100   4.5212185E+05   1.0139506E+00
  174.4200   4.5161582E+05   1.0139475E+00
  174.4300   4.5110273E+05   1.0139444E+00
  174.4400   4.5058270E+05   1.0139412E+00
  174.4500   4.5005576E+05   1.0139380E+00
  174.4600   4.4952207E+05   1.0139347E+00
  174.4700   4.4898170E+05   1.0139314E+00
  174.4800   4.4843481E+05   1.0139281E+00
  174.4900   4.4788153E+05   1.0139247E+00
  174.5000   4.4732187E+05   1.0139213E+00
  174.5100   4.4675598E+05   1.0139178E+00
  174.5200   4.4618395E+05   1.0139143E+00
  174.5300   4.4560595E+05   1.0139108E+00
  174.5400   4.4502211E+05   1.0139072E+00
  174.5500   4.4443248E+05   1.0139036E+00
  174.5600   4.4383724E+05   1.0139000E+00
  174.5700   4.4323650E+05   1.0138963E+00
  174.5800   4.4263048E+05   1.0138926E+00
  174.5900   4.4201919E+05   1.0138888E+00
  174.6000   4.4140291E+05   1.0138851E+00
  174.6100   4.4078170E+05   1.0138813E+00
  174.6200   4.4015574E+05   1.0138774E+00
  174.6300   4.3952517E+05   1.0138736E+00
  174.6400   4.3889006E+05   1.0138697E+00
  174.6500   4.3825063E+05   1.0138658E+00
  174.6600   4.3760704E+05   1.0138619E+00
  174.6700   4.3695940E+05   1.0138579E+00
  174.6800   4.3630778E+05   1.0138539E+00
  174.6900   4.3565239E+05   1.0138499E+00
  174.7000   4.3499340E+05   1.0138459E+00
  174.7100   4.3433092E+05   1.0138418E+00
  174.7200   4.3366505E+05   1.0138377E+00
  174.7300   4.3299601E+05   1.0138336E+00
  174.7400   4.3232400E+05   1.0138295E+00
  174.7500   4.3164918E+05   1.0138254E+00
  174.7600   4.3097167E+05   1.0138213E+00
  174.7700   4.3029158E+05   1.0138171E+00
  174.7800   4.2960916E+05   1.0138129E+00
  174.7900   4.2892444E+05   1.0138087E+00
  174.8000   4.2823763E+05   1.0138045E+00
  174.8100   4.2754891E+05   1.0138003E+00
  174.8200   4.2685842E+05   1.0137961E+00
  174.8300   4.2616631E+05   1.0137918E+00
  174.8400   4.2547268E+05   1.0137876E+00
  174.8500   4.2477781E+05   1.0137833E+00
  174.8600   4.2408180E+05   1.0137791E+00
  174.8700   4.2338471E+05   1.0137748E+00
  174.8800   4.2268678E+05   1.0137705E+00
  174.8900   4.2198824E+05   1.0137663E+00
  174.9000   4.2128913E+05   1.0137620E+00
  174.9100   4.2058968E+05   1.0137577E+00
  174.9200   4.1989009E+05   1.0137534E+00
  174.9300   4.1919039E+05   1.0137491E+00
  174.9400   4.1849079E+05   1.0137449E+00
  174.9500   4.1779150E+05   1.0137406E+00
  174.9600   4.1709255E+05   1.0137363E+00
  174.9700   4.1639416E+05   1.0137320E+00
  174.9800   4.1569655E+05   1.0137277E+00
  174.9900   4.1499978E+05   1.0137235E+00
  175.0000   4.1430406E+05   1.0137192E+00
  175.0100   4.1360949E+05   1.0137150E+00
  175.0200   4.1291631E+05   1.0137107E+00
  175.0300   4.1222464E+05   1.0137065E+00
  175.0400   4.1153457E+05   1.0137022E+00
  175.0500   4.1084623E+05   1.0136980E+00
  175.0600   4.1015979E+05   1.0136938E+00
  175.0700   4.0947541E+05   1.0136896E+00
  175.0800   4.0879327E+05   1.0136854E+00
  175.0900   4.0811342E+05   1.0136813E+00
  175.1000   4.0743610E+05   1.0136771E+00
  175.1100   4.0676139E+05   1.0136730E+00
  175.1200   4.0608941E+05   1.0136689E+00
  175.1300   4.0542031E+05   1.0136648E+00
  175.1400   4.0475426E+05   1.0136607E+00
  175.1500   4.0409149E+05   1.0136566E+00
  175.1600   4.0343204E+05   1.0136526E+00
  175.1700   4.0277603E+05   1.0136486E+00
  175.1800   4.0212360E+05   1.0136445E+00
  175.1900   4.0147492E+05   1.0136406E+00
  175.2000   4.0083004E+05   1.0136366E+00
  175.2100   4.0018903E+05   1.0136327E+00
  175.2200   3.9955202E+05   1.0136288E+00
  175.2300   3.9891918E+05   1.0136249E+00
  175.2400   3.9829072E+05   1.0136210E+00
  175.2500   3.9766673E+05   1.0136172E+00
  175.2600   3.9704732E+05   1.0136134E+00
  175.2700   3.9643251E+05   1.0136096E+00
  175.2800   3.9582252E+05   1.0136059E+00
  175.2900   3.9521745E+05   1.0136022E+00
  175.3000   3.9461729E+05   1.0135985E+00
  175.3100   3.9402223E+05   1.0135948E+00
  175.3200   3.9343237E+05   1.0135912E+00
  175.3300   3.9284786E+05   1.0135876E+00
  175.3400   3.9226870E+05   1.0135841E+00
  175.3500   3.9169498E+05   1.0135806E+00
  175.3600   3.9112685E+05   1.0135771E+00
  175.3700   3.9056432E+05   1.0135736E+00
  175.3800   3.9000747E+05   1.0135702E+00
  175.3900   3.8945644E+05   1.0135668E+00
  175.4000   3.8891128E+05   1.0135635E+00
  175.4100   3.8837206E+05   1.0135601E+00
  175.4200   3.8783894E+05   1.0135569E+00
  175.4300   3.8731198E+05   1.0135536E+00
  175.4400   3.8679128E+05   1.0135504E+00
  175.4500   3.8627684E+05   1.0135473E+00
  175.4600   3.8576873E+05   1.0135441E+00
  175.4700   3.8526708E+05   1.0135411E+00
  175.4800   3.8477194E+05   1.0135380E+00
  175.4900   3.8428322E+05   1.0135350E+00
  175.5000   3.8380108E+05   1.0135320E+00
  175.5100   3.8332560E+05   1.0135291E+00
  175.5200   3.8285672E+05   1.0135262E+00
  175.5300   3.8239448E+05   1.0135234E+00
  175.5400   3.8193897E+05   1.0135206E+00
  175.5500   3.8149020E+05   1.0135178E+00
  175.5600   3.8104823E+05   1.0135151E+00
  175.5700   3.8061320E+05   1.0135124E+00
  175.5800   3.8018516E+05   1.0135098E+00
  175.5900   3.7976404E+05   1.0135072E+00
  175.6000   3.7934986E+05   1.0135047E+00
  175.6100   3.7894269E+05   1.0135021E+00
  175.6200   3.7854254E+05   1.0134997E+00
  175.6300   3.7814945E+05   1.0134973E+00
  175.6400   3.7776339E+05   1.0134949E+00
  175.6500   3.7738440E+05   1.0134925E+00
  175.6600   3.7701241E+05   1.0134903E+00
  175.6700   3.7664743E+05   1.0134880E+00
  175.6800   3.7628955E+05   1.0134858E+00
  175.6900   3.7593877E+05   1.0134836E+00
  175.7000   3.7559513E+05   1.0134815E+00
  175.7100   3.7525861E+05   1.0134794E+00
  175.7200   3.7492925E+05   1.0134774E+00
  175.7300   3.7460698E+05   1.0134754E+00
  175.7400   3.7429182E+05   1.0134735E+00
  175.7500   3.7398370E+05   1.0134716E+00
  175.7600   3.7368260E+05   1.0134697E+00
  175.7700   3.7338858E+05   1.0134679E+00
  175.7800   3.7310163E+05   1.0134661E+00
  175.7900   3.7282160E+05   1.0134644E+00
  175.8000   3.7254863E+05   1.0134627E+00
  175.8100   3.7228253E+05   1.0134610E+00
  175.8200   3.7202342E+05   1.0134594E+00
  175.8300   3.7177110E+05   1.0134579E+00
  175.8400   3.7152563E+05   1.0134563E+00
  175.8500   3.7128698E+05   1.0134549E+00
  175.8600   3.7105520E+05   1.0134534E+00
  175.8700   3.7083019E+05   1.0134520E+00
  175.8800   3.7061180E+05   1.0134507E+00
  175.8900   3.7040011E+05   1.0134494E+00
  175.9000   3.7019508E+05   1.0134481E+00
  175.9100   3.6999658E+05   1.0134469E+00
  175.9200   3.6980454E+05   1.0134457E+00
  175.9300   3.6961899E+05   1.0134445E+00
  175.9400   3.6943981E+05   1.0134434E+00
  175.9500   3.6926698E+05   1.0134423E+00
  175.9600   3.6910035E+05   1.0134413E+00
  175.9700   3.6893986E+05   1.0134403E+00
  175.9800   3.6878550E+05   1.0134393E+00
  175.9900   3.6863715E+05   1.0134384E+00
  176.0000   3.6849477E+05   1.0134375E+00
  176.0100   3.6835836E+05   1.0134366E+00
  176.0200   3.6822783E+05   1.0134358E+00
  176.0300   3.6810315E+05   1.0134350E+00
  176.0400   3.6798415E+05   1.0134343E+00
  176.0500   3.6787076E+05   1.0134336E+00
  176.0600   3.6776295E+05   1.0134329E+00
  176.0700   3.6766058E+05   1.0134322E+00
  176.0800   3.6756355E+05   1.0134316E+00
  176.0900   3.6747184E+05   1.0134310E+00
  176.1000   3.6738549E+05   1.0134305E+00
  176.1100   3.6730441E+05   1.0134300E+00
  176.1200   3.6722838E+05   1.0134295E+00
  176.1300   3.6715743E+05   1.0134290E+00
  176.1400   3.6709147E+05   1.0134286E+00
  176.1500   3.6703026E+05   1.0134282E+00
  176.1600   3.6697382E+05   1.0134279E+00
  176.1700   3.6692202E+05   1.0134275E+00
  176.1800   3.6687480E+05   1.0134272E+00
  176.1900   3.6683214E+05   1.0134269E+00
  176.2000   3.6679390E+05   1.0134267E+00
  176.2100   3.6675997E+05   1.0134264E+00
  176.2200   3.6673030E+05   1.0134262E+00
  176.2300   3.6670470E+05   1.0134261E+00
  176.2400   3.6668305E+05   1.0134259E+00
  176.2500   3.6666523E+05   1.0134258E+00
  176.2600   3.6665121E+05   1.0134257E+00
  176.2700   3.6664096E+05   1.0134256E+00
  176.2800   3.6663433E+05   1.0134255E+00
  176.2900   3.6663122E+05   1.0134255E+00
  176.3000   3.6663155E+05   1.0134255E+00
  176.3100   3.6663529E+05   1.0134255E+00
  176.3200   3.6664227E+05   1.0134255E+00
  176.3300   3.6665233E+05   1.0134255E+00
  176.3400   3.6666539E+05   1.0134256E+00
  176.3500   3.6668135E+05   1.0134257E+00
  176.3600   3.6670018E+05   1.0134258E+00
  176.3700   3.6672170E+05   1.0134259E+00
  176.3800   3.6674591E+05   1.0134260E+00
  176.3900   3.6677270E+05   1.0134262E+00
  176.4000   3.6680195E+05   1.0134263E+00
  176.4100   3.6683360E+05   1.0134265E+00
  176.4200   3.6686759E+05   1.0134267E+00
  176.4300   3.6690373E+05   1.0134269E+00
  176.4400   3.6694201E+05   1.0134271E+00
  176.4500   3.6698228E+05   1.0134273E+00
  176.4600   3.6702440E+05   1.0134276E+00
  176.4700   3.6706827E+05   1.0134278E+00
  176.4800   3.6711378E+05   1.0134281E+00
  176.4900   3.6716087E+05   1.0134283E+00
  176.5000   3.6720948E+05   1.0134286E+00
  176.5100   3.6725957E+05   1.0134289E+00
  176.5200   3.6731092E+05   1.0134292E+00
  176.5300   3.6736354E+05   1.0134295E+00
  176.5400   3.6741724E+05   1.0134298E+00
  176.5500   3.6747205E+05   1.0134301E+00
  176.5600   3.6752780E+05   1.0134304E+00
  176.5700   3.6758454E+05   1.0134308E+00
  176.5800   3.6764213E+05   1.0134311E+00
  176.5900   3.6770046E+05   1.0134314E+00
  176.6000   3.6775941E+05   1.0134318E+00
  176.6100   3.6781888E+05   1.0134321E+00
  176.6200   3.6787876E+05   1.0134325E+00
  176.6300   3.6793915E+05   1.0134328E+00
  176.6400   3.6799994E+05   1.0134332E+00
  176.6500   3.6806106E+05   1.0134335E+00
  176.6600   3.6812242E+05   1.0134339E+00
  176.6700   3.6818394E+05   1.0134343E+00
  176.6800   3.6824556E+05   1.0134346E+00
  176.6900   3.6830718E+05   1.0134350E+00
  176.7000   3.6836874E+05   1.0134353E+00
  176.7100   3.6843016E+05   1.0134357E+00
  176.7200   3.6849136E+05   1.0134360E+00
  176.7300   3.6855225E+05   1.0134364E+00
  176.7400   3.6861277E+05   1.0134367E+00
  176.7500   3.6867281E+05   1.0134371E+00
  176.7600   3.6873247E+05   1.0134374E+00
  176.7700   3.6879166E+05   1.0134378E+00
  176.7800   3.6885026E+05   1.0134381E+00
  176.7900   3.6890816E+05   1.0134385E+00
  176.8000   3.6896545E+05   1.0134388E+00
  176.8100   3.6902198E+05   1.0134391E+00
  176.8200   3.6907782E+05   1.0134394E+00
  176.8300   3.6913282E+05   1.0134398E+00
  176.8400   3.6918701E+05   1.0134401E+00
  176.8500   3.6924024E+05   1.0134404E+00
  176.8600   3.6929252E+05   1.0134407E+00
  176.8700   3.6934386E+05   1.0134410E+00
  176.8800   3.6939424E+05   1.0134413E+00
  176.8900   3.6944365E+05   1.0134416E+00
  176.9000   3.6949207E+05   1.0134418E+00
  176.9100   3.6953944E+05   1.0134421E+00
  176.9200   3.6958573E+05   1.0134424E+00
  176.9300   3.6963086E+05   1.0134426E+00
  176.9400   3.6967477E+05   1.0134429E+00
  176.9500   3.6971753E+05   1.0134431E+00
  176.9600   3.6975906E+05   1.0134434E+00
  176.9700   3.6979942E+05   1.0134436E+00
  176.9800   3.6983847E+05   1.0134438E+00
  176.9900   3.6987626E+05   1.0134440E+00
  177.0000   3.6991281E+05   1.0134442E+00
  177.0100   3.6994813E+05   1.0134444E+00
  177.0200   3.6998222E+05   1.0134446E+00
  177.0300   3.7001506E+05   1.0134448E+00
  177.0400   3.7004662E+05   1.0134450E+00
  177.0500   3.7007686E+05   1.0134451E+00
  177.0600   3.7010590E+05   1.0134453E+00
  177.0700   3.7013367E+05   1.0134455E+00
  177.0800   3.7016025E+05   1.0134456E+00
  177.0900   3.7018556E+05   1.0134457E+00
  177.1000   3.7020965E+05   1.0134459E+00
  177.1100   3.7023259E+05   1.0134460E+00
  177.1200   3.7025423E+05   1.0134461E+00
  177.1300   3.7027460E+05   1.0134462E+00
  177.1400   3.7029371E+05   1.0134463E+00
  177.1500   3.7031175E+05   1.0134464E+00
  177.1600   3.7032869E+05   1.0134465E+00
  177.1700   3.7034452E+05   1.0134466E+00
  177.1800   3.7035919E+05   1.0134466E+00
  177.1900   3.7037284E+05   1.0134467E+00
  177.2000   3.7038541E+05   1.0134468E+00
  177.2100   3.7039700E+05   1.0134468E+00
  177.2200   3.7040771E+05   1.0134469E+00
  177.2300   3.7041744E+05   1.0134469E+00
  177.2400   3.7042628E+05   1.0134469E+00
  177.2500   3.7043428E+05   1.0134470E+00
  177.2600   3.7044151E+05   1.0134470E+00
  177.2700   3.7044801E+05   1.0134470E+00
  177.2800   3.7045383E+05   1.0134470E+00
  177.2900   3.7045898E+05   1.0134471E+00
  177.3000   3.7046351E+05   1.0134471E+00
  177.3100   3.7046743E+05   1.0134471E+00
  177.3200   3.7047075E+05   1.0134471E+00
  177.3300   3.7047365E+05   1.0134471E+00
  177.3400   3.7047614E+05   1.0134471E+00
  177.3500   3.7047822E+05   1.0134471E+00
  177.3600   3.7048004E+05   1.0134471E+00
  177.3700   3.7048161E+05   1.0134470E+00
  177.3800   3.7048309E+05   1.0134470E+00
  177.3900   3.7048446E+05   1.0134470E+00
  177.4000   3.7048571E+05   1.0134470E+00
  177.4100   3.7048700E+05   1.0134470E+00
  177.4200   3.7048830E+05   1.0134470E+00
  177.4300   3.7048979E+05   1.0134470E+00
  177.4400   3.7049145E+05   1.0134470E+00
  177.4500   3.7049344E+05   1.0134470E+00
  177.4600   3.7049576E+05   1.0134470E+00
  177.4700   3.7049858E+05   1.0134470E+00
  177.4800   3.7050190E+05   1.0134470E+00
  177.4900   3.7050571E+05   1.0134470E+00
  177.5000   3.7051023E+05   1.0134470E+00
  177.5100   3.7051545E+05   1.0134470E+00
  177.5200   3.7052140E+05   1.0134470E+00
  177.5300   3.7052831E+05   1.0134470E+00
  177.5400   3.7053621E+05   1.0134471E+00
  177.5500   3.7054516E+05   1.0134471E+00
  177.5600   3.7055523E+05   1.0134472E+00
  177.5700   3.7056648E+05   1.0134472E+00
  177.5800   3.7057902E+05   1.0134473E+00
  177.5900   3.7059296E+05   1.0134473E+00
  177.6000   3.7060840E+05   1.0134474E+00
  177.6100   3.7062532E+05   1.0134475E+00
  177.6200   3.7064385E+05   1.0134476E+00
  177.6300   3.7066400E+05   1.0134477E+00
  177.6400   3.7068596E+05   1.0134478E+00
  177.6500   3.7070974E+05   1.0134479E+00
  177.6600   3.7073541E+05   1.0134481E+00
  177.6700   3.7076303E+05   1.0134482E+00
  177.6800   3.7079269E+05   1.0134484E+00
  177.6900   3.7082451E+05   1.0134486E+00
  177.7000   3.7085863E+05   1.0134488E+00
  177.7100   3.7089501E+05   1.0134490E+00
  177.7200   3.7093387E+05   1.0134492E+00
  177.7300   3.7097522E+05   1.0134494E+00
  177.7400   3.7101914E+05   1.0134497E+00
  177.7500   3.7106571E+05   1.0134499E+00
  177.7600   3.7111504E+05   1.0134502E+00
  177.7700   3.7116731E+05   1.0134505E+00
  177.7800   3.7122249E+05   1.0134508E+00
  177.7900   3.7128063E+05   1.0134512E+00
  177.8000   3.7134180E+05   1.0134515E+00
  177.8100   3.7140609E+05   1.0134519E+00
  177.8200   3.7147364E+05   1.0134523E+00
  177.8300   3.7154443E+05   1.0134527E+00
  177.8400   3.7161869E+05   1.0134531E+00
  177.8500   3.7169646E+05   1.0134536E+00
  177.8600   3.7177786E+05   1.0134541E+00
  177.8700   3.7186284E+05   1.0134546E+00
  177.8800   3.7195158E+05   1.0134551E+00
  177.8900   3.7204414E+05   1.0134556E+00
  177.9000   3.7214059E+05   1.0134562E+00
  177.9100   3.7224106E+05   1.0134568E+00
  177.9200   3.7234555E+05   1.0134574E+00
  177.9300   3.7245409E+05   1.0134581E+00
  177.9400   3.7256677E+05   1.0134587E+00
  177.9500   3.7268370E+05   1.0134594E+00
  177.9600   3.7280489E+05   1.0134602E+00
  177.9700   3.7293037E+05   1.0134609E+00
  177.9800   3.7306023E+05   1.0134617E+00
  177.9900   3.7319461E+05   1.0134625E+00
  178.0000   3.7333351E+05   1.0134633E+00
  178.0100   3.7347698E+05   1.0134642E+00
  178.0200   3.7362514E+05   1.0134651E+00
  178.0300   3.7377796E+05   1.0134660E+00
  178.0400   3.7393565E+05   1.0134669E+00
  178.0500   3.7409812E+05   1.0134679E+00
  178.0600   3.7426548E+05   1.0134689E+00
  178.0700   3.7443776E+05   1.0134699E+00
  178.0800   3.7461502E+05   1.0134710E+00
  178.0900   3.7479738E+05   1.0134721E+00
  178.1000   3.7498482E+05   1.0134732E+00
  178.1100   3.7517740E+05   1.0134744E+00
  178.1200   3.7537523E+05   1.0134756E+00
  178.1300   3.7557828E+05   1.0134768E+00
  178.1400   3.7578661E+05   1.0134781E+00
  178.1500   3.7600030E+05   1.0134793E+00
  178.1600   3.7621935E+05   1.0134807E+00
  178.1700   3.7644378E+05   1.0134820E+00
  178.1800   3.7667370E+05   1.0134834E+00
  178.1900   3.7690908E+05   1.0134848E+00
  178.2000   3.7714996E+05   1.0134863E+00
  178.2100   3.7739626E+05   1.0134878E+00
  178.2200   3.7764813E+05   1.0134893E+00
  178.2300   3.7790562E+05   1.0134909E+00
  178.2400   3.7816865E+05   1.0134924E+00
  178.2500   3.7843720E+05   1.0134941E+00
  178.2600   3.7871131E+05   1.0134957E+00
  178.2700   3.7899108E+05   1.0134974E+00
  178.2800   3.7927652E+05   1.0134991E+00
  178.2900   3.7956765E+05   1.0135009E+00
  178.3000   3.7986443E+05   1.0135027E+00
  178.3100   3.8016683E+05   1.0135045E+00
  178.3200   3.8047492E+05   1.0135064E+00
  178.3300   3.8078864E+05   1.0135083E+00
  178.3400   3.8110798E+05   1.0135102E+00
  178.3500   3.8143302E+05   1.0135122E+00
  178.3600   3.8176369E+05   1.0135142E+00
  178.3700   3.8210001E+05   1.0135163E+00
  178.3800   3.8244204E+05   1.0135183E+00
  178.3900   3.8278975E+05   1.0135204E+00
  178.4000   3.8314314E+05   1.0135226E+00
  178.4100   3.8350211E+05   1.0135248E+00
  178.4200   3.8386663E+05   1.0135270E+00
  178.4300   3.8423672E+05   1.0135292E+00
  178.4400   3.8461227E+05   1.0135315E+00
  178.4500   3.8499344E+05   1.0135338E+00
  178.4600   3.8538007E+05   1.0135362E+00
  178.4700   3.8577224E+05   1.0135385E+00
  178.4800   3.8616992E+05   1.0135410E+00
  178.4900   3.8657296E+05   1.0135434E+00
  178.5000   3.8698144E+05   1.0135459E+00
  178.5100   3.8739534E+05   1.0135484E+00
  178.5200   3.8781449E+05   1.0135510E+00
  178.5300   3.8823899E+05   1.0135535E+00
  178.5400   3.8866861E+05   1.0135561E+00
  178.5500   3.8910338E+05   1.0135588E+00
  178.5600   3.8954319E+05   1.0135615E+00
  178.5700   3.8998800E+05   1.0135642E+00
  178.5800   3.9043781E+05   1.0135669E+00
  178.5900   3.9089250E+05   1.0135697E+00
  178.6000   3.9135202E+05   1.0135725E+00
  178.6100   3.9181636E+05   1.0135753E+00
  178.6200   3.9228555E+05   1.0135781E+00
  178.6300   3.9275952E+05   1.0135810E+00
  178.6400   3.9323806E+05   1.0135839E+00
  178.6500   3.9372118E+05   1.0135869E+00
  178.6600   3.9420878E+05   1.0135898E+00
  178.6700   3.9470080E+05   1.0135928E+00
  178.6800   3.9519723E+05   1.0135959E+00
  178.6900   3.9569792E+05   1.0135989E+00
  178.7000   3.9620279E+05   1.0136020E+00
  178.7100   3.9671178E+05   1.0136051E+00
  178.7200   3.9722490E+05   1.0136082E+00
  178.7300   3.9774200E+05   1.0136114E+00
  178.7400   3.9826299E+05   1.0136145E+00
  178.7500   3.9878783E+05   1.0136177E+00
  178.7600   3.9931632E+05   1.0136209E+00
  178.7700   3.9984850E+05   1.0136242E+00
  178.7800   4.0038427E+05   1.0136275E+00
  178.7900   4.0092337E+05   1.0136307E+00
  178.8000   4.0146578E+05   1.0136340E+00
  178.8100   4.0201151E+05   1.0136374E+00
  178.8200   4.0256042E+05   1.0136407E+00
  178.8300   4.0311241E+05   1.0136441E+00
  178.8400   4.0366742E+05   1.0136475E+00
  178.8500   4.0422523E+05   1.0136509E+00
  178.8600   4.0478583E+05   1.0136543E+00
  178.8700   4.0534909E+05   1.0136577E+00
  178.8800   4.0591488E+05   1.0136612E+00
  178.8900   4.0648311E+05   1.0136646E+00
  178.9000   4.0705370E+05   1.0136681E+00
  178.9100   4.0762645E+05   1.0136716E+00
  178.9200   4.0820134E+05   1.0136751E+00
  178.9300   4.0877819E+05   1.0136786E+00
  178.9400   4.0935685E+05   1.0136821E+00
  178.9500   4.0993720E+05   1.0136857E+00
  178.9600   4.1051913E+05   1.0136892E+00
  178.9700   4.1110254E+05   1.0136928E+00
  178.9800   4.1168735E+05   1.0136964E+00
  178.9900   4.1227351E+05   1.0136999E+00
  179.0000   4.1286080E+05   1.0137035E+00
  179.0100   4.1344917E+05   1.0137071E+00
  179.0200   4.1403843E+05   1.0137107E+00
  179.0300   4.1462857E+05   1.0137143E+00
  179.0400   4.1521941E+05   1.0137179E+00
  179.0500   4.1581077E+05   1.0137215E+00
  179.0600   4.1640250E+05   1.0137251E+00
  179.0700   4.1699460E+05   1.0137287E+00
  179.0800   4.1758692E+05   1.0137324E+00
  179.0900   4.1817931E+05   1.0137360E+00
  179.1000   4.1877161E+05   1.0137396E+00
  179.1100   4.1936366E+05   1.0137432E+00
  179.1200   4.1995532E+05   1.0137468E+00
  179.1300   4.2054660E+05   1.0137504E+00
  179.1400   4.2113734E+05   1.0137540E+00
  179.1500   4.2172736E+05   1.0137576E+00
  179.1600   4.2231649E+05   1.0137612E+00
  179.1700   4.2290472E+05   1.0137648E+00
  179.1800   4.2349185E+05   1.0137684E+00
  179.1900   4.2407786E+05   1.0137720E+00
  179.2000   4.2466252E+05   1.0137755E+00
  179.2100   4.2524579E+05   1.0137791E+00
  179.2200   4.2582740E+05   1.0137827E+00
  179.2300   4.2640727E+05   1.0137862E+00
  179.2400   4.2698530E+05   1.0137897E+00
  179.2500   4.2756135E+05   1.0137932E+00
  179.2600   4.2813529E+05   1.0137968E+00
  179.2700   4.2870711E+05   1.0138002E+00
  179.2800   4.2927662E+05   1.0138037E+00
  179.2900   4.2984361E+05   1.0138072E+00
  179.3000   4.3040800E+05   1.0138106E+00
  179.3100   4.3096970E+05   1.0138141E+00
  179.3200   4.3152859E+05   1.0138175E+00
  179.3300   4.3208451E+05   1.0138209E+00
  179.3400   4.3263746E+05   1.0138243E+00
  179.3500   4.3318721E+05   1.0138276E+00
  179.3600   4.3373369E+05   1.0138310E+00
  179.3700   4.3427678E+05   1.0138343E+00
  179.3800   4.3481635E+05   1.0138376E+00
  179.3900   4.3535220E+05   1.0138408E+00
  179.4000   4.3588429E+05   1.0138441E+00
  179.4100   4.3641252E+05   1.0138473E+00
  179.4200   4.3693678E+05   1.0138505E+00
  179.4300   4.3745689E+05   1.0138537E+00
  179.4400   4.3797280E+05   1.0138569E+00
  179.4500   4.3848443E+05   1.0138600E+00
  179.4600   4.3899165E+05   1.0138631E+00
  179.4700   4.3949429E+05   1.0138662E+00
  179.4800   4.3999228E+05   1.0138692E+00
  179.4900   4.4048553E+05   1.0138722E+00
  179.5000   4.4097389E+05   1.0138752E+00
  179.5100   4.4145733E+05   1.0138782E+00
  179.5200   4.4193578E+05   1.0138811E+00
  179.5300   4.4240908E+05   1.0138840E+00
  179.5400   4.4287724E+05   1.0138868E+00
  179.5500   4.4334000E+05   1.0138897E+00
  179.5600   4.4379743E+05   1.0138925E+00
  179.5700   4.4424932E+05   1.0138952E+00
  179.5800   4.4469563E+05   1.0138980E+00
  179.5900   4.4513621E+05   1.0139007E+00
  179.6000   4.4557106E+05   1.0139033E+00
  179.6100   4.4600011E+05   1.0139059E+00
  179.6200   4.4642322E+05   1.0139085E+00
  179.6300   4.4684036E+05   1.0139111E+00
  179.6400   4.4725146E+05   1.0139136E+00
  179.6500   4.4765635E+05   1.0139161E+00
  179.6600   4.4805500E+05   1.0139185E+00
  179.6700   4.4844729E+05   1.0139209E+00
  179.6800   4.4883323E+05   1.0139233E+00
  179.6900   4.4921274E+05   1.0139256E+00
  179.7000   4.4958569E+05   1.0139279E+00
  179.7100   4.4995203E+05   1.0139301E+00
  179.7200   4.5031168E+05   1.0139323E+00
  179.7300   4.5066463E+05   1.0139345E+00
  179.7400   4.5101080E+05   1.0139366E+00
  179.7500   4.5135024E+05   1.0139387E+00
  179.7600   4.5168289E+05   1.0139407E+00
  179.7700   4.5200866E+05   1.0139427E+00
  179.7800   4.5232752E+05   1.0139447E+00
  179.7900   4.5263939E+05   1.0139466E+00
  179.8000   4.5294428E+05   1.0139484E+00
  179.8100   4.5324215E+05   1.0139503E+00
  179.8200   4.5353284E+05   1.0139520E+00
  179.8300   4.5381633E+05   1.0139538E+00
  179.8400   4.5409268E+05   1.0139555E+00
  179.8500   4.5436187E+05   1.0139571E+00
  179.8600   4.5462382E+05   1.0139587E+00
  179.8700   4.5487853E+05   1.0139603E+00
  179.8800   4.5512594E+05   1.0139618E+00
  179.8900   4.5536606E+05   1.0139633E+00
  179.9000   4.5559885E+05   1.0139647E+00
  179.9100   4.5582436E+05   1.0139661E+00
  179.9200   4.5604256E+05   1.0139674E+00
  179.9300   4.5625333E+05   1.0139687E+00
  179.9400   4.5645665E+05   1.0139700E+00
  179.9500   4.5665262E+05   1.0139712E+00
  179.9600   4.5684124E+05   1.0139723E+00
  179.9700   4.5702242E+05   1.0139734E+00
  179.9800   4.5719619E+05   1.0139745E+00
  179.9900   4.5736249E+05   1.0139755E+00
  180.0000   4.5752135E+05   1.0139765E+00
  180.0100   4.5767291E+05   1.0139774E+00
  180.0200   4.5781705E+05   1.0139783E+00
  180.0300   4.5795391E+05   1.0139791E+00
  180.0400   4.5808340E+05   1.0139799E+00
  180.0500   4.5820549E+05   1.0139807E+00
  180.0600   4.5832029E+05   1.0139814E+00
  180.0700   4.5842781E+05   1.0139821E+00
  180.0800   4.5852815E+05   1.0139827E+00
  180.0900   4.5862134E+05   1.0139832E+00
  180.1000   4.5870734E+05   1.0139838E+00
  180.1100   4.5878621E+05   1.0139843E+00
  180.1200   4.5885791E+05   1.0139847E+00
  180.1300   4.5892253E+05   1.0139851E+00
  180.1400   4.5898005E+05   1.0139855E+00
  180.1500   4.5903059E+05   1.0139858E+00
  180.1600   4.5907416E+05   1.0139860E+00
  180.1700   4.5911089E+05   1.0139863E+00
  180.1800   4.5914084E+05   1.0139864E+00
  180.1900   4.5916398E+05   1.0139866E+00
  180.2000   4.5918038E+05   1.0139867E+00
  180.2100   4.5919007E+05   1.0139868E+00
  180.2200   4.5919314E+05   1.0139868E+00
  180.2300   4.5918965E+05   1.0139868E+00
  180.2400   4.5917974E+05   1.0139867E+00
  180.2500   4.5916331E+05   1.0139866E+00
  180.2600   4.5914055E+05   1.0139865E+00
  180.2700   4.5911156E+05   1.0139863E+00
  180.2800   4.5907640E+05   1.0139861E+00
  180.2900   4.5903505E+05   1.0139858E+00
  180.3000   4.5898760E+05   1.0139856E+00
  180.3100   4.5893407E+05   1.0139852E+00
  180.3200   4.5887461E+05   1.0139849E+00
  180.3300   4.5880927E+05   1.0139845E+00
  180.3400   4.5873826E+05   1.0139840E+00
  180.3500   4.5866151E+05   1.0139836E+00
  180.3600   4.5857926E+05   1.0139831E+00
  180.3700   4.5849152E+05   1.0139825E+00
  180.3800   4.5839841E+05   1.0139820E+00
  180.3900   4.5829999E+05   1.0139814E+00
  180.4000   4.5819643E+05   1.0139807E+00
  180.4100   4.5808769E+05   1.0139801E+00
  180.4200   4.5797402E+05   1.0139794E+00
  180.4300   4.5785542E+05   1.0139787E+00
  180.4400   4.5773205E+05   1.0139779E+00
  180.4500   4.5760398E+05   1.0139771E+00
  180.4600   4.5747125E+05   1.0139763E+00
  180.4700   4.5733403E+05   1.0139755E+00
  180.4800   4.5719243E+05   1.0139746E+00
  180.4900   4.5704651E+05   1.0139737E+00
  180.5000   4.5689648E+05   1.0139728E+00
  180.5100   4.5674249E+05   1.0139719E+00
  180.5200   4.5658464E+05   1.0139709E+00
  180.5300   4.5642301E+05   1.0139699E+00
  180.5400   4.5625762E+05   1.0139689E+00
  180.5500   4.5608864E+05   1.0139679E+00
  180.5600   4.5591618E+05   1.0139668E+00
  180.5700   4.5574033E+05   1.0139658E+00
  180.5800   4.5556133E+05   1.0139647E+00
  180.5900   4.5537917E+05   1.0139635E+00
  180.6000   4.5519404E+05   1.0139624E+00
  180.6100   4.5500603E+05   1.0139613E+00
  180.6200   4.5481526E+05   1.0139601E+00
  180.6300   4.5462197E+05   1.0139589E+00
  180.6400   4.5442618E+05   1.0139577E+00
  180.6500   4.5422809E+05   1.0139565E+00
  180.6600   4.5402786E+05   1.0139553E+00
  180.6700   4.5382563E+05   1.0139541E+00
  180.6800   4.5362151E+05   1.0139528E+00
  180.6900   4.5341560E+05   1.0139515E+00
  180.7000   4.5320798E+05   1.0139503E+00
  180.7100   4.5299888E+05   1.0139490E+00
  180.7200   4.5278833E+05   1.0139477E+00
  180.7300   4.5257655E+05   1.0139464E+00
  180.7400   4.5236373E+05   1.0139451E+00
  180.7500   4.5214986E+05   1.0139438E+00
  180.7600   4.5193511E+05   1.0139425E+00
  180.7700   4.5171963E+05   1.0139412E+00
  180.7800   4.5150358E+05   1.0139399E+00
  180.7900   4.5128709E+05   1.0139385E+00
  180.8000   4.5107031E+05   1.0139372E+00
  180.8100   4.5085336E+05   1.0139359E+00
  180.8200   4.5063639E+05   1.0139345E+00
  180.8300   4.5041952E+05   1.0139332E+00
  180.8400   4.5020288E+05   1.0139319E+00
  180.8500   4.4998660E+05   1.0139306E+00
  180.8600   4.4977084E+05   1.0139292E+00
  180.8700   4.4955572E+05   1.0139279E+00
  180.8800   4.4934140E+05   1.0139266E+00
  180.8900   4.4912805E+05   1.0139253E+00
  180.9000   4.4891583E+05   1.0139240E+00
  180.9100   4.4870473E+05   1.0139227E+00
  180.9200   4.4849497E+05   1.0139214E+00
  180.9300   4.4828674E+05   1.0139202E+00
  180.9400   4.4808009E+05   1.0139189E+00
  180.9500   4.4787527E+05   1.0139176E+00
  180.9600   4.4767235E+05   1.0139164E+00
  180.9700   4.4747145E+05   1.0139152E+00
  180.9800   4.4727268E+05   1.0139139E+00
  180.9900   4.4707620E+05   1.0139127E+00
  181.0000   4.4688217E+05   1.0139116E+00
  181.0100   4.4669063E+05   1.0139104E+00
  181.0200   4.4650179E+05   1.0139092E+00
  181.0300   4.4631574E+05   1.0139081E+00
  181.0400   4.4613258E+05   1.0139070E+00
  181.0500   4.4595245E+05   1.0139059E+00
  181.0600   4.4577553E+05   1.0139048E+00
  181.0700   4.4560203E+05   1.0139037E+00
  181.0800   4.4543200E+05   1.0139027E+00
  181.0900   4.4526556E+05   1.0139016E+00
  181.1000   4.4510284E+05   1.0139006E+00
  181.1100   4.4494404E+05   1.0138997E+00
  181.1200   4.4478919E+05   1.0138987E+00
  181.1300   4.4463839E+05   1.0138978E+00
  181.1400   4.4449176E+05   1.0138969E+00
  181.1500   4.4434951E+05   1.0138960E+00
  181.1600   4.4421166E+05   1.0138952E+00
  181.1700   4.4407831E+05   1.0138944E+00
  181.1800   4.4394962E+05   1.0138936E+00
  181.1900   4.4382578E+05   1.0138928E+00
  181.2000   4.4370686E+05   1.0138921E+00
  181.2100   4.4359299E+05   1.0138914E+00
  181.2200   4.4348416E+05   1.0138907E+00
  181.2300   4.4338060E+05   1.0138901E+00
  181.2400   4.4328245E+05   1.0138895E+00
  181.2500   4.4318967E+05   1.0138889E+00
  181.2600   4.4310252E+05   1.0138883E+00
  181.2700   4.4302110E+05   1.0138878E+00
  181.2800   4.4294540E+05   1.0138874E+00
  181.2900   4.4287549E+05   1.0138869E+00
  181.3000   4.4281149E+05   1.0138866E+00
  181.3100   4.4275358E+05   1.0138862E+00
  181.3200   4.4270185E+05   1.0138859E+00
  181.3300   4.4265643E+05   1.0138856E+00
  181.3400   4.4261736E+05   1.0138853E+00
  181.3500   4.4258473E+05   1.0138851E+00
  181.3600   4.4255855E+05   1.0138850E+00
  181.3700   4.4253905E+05   1.0138849E+00
  181.3800   4.4252620E+05   1.0138848E+00
  181.3900   4.4252019E+05   1.0138847E+00
  181.4000   4.4252097E+05   1.0138847E+00
  181.4100   4.4252870E+05   1.0138848E+00
  181.4200   4.4254346E+05   1.0138849E+00
  181.4300   4.4256523E+05   1.0138850E+00
  181.4400   4.4259424E+05   1.0138852E+00
  181.4500   4.4263044E+05   1.0138854E+00
  181.4600   4.4267403E+05   1.0138856E+00
  181.4700   4.4272496E+05   1.0138859E+00
  181.4800   4.4278341E+05   1.0138863E+00
  181.4900   4.4284929E+05   1.0138867E+00
  181.5000   4.4292279E+05   1.0138871E+00
  181.5100   4.4300398E+05   1.0138876E+00
  181.5200   4.4309285E+05   1.0138882E+00
  181.5300   4.4318946E+05   1.0138887E+00
  181.5400   4.4329379E+05   1.0138894E+00
  181.5500   4.4340590E+05   1.0138901E+00
  181.5600   4.4352593E+05   1.0138908E+00
  181.5700   4.4365394E+05   1.0138916E+00
  181.5800   4.4378989E+05   1.0138924E+00
  181.5900   4.4393382E+05   1.0138933E+00
  181.6000   4.4408587E+05   1.0138942E+00
  181.6100   4.4424609E+05   1.0138952E+00
  181.6200   4.4441442E+05   1.0138962E+00
  181.6300   4.4459092E+05   1.0138973E+00
  181.6400   4.4477571E+05   1.0138984E+00
  181.6500   4.4496885E+05   1.0138996E+00
  181.6600   4.4517029E+05   1.0139008E+00
  181.6700   4.4538007E+05   1.0139021E+00
  181.6800   4.4559816E+05   1.0139034E+00
  181.6900   4.4582460E+05   1.0139048E+00
  181.7000   4.4605937E+05   1.0139062E+00
  181.7100   4.4630252E+05   1.0139077E+00
  181.7200   4.4655402E+05   1.0139092E+00
  181.7300   4.4681392E+05   1.0139108E+00
  181.7400   4.4708220E+05   1.0139125E+00
  181.7500   4.4735892E+05   1.0139141E+00
  181.7600   4.4764407E+05   1.0139159E+00
  181.7700   4.4793770E+05   1.0139177E+00
  181.7800   4.4823982E+05   1.0139195E+00
  181.7900   4.4855030E+05   1.0139214E+00
  181.8000   4.4886933E+05   1.0139234E+00
  181.8100   4.4919681E+05   1.0139254E+00
  181.8200   4.4953273E+05   1.0139274E+00
  181.8300   4.4987700E+05   1.0139295E+00
  181.8400   4.5022963E+05   1.0139317E+00
  181.8500   4.5059071E+05   1.0139339E+00
  181.8600   4.5096025E+05   1.0139361E+00
  181.8700   4.5133817E+05   1.0139384E+00
  181.8800   4.5172448E+05   1.0139408E+00
  181.8900   4.5211911E+05   1.0139432E+00
  181.9000   4.5252207E+05   1.0139457E+00
  181.9100   4.5293330E+05   1.0139482E+00
  181.9200   4.5335281E+05   1.0139507E+00
  181.9300   4.5378053E+05   1.0139533E+00
  181.9400   4.5421649E+05   1.0139560E+00
  181.9500   4.5466063E+05   1.0139587E+00
  181.9600   4.5511295E+05   1.0139615E+00
  181.9700   4.5557341E+05   1.0139643E+00
  181.9800   4.5604183E+05   1.0139672E+00
  181.9900   4.5651834E+05   1.0139701E+00
  182.0000   4.5700277E+05   1.0139730E+00
  182.0100   4.5749505E+05   1.0139760E+00
  182.0200   4.5799519E+05   1.0139791E+00
  182.0300   4.5850311E+05   1.0139822E+00
  182.0400   4.5901883E+05   1.0139854E+00
  182.0500   4.5954225E+05   1.0139886E+00
  182.0600   4.6007337E+05   1.0139918E+00
  182.0700   4.6061210E+05   1.0139951E+00
  182.0800   4.6115842E+05   1.0139984E+00
  182.0900   4.6171222E+05   1.0140018E+00
  182.1000   4.6227348E+05   1.0140052E+00
  182.1100   4.6284207E+05   1.0140087E+00
  182.1200   4.6341795E+05   1.0140122E+00
  182.1300   4.6400097E+05   1.0140158E+00
  182.1400   4.6459107E+05   1.0140194E+00
  182.1500   4.6518827E+05   1.0140231E+00
  182.1600   4.6579247E+05   1.0140268E+00
  182.1700   4.6640367E+05   1.0140305E+00
  182.1800   4.6702175E+05   1.0140343E+00
  182.1900   4.6764650E+05   1.0140381E+00
  182.2000   4.6827796E+05   1.0140420E+00
  182.2100   4.6891604E+05   1.0140459E+00
  182.2200   4.6956059E+05   1.0140498E+00
  182.2300   4.7021148E+05   1.0140538E+00
  182.2400   4.7086870E+05   1.0140578E+00
  182.2500   4.7153209E+05   1.0140619E+00
  182.2600   4.7220158E+05   1.0140660E+00
  182.2700   4.7287715E+05   1.0140701E+00
  182.2800   4.7355870E+05   1.0140743E+00
  182.2900   4.7424615E+05   1.0140785E+00
  182.3000   4.7493935E+05   1.0140827E+00
  182.3100   4.7563819E+05   1.0140870E+00
  182.3200   4.7634261E+05   1.0140913E+00
  182.3300   4.7705246E+05   1.0140956E+00
  182.3400   4.7776764E+05   1.0141000E+00
  182.3500   4.7848810E+05   1.0141044E+00
  182.3600   4.7921368E+05   1.0141089E+00
  182.3700   4.7994427E+05   1.0141133E+00
  182.3800   4.8067982E+05   1.0141178E+00
  182.3900   4.8142014E+05   1.0141224E+00
  182.4000   4.8216511E+05   1.0141269E+00
  182.4100   4.8291467E+05   1.0141315E+00
  182.4200   4.8366878E+05   1.0141361E+00
  182.4300   4.8442730E+05   1.0141408E+00
  182.4400   4.8519012E+05   1.0141455E+00
  182.4500   4.8595700E+05   1.0141501E+00
  182.4600   4.8672794E+05   1.0141549E+00
  182.4700   4.8750278E+05   1.0141596E+00
  182.4800   4.8828144E+05   1.0141644E+00
  182.4900   4.8906384E+05   1.0141692E+00
  182.5000   4.8984979E+05   1.0141740E+00
  182.5100   4.9063912E+05   1.0141788E+00
  182.5200   4.9143173E+05   1.0141837E+00
  182.5300   4.9222751E+05   1.0141885E+00
  182.5400   4.9302625E+05   1.0141934E+00
  182.5500   4.9382792E+05   1.0141983E+00
  182.5600   4.9463236E+05   1.0142033E+00
  182.5700   4.9543944E+05   1.0142082E+00
  182.5800   4.9624906E+05   1.0142132E+00
  182.5900   4.9706113E+05   1.0142181E+00
  182.6000   4.9787543E+05   1.0142231E+00
  182.6100   4.9869194E+05   1.0142281E+00
  182.6200   4.9951048E+05   1.0142331E+00
  182.6300   5.0033089E+05   1.0142382E+00
  182.6400   5.0115303E+05   1.0142432E+00
  182.6500   5.0197679E+05   1.0142483E+00
  182.6600   5.0280208E+05   1.0142533E+00
  182.6700   5.0362863E+05   1.0142584E+00
  182.6800   5.0445637E+05   1.0142634E+00
  182.6900   5.0528526E+05   1.0142685E+00
  182.7000   5.0611508E+05   1.0142736E+00
  182.7100   5.0694561E+05   1.0142787E+00
  182.7200   5.0777683E+05   1.0142838E+00
  182.7300   5.0860856E+05   1.0142889E+00
  182.7400   5.0944060E+05   1.0142940E+00
  182.7500   5.1027295E+05   1.0142991E+00
  182.7600   5.1110544E+05   1.0143042E+00
  182.7700   5.1193788E+05   1.0143093E+00
  182.7800   5.1277010E+05   1.0143144E+00
  182.7900   5.1360191E+05   1.0143195E+00
  182.8000   5.1443332E+05   1.0143246E+00
  182.8100   5.1526414E+05   1.0143297E+00
  182.8200   5.1609417E+05   1.0143348E+00
  182.8300   5.1692340E+05   1.0143399E+00
  182.8400   5.1775160E+05   1.0143449E+00
  182.8500   5.1857856E+05   1.0143500E+00
  182.8600   5.1940423E+05   1.0143551E+00
  182.8700   5.2022853E+05   1.0143601E+00
  182.8800   5.2105120E+05   1.0143652E+00
  182.8900   5.2187214E+05   1.0143702E+00
  182.9000   5.2269123E+05   1.0143752E+00
  182.9100   5.2350834E+05   1.0143802E+00
  182.9200   5.2432329E+05   1.0143852E+00
  182.9300   5.2513592E+05   1.0143902E+00
  182.9400   5.2594617E+05   1.0143952E+00
  182.9500   5.2675383E+05   1.0144001E+00
  182.9600   5.2755881E+05   1.0144051E+00
  182.9700   5.2836099E+05   1.0144100E+00
  182.9800   5.2916023E+05   1.0144149E+00
  182.9900   5.2995635E+05   1.0144198E+00
  183.0000   5.3074916E+05   1.0144247E+00
  183.0100   5.3153857E+05   1.0144295E+00
  183.0200   5.3232449E+05   1.0144343E+00
  183.0300   5.3310678E+05   1.0144391E+00
  183.0400   5.3388526E+05   1.0144439E+00
  183.0500   5.3465988E+05   1.0144487E+00
  183.0600   5.3543039E+05   1.0144534E+00
  183.0700   5.3619665E+05   1.0144581E+00
  183.0800   5.3695849E+05   1.0144628E+00
  183.0900   5.3771586E+05   1.0144674E+00
  183.1000   5.3846868E+05   1.0144720E+00
  183.1100   5.3921680E+05   1.0144766E+00
  183.1200   5.3996002E+05   1.0144812E+00
  183.1300   5.4069829E+05   1.0144857E+00
  183.1400   5.4143147E+05   1.0144902E+00
  183.1500   5.4215940E+05   1.0144947E+00
  183.1600   5.4288201E+05   1.0144991E+00
  183.1700   5.4359902E+05   1.0145035E+00
  183.1800   5.4431043E+05   1.0145079E+00
  183.1900   5.4501601E+05   1.0145122E+00
  183.2000   5.4571563E+05   1.0145165E+00
  183.2100   5.4640929E+05   1.0145208E+00
  183.2200   5.4709674E+05   1.0145250E+00
  183.2300   5.4777785E+05   1.0145292E+00
  183.2400   5.4845258E+05   1.0145334E+00
  183.2500   5.4912085E+05   1.0145375E+00
  183.2600   5.4978248E+05   1.0145415E+00
  183.2700   5.5043741E+05   1.0145456E+00
  183.2800   5.5108550E+05   1.0145495E+00
  183.2900   5.5172656E+05   1.0145535E+00
  183.3000   5.5236046E+05   1.0145574E+00
  183.3100   5.5298721E+05   1.0145612E+00
  183.3200   5.5360654E+05   1.0145650E+00
  183.3300   5.5421847E+05   1.0145688E+00
  183.3400   5.5482294E+05   1.0145725E+00
  183.3500   5.5541979E+05   1.0145762E+00
  183.3600   5.5600879E+05   1.0145798E+00
  183.3700   5.5658999E+05   1.0145834E+00
  183.3800   5.5716317E+05   1.0145869E+00
  183.3900   5.5772818E+05   1.0145904E+00
  183.4000   5.5828500E+05   1.0145938E+00
  183.4100   5.5883348E+05   1.0145972E+00
  183.4200   5.5937360E+05   1.0146005E+00
  183.4300   5.5990521E+05   1.0146038E+00
  183.4400   5.6042826E+05   1.0146070E+00
  183.4500   5.6094263E+05   1.0146102E+00
  183.4600   5.6144824E+05   1.0146133E+00
  183.4700   5.6194495E+05   1.0146164E+00
  183.4800   5.6243268E+05   1.0146194E+00
  183.4900   5.6291127E+05   1.0146223E+00
  183.5000   5.6338063E+05   1.0146252E+00
  183.5100   5.6384074E+05   1.0146281E+00
  183.5200   5.6429150E+05   1.0146308E+00
  183.5300   5.6473286E+05   1.0146336E+00
  183.5400   5.6516469E+05   1.0146362E+00
  183.5500   5.6558693E+05   1.0146388E+00
  183.5600   5.6599959E+05   1.0146414E+00
  183.5700   5.6640258E+05   1.0146439E+00
  183.5800   5.6679568E+05   1.0146463E+00
  183.5900   5.6717897E+05   1.0146487E+00
  183.6000   5.6755237E+05   1.0146510E+00
  183.6100   5.6791572E+05   1.0146532E+00
  183.6200   5.6826893E+05   1.0146554E+00
  183.6300   5.6861198E+05   1.0146575E+00
  183.6400   5.6894471E+05   1.0146596E+00
  183.6500   5.6926707E+05   1.0146616E+00
  183.6600   5.6957903E+05   1.0146635E+00
  183.6700   5.6988049E+05   1.0146654E+00
  183.6800   5.7017138E+05   1.0146672E+00
  183.6900   5.7045172E+05   1.0146689E+00
  183.7000   5.7072140E+05   1.0146706E+00
  183.7100   5.7098037E+05   1.0146722E+00
  183.7200   5.7122864E+05   1.0146738E+00
  183.7300   5.7146613E+05   1.0146752E+00
  183.7400   5.7169278E+05   1.0146767E+00
  183.7500   5.7190862E+05   1.0146780E+00
  183.7600   5.7211356E+05   1.0146793E+00
  183.7700   5.7230755E+05   1.0146805E+00
  183.7800   5.7249061E+05   1.0146816E+00
  183.7900   5.7266266E+05   1.0146827E+00
  183.8000   5.7282365E+05   1.0146837E+00
  183.8100   5.7297360E+05   1.0146847E+00
  183.8200   5.7311241E+05   1.0146855E+00
  183.8300   5.7324004E+05   1.0146864E+00
  183.8400   5.7335649E+05   1.0146871E+00
  183.8500   5.7346166E+05   1.0146878E+00
  183.8600   5.7355548E+05   1.0146884E+00
  183.8700   5.7363797E+05   1.0146889E+00
  183.8800   5.7370918E+05   1.0146894E+00
  183.8900   5.7376904E+05   1.0146897E+00
  183.9000   5.7381753E+05   1.0146901E+00
  183.9100   5.7385471E+05   1.0146903E+00
  183.9200   5.7388048E+05   1.0146905E+00
  183.9300   5.7389481E+05   1.0146906E+00
  183.9400   5.7389775E+05   1.0146907E+00
  183.9500   5.7388935E+05   1.0146906E+00
  183.9600   5.7386959E+05   1.0146905E+00
  183.9700   5.7383847E+05   1.0146904E+00
  183.9800   5.7379588E+05   1.0146902E+00
  183.9900   5.7374194E+05   1.0146898E+00
  184.0000   5.7367664E+05   1.0146895E+00
  184.0100   5.7359984E+05   1.0146890E+00
  184.0200   5.7351167E+05   1.0146885E+00
  184.0300   5.7341208E+05   1.0146879E+00
  184.0400   5.7330112E+05   1.0146873E+00
  184.0500   5.7317888E+05   1.0146866E+00
  184.0600   5.7304530E+05   1.0146858E+00
  184.0700   5.7290042E+05   1.0146849E+00
  184.0800   5.7274431E+05   1.0146840E+00
  184.0900   5.7257691E+05   1.0146830E+00
  184.1000   5.7239824E+05   1.0146819E+00
  184.1100   5.7220835E+05   1.0146808E+00
  184.1200   5.7200717E+05   1.0146796E+00
  184.1300   5.7179490E+05   1.0146783E+00
  184.1400   5.7157157E+05   1.0146770E+00
  184.1500   5.7133712E+05   1.0146756E+00
  184.1600   5.7109153E+05   1.0146741E+00
  184.1700   5.7083484E+05   1.0146725E+00
  184.1800   5.7056717E+05   1.0146709E+00
  184.1900   5.7028849E+05   1.0146693E+00
  184.2000   5.6999884E+05   1.0146675E+00
  184.2100   5.6969833E+05   1.0146657E+00
  184.2200   5.6938692E+05   1.0146638E+00
  184.2300   5.6906485E+05   1.0146619E+00
  184.2400   5.6873203E+05   1.0146599E+00
  184.2500   5.6838862E+05   1.0146578E+00
  184.2600   5.6803468E+05   1.0146557E+00
  184.2700   5.6767014E+05   1.0146535E+00
  184.2800   5.6729516E+05   1.0146512E+00
  184.2900   5.6690981E+05   1.0146489E+00
  184.3000   5.6651404E+05   1.0146465E+00
  184.3100   5.6610803E+05   1.0146440E+00
  184.3200   5.6569186E+05   1.0146415E+00
  184.3300   5.6526549E+05   1.0146389E+00
  184.3400   5.6482915E+05   1.0146363E+00
  184.3500   5.6438274E+05   1.0146336E+00
  184.3600   5.6392645E+05   1.0146308E+00
  184.3700   5.6346034E+05   1.0146280E+00
  184.3800   5.6298454E+05   1.0146251E+00
  184.3900   5.6249907E+05   1.0146221E+00
  184.4000   5.6200405E+05   1.0146191E+00
  184.4100   5.6149947E+05   1.0146161E+00
  184.4200   5.6098539E+05   1.0146129E+00
  184.4300   5.6046196E+05   1.0146098E+00
  184.4400   5.5992923E+05   1.0146065E+00
  184.4500   5.5938732E+05   1.0146032E+00
  184.4600   5.5883642E+05   1.0145999E+00
  184.4700   5.5827664E+05   1.0145965E+00
  184.4800   5.5770797E+05   1.0145930E+00
  184.4900   5.5713051E+05   1.0145895E+00
  184.5000   5.5654441E+05   1.0145860E+00
  184.5100   5.5594975E+05   1.0145824E+00
  184.5200   5.5534669E+05   1.0145787E+00
  184.5300   5.5473529E+05   1.0145750E+00
  184.5400   5.5411570E+05   1.0145712E+00
  184.5500   5.5348798E+05   1.0145674E+00
  184.5600   5.5285229E+05   1.0145635E+00
  184.5700   5.5220869E+05   1.0145596E+00
  184.5800   5.5155734E+05   1.0145557E+00
  184.5900   5.5089831E+05   1.0145517E+00
  184.6000   5.5023176E+05   1.0145476E+00
  184.6100   5.4955778E+05   1.0145435E+00
  184.6200   5.4887656E+05   1.0145394E+00
  184.6300   5.4818818E+05   1.0145352E+00
  184.6400   5.4749268E+05   1.0145309E+00
  184.6500   5.4679018E+05   1.0145267E+00
  184.6600   5.4608090E+05   1.0145223E+00
  184.6700   5.4536499E+05   1.0145180E+00
  184.6800   5.4464254E+05   1.0145136E+00
  184.6900   5.4391373E+05   1.0145091E+00
  184.7000   5.4317868E+05   1.0145047E+00
  184.7100   5.4243742E+05   1.0145002E+00
  184.7200   5.4169013E+05   1.0144956E+00
  184.7300   5.4093689E+05   1.0144910E+00
  184.7400   5.4017790E+05   1.0144864E+00
  184.7500   5.3941332E+05   1.0144817E+00
  184.7600   5.3864321E+05   1.0144771E+00
  184.7700   5.3786777E+05   1.0144723E+00
  184.7800   5.3708716E+05   1.0144676E+00
  184.7900   5.3630145E+05   1.0144628E+00
  184.8000   5.3551084E+05   1.0144580E+00
  184.8100   5.3471549E+05   1.0144531E+00
  184.8200   5.3391549E+05   1.0144483E+00
  184.8300   5.3311108E+05   1.0144434E+00
  184.8400   5.3230226E+05   1.0144384E+00
  184.8500   5.3148933E+05   1.0144335E+00
  184.8600   5.3067237E+05   1.0144285E+00
  184.8700   5.2985144E+05   1.0144235E+00
  184.8800   5.2902670E+05   1.0144185E+00
  184.8900   5.2819828E+05   1.0144134E+00
  184.9000   5.2736646E+05   1.0144083E+00
  184.9100   5.2653130E+05   1.0144032E+00
  184.9200   5.2569299E+05   1.0143981E+00
  184.9300   5.2485169E+05   1.0143930E+00
  184.9400   5.2400754E+05   1.0143879E+00
  184.9500   5.2316063E+05   1.0143827E+00
  184.9600   5.2231121E+05   1.0143775E+00
  184.9700   5.2145931E+05   1.0143723E+00
  184.9800   5.2060513E+05   1.0143671E+00
  184.9900   5.1974883E+05   1.0143619E+00
  185.0000   5.1889056E+05   1.0143567E+00
  185.0100   5.1803044E+05   1.0143514E+00
  185.0200   5.1716873E+05   1.0143462E+00
  185.0300   5.1630554E+05   1.0143409E+00
  185.0400   5.1544109E+05   1.0143356E+00
  185.0500   5.1457544E+05   1.0143303E+00
  185.0600   5.1370881E+05   1.0143251E+00
  185.0700   5.1284122E+05   1.0143198E+00
  185.0800   5.1197287E+05   1.0143145E+00
  185.0900   5.1110394E+05   1.0143092E+00
  185.1000   5.1023461E+05   1.0143039E+00
  185.1100   5.0936506E+05   1.0142986E+00
  185.1200   5.0849545E+05   1.0142932E+00
  185.1300   5.0762596E+05   1.0142879E+00
  185.1400   5.0675658E+05   1.0142826E+00
  185.1500   5.0588748E+05   1.0142773E+00
  185.1600   5.0501883E+05   1.0142720E+00
  185.1700   5.0415081E+05   1.0142667E+00
  185.1800   5.0328362E+05   1.0142614E+00
  185.1900   5.0241744E+05   1.0142562E+00
  185.2000   5.0155229E+05   1.0142509E+00
  185.2100   5.0068841E+05   1.0142456E+00
  185.2200   4.9982582E+05   1.0142403E+00
  185.2300   4.9896479E+05   1.0142351E+00
  185.2400   4.9810538E+05   1.0142298E+00
  185.2500   4.9724788E+05   1.0142246E+00
  185.2600   4.9639240E+05   1.0142194E+00
  185.2700   4.9553909E+05   1.0142142E+00
  185.2800   4.9468810E+05   1.0142090E+00
  185.2900   4.9383945E+05   1.0142038E+00
  185.3000   4.9299336E+05   1.0141986E+00
  185.3100   4.9214987E+05   1.0141935E+00
  185.3200   4.9130926E+05   1.0141883E+00
  185.3300   4.9047166E+05   1.0141832E+00
  185.3400   4.8963722E+05   1.0141781E+00
  185.3500   4.8880594E+05   1.0141730E+00
  185.3600   4.8797805E+05   1.0141680E+00
  185.3700   4.8715362E+05   1.0141630E+00
  185.3800   4.8633279E+05   1.0141579E+00
  185.3900   4.8551569E+05   1.0141529E+00
  185.4000   4.8470253E+05   1.0141480E+00
  185.4100   4.8389337E+05   1.0141430E+00
  185.4200   4.8308832E+05   1.0141381E+00
  185.4300   4.8228751E+05   1.0141332E+00
  185.4400   4.8149116E+05   1.0141284E+00
  185.4500   4.8069931E+05   1.0141235E+00
  185.4600   4.7991208E+05   1.0141187E+00
  185.4700   4.7912965E+05   1.0141139E+00
  185.4800   4.7835203E+05   1.0141092E+00
  185.4900   4.7757950E+05   1.0141045E+00
  185.5000   4.7681203E+05   1.0140998E+00
  185.5100   4.7604981E+05   1.0140951E+00
  185.5200   4.7529292E+05   1.0140905E+00
  185.5300   4.7454150E+05   1.0140859E+00
  185.5400   4.7379573E+05   1.0140813E+00
  185.5500   4.7305571E+05   1.0140768E+00
  185.5600   4.7232155E+05   1.0140723E+00
  185.5700   4.7159330E+05   1.0140679E+00
  185.5800   4.7087103E+05   1.0140635E+00
  185.5900   4.7015491E+05   1.0140591E+00
  185.6000   4.6944497E+05   1.0140547E+00
  185.6100   4.6874131E+05   1.0140504E+00
  185.6200   4.6804413E+05   1.0140462E+00
  185.6300   4.6735348E+05   1.0140420E+00
  185.6400   4.6666933E+05   1.0140378E+00
  185.6500   4.6599189E+05   1.0140336E+00
  185.6600   4.6532126E+05   1.0140295E+00
  185.6700   4.6465744E+05   1.0140255E+00
  185.6800   4.6400050E+05   1.0140215E+00
  185.6900   4.6335060E+05   1.0140175E+00
  185.7000   4.6270778E+05   1.0140136E+00
  185.7100   4.6207217E+05   1.0140097E+00
  185.7200   4.6144378E+05   1.0140058E+00
  185.7300   4.6082273E+05   1.0140020E+00
  185.7400   4.6020901E+05   1.0139983E+00
  185.7500   4.5960270E+05   1.0139946E+00
  185.7600   4.5900398E+05   1.0139909E+00
  185.7700   4.5841290E+05   1.0139873E+00
  185.7800   4.5782945E+05   1.0139837E+00
  185.7900   4.5725367E+05   1.0139802E+00
  185.8000   4.5668570E+05   1.0139767E+00
  185.8100   4.5612559E+05   1.0139733E+00
  185.8200   4.5557329E+05   1.0139699E+00
  185.8300   4.5502884E+05   1.0139666E+00
  185.8400   4.5449236E+05   1.0139633E+00
  185.8500   4.5396387E+05   1.0139601E+00
  185.8600   4.5344351E+05   1.0139569E+00
  185.8700   4.5293129E+05   1.0139537E+00
  185.8800   4.5242715E+05   1.0139506E+00
  185.8900   4.5193111E+05   1.0139476E+00
  185.9000   4.5144330E+05   1.0139446E+00
  185.9100   4.5096374E+05   1.0139417E+00
  185.9200   4.5049253E+05   1.0139388E+00
  185.9300   4.5002972E+05   1.0139360E+00
  185.9400   4.4957523E+05   1.0139332E+00
  185.9500   4.4912909E+05   1.0139305E+00
  185.9600   4.4869125E+05   1.0139278E+00
  185.9700   4.4826175E+05   1.0139251E+00
  185.9800   4.4784070E+05   1.0139226E+00
  185.9900   4.4742815E+05   1.0139200E+00
  186.0000   4.4702404E+05   1.0139176E+00
  186.0100   4.4662842E+05   1.0139151E+00
  186.0200   4.4624124E+05   1.0139128E+00
  186.0300   4.4586256E+05   1.0139104E+00
  186.0400   4.4549233E+05   1.0139082E+00
  186.0500   4.4513062E+05   1.0139060E+00
  186.0600   4.4477739E+05   1.0139038E+00
  186.0700   4.4443253E+05   1.0139017E+00
  186.0800   4.4409619E+05   1.0138996E+00
  186.0900   4.4376825E+05   1.0138976E+00
  186.1000   4.4344870E+05   1.0138956E+00
  186.1100   4.4313760E+05   1.0138937E+00
  186.1200   4.4283496E+05   1.0138919E+00
  186.1300   4.4254066E+05   1.0138901E+00
  186.1400   4.4225469E+05   1.0138883E+00
  186.1500   4.4197714E+05   1.0138866E+00
  186.1600   4.4170781E+05   1.0138850E+00
  186.1700   4.4144680E+05   1.0138834E+00
  186.1800   4.4119410E+05   1.0138818E+00
  186.1900   4.4094962E+05   1.0138803E+00
  186.2000   4.4071335E+05   1.0138789E+00
  186.2100   4.4048520E+05   1.0138775E+00
  186.2200   4.4026518E+05   1.0138761E+00
  186.2300   4.4005318E+05   1.0138748E+00
  186.2400   4.3984920E+05   1.0138736E+00
  186.2500   4.3965314E+05   1.0138724E+00
  186.2600   4.3946499E+05   1.0138712E+00
  186.2700   4.3928466E+05   1.0138701E+00
  186.2800   4.3911212E+05   1.0138690E+00
  186.2900   4.3894744E+05   1.0138680E+00
  186.3000   4.3879042E+05   1.0138670E+00
  186.3100   4.3864112E+05   1.0138661E+00
  186.3200   4.3849950E+05   1.0138653E+00
  186.3300   4.3836543E+05   1.0138644E+00
  186.3400   4.3823886E+05   1.0138636E+00
  186.3500   4.3811965E+05   1.0138629E+00
  186.3600   4.3800773E+05   1.0138622E+00
  186.3700   4.3790311E+05   1.0138616E+00
  186.3800   4.3780572E+05   1.0138610E+00
  186.3900   4.3771555E+05   1.0138604E+00
  186.4000   4.3763249E+05   1.0138599E+00
  186.4100   4.3755652E+05   1.0138594E+00
  186.4200   4.3748751E+05   1.0138590E+00
  186.4300   4.3742540E+05   1.0138586E+00
  186.4400   4.3737004E+05   1.0138583E+00
  186.4500   4.3732135E+05   1.0138580E+00
  186.4600   4.3727931E+05   1.0138577E+00
  186.4700   4.3724382E+05   1.0138575E+00
  186.4800   4.3721483E+05   1.0138573E+00
  186.4900   4.3719219E+05   1.0138572E+00
  186.5000   4.3717582E+05   1.0138570E+00
  186.5100   4.3716570E+05   1.0138570E+00
  186.5200   4.3716171E+05   1.0138569E+00
  186.5300   4.3716379E+05   1.0138570E+00
  186.5400   4.3717177E+05   1.0138570E+00
  186.5500   4.3718556E+05   1.0138571E+00
  186.5600   4.3720510E+05   1.0138572E+00
  186.5700   4.3723025E+05   1.0138573E+00
  186.5800   4.3726090E+05   1.0138575E+00
  186.5900   4.3729702E+05   1.0138577E+00
  186.6000   4.3733846E+05   1.0138580E+00
  186.6100   4.3738512E+05   1.0138583E+00
  186.6200   4.3743696E+05   1.0138586E+00
  186.6300   4.3749382E+05   1.0138589E+00
  186.6400   4.3755560E+05   1.0138593E+00
  186.6500   4.3762223E+05   1.0138597E+00
  186.6600   4.3769356E+05   1.0138601E+00
  186.6700   4.3776944E+05   1.0138606E+00
  186.6800   4.3784980E+05   1.0138611E+00
  186.6900   4.3793462E+05   1.0138616E+00
  186.7000   4.3802373E+05   1.0138621E+00
  186.7100   4.3811703E+05   1.0138627E+00
  186.7200   4.3821446E+05   1.0138633E+00
  186.7300   4.3831580E+05   1.0138639E+00
  186.7400   4.3842110E+05   1.0138645E+00
  186.7500   4.3853023E+05   1.0138652E+00
  186.7600   4.3864295E+05   1.0138659E+00
  186.7700   4.3875922E+05   1.0138666E+00
  186.7800   4.3887888E+05   1.0138673E+00
  186.7900   4.3900180E+05   1.0138680E+00
  186.8000   4.3912786E+05   1.0138688E+00
  186.8100   4.3925702E+05   1.0138696E+00
  186.8200   4.3938925E+05   1.0138704E+00
  186.8300   4.3952436E+05   1.0138712E+00
  186.8400   4.3966222E+05   1.0138721E+00
  186.8500   4.3980271E+05   1.0138729E+00
  186.8600   4.3994576E+05   1.0138738E+00
  186.8700   4.4009130E+05   1.0138747E+00
  186.8800   4.4023913E+05   1.0138756E+00
  186.8900   4.4038925E+05   1.0138765E+00
  186.9000   4.4054150E+05   1.0138774E+00
  186.9100   4.4069575E+05   1.0138783E+00
  186.9200   4.4085188E+05   1.0138793E+00
  186.9300   4.4100981E+05   1.0138803E+00
  186.9400   4.4116946E+05   1.0138812E+00
  186.9500   4.4133061E+05   1.0138822E+00
  186.9600   4.4149321E+05   1.0138832E+00
  186.9700   4.4165708E+05   1.0138842E+00
  186.9800   4.4182220E+05   1.0138852E+00
  186.9900   4.4198841E+05   1.0138862E+00
  187.0000   4.4215573E+05   1.0138872E+00
  187.0100   4.4232402E+05   1.0138883E+00
  187.0200   4.4249312E+05   1.0138893E+00
  187.0300   4.4266293E+05   1.0138903E+00
  187.0400   4.4283333E+05   1.0138914E+00
  187.0500   4.4300419E+05   1.0138924E+00
  187.0600   4.4317542E+05   1.0138935E+00
  187.0700   4.4334691E+05   1.0138945E+00
  187.0800   4.4351857E+05   1.0138955E+00
  187.0900   4.4369029E+05   1.0138966E+00
  187.1000   4.4386199E+05   1.0138976E+00
  187.1100   4.4403356E+05   1.0138987E+00
  187.1200   4.4420490E+05   1.0138997E+00
  187.1300   4.4437593E+05   1.0139008E+00
  187.1400   4.4454652E+05   1.0139018E+00
  187.1500   4.4471659E+05   1.0139028E+00
  187.1600   4.4488600E+05   1.0139039E+00
  187.1700   4.4505483E+05   1.0139049E+00
  187.1800   4.4522294E+05   1.0139059E+00
  187.1900   4.4539021E+05   1.0139070E+00
  187.2000   4.4555648E+05   1.0139080E+00
  187.2100   4.4572178E+05   1.0139090E+00
  187.2200   4.4588595E+05   1.0139100E+00
  187.2300   4.4604899E+05   1.0139110E+00
  187.2400   4.4621071E+05   1.0139120E+00
  187.2500   4.4637108E+05   1.0139129E+00
  187.2600   4.4653007E+05   1.0139139E+00
  187.2700   4.4668762E+05   1.0139149E+00
  187.2800   4.4684367E+05   1.0139158E+00
  187.2900   4.4699813E+05   1.0139168E+00
  187.3000   4.4715088E+05   1.0139177E+00
  187.3100   4.4730182E+05   1.0139186E+00
  187.3200   4.4745080E+05   1.0139195E+00
  187.3300   4.4759783E+05   1.0139204E+00
  187.3400   4.4774292E+05   1.0139213E+00
  187.3500   4.4788585E+05   1.0139222E+00
  187.3600   4.4802657E+05   1.0139231E+00
  187.3700   4.4816502E+05   1.0139239E+00
  187.3800   4.4830126E+05   1.0139247E+00
  187.3900   4.4843519E+05   1.0139255E+00
  187.4000   4.4856665E+05   1.0139263E+00
  187.4100   4.4869565E+05   1.0139271E+00
  187.4200   4.4882216E+05   1.0139279E+00
  187.4300   4.4894613E+05   1.0139287E+00
  187.4400   4.4906750E+05   1.0139294E+00
  187.4500   4.4918614E+05   1.0139301E+00
  187.4600   4.4930211E+05   1.0139308E+00
  187.4700   4.4941542E+05   1.0139315E+00
  187.4800   4.4952587E+05   1.0139322E+00
  187.4900   4.4963343E+05   1.0139329E+00
  187.5000   4.4973819E+05   1.0139335E+00
  187.5100   4.4984004E+05   1.0139341E+00
  187.5200   4.4993903E+05   1.0139347E+00
  187.5300   4.5003498E+05   1.0139353E+00
  187.5400   4.5012787E+05   1.0139359E+00
  187.5500   4.5021764E+05   1.0139364E+00
  187.5600   4.5030437E+05   1.0139370E+00
  187.5700   4.5038795E+05   1.0139375E+00
  187.5800   4.5046838E+05   1.0139380E+00
  187.5900   4.5054566E+05   1.0139384E+00
  187.6000   4.5061974E+05   1.0139389E+00
  187.6100   4.5069052E+05   1.0139393E+00
  187.6200   4.5075807E+05   1.0139397E+00
  187.6300   4.5082242E+05   1.0139401E+00
  187.6400   4.5088354E+05   1.0139405E+00
  187.6500   4.5094140E+05   1.0139409E+00
  187.6600   4.5099590E+05   1.0139412E+00
  187.6700   4.5104711E+05   1.0139415E+00
  187.6800   4.5109506E+05   1.0139418E+00
  187.6900   4.5113972E+05   1.0139421E+00
  187.7000   4.5118106E+05   1.0139423E+00
  187.7100   4.5121898E+05   1.0139426E+00
  187.7200   4.5125355E+05   1.0139428E+00
  187.7300   4.5128478E+05   1.0139430E+00
  187.7400   4.5131266E+05   1.0139431E+00
  187.7500   4.5133714E+05   1.0139433E+00
  187.7600   4.5135830E+05   1.0139434E+00
  187.7700   4.5137620E+05   1.0139435E+00
  187.7800   4.5139067E+05   1.0139436E+00
  187.7900   4.5140188E+05   1.0139437E+00
  187.8000   4.5140977E+05   1.0139437E+00
  187.8100   4.5141443E+05   1.0139437E+00
  187.8200   4.5141573E+05   1.0139438E+00
  187.8300   4.5141367E+05   1.0139437E+00
  187.8400   4.5140843E+05   1.0139437E+00
  187.8500   4.5139994E+05   1.0139437E+00
  187.8600   4.5138829E+05   1.0139436E+00
  187.8700   4.5137336E+05   1.0139435E+00
  187.8800   4.5135515E+05   1.0139434E+00
  187.8900   4.5133383E+05   1.0139433E+00
  187.9000   4.5130934E+05   1.0139431E+00
  187.9100   4.5128179E+05   1.0139429E+00
  187.9200   4.5125121E+05   1.0139428E+00
  187.9300   4.5121764E+05   1.0139425E+00
  187.9400   4.5118107E+05   1.0139423E+00
  187.9500   4.5114145E+05   1.0139421E+00
  187.9600   4.5109889E+05   1.0139418E+00
  187.9700   4.5105346E+05   1.0139415E+00
  187.9800   4.5100520E+05   1.0139412E+00
  187.9900   4.5095413E+05   1.0139409E+00
  188.0000   4.5090021E+05   1.0139406E+00
  188.0100   4.5084358E+05   1.0139403E+00
  188.0200   4.5078415E+05   1.0139399E+00
  188.0300   4.5072199E+05   1.0139395E+00
  188.0400   4.5065713E+05   1.0139391E+00
  188.0500   4.5058958E+05   1.0139387E+00
  188.0600   4.5051950E+05   1.0139383E+00
  188.0700   4.5044684E+05   1.0139378E+00
  188.0800   4.5037169E+05   1.0139374E+00
  188.0900   4.5029412E+05   1.0139369E+00
  188.1000   4.5021420E+05   1.0139364E+00
  188.1100   4.5013193E+05   1.0139359E+00
  188.1200   4.5004730E+05   1.0139354E+00
  188.1300   4.4996048E+05   1.0139349E+00
  188.1400   4.4987139E+05   1.0139343E+00
  188.1500   4.4978015E+05   1.0139337E+00
  188.1600   4.4968682E+05   1.0139332E+00
  188.1700   4.4959146E+05   1.0139326E+00
  188.1800   4.4949409E+05   1.0139320E+00
  188.1900   4.4939474E+05   1.0139314E+00
  188.2000   4.4929355E+05   1.0139308E+00
  188.2100   4.4919050E+05   1.0139301E+00
  188.2200   4.4908571E+05   1.0139295E+00
  188.2300   4.4897911E+05   1.0139288E+00
  188.2400   4.4887078E+05   1.0139282E+00
  188.2500   4.4876079E+05   1.0139275E+00
  188.2600   4.4864919E+05   1.0139268E+00
  188.2700   4.4853600E+05   1.0139261E+00
  188.2800   4.4842143E+05   1.0139254E+00
  188.2900   4.4830547E+05   1.0139247E+00
  188.3000   4.4818809E+05   1.0139240E+00
  188.3100   4.4806946E+05   1.0139233E+00
  188.3200   4.4794951E+05   1.0139225E+00
  188.3300   4.4782838E+05   1.0139218E+00
  188.3400   4.4770615E+05   1.0139210E+00
  188.3500   4.4758294E+05   1.0139203E+00
  188.3600   4.4745863E+05   1.0139195E+00
  188.3700   4.4733330E+05   1.0139188E+00
  188.3800   4.4720701E+05   1.0139180E+00
  188.3900   4.4707979E+05   1.0139172E+00
  188.4000   4.4695171E+05   1.0139164E+00
  188.4100   4.4682295E+05   1.0139156E+00
  188.4200   4.4669354E+05   1.0139148E+00
  188.4300   4.4656349E+05   1.0139140E+00
  188.4400   4.4643282E+05   1.0139132E+00
  188.4500   4.4630169E+05   1.0139124E+00
  188.4600   4.4617011E+05   1.0139116E+00
  188.4700   4.4603805E+05   1.0139108E+00
  188.4800   4.4590570E+05   1.0139100E+00
  188.4900   4.4577301E+05   1.0139092E+00
  188.5000   4.4563998E+05   1.0139084E+00
  188.5100   4.4550676E+05   1.0139076E+00
  188.5200   4.4537330E+05   1.0139068E+00
  188.5300   4.4523977E+05   1.0139059E+00
  188.5400   4.4510613E+05   1.0139051E+00
  188.5500   4.4497252E+05   1.0139043E+00
  188.5600   4.4483891E+05   1.0139035E+00
  188.5700   4.4470545E+05   1.0139027E+00
  188.5800   4.4457211E+05   1.0139018E+00
  188.5900   4.4443902E+05   1.0139010E+00
  188.6000   4.4430617E+05   1.0139002E+00
  188.6100   4.4417352E+05   1.0138994E+00
  188.6200   4.4404124E+05   1.0138986E+00
  188.6300   4.4390930E+05   1.0138978E+00
  188.6400   4.4377768E+05   1.0138970E+00
  188.6500   4.4364656E+05   1.0138962E+00
  188.6600   4.4351592E+05   1.0138954E+00
  188.6700   4.4338576E+05   1.0138946E+00
  188.6800   4.4325609E+05   1.0138938E+00
  188.6900   4.4312709E+05   1.0138930E+00
  188.7000   4.4299877E+05   1.0138922E+00
  188.7100   4.4287117E+05   1.0138914E+00
  188.7200   4.4274432E+05   1.0138906E+00
  188.7300   4.4261824E+05   1.0138899E+00
  188.7400   4.4249298E+05   1.0138891E+00
  188.7500   4.4236862E+05   1.0138883E+00
  188.7600   4.4224502E+05   1.0138876E+00
  188.7700   4.4212226E+05   1.0138868E+00
  188.7800   4.4200043E+05   1.0138861E+00
  188.7900   4.4187962E+05   1.0138853E+00
  188.8000   4.4175975E+05   1.0138846E+00
  188.8100   4.4164095E+05   1.0138839E+00
  188.8200   4.4152315E+05   1.0138831E+00
  188.8300   4.4140631E+05   1.0138824E+00
  188.8400   4.4129058E+05   1.0138817E+00
  188.8500   4.4117595E+05   1.0138810E+00
  188.8600   4.4106240E+05   1.0138803E+00
  188.8700   4.4094993E+05   1.0138796E+00
  188.8800   4.4083857E+05   1.0138789E+00
  188.8900   4.4072835E+05   1.0138782E+00
  188.9000   4.4061929E+05   1.0138776E+00
  188.9100   4.4051146E+05   1.0138769E+00
  188.9200   4.4040492E+05   1.0138763E+00
  188.9300   4.4029958E+05   1.0138756E+00
  188.9400   4.4019552E+05   1.0138750E+00
  188.9500   4.4009267E+05   1.0138743E+00
  188.9600   4.3999117E+05   1.0138737E+00
  188.9700   4.3989095E+05   1.0138731E+00
  188.9800   4.3979200E+05   1.0138725E+00
  188.9900   4.3969429E+05   1.0138719E+00
  189.0000   4.3959782E+05   1.0138713E+00
  189.0100   4.3950261E+05   1.0138707E+00
  189.0200   4.3940868E+05   1.0138701E+00
  189.0300   4.3931607E+05   1.0138696E+00
  189.0400   4.3922483E+05   1.0138690E+00
  189.0500   4.3913485E+05   1.0138684E+00
  189.0600   4.3904622E+05   1.0138679E+00
  189.0700   4.3895884E+05   1.0138674E+00
  189.0800   4.3887284E+05   1.0138668E+00
  189.0900   4.3878816E+05   1.0138663E+00
  189.1000   4.3870475E+05   1.0138658E+00
  189.1100   4.3862260E+05   1.0138653E+00
  189.1200   4.3854168E+05   1.0138648E+00
  189.1300   4.3846201E+05   1.0138643E+00
  189.1400   4.3838359E+05   1.0138638E+00
  189.1500   4.3830647E+05   1.0138633E+00
  189.1600   4.3823049E+05   1.0138629E+00
  189.1700   4.3815572E+05   1.0138624E+00
  189.1800   4.3808223E+05   1.0138619E+00
  189.1900   4.3800992E+05   1.0138615E+00
  189.2000   4.3793870E+05   1.0138611E+00
  189.2100   4.3786868E+05   1.0138606E+00
  189.2200   4.3779982E+05   1.0138602E+00
  189.2300   4.3773205E+05   1.0138598E+00
  189.2400   4.3766535E+05   1.0138594E+00
  189.2500   4.3759969E+05   1.0138590E+00
  189.2600   4.3753507E+05   1.0138586E+00
  189.2700   4.3747148E+05   1.0138582E+00
  189.2800   4.3740894E+05   1.0138578E+00
  189.2900   4.3734747E+05   1.0138574E+00
  189.3000   4.3728692E+05   1.0138570E+00
  189.3100   4.3722735E+05   1.0138567E+00
  189.3200   4.3716862E+05   1.0138563E+00
  189.3300   4.3711081E+05   1.0138559E+00
  189.3400   4.3705381E+05   1.0138556E+00
  189.3500   4.3699770E+05   1.0138552E+00
  189.3600   4.3694240E+05   1.0138549E+00
  189.3700   4.3688783E+05   1.0138546E+00
  189.3800   4.3683392E+05   1.0138542E+00
  189.3900   4.3678079E+05   1.0138539E+00
  189.4000   4.3672840E+05   1.0138536E+00
  189.4100   4.3667668E+05   1.0138533E+00
  189.4200   4.3662562E+05   1.0138529E+00
  189.4300   4.3657517E+05   1.0138526E+00
  189.4400   4.3652531E+05   1.0138523E+00
  189.4500   4.3647604E+05   1.0138520E+00
  189.4600   4.3642733E+05   1.0138517E+00
  189.4700   4.3637900E+05   1.0138514E+00
  189.4800   4.3633105E+05   1.0138511E+00
  189.4900   4.3628349E+05   1.0138508E+00
  189.5000   4.3623632E+05   1.0138505E+00
  189.5100   4.3618956E+05   1.0138502E+00
  189.5200   4.3614304E+05   1.0138499E+00
  189.5300   4.3609680E+05   1.0138497E+00
  189.5400   4.3605083E+05   1.0138494E+00
  189.5500   4.3600501E+05   1.0138491E+00
  189.5600   4.3595934E+05   1.0138488E+00
  189.5700   4.3591386E+05   1.0138485E+00
  189.5800   4.3586843E+05   1.0138482E+00
  189.5900   4.3582307E+05   1.0138480E+00
  189.6000   4.3577782E+05   1.0138477E+00
  189.6100   4.3573253E+05   1.0138474E+00
  189.6200   4.3568724E+05   1.0138471E+00
  189.6300   4.3564179E+05   1.0138468E+00
  189.6400   4.3559622E+05   1.0138466E+00
  189.6500   4.3555057E+05   1.0138463E+00
  189.6600   4.3550467E+05   1.0138460E+00
  189.6700   4.3545856E+05   1.0138457E+00
  189.6800   4.3541226E+05   1.0138454E+00
  189.6900   4.3536562E+05   1.0138451E+00
  189.7000   4.3531865E+05   1.0138448E+00
  189.7100   4.3527137E+05   1.0138445E+00
  189.7200   4.3522379E+05   1.0138442E+00
  189.7300   4.3517592E+05   1.0138439E+00
  189.7400   4.3512758E+05   1.0138436E+00
  189.7500   4.3507878E+05   1.0138433E+00
  189.7600   4.3502950E+05   1.0138430E+00
  189.7700   4.3497975E+05   1.0138427E+00
  189.7800   4.3492950E+05   1.0138424E+00
  189.7900   4.3487873E+05   1.0138421E+00
  189.8000   4.3482742E+05   1.0138418E+00
  189.8100   4.3477553E+05   1.0138415E+00
  189.8200   4.3472302E+05   1.0138411E+00
  189.8300   4.3466986E+05   1.0138408E+00
  189.8400   4.3461598E+05   1.0138405E+00
  189.8500   4.3456151E+05   1.0138401E+00
  189.8600   4.3450637E+05   1.0138398E+00
  189.8700   4.3445050E+05   1.0138394E+00
  189.8800   4.3439381E+05   1.0138391E+00
  189.8900   4.3433639E+05   1.0138387E+00
  189.9000   4.3427813E+05   1.0138384E+00
  189.9100   4.3421912E+05   1.0138380E+00
  189.9200   4.3415923E+05   1.0138376E+00
  189.9300   4.3409852E+05   1.0138373E+00
  189.9400   4.3403703E+05   1.0138369E+00
  189.9500   4.3397479E+05   1.0138365E+00
  189.9600   4.3391166E+05   1.0138361E+00
  189.9700   4.3384765E+05   1.0138357E+00
  189.9800   4.3378276E+05   1.0138353E+00
  189.9900   4.3371701E+05   1.0138349E+00
  190.0000   4.3365036E+05   1.0138345E+00
  190.0100   4.3358281E+05   1.0138341E+00
  190.0200   4.3351432E+05   1.0138337E+00
  190.0300   4.3344504E+05   1.0138332E+00
  190.0400   4.3337490E+05   1.0138328E+00
  190.0500   4.3330386E+05   1.0138324E+00
  190.0600   4.3323201E+05   1.0138319E+00
  190.0700   4.3315929E+05   1.0138315E+00
  190.0800   4.3308579E+05   1.0138310E+00
  190.0900   4.3301140E+05   1.0138306E+00
  190.1000   4.3293620E+05   1.0138301E+00
  190.1100   4.3286007E+05   1.0138296E+00
  190.1200   4.3278307E+05   1.0138291E+00
  190.1300   4.3270525E+05   1.0138287E+00
  190.1400   4.3262664E+05   1.0138282E+00
  190.1500   4.3254726E+05   1.0138277E+00
  190.1600   4.3246713E+05   1.0138272E+00
  190.1700   4.3238628E+05   1.0138267E+00
  190.1800   4.3230468E+05   1.0138262E+00
  190.1900   4.3222235E+05   1.0138257E+00
  190.2000   4.3213926E+05   1.0138252E+00
  190.2100   4.3205558E+05   1.0138247E+00
  190.2200   4.3197127E+05   1.0138241E+00
  190.2300   4.3188629E+05   1.0138236E+00
  190.2400   4.3180079E+05   1.0138231E+00
  190.2500   4.3171472E+05   1.0138225E+00
  190.2600   4.3162819E+05   1.0138220E+00
  190.2700   4.3154116E+05   1.0138215E+00
  190.2800   4.3145372E+05   1.0138209E+00
  190.2900   4.3136582E+05   1.0138204E+00
  190.3000   4.3127755E+05   1.0138199E+00
  190.3100   4.3118901E+05   1.0138193E+00
  190.3200   4.3110013E+05   1.0138188E+00
  190.3300   4.3101099E+05   1.0138182E+00
  190.3400   4.3092169E+05   1.0138177E+00
  190.3500   4.3083213E+05   1.0138171E+00
  190.3600   4.3074240E+05   1.0138165E+00
  190.3700   4.3065259E+05   1.0138160E+00
  190.3800   4.3056276E+05   1.0138154E+00
  190.3900   4.3047302E+05   1.0138149E+00
  190.4000   4.3038344E+05   1.0138143E+00
  190.4100   4.3029392E+05   1.0138138E+00
  190.4200   4.3020455E+05   1.0138132E+00
  190.4300   4.3011542E+05   1.0138127E+00
  190.4400   4.3002662E+05   1.0138121E+00
  190.4500   4.2993824E+05   1.0138116E+00
  190.4600   4.2985020E+05   1.0138110E+00
  190.4700   4.2976261E+05   1.0138105E+00
  190.4800   4.2967555E+05   1.0138100E+00
  190.4900   4.2958916E+05   1.0138094E+00
  190.5000   4.2950337E+05   1.0138089E+00
  190.5100   4.2941830E+05   1.0138084E+00
  190.5200   4.2933410E+05   1.0138078E+00
  190.5300   4.2925071E+05   1.0138073E+00
  190.5400   4.2916830E+05   1.0138068E+00
  190.5500   4.2908685E+05   1.0138063E+00
  190.5600   4.2900653E+05   1.0138058E+00
  190.5700   4.2892734E+05   1.0138053E+00
  190.5800   4.2884931E+05   1.0138048E+00
  190.5900   4.2877265E+05   1.0138044E+00
  190.6000   4.2869740E+05   1.0138039E+00
  190.6100   4.2862362E+05   1.0138034E+00
  190.6200   4.2855140E+05   1.0138030E+00
  190.6300   4.2848082E+05   1.0138026E+00
  190.6400   4.2841200E+05   1.0138021E+00
  190.6500   4.2834489E+05   1.0138017E+00
  190.6600   4.2827964E+05   1.0138013E+00
  190.6700   4.2821642E+05   1.0138009E+00
  190.6800   4.2815525E+05   1.0138005E+00
  190.6900   4.2809616E+05   1.0138002E+00
  190.7000   4.2803920E+05   1.0137998E+00
  190.7100   4.2798447E+05   1.0137995E+00
  190.7200   4.2793206E+05   1.0137991E+00
  190.7300   4.2788211E+05   1.0137988E+00
  190.7400   4.2783479E+05   1.0137985E+00
  190.7500   4.2779008E+05   1.0137983E+00
  190.7600   4.2774804E+05   1.0137980E+00
  190.7700   4.2770891E+05   1.0137978E+00
  190.7800   4.2767260E+05   1.0137975E+00
  190.7900   4.2763925E+05   1.0137973E+00
  190.8000   4.2760901E+05   1.0137971E+00
  190.8100   4.2758190E+05   1.0137969E+00
  190.8200   4.2755815E+05   1.0137968E+00
  190.8300   4.2753785E+05   1.0137967E+00
  190.8400   4.2752094E+05   1.0137966E+00
  190.8500   4.2750759E+05   1.0137965E+00
  190.8600   4.2749780E+05   1.0137964E+00
  190.8700   4.2749184E+05   1.0137964E+00
  190.8800   4.2748960E+05   1.0137963E+00
  190.8900   4.2749124E+05   1.0137963E+00
  190.9000   4.2749695E+05   1.0137964E+00
  190.9100   4.2750677E+05   1.0137964E+00
  190.9200   4.2752080E+05   1.0137965E+00
  190.9300   4.2753919E+05   1.0137966E+00
  190.9400   4.2756193E+05   1.0137967E+00
  190.9500   4.2758909E+05   1.0137969E+00
  190.9600   4.2762078E+05   1.0137971E+00
  190.9700   4.2765714E+05   1.0137973E+00
  190.9800   4.2769821E+05   1.0137975E+00
  190.9900   4.2774407E+05   1.0137978E+00
  191.0000   4.2779484E+05   1.0137981E+00
  191.0100   4.2785054E+05   1.0137984E+00
  191.0200   4.2791140E+05   1.0137988E+00
  191.0300   4.2797736E+05   1.0137992E+00
  191.0400   4.2804859E+05   1.0137996E+00
  191.0500   4.2812514E+05   1.0138001E+00
  191.0600   4.2820712E+05   1.0138006E+00
  191.0700   4.2829471E+05   1.0138011E+00
  191.0800   4.2838795E+05   1.0138017E+00
  191.0900   4.2848695E+05   1.0138023E+00
  191.1000   4.2859171E+05   1.0138029E+00
  191.1100   4.2870229E+05   1.0138036E+00
  191.1200   4.2881881E+05   1.0138043E+00
  191.1300   4.2894128E+05   1.0138050E+00
  191.1400   4.2906978E+05   1.0138058E+00
  191.1500   4.2920444E+05   1.0138066E+00
  191.1600   4.2934530E+05   1.0138075E+00
  191.1700   4.2949244E+05   1.0138084E+00
  191.1800   4.2964605E+05   1.0138093E+00
  191.1900   4.2980617E+05   1.0138103E+00
  191.2000   4.2997275E+05   1.0138113E+00
  191.2100   4.3014599E+05   1.0138123E+00
  191.2200   4.3032599E+05   1.0138134E+00
  191.2300   4.3051273E+05   1.0138145E+00
  191.2400   4.3070628E+05   1.0138157E+00
  191.2500   4.3090677E+05   1.0138169E+00
  191.2600   4.3111423E+05   1.0138182E+00
  191.2700   4.3132877E+05   1.0138195E+00
  191.2800   4.3155040E+05   1.0138209E+00
  191.2900   4.3177921E+05   1.0138222E+00
  191.3000   4.3201518E+05   1.0138237E+00
  191.3100   4.3225837E+05   1.0138252E+00
  191.3200   4.3250893E+05   1.0138267E+00
  191.3300   4.3276691E+05   1.0138283E+00
  191.3400   4.3303224E+05   1.0138299E+00
  191.3500   4.3330495E+05   1.0138315E+00
  191.3600   4.3358516E+05   1.0138332E+00
  191.3700   4.3387286E+05   1.0138350E+00
  191.3800   4.3416817E+05   1.0138368E+00
  191.3900   4.3447106E+05   1.0138386E+00
  191.4000   4.3478163E+05   1.0138405E+00
  191.4100   4.3509986E+05   1.0138425E+00
  191.4200   4.3542581E+05   1.0138444E+00
  191.4300   4.3575947E+05   1.0138465E+00
  191.4400   4.3610089E+05   1.0138486E+00
  191.4500   4.3645021E+05   1.0138507E+00
  191.4600   4.3680732E+05   1.0138529E+00
  191.4700   4.3717234E+05   1.0138551E+00
  191.4800   4.3754532E+05   1.0138574E+00
  191.4900   4.3792622E+05   1.0138597E+00
  191.5000   4.3831507E+05   1.0138621E+00
  191.5100   4.3871182E+05   1.0138645E+00
  191.5200   4.3911651E+05   1.0138669E+00
  191.5300   4.3952925E+05   1.0138695E+00
  191.5400   4.3994991E+05   1.0138720E+00
  191.5500   4.4037859E+05   1.0138746E+00
  191.5600   4.4081532E+05   1.0138773E+00
  191.5700   4.4126005E+05   1.0138800E+00
  191.5800   4.4171279E+05   1.0138828E+00
  191.5900   4.4217347E+05   1.0138856E+00
  191.6000   4.4264211E+05   1.0138885E+00
  191.6100   4.4311883E+05   1.0138914E+00
  191.6200   4.4360345E+05   1.0138943E+00
  191.6300   4.4409608E+05   1.0138973E+00
  191.6400   4.4459673E+05   1.0139004E+00
  191.6500   4.4510532E+05   1.0139035E+00
  191.6600   4.4562187E+05   1.0139066E+00
  191.6700   4.4614627E+05   1.0139098E+00
  191.6800   4.4667855E+05   1.0139131E+00
  191.6900   4.4721859E+05   1.0139164E+00
  191.7000   4.4776641E+05   1.0139197E+00
  191.7100   4.4832208E+05   1.0139231E+00
  191.7200   4.4888558E+05   1.0139266E+00
  191.7300   4.4945681E+05   1.0139301E+00
  191.7400   4.5003575E+05   1.0139336E+00
  191.7500   4.5062229E+05   1.0139372E+00
  191.7600   4.5121638E+05   1.0139408E+00
  191.7700   4.5181809E+05   1.0139445E+00
  191.7800   4.5242735E+05   1.0139482E+00
  191.7900   4.5304405E+05   1.0139520E+00
  191.8000   4.5366810E+05   1.0139558E+00
  191.8100   4.5429954E+05   1.0139596E+00
  191.8200   4.5493829E+05   1.0139635E+00
  191.8300   4.5558436E+05   1.0139675E+00
  191.8400   4.5623763E+05   1.0139715E+00
  191.8500   4.5689812E+05   1.0139755E+00
  191.8600   4.5756568E+05   1.0139796E+00
  191.8700   4.5824029E+05   1.0139837E+00
  191.8800   4.5892181E+05   1.0139879E+00
  191.8900   4.5961017E+05   1.0139921E+00
  191.9000   4.6030539E+05   1.0139963E+00
  191.9100   4.6100736E+05   1.0140006E+00
  191.9200   4.6171590E+05   1.0140050E+00
  191.9300   4.6243106E+05   1.0140093E+00
  191.9400   4.6315260E+05   1.0140137E+00
  191.9500   4.6388055E+05   1.0140182E+00
  191.9600   4.6461481E+05   1.0140227E+00
  191.9700   4.6535518E+05   1.0140272E+00
  191.9800   4.6610170E+05   1.0140318E+00
  191.9900   4.6685432E+05   1.0140364E+00
  192.0000   4.6761286E+05   1.0140410E+00
  192.0100   4.6837720E+05   1.0140457E+00
  192.0200   4.6914729E+05   1.0140504E+00
  192.0300   4.6992297E+05   1.0140551E+00
  192.0400   4.7070413E+05   1.0140599E+00
  192.0500   4.7149074E+05   1.0140647E+00
  192.0600   4.7228262E+05   1.0140696E+00
  192.0700   4.7307969E+05   1.0140744E+00
  192.0800   4.7388188E+05   1.0140793E+00
  192.0900   4.7468904E+05   1.0140843E+00
  192.1000   4.7550104E+05   1.0140893E+00
  192.1100   4.7631783E+05   1.0140942E+00
  192.1200   4.7713921E+05   1.0140993E+00
  192.1300   4.7796506E+05   1.0141043E+00
  192.1400   4.7879528E+05   1.0141094E+00
  192.1500   4.7962983E+05   1.0141145E+00
  192.1600   4.8046855E+05   1.0141196E+00
  192.1700   4.8131131E+05   1.0141248E+00
  192.1800   4.8215802E+05   1.0141300E+00
  192.1900   4.8300848E+05   1.0141352E+00
  192.2000   4.8386269E+05   1.0141404E+00
  192.2100   4.8472052E+05   1.0141457E+00
  192.2200   4.8558168E+05   1.0141509E+00
  192.2300   4.8644614E+05   1.0141562E+00
  192.2400   4.8731369E+05   1.0141615E+00
  192.2500   4.8818434E+05   1.0141669E+00
  192.2600   4.8905796E+05   1.0141722E+00
  192.2700   4.8993429E+05   1.0141776E+00
  192.2800   4.9081324E+05   1.0141829E+00
  192.2900   4.9169461E+05   1.0141883E+00
  192.3000   4.9257839E+05   1.0141938E+00
  192.3100   4.9346440E+05   1.0141992E+00
  192.3200   4.9435252E+05   1.0142046E+00
  192.3300   4.9524263E+05   1.0142101E+00
  192.3400   4.9613463E+05   1.0142155E+00
  192.3500   4.9702827E+05   1.0142210E+00
  192.3600   4.9792351E+05   1.0142265E+00
  192.3700   4.9882012E+05   1.0142320E+00
  192.3800   4.9971790E+05   1.0142375E+00
  192.3900   5.0061686E+05   1.0142430E+00
  192.4000   5.0151681E+05   1.0142485E+00
  192.4100   5.0241760E+05   1.0142540E+00
  192.4200   5.0331907E+05   1.0142595E+00
  192.4300   5.0422108E+05   1.0142650E+00
  192.4400   5.0512350E+05   1.0142706E+00
  192.4500   5.0602618E+05   1.0142761E+00
  192.4600   5.0692901E+05   1.0142816E+00
  192.4700   5.0783184E+05   1.0142872E+00
  192.4800   5.0873457E+05   1.0142927E+00
  192.4900   5.0963705E+05   1.0142982E+00
  192.5000   5.1053916E+05   1.0143037E+00
  192.5100   5.1144076E+05   1.0143093E+00
  192.5200   5.1234173E+05   1.0143148E+00
  192.5300   5.1324190E+05   1.0143203E+00
  192.5400   5.1414113E+05   1.0143258E+00
  192.5500   5.1503925E+05   1.0143313E+00
  192.5600   5.1593608E+05   1.0143368E+00
  192.5700   5.1683163E+05   1.0143423E+00
  192.5800   5.1772568E+05   1.0143478E+00
  192.5900   5.1861801E+05   1.0143532E+00
  192.6000   5.1950858E+05   1.0143587E+00
  192.6100   5.2039729E+05   1.0143641E+00
  192.6200   5.2128388E+05   1.0143696E+00
  192.6300   5.2216822E+05   1.0143750E+00
  192.6400   5.2305035E+05   1.0143804E+00
  192.6500   5.2393010E+05   1.0143858E+00
  192.6600   5.2480728E+05   1.0143912E+00
  192.6700   5.2568185E+05   1.0143965E+00
  192.6800   5.2655356E+05   1.0144019E+00
  192.6900   5.2742230E+05   1.0144072E+00
  192.7000   5.2828794E+05   1.0144125E+00
  192.7100   5.2915050E+05   1.0144178E+00
  192.7200   5.3000977E+05   1.0144231E+00
  192.7300   5.3086570E+05   1.0144283E+00
  192.7400   5.3171820E+05   1.0144336E+00
  192.7500   5.3256713E+05   1.0144388E+00
  192.7600   5.3341232E+05   1.0144439E+00
  192.7700   5.3425375E+05   1.0144491E+00
  192.7800   5.3509116E+05   1.0144542E+00
  192.7900   5.3592445E+05   1.0144594E+00
  192.8000   5.3675362E+05   1.0144644E+00
  192.8100   5.3757847E+05   1.0144695E+00
  192.8200   5.3839894E+05   1.0144745E+00
  192.8300   5.3921490E+05   1.0144795E+00
  192.8400   5.4002636E+05   1.0144845E+00
  192.8500   5.4083311E+05   1.0144895E+00
  192.8600   5.4163505E+05   1.0144944E+00
  192.8700   5.4243223E+05   1.0144993E+00
  192.8800   5.4322444E+05   1.0145041E+00
  192.8900   5.4401162E+05   1.0145090E+00
  192.9000   5.4479364E+05   1.0145138E+00
  192.9100   5.4557051E+05   1.0145185E+00
  192.9200   5.4634217E+05   1.0145233E+00
  192.9300   5.4710850E+05   1.0145280E+00
  192.9400   5.4786934E+05   1.0145327E+00
  192.9500   5.4862462E+05   1.0145373E+00
  192.9600   5.4937442E+05   1.0145419E+00
  192.9700   5.5011856E+05   1.0145465E+00
  192.9800   5.5085699E+05   1.0145510E+00
  192.9900   5.5158959E+05   1.0145555E+00
  193.0000   5.5231636E+05   1.0145600E+00
  193.0100   5.5303723E+05   1.0145644E+00
  193.0200   5.5375226E+05   1.0145688E+00
  193.0300   5.5446125E+05   1.0145731E+00
  193.0400   5.5516412E+05   1.0145775E+00
  193.0500   5.5586090E+05   1.0145817E+00
  193.0600   5.5655155E+05   1.0145860E+00
  193.0700   5.5723599E+05   1.0145902E+00
  193.0800   5.5791421E+05   1.0145944E+00
  193.0900   5.5858617E+05   1.0145985E+00
  193.1000   5.5925191E+05   1.0146026E+00
  193.1100   5.5991124E+05   1.0146066E+00
  193.1200   5.6056425E+05   1.0146107E+00
  193.1300   5.6121080E+05   1.0146146E+00
  193.1400   5.6185101E+05   1.0146186E+00
  193.1500   5.6248478E+05   1.0146225E+00
  193.1600   5.6311210E+05   1.0146263E+00
  193.1700   5.6373289E+05   1.0146301E+00
  193.1800   5.6434718E+05   1.0146339E+00
  193.1900   5.6495494E+05   1.0146377E+00
  193.2000   5.6555624E+05   1.0146414E+00
  193.2100   5.6615107E+05   1.0146450E+00
  193.2200   5.6673936E+05   1.0146486E+00
  193.2300   5.6732116E+05   1.0146522E+00
  193.2400   5.6789642E+05   1.0146558E+00
  193.2500   5.6846522E+05   1.0146593E+00
  193.2600   5.6902755E+05   1.0146627E+00
  193.2700   5.6958336E+05   1.0146661E+00
  193.2800   5.7013268E+05   1.0146695E+00
  193.2900   5.7067548E+05   1.0146729E+00
  193.3000   5.7121183E+05   1.0146762E+00
  193.3100   5.7174174E+05   1.0146794E+00
  193.3200   5.7226534E+05   1.0146827E+00
  193.3300   5.7278266E+05   1.0146858E+00
  193.3400   5.7329367E+05   1.0146890E+00
  193.3500   5.7379830E+05   1.0146921E+00
  193.3600   5.7429673E+05   1.0146952E+00
  193.3700   5.7478892E+05   1.0146982E+00
  193.3800   5.7527493E+05   1.0147012E+00
  193.3900   5.7575475E+05   1.0147042E+00
  193.4000   5.7622848E+05   1.0147071E+00
  193.4100   5.7669617E+05   1.0147100E+00
  193.4200   5.7715779E+05   1.0147128E+00
  193.4300   5.7761341E+05   1.0147156E+00
  193.4400   5.7806307E+05   1.0147184E+00
  193.4500   5.7850689E+05   1.0147211E+00
  193.4600   5.7894495E+05   1.0147238E+00
  193.4700   5.7937725E+05   1.0147265E+00
  193.4800   5.7980392E+05   1.0147291E+00
  193.4900   5.8022502E+05   1.0147317E+00
  193.5000   5.8064054E+05   1.0147343E+00
  193.5100   5.8105061E+05   1.0147368E+00
  193.5200   5.8145529E+05   1.0147393E+00
  193.5300   5.8185475E+05   1.0147418E+00
  193.5400   5.8224894E+05   1.0147442E+00
  193.5500   5.8263792E+05   1.0147466E+00
  193.5600   5.8302189E+05   1.0147490E+00
  193.5700   5.8340096E+05   1.0147514E+00
  193.5800   5.8377523E+05   1.0147537E+00
  193.5900   5.8414472E+05   1.0147560E+00
  193.6000   5.8450958E+05   1.0147582E+00
  193.6100   5.8486991E+05   1.0147604E+00
  193.6200   5.8522577E+05   1.0147626E+00
  193.6300   5.8557715E+05   1.0147648E+00
  193.6400   5.8592420E+05   1.0147670E+00
  193.6500   5.8626700E+05   1.0147691E+00
  193.6600   5.8660577E+05   1.0147712E+00
  193.6700   5.8694050E+05   1.0147733E+00
  193.6800   5.8727133E+05   1.0147753E+00
  193.6900   5.8759834E+05   1.0147773E+00
  193.7000   5.8792158E+05   1.0147793E+00
  193.7100   5.8824124E+05   1.0147813E+00
  193.7200   5.8855746E+05   1.0147833E+00
  193.7300   5.8887034E+05   1.0147852E+00
  193.7400   5.8917997E+05   1.0147871E+00
  193.7500   5.8948655E+05   1.0147890E+00
  193.7600   5.8979009E+05   1.0147909E+00
  193.7700   5.9009073E+05   1.0147928E+00
  193.7800   5.9038859E+05   1.0147946E+00
  193.7900   5.9068375E+05   1.0147964E+00
  193.8000   5.9097646E+05   1.0147983E+00
  193.8100   5.9126674E+05   1.0148001E+00
  193.8200   5.9155478E+05   1.0148019E+00
  193.8300   5.9184072E+05   1.0148036E+00
  193.8400   5.9212453E+05   1.0148054E+00
  193.8500   5.9240650E+05   1.0148071E+00
  193.8600   5.9268671E+05   1.0148089E+00
  193.8700   5.9296525E+05   1.0148106E+00
  193.8800   5.9324215E+05   1.0148123E+00
  193.8900   5.9351764E+05   1.0148140E+00
  193.9000   5.9379192E+05   1.0148157E+00
  193.9100   5.9406499E+05   1.0148174E+00
  193.9200   5.9433703E+05   1.0148191E+00
  193.9300   5.9460820E+05   1.0148208E+00
  193.9400   5.9487864E+05   1.0148225E+00
  193.9500   5.9514851E+05   1.0148242E+00
  193.9600   5.9541794E+05   1.0148258E+00
  193.9700   5.9568706E+05   1.0148275E+00
  193.9800   5.9595601E+05   1.0148292E+00
  193.9900   5.9622491E+05   1.0148308E+00
  194.0000   5.9649389E+05   1.0148325E+00
  194.0100   5.9676307E+05   1.0148342E+00
  194.0200   5.9703258E+05   1.0148359E+00
  194.0300   5.9730257E+05   1.0148375E+00
  194.0400   5.9757317E+05   1.0148392E+00
  194.0500   5.9784433E+05   1.0148409E+00
  194.0600   5.9811622E+05   1.0148426E+00
  194.0700   5.9838899E+05   1.0148443E+00
  194.0800   5.9866282E+05   1.0148460E+00
  194.0900   5.9893788E+05   1.0148477E+00
  194.1000   5.9921420E+05   1.0148494E+00
  194.1100   5.9949196E+05   1.0148511E+00
  194.1200   5.9977123E+05   1.0148529E+00
  194.1300   6.0005225E+05   1.0148546E+00
  194.1400   6.0033508E+05   1.0148564E+00
  194.1500   6.0061984E+05   1.0148581E+00
  194.1600   6.0090664E+05   1.0148599E+00
  194.1700   6.0119563E+05   1.0148617E+00
  194.1800   6.0148697E+05   1.0148635E+00
  194.1900   6.0178068E+05   1.0148653E+00
  194.2000   6.0207698E+05   1.0148672E+00
  194.2100   6.0237593E+05   1.0148690E+00
  194.2200   6.0267764E+05   1.0148709E+00
  194.2300   6.0298223E+05   1.0148728E+00
  194.2400   6.0328986E+05   1.0148747E+00
  194.2500   6.0360054E+05   1.0148766E+00
  194.2600   6.0391450E+05   1.0148785E+00
  194.2700   6.0423182E+05   1.0148805E+00
  194.2800   6.0455262E+05   1.0148825E+00
  194.2900   6.0487687E+05   1.0148845E+00
  194.3000   6.0520478E+05   1.0148865E+00
  194.3100   6.0553640E+05   1.0148886E+00
  194.3200   6.0587183E+05   1.0148907E+00
  194.3300   6.0621120E+05   1.0148928E+00
  194.3400   6.0655451E+05   1.0148949E+00
  194.3500   6.0690200E+05   1.0148970E+00
  194.3600   6.0725374E+05   1.0148992E+00
  194.3700   6.0760971E+05   1.0149014E+00
  194.3800   6.0797008E+05   1.0149037E+00
  194.3900   6.0833491E+05   1.0149059E+00
  194.4000   6.0870431E+05   1.0149082E+00
  194.4100   6.0907841E+05   1.0149105E+00
  194.4200   6.0945725E+05   1.0149129E+00
  194.4300   6.0984090E+05   1.0149152E+00
  194.4400   6.1022950E+05   1.0149176E+00
  194.4500   6.1062304E+05   1.0149201E+00
  194.4600   6.1102159E+05   1.0149225E+00
  194.4700   6.1142525E+05   1.0149250E+00
  194.4800   6.1183402E+05   1.0149275E+00
  194.4900   6.1224794E+05   1.0149301E+00
  194.5000   6.1266711E+05   1.0149327E+00
  194.5100   6.1309171E+05   1.0149353E+00
  194.5200   6.1352175E+05   1.0149380E+00
  194.5300   6.1395718E+05   1.0149406E+00
  194.5400   6.1439813E+05   1.0149434E+00
  194.5500   6.1484467E+05   1.0149461E+00
  194.5600   6.1529688E+05   1.0149489E+00
  194.5700   6.1575475E+05   1.0149517E+00
  194.5800   6.1621833E+05   1.0149546E+00
  194.5900   6.1668773E+05   1.0149575E+00
  194.6000   6.1716294E+05   1.0149604E+00
  194.6100   6.1764401E+05   1.0149634E+00
  194.6200   6.1813090E+05   1.0149664E+00
  194.6300   6.1862360E+05   1.0149694E+00
  194.6400   6.1912219E+05   1.0149725E+00
  194.6500   6.1962662E+05   1.0149756E+00
  194.6600   6.2013691E+05   1.0149788E+00
  194.6700   6.2065314E+05   1.0149820E+00
  194.6800   6.2117529E+05   1.0149852E+00
  194.6900   6.2170339E+05   1.0149884E+00
  194.7000   6.2223753E+05   1.0149917E+00
  194.7100   6.2277772E+05   1.0149951E+00
  194.7200   6.2332399E+05   1.0149984E+00
  194.7300   6.2387629E+05   1.0150018E+00
  194.7400   6.2443463E+05   1.0150053E+00
  194.7500   6.2499891E+05   1.0150087E+00
  194.7600   6.2556925E+05   1.0150123E+00
  194.7700   6.2614550E+05   1.0150158E+00
  194.7800   6.2672776E+05   1.0150194E+00
  194.7900   6.2731601E+05   1.0150230E+00
  194.8000   6.2791028E+05   1.0150267E+00
  194.8100   6.2851051E+05   1.0150304E+00
  194.8200   6.2911669E+05   1.0150341E+00
  194.8300   6.2972871E+05   1.0150379E+00
  194.8400   6.3034650E+05   1.0150417E+00
  194.8500   6.3097008E+05   1.0150455E+00
  194.8600   6.3159951E+05   1.0150494E+00
  194.8700   6.3223477E+05   1.0150533E+00
  194.8800   6.3287568E+05   1.0150573E+00
  194.8900   6.3352234E+05   1.0150613E+00
  194.9000   6.3417470E+05   1.0150653E+00
  194.9100   6.3483263E+05   1.0150693E+00
  194.9200   6.3549603E+05   1.0150734E+00
  194.9300   6.3616487E+05   1.0150775E+00
  194.9400   6.3683919E+05   1.0150817E+00
  194.9500   6.3751890E+05   1.0150859E+00
  194.9600   6.3820397E+05   1.0150901E+00
  194.9700   6.3889425E+05   1.0150943E+00
  194.9800   6.3958965E+05   1.0150986E+00
  194.9900   6.4029014E+05   1.0151029E+00
  195.0000   6.4099574E+05   1.0151073E+00
  195.0100   6.4170634E+05   1.0151116E+00
  195.0200   6.4242191E+05   1.0151160E+00
  195.0300   6.4314226E+05   1.0151205E+00
  195.0400   6.4386745E+05   1.0151249E+00
  195.0500   6.4459725E+05   1.0151294E+00
  195.0600   6.4533164E+05   1.0151340E+00
  195.0700   6.4607047E+05   1.0151385E+00
  195.0800   6.4681365E+05   1.0151431E+00
  195.0900   6.4756113E+05   1.0151477E+00
  195.1000   6.4831292E+05   1.0151523E+00
  195.1100   6.4906887E+05   1.0151570E+00
  195.1200   6.4982891E+05   1.0151616E+00
  195.1300   6.5059300E+05   1.0151663E+00
  195.1400   6.5136095E+05   1.0151711E+00
  195.1500   6.5213265E+05   1.0151758E+00
  195.1600   6.5290798E+05   1.0151806E+00
  195.1700   6.5368691E+05   1.0151854E+00
  195.1800   6.5446925E+05   1.0151902E+00
  195.1900   6.5525482E+05   1.0151950E+00
  195.2000   6.5604372E+05   1.0151999E+00
  195.2100   6.5683566E+05   1.0152048E+00
  195.2200   6.5763060E+05   1.0152097E+00
  195.2300   6.5842835E+05   1.0152146E+00
  195.2400   6.5922893E+05   1.0152195E+00
  195.2500   6.6003220E+05   1.0152244E+00
  195.2600   6.6083807E+05   1.0152294E+00
  195.2700   6.6164627E+05   1.0152344E+00
  195.2800   6.6245677E+05   1.0152394E+00
  195.2900   6.6326937E+05   1.0152444E+00
  195.3000   6.6408405E+05   1.0152494E+00
  195.3100   6.6490068E+05   1.0152544E+00
  195.3200   6.6571912E+05   1.0152594E+00
  195.3300   6.6653925E+05   1.0152645E+00
  195.3400   6.6736098E+05   1.0152696E+00
  195.3500   6.6818406E+05   1.0152746E+00
  195.3600   6.6900842E+05   1.0152797E+00
  195.3700   6.6983383E+05   1.0152848E+00
  195.3800   6.7066027E+05   1.0152899E+00
  195.3900   6.7148753E+05   1.0152950E+00
  195.4000   6.7231560E+05   1.0153001E+00
  195.4100   6.7314429E+05   1.0153052E+00
  195.4200   6.7397342E+05   1.0153103E+00
  195.4300   6.7480283E+05   1.0153154E+00
  195.4400   6.7563234E+05   1.0153205E+00
  195.4500   6.7646197E+05   1.0153256E+00
  195.4600   6.7729154E+05   1.0153307E+00
  195.4700   6.7812090E+05   1.0153358E+00
  195.4800   6.7894988E+05   1.0153409E+00
  195.4900   6.7977830E+05   1.0153460E+00
  195.5000   6.8060599E+05   1.0153511E+00
  195.5100   6.8143294E+05   1.0153562E+00
  195.5200   6.8225895E+05   1.0153613E+00
  195.5300   6.8308383E+05   1.0153664E+00
  195.5400   6.8390754E+05   1.0153714E+00
  195.5500   6.8472985E+05   1.0153765E+00
  195.5600   6.8555069E+05   1.0153816E+00
  195.5700   6.8636981E+05   1.0153866E+00
  195.5800   6.8718711E+05   1.0153916E+00
  195.5900   6.8800246E+05   1.0153967E+00
  195.6000   6.8881575E+05   1.0154017E+00
  195.6100   6.8962679E+05   1.0154067E+00
  195.6200   6.9043541E+05   1.0154117E+00
  195.6300   6.9124158E+05   1.0154166E+00
  195.6400   6.9204505E+05   1.0154216E+00
  195.6500   6.9284574E+05   1.0154265E+00
  195.6600   6.9364353E+05   1.0154314E+00
  195.6700   6.9443828E+05   1.0154363E+00
  195.6800   6.9522979E+05   1.0154412E+00
  195.6900   6.9601802E+05   1.0154461E+00
  195.7000   6.9680274E+05   1.0154509E+00
  195.7100   6.9758382E+05   1.0154557E+00
  195.7200   6.9836110E+05   1.0154605E+00
  195.7300   6.9913459E+05   1.0154653E+00
  195.7400   6.9990404E+05   1.0154700E+00
  195.7500   7.0066935E+05   1.0154748E+00
  195.7600   7.0143038E+05   1.0154795E+00
  195.7700   7.0218694E+05   1.0154841E+00
  195.7800   7.0293897E+05   1.0154888E+00
  195.7900   7.0368635E+05   1.0154934E+00
  195.8000   7.0442893E+05   1.0154980E+00
  195.8100   7.0516668E+05   1.0155025E+00
  195.8200   7.0589933E+05   1.0155070E+00
  195.8300   7.0662673E+05   1.0155115E+00
  195.8400   7.0734887E+05   1.0155160E+00
  195.8500   7.0806567E+05   1.0155204E+00
  195.8600   7.0877701E+05   1.0155248E+00
  195.8700   7.0948267E+05   1.0155292E+00
  195.8800   7.1018258E+05   1.0155335E+00
  195.8900   7.1087662E+05   1.0155378E+00
  195.9000   7.1156456E+05   1.0155420E+00
  195.9100   7.1224631E+05   1.0155462E+00
  195.9200   7.1292191E+05   1.0155504E+00
  195.9300   7.1359112E+05   1.0155545E+00
  195.9400   7.1425383E+05   1.0155586E+00
  195.9500   7.1491002E+05   1.0155627E+00
  195.9600   7.1555963E+05   1.0155667E+00
  195.9700   7.1620249E+05   1.0155707E+00
  195.9800   7.1683839E+05   1.0155746E+00
  195.9900   7.1746738E+05   1.0155785E+00
  196.0000   7.1808926E+05   1.0155824E+00
  196.0100   7.1870394E+05   1.0155862E+00
  196.0200   7.1931142E+05   1.0155899E+00
  196.0300   7.1991146E+05   1.0155936E+00
  196.0400   7.2050407E+05   1.0155973E+00
  196.0500   7.2108920E+05   1.0156009E+00
  196.0600   7.2166672E+05   1.0156045E+00
  196.0700   7.2223657E+05   1.0156080E+00
  196.0800   7.2279864E+05   1.0156115E+00
  196.0900   7.2335289E+05   1.0156149E+00
  196.1000   7.2389921E+05   1.0156183E+00
  196.1100   7.2443739E+05   1.0156217E+00
  196.1200   7.2496749E+05   1.0156250E+00
  196.1300   7.2548932E+05   1.0156282E+00
  196.1400   7.2600295E+05   1.0156314E+00
  196.1500   7.2650816E+05   1.0156345E+00
  196.1600   7.2700502E+05   1.0156376E+00
  196.1700   7.2749334E+05   1.0156406E+00
  196.1800   7.2797316E+05   1.0156436E+00
  196.1900   7.2844427E+05   1.0156465E+00
  196.2000   7.2890673E+05   1.0156494E+00
  196.2100   7.2936049E+05   1.0156522E+00
  196.2200   7.2980540E+05   1.0156550E+00
  196.2300   7.3024142E+05   1.0156577E+00
  196.2400   7.3066856E+05   1.0156604E+00
  196.2500   7.3108676E+05   1.0156630E+00
  196.2600   7.3149603E+05   1.0156655E+00
  196.2700   7.3189627E+05   1.0156680E+00
  196.2800   7.3228747E+05   1.0156705E+00
  196.2900   7.3266955E+05   1.0156729E+00
  196.3000   7.3304245E+05   1.0156752E+00
  196.3100   7.3340606E+05   1.0156775E+00
  196.3200   7.3376051E+05   1.0156797E+00
  196.3300   7.3410565E+05   1.0156818E+00
  196.3400   7.3444139E+05   1.0156839E+00
  196.3500   7.3476776E+05   1.0156860E+00
  196.3600   7.3508483E+05   1.0156880E+00
  196.3700   7.3539257E+05   1.0156899E+00
  196.3800   7.3569087E+05   1.0156918E+00
  196.3900   7.3597967E+05   1.0156936E+00
  196.4000   7.3625901E+05   1.0156954E+00
  196.4100   7.3652882E+05   1.0156971E+00
  196.4200   7.3678908E+05   1.0156987E+00
  196.4300   7.3703987E+05   1.0157003E+00
  196.4400   7.3728118E+05   1.0157018E+00
  196.4500   7.3751285E+05   1.0157033E+00
  196.4600   7.3773502E+05   1.0157047E+00
  196.4700   7.3794770E+05   1.0157060E+00
  196.4800   7.3815080E+05   1.0157073E+00
  196.4900   7.3834431E+05   1.0157086E+00
  196.5000   7.3852829E+05   1.0157097E+00
  196.5100   7.3870270E+05   1.0157109E+00
  196.5200   7.3886757E+05   1.0157119E+00
  196.5300   7.3902283E+05   1.0157129E+00
  196.5400   7.3916847E+05   1.0157139E+00
  196.5500   7.3930457E+05   1.0157147E+00
  196.5600   7.3943110E+05   1.0157156E+00
  196.5700   7.3954812E+05   1.0157163E+00
  196.5800   7.3965555E+05   1.0157170E+00
  196.5900   7.3975342E+05   1.0157177E+00
  196.6000   7.3984181E+05   1.0157183E+00
  196.6100   7.3992071E+05   1.0157188E+00
  196.6200   7.3999019E+05   1.0157193E+00
  196.6300   7.4005020E+05   1.0157197E+00
  196.6400   7.4010078E+05   1.0157201E+00
  196.6500   7.4014203E+05   1.0157204E+00
  196.6600   7.4017397E+05   1.0157206E+00
  196.6700   7.4019650E+05   1.0157208E+00
  196.6800   7.4020978E+05   1.0157209E+00
  196.6900   7.4021369E+05   1.0157210E+00
  196.7000   7.4020837E+05   1.0157210E+00
  196.7100   7.4019386E+05   1.0157210E+00
  196.7200   7.4017009E+05   1.0157209E+00
  196.7300   7.4013708E+05   1.0157208E+00
  196.7400   7.4009491E+05   1.0157206E+00
  196.7500   7.4004357E+05   1.0157203E+00
  196.7600   7.3998314E+05   1.0157200E+00
  196.7700   7.3991377E+05   1.0157196E+00
  196.7800   7.3983533E+05   1.0157192E+00
  196.7900   7.3974795E+05   1.0157187E+00
  196.8000   7.3965166E+05   1.0157182E+00
  196.8100   7.3954658E+05   1.0157176E+00
  196.8200   7.3943273E+05   1.0157169E+00
  196.8300   7.3931003E+05   1.0157162E+00
  196.8400   7.3917867E+05   1.0157155E+00
  196.8500   7.3903855E+05   1.0157147E+00
  196.8600   7.3888985E+05   1.0157138E+00
  196.8700   7.3873247E+05   1.0157129E+00
  196.8800   7.3856657E+05   1.0157120E+00
  196.8900   7.3839223E+05   1.0157109E+00
  196.9000   7.3820941E+05   1.0157099E+00
  196.9100   7.3801818E+05   1.0157088E+00
  196.9200   7.3781852E+05   1.0157076E+00
  196.9300   7.3761048E+05   1.0157064E+00
  196.9400   7.3739421E+05   1.0157051E+00
  196.9500   7.3716976E+05   1.0157038E+00
  196.9600   7.3693711E+05   1.0157024E+00
  196.9700   7.3669629E+05   1.0157010E+00
  196.9800   7.3644747E+05   1.0156995E+00
  196.9900   7.3619070E+05   1.0156980E+00
  197.0000   7.3592611E+05   1.0156964E+00
  197.0100   7.3565361E+05   1.0156948E+00
  197.0200   7.3537334E+05   1.0156932E+00
  197.0300   7.3508519E+05   1.0156915E+00
  197.0400   7.3478934E+05   1.0156897E+00
  197.0500   7.3448585E+05   1.0156879E+00
  197.0600   7.3417472E+05   1.0156860E+00
  197.0700   7.3385604E+05   1.0156841E+00
  197.0800   7.3352982E+05   1.0156822E+00
  197.0900   7.3319617E+05   1.0156802E+00
  197.1000   7.3285509E+05   1.0156782E+00
  197.1100   7.3250673E+05   1.0156761E+00
  197.1200   7.3215110E+05   1.0156740E+00
  197.1300   7.3178818E+05   1.0156718E+00
  197.1400   7.3141803E+05   1.0156696E+00
  197.1500   7.3104080E+05   1.0156674E+00
  197.1600   7.3065639E+05   1.0156651E+00
  197.1700   7.3026500E+05   1.0156627E+00
  197.1800   7.2986654E+05   1.0156603E+00
  197.1900   7.2946123E+05   1.0156579E+00
  197.2000   7.2904901E+05   1.0156554E+00
  197.2100   7.2862996E+05   1.0156529E+00
  197.2200   7.2820403E+05   1.0156504E+00
  197.2300   7.2777133E+05   1.0156478E+00
  197.2400   7.2733187E+05   1.0156451E+00
  197.2500   7.2688576E+05   1.0156425E+00
  197.2600   7.2643304E+05   1.0156397E+00
  197.2700   7.2597387E+05   1.0156370E+00
  197.2800   7.2550815E+05   1.0156342E+00
  197.2900   7.2503606E+05   1.0156314E+00
  197.3000   7.2455755E+05   1.0156285E+00
  197.3100   7.2407265E+05   1.0156256E+00
  197.3200   7.2358153E+05   1.0156226E+00
  197.3300   7.2308410E+05   1.0156196E+00
  197.3400   7.2258037E+05   1.0156166E+00
  197.3500   7.2207047E+05   1.0156135E+00
  197.3600   7.2155446E+05   1.0156104E+00
  197.3700   7.2103234E+05   1.0156073E+00
  197.3800   7.2050422E+05   1.0156041E+00
  197.3900   7.1997013E+05   1.0156009E+00
  197.4000   7.1943004E+05   1.0155976E+00
  197.4100   7.1888406E+05   1.0155944E+00
  197.4200   7.1833220E+05   1.0155910E+00
  197.4300   7.1777441E+05   1.0155877E+00
  197.4400   7.1721078E+05   1.0155843E+00
  197.4500   7.1664131E+05   1.0155809E+00
  197.4600   7.1606613E+05   1.0155774E+00
  197.4700   7.1548530E+05   1.0155739E+00
  197.4800   7.1489882E+05   1.0155704E+00
  197.4900   7.1430663E+05   1.0155668E+00
  197.5000   7.1370878E+05   1.0155632E+00
  197.5100   7.1310525E+05   1.0155595E+00
  197.5200   7.1249617E+05   1.0155559E+00
  197.5300   7.1188159E+05   1.0155522E+00
  197.5400   7.1126148E+05   1.0155484E+00
  197.5500   7.1063595E+05   1.0155446E+00
  197.5600   7.1000488E+05   1.0155408E+00
  197.5700   7.0936842E+05   1.0155370E+00
  197.5800   7.0872651E+05   1.0155331E+00
  197.5900   7.0807919E+05   1.0155292E+00
  197.6000   7.0742645E+05   1.0155253E+00
  197.6100   7.0676839E+05   1.0155213E+00
  197.6200   7.0610506E+05   1.0155173E+00
  197.6300   7.0543646E+05   1.0155133E+00
  197.6400   7.0476251E+05   1.0155092E+00
  197.6500   7.0408327E+05   1.0155051E+00
  197.6600   7.0339873E+05   1.0155009E+00
  197.6700   7.0270902E+05   1.0154968E+00
  197.6800   7.0201400E+05   1.0154926E+00
  197.6900   7.0131368E+05   1.0154883E+00
  197.7000   7.0060818E+05   1.0154841E+00
  197.7100   6.9989739E+05   1.0154798E+00
  197.7200   6.9918131E+05   1.0154755E+00
  197.7300   6.9846008E+05   1.0154711E+00
  197.7400   6.9773358E+05   1.0154667E+00
  197.7500   6.9700183E+05   1.0154623E+00
  197.7600   6.9626496E+05   1.0154578E+00
  197.7700   6.9552288E+05   1.0154533E+00
  197.7800   6.9477560E+05   1.0154488E+00
  197.7900   6.9402309E+05   1.0154443E+00
  197.8000   6.9326544E+05   1.0154397E+00
  197.8100   6.9250267E+05   1.0154351E+00
  197.8200   6.9173477E+05   1.0154304E+00
  197.8300   6.9096165E+05   1.0154257E+00
  197.8400   6.9018334E+05   1.0154210E+00
  197.8500   6.8939983E+05   1.0154163E+00
  197.8600   6.8861123E+05   1.0154115E+00
  197.8700   6.8781740E+05   1.0154067E+00
  197.8800   6.8701834E+05   1.0154019E+00
  197.8900   6.8621416E+05   1.0153970E+00
  197.9000   6.8540473E+05   1.0153921E+00
  197.9100   6.8459006E+05   1.0153872E+00
  197.9200   6.8377008E+05   1.0153822E+00
  197.9300   6.8294487E+05   1.0153772E+00
  197.9400   6.8211441E+05   1.0153722E+00
  197.9500   6.8127867E+05   1.0153671E+00
  197.9600   6.8043771E+05   1.0153620E+00
  197.9700   6.7959154E+05   1.0153569E+00
  197.9800   6.7874012E+05   1.0153517E+00
  197.9900   6.7788334E+05   1.0153466E+00
  198.0000   6.7702122E+05   1.0153413E+00
  198.0100   6.7615371E+05   1.0153361E+00
  198.0200   6.7528090E+05   1.0153308E+00
  198.0300   6.7440281E+05   1.0153255E+00
  198.0400   6.7351939E+05   1.0153201E+00
  198.0500   6.7263055E+05   1.0153147E+00
  198.0600   6.7173632E+05   1.0153093E+00
  198.0700   6.7083665E+05   1.0153039E+00
  198.0800   6.6993164E+05   1.0152984E+00
  198.0900   6.6902112E+05   1.0152928E+00
  198.1000   6.6810507E+05   1.0152873E+00
  198.1100   6.6718355E+05   1.0152817E+00
  198.1200   6.6625661E+05   1.0152761E+00
  198.1300   6.6532419E+05   1.0152704E+00
  198.1400   6.6438621E+05   1.0152647E+00
  198.1500   6.6344267E+05   1.0152590E+00
  198.1600   6.6249356E+05   1.0152533E+00
  198.1700   6.6153893E+05   1.0152475E+00
  198.1800   6.6057863E+05   1.0152416E+00
  198.1900   6.5961280E+05   1.0152358E+00
  198.2000   6.5864133E+05   1.0152299E+00
  198.2100   6.5766422E+05   1.0152240E+00
  198.2200   6.5668144E+05   1.0152180E+00
  198.2300   6.5569305E+05   1.0152120E+00
  198.2400   6.5469886E+05   1.0152060E+00
  198.2500   6.5369901E+05   1.0151999E+00
  198.2600   6.5269337E+05   1.0151938E+00
  198.2700   6.5168194E+05   1.0151877E+00
  198.2800   6.5066482E+05   1.0151815E+00
  198.2900   6.4964189E+05   1.0151753E+00
  198.3000   6.4861313E+05   1.0151690E+00
  198.3100   6.4757864E+05   1.0151628E+00
  198.3200   6.4653828E+05   1.0151564E+00
  198.3300   6.4549202E+05   1.0151501E+00
  198.3400   6.4443994E+05   1.0151437E+00
  198.3500   6.4338207E+05   1.0151373E+00
  198.3600   6.4231836E+05   1.0151308E+00
  198.3700   6.4124871E+05   1.0151243E+00
  198.3800   6.4017314E+05   1.0151178E+00
  198.3900   6.3909157E+05   1.0151112E+00
  198.4000   6.3800407E+05   1.0151046E+00
  198.4100   6.3691064E+05   1.0150980E+00
  198.4200   6.3581119E+05   1.0150913E+00
  198.4300   6.3470576E+05   1.0150846E+00
  198.4400   6.3359434E+05   1.0150778E+00
  198.4500   6.3247700E+05   1.0150710E+00
  198.4600   6.3135378E+05   1.0150642E+00
  198.4700   6.3022462E+05   1.0150574E+00
  198.4800   6.2908942E+05   1.0150505E+00
  198.4900   6.2794819E+05   1.0150435E+00
  198.5000   6.2680104E+05   1.0150366E+00
  198.5100   6.2564784E+05   1.0150296E+00
  198.5200   6.2448859E+05   1.0150225E+00
  198.5300   6.2332338E+05   1.0150154E+00
  198.5400   6.2215225E+05   1.0150083E+00
  198.5500   6.2097517E+05   1.0150012E+00
  198.5600   6.1979203E+05   1.0149940E+00
  198.5700   6.1860285E+05   1.0149867E+00
  198.5800   6.1740777E+05   1.0149795E+00
  198.5900   6.1620667E+05   1.0149722E+00
  198.6000   6.1499953E+05   1.0149648E+00
  198.6100   6.1378649E+05   1.0149575E+00
  198.6200   6.1256758E+05   1.0149500E+00
  198.6300   6.1134277E+05   1.0149426E+00
  198.6400   6.1011200E+05   1.0149351E+00
  198.6500   6.0887528E+05   1.0149276E+00
  198.6600   6.0763259E+05   1.0149200E+00
  198.6700   6.0638399E+05   1.0149124E+00
  198.6800   6.0512951E+05   1.0149048E+00
  198.6900   6.0386927E+05   1.0148972E+00
  198.7000   6.0260316E+05   1.0148895E+00
  198.7100   6.0133117E+05   1.0148817E+00
  198.7200   6.0005341E+05   1.0148739E+00
  198.7300   5.9876995E+05   1.0148661E+00
  198.7400   5.9748077E+05   1.0148583E+00
  198.7500   5.9618597E+05   1.0148504E+00
  198.7600   5.9488542E+05   1.0148425E+00
  198.7700   5.9357926E+05   1.0148346E+00
  198.7800   5.9226743E+05   1.0148266E+00
  198.7900   5.9094995E+05   1.0148186E+00
  198.8000   5.8962698E+05   1.0148105E+00
  198.8100   5.8829843E+05   1.0148024E+00
  198.8200   5.8696432E+05   1.0147943E+00
  198.8300   5.8562480E+05   1.0147862E+00
  198.8400   5.8427997E+05   1.0147780E+00
  198.8500   5.8292984E+05   1.0147698E+00
  198.8600   5.8157440E+05   1.0147615E+00
  198.8700   5.8021373E+05   1.0147532E+00
  198.8800   5.7884787E+05   1.0147449E+00
  198.8900   5.7747680E+05   1.0147366E+00
  198.9000   5.7610060E+05   1.0147282E+00
  198.9100   5.7471933E+05   1.0147198E+00
  198.9200   5.7333296E+05   1.0147113E+00
  198.9300   5.7194162E+05   1.0147029E+00
  198.9400   5.7054535E+05   1.0146944E+00
  198.9500   5.6914415E+05   1.0146858E+00
  198.9600   5.6773814E+05   1.0146773E+00
  198.9700   5.6632741E+05   1.0146687E+00
  198.9800   5.6491196E+05   1.0146601E+00
  198.9900   5.6349196E+05   1.0146514E+00
  199.0000   5.6206730E+05   1.0146427E+00
  199.0100   5.6063822E+05   1.0146340E+00
  199.0200   5.5920472E+05   1.0146253E+00
  199.0300   5.5776691E+05   1.0146166E+00
  199.0400   5.5632489E+05   1.0146078E+00
  199.0500   5.5487867E+05   1.0145990E+00
  199.0600   5.5342826E+05   1.0145901E+00
  199.0700   5.5197376E+05   1.0145813E+00
  199.0800   5.5051524E+05   1.0145724E+00
  199.0900   5.4905275E+05   1.0145635E+00
  199.1000   5.4758645E+05   1.0145545E+00
  199.1100   5.4611644E+05   1.0145456E+00
  199.1200   5.4464283E+05   1.0145366E+00
  199.1300   5.4316565E+05   1.0145276E+00
  199.1400   5.4168490E+05   1.0145186E+00
  199.1500   5.4020072E+05   1.0145095E+00
  199.1600   5.3871322E+05   1.0145005E+00
  199.1700   5.3722246E+05   1.0144914E+00
  199.1800   5.3572847E+05   1.0144823E+00
  199.1900   5.3423143E+05   1.0144732E+00
  199.2000   5.3273148E+05   1.0144640E+00
  199.2100   5.3122872E+05   1.0144549E+00
  199.2200   5.2972324E+05   1.0144457E+00
  199.2300   5.2821507E+05   1.0144365E+00
  199.2400   5.2670442E+05   1.0144273E+00
  199.2500   5.2519126E+05   1.0144181E+00
  199.2600   5.2367575E+05   1.0144088E+00
  199.2700   5.2215800E+05   1.0143996E+00
  199.2800   5.2063808E+05   1.0143903E+00
  199.2900   5.1911607E+05   1.0143810E+00
  199.3000   5.1759219E+05   1.0143718E+00
  199.3100   5.1606646E+05   1.0143624E+00
  199.3200   5.1453905E+05   1.0143531E+00
  199.3300   5.1301012E+05   1.0143438E+00
  199.3400   5.1147983E+05   1.0143345E+00
  199.3500   5.0994828E+05   1.0143251E+00
  199.3600   5.0841560E+05   1.0143158E+00
  199.3700   5.0688189E+05   1.0143064E+00
  199.3800   5.0534723E+05   1.0142971E+00
  199.3900   5.0381169E+05   1.0142877E+00
  199.4000   5.0227553E+05   1.0142784E+00
  199.4100   5.0073880E+05   1.0142690E+00
  199.4200   4.9920174E+05   1.0142596E+00
  199.4300   4.9766438E+05   1.0142502E+00
  199.4400   4.9612697E+05   1.0142409E+00
  199.4500   4.9458971E+05   1.0142315E+00
  199.4600   4.9305265E+05   1.0142221E+00
  199.4700   4.9151602E+05   1.0142127E+00
  199.4800   4.8998005E+05   1.0142034E+00
  199.4900   4.8844478E+05   1.0141940E+00
  199.5000   4.8691048E+05   1.0141846E+00
  199.5100   4.8537738E+05   1.0141753E+00
  199.5200   4.8384558E+05   1.0141659E+00
  199.5300   4.8231535E+05   1.0141566E+00
  199.5400   4.8078699E+05   1.0141473E+00
  199.5500   4.7926064E+05   1.0141379E+00
  199.5600   4.7773664E+05   1.0141286E+00
  199.5700   4.7621516E+05   1.0141194E+00
  199.5800   4.7469660E+05   1.0141101E+00
  199.5900   4.7318120E+05   1.0141008E+00
  199.6000   4.7166923E+05   1.0140916E+00
  199.6100   4.7016119E+05   1.0140824E+00
  199.6200   4.6865744E+05   1.0140732E+00
  199.6300   4.6715838E+05   1.0140641E+00
  199.6400   4.6566445E+05   1.0140550E+00
  199.6500   4.6417600E+05   1.0140459E+00
  199.6600   4.6269358E+05   1.0140368E+00
  199.6700   4.6121784E+05   1.0140278E+00
  199.6800   4.5974930E+05   1.0140188E+00
  199.6900   4.5828856E+05   1.0140099E+00
  199.7000   4.5683633E+05   1.0140010E+00
  199.7100   4.5539338E+05   1.0139922E+00
  199.7200   4.5396060E+05   1.0139835E+00
  199.7300   4.5253899E+05   1.0139748E+00
  199.7400   4.5112950E+05   1.0139662E+00
  199.7500   4.4973318E+05   1.0139577E+00
  199.7600   4.4835127E+05   1.0139492E+00
  199.7700   4.4698514E+05   1.0139409E+00
  199.7800   4.4563634E+05   1.0139326E+00
  199.7900   4.4430642E+05   1.0139245E+00
  199.8000   4.4299717E+05   1.0139165E+00
  199.8100   4.4171057E+05   1.0139086E+00
  199.8200   4.4044886E+05   1.0139009E+00
  199.8300   4.3921439E+05   1.0138934E+00
  199.8400   4.3800980E+05   1.0138860E+00
  199.8500   4.3683804E+05   1.0138788E+00
  199.8600   4.3570246E+05   1.0138719E+00
  199.8700   4.3460660E+05   1.0138652E+00
  199.8800   4.3355443E+05   1.0138587E+00
  199.8900   4.3255044E+05   1.0138526E+00
  199.9000   4.3159961E+05   1.0138468E+00
  199.9100   4.3070736E+05   1.0138413E+00
  199.9200   4.2987972E+05   1.0138362E+00
  199.9300   4.2912329E+05   1.0138316E+00
  199.9400   4.2844542E+05   1.0138274E+00
  199.9500   4.2785436E+05   1.0138238E+00
  199.9600   4.2735928E+05   1.0138208E+00
  199.9700   4.2697027E+05   1.0138184E+00
  199.9800   4.2669855E+05   1.0138167E+00
  199.9900   4.2655649E+05   1.0138158E+00
