 -1.000000E+00     1     1  2.970428E+02
 -1.000000E+00     1     2  2.861812E-04
 -1.000000E+00     1     3  1.764707E-04
 -1.000000E+00     1     4 -2.319289E-03
 -1.000000E+00     1     5  1.321669E+03
 -1.000000E+00     1     6 -8.228607E-05
 -1.000000E+00     2     1 -5.230470E-04
 -1.000000E+00     2     2  2.970532E+02
 -1.000000E+00     2     3 -3.534033E-04
 -1.000000E+00     2     4 -1.321632E+03
 -1.000000E+00     2     5 -3.224850E-03
 -1.000000E+00     2     6 -3.714301E-05
 -1.000000E+00     3     1  7.322617E-05
 -1.000000E+00     3     2  5.005766E-05
 -1.000000E+00     3     3  1.411632E+03
 -1.000000E+00     3     4  8.726381E-04
 -1.000000E+00     3     5 -5.394407E-04
 -1.000000E+00     3     6  2.282341E-04
 -1.000000E+00     4     1 -5.472675E-04
 -1.000000E+00     4     2 -1.321642E+03
 -1.000000E+00     4     3 -1.723975E-03
 -1.000000E+00     4     4  7.157899E+03
 -1.000000E+00     4     5 -1.943633E-03
 -1.000000E+00     4     6  3.399095E-05
 -1.000000E+00     5     1  1.321643E+03
 -1.000000E+00     5     2 -6.737597E-04
 -1.000000E+00     5     3  1.862794E-04
 -1.000000E+00     5     4  1.657918E-03
 -1.000000E+00     5     5  7.157781E+03
 -1.000000E+00     5     6 -1.247749E-04
 -1.000000E+00     6     1  5.362556E-05
 -1.000000E+00     6     2 -9.160484E-05
 -1.000000E+00     6     3  1.517817E-02
 -1.000000E+00     6     4  1.641304E-03
 -1.000000E+00     6     5  3.627242E-04
 -1.000000E+00     6     6  7.937486E+02
  0.000000E+00     1     1  1.837036E+02
  0.000000E+00     1     2  1.502012E-04
  0.000000E+00     1     3 -6.671358E-05
  0.000000E+00     1     4 -1.528869E-03
  0.000000E+00     1     5  7.072226E+02
  0.000000E+00     1     6 -1.561176E-05
  0.000000E+00     2     1 -3.039370E-04
  0.000000E+00     2     2  1.837115E+02
  0.000000E+00     2     3  1.092441E-05
  0.000000E+00     2     4 -7.071829E+02
  0.000000E+00     2     5 -1.103380E-03
  0.000000E+00     2     6  1.019984E-05
  0.000000E+00     3     1  4.384741E-04
  0.000000E+00     3     2 -1.261295E-04
  0.000000E+00     3     3  7.106237E+02
  0.000000E+00     3     4 -3.334321E-04
  0.000000E+00     3     5 -4.848968E-04
  0.000000E+00     3     6  1.412532E-04
  0.000000E+00     4     1 -6.235270E-04
  0.000000E+00     4     2 -7.070944E+02
  0.000000E+00     4     3  6.189123E-04
  0.000000E+00     4     4  3.769820E+03
  0.000000E+00     4     5 -2.532400E-03
  0.000000E+00     4     6 -4.831175E-04
  0.000000E+00     5     1  7.071254E+02
  0.000000E+00     5     2 -3.034975E-04
  0.000000E+00     5     3  7.033907E-04
  0.000000E+00     5     4  1.312874E-03
  0.000000E+00     5     5  3.769679E+03
  0.000000E+00     5     6  1.944045E-04
  0.000000E+00     6     1 -4.598869E-06
  0.000000E+00     6     2 -9.437095E-05
  0.000000E+00     6     3  5.388533E-03
  0.000000E+00     6     4  6.616116E-05
  0.000000E+00     6     5 -1.059025E-04
  0.000000E+00     6     6  6.808228E+02
  3.141593E+02     1     1  2.970695E+02  5.692777E-04
  3.141593E+02     1     2  3.238669E-04 -1.289383E-08
  3.141593E+02     1     3 -6.083417E-04 -5.007208E-05
  3.141593E+02     1     4 -2.495958E-03  4.853829E-07
  3.141593E+02     1     5  1.321810E+03  2.830987E-03
  3.141593E+02     1     6  4.895032E-06  5.686001E-09
  3.141593E+02     2     1 -4.106860E-04  9.684344E-08
  3.141593E+02     2     2  2.970809E+02  5.698084E-04
  3.141593E+02     2     3  3.637151E-04  3.492090E-05
  3.141593E+02     2     4 -1.321778E+03 -2.832853E-03
  3.141593E+02     2     5 -3.693276E-03  3.935933E-07
  3.141593E+02     2     6 -9.867355E-06  4.649354E-08
  3.141593E+02     3     1 -3.247582E-04  3.316511E-08
  3.141593E+02     3     2 -5.086111E-04  1.149108E-07
  3.141593E+02     3     3  1.720584E+03  1.690776E+02
  3.141593E+02     3     4  1.064416E-03  1.185075E-08
  3.141593E+02     3     5  6.615557E-04  6.341288E-07
  3.141593E+02     3     6  2.589350E-04  1.980256E-06
  3.141593E+02     4     1 -7.571205E-04 -3.763685E-07
  3.141593E+02     4     2 -1.321781E+03 -2.832976E-03
  3.141593E+02     4     3  8.182973E-04 -3.066789E-04
  3.141593E+02     4     4  7.158683E+03  1.407448E-02
  3.141593E+02     4     5  4.221126E-04  1.415988E-07
  3.141593E+02     4     6 -9.446032E-05 -2.809930E-07
  3.141593E+02     5     1  1.321786E+03  2.830400E-03
  3.141593E+02     5     2 -6.562024E-04 -6.135556E-07
  3.141593E+02     5     3 -1.937076E-03 -1.692651E-04
  3.141593E+02     5     4  1.340792E-03  1.429685E-07
  3.141593E+02     5     5  7.158525E+03  1.408102E-02
  3.141593E+02     5     6 -5.452847E-05  1.642411E-07
  3.141593E+02     6     1  1.043081E-05  1.639229E-07
  3.141593E+02     6     2 -7.093701E-05  1.357877E-07
  3.141593E+02     6     3  1.635891E-02  2.227569E-03
  3.141593E+02     6     4  1.291395E-03  6.070200E-07
  3.141593E+02     6     5  2.182721E-04 -1.119971E-06
  3.141593E+02     6     6  7.937532E+02  9.595723E-07
  1.570796E+02     1     1  2.971499E+02  2.304022E-03
  1.570796E+02     1     2  3.614610E-04 -4.912076E-08
  1.570796E+02     1     3 -2.633978E-04  4.067328E-05
  1.570796E+02     1     4 -2.096603E-03  4.414722E-08
  1.570796E+02     1     5  1.322234E+03  1.145814E-02
  1.570796E+02     1     6 -2.079179E-05 -2.995056E-08
  1.570796E+02     2     1 -4.970077E-04 -5.869436E-08
  1.570796E+02     2     2  2.971586E+02  2.304009E-03
  1.570796E+02     2     3 -6.467698E-04  5.160552E-05
  1.570796E+02     2     4 -1.322197E+03 -1.145884E-02
  1.570796E+02     2     5 -2.748418E-03 -5.777273E-07
  1.570796E+02     2     6 -2.750382E-05  2.081373E-09
  1.570796E+02     3     1  9.186799E-05 -7.967002E-08
  1.570796E+02     3     2  2.534781E-05  5.180011E-08
  1.570796E+02     3     3  1.648467E+03  1.700815E+02
  1.570796E+02     3     4 -1.067325E-03  1.860917E-07
  1.570796E+02     3     5 -3.641248E-04  2.527862E-07
  1.570796E+02     3     6  1.643070E-04  2.051727E-06
  1.570796E+02     4     1 -6.162841E-04  4.298172E-07
  1.570796E+02     4     2 -1.322199E+03 -1.145868E-02
  1.570796E+02     4     3 -1.158193E-03  7.462129E-05
  1.570796E+02     4     4  7.160892E+03  5.699053E-02
  1.570796E+02     4     5 -1.223557E-03  7.572522E-07
  1.570796E+02     4     6  1.073279E-04  2.544962E-08
  1.570796E+02     5     1  1.322205E+03  1.145816E-02
  1.570796E+02     5     2 -8.246470E-04  4.469302E-08
  1.570796E+02     5     3  2.152711E-03 -4.586112E-05
  1.570796E+02     5     4 -3.243089E-04  2.284762E-06
  1.570796E+02     5     5  7.160729E+03  5.699105E-02
  1.570796E+02     5     6  6.227172E-05 -9.551920E-08
  1.570796E+02     6     1  3.512950E-06  8.928068E-07
  1.570796E+02     6     2 -2.167376E-05 -3.163771E-07
  1.570796E+02     6     3  2.110458E-02  3.219438E-03
  1.570796E+02     6     4 -4.008411E-04  1.662113E-06
  1.570796E+02     6     5 -8.711219E-05 -6.223581E-07
  1.570796E+02     6     6  7.937650E+02 -9.476992E-07
  1.047198E+02     1     1  2.972828E+02  5.284241E-03
  1.047198E+02     1     2  4.240075E-04  6.153757E-08
  1.047198E+02     1     3  3.045739E-04  4.594066E-05
  1.047198E+02     1     4 -2.589331E-03  1.572836E-07
  1.047198E+02     1     5  1.322933E+03  2.628374E-02
  1.047198E+02     1     6 -5.231056E-05 -9.326289E-09
  1.047198E+02     2     1 -4.637582E-04 -1.640328E-07
  1.047198E+02     2     2  2.972953E+02  5.284396E-03
  1.047198E+02     2     3  5.923584E-04  7.901341E-05
  1.047198E+02     2     4 -1.322894E+03 -2.628377E-02
  1.047198E+02     2     5 -3.089341E-03  9.710438E-08
  1.047198E+02     2     6 -2.888496E-05 -1.587100E-08
  1.047198E+02     3     1  3.355742E-05  4.672359E-09
  1.047198E+02     3     2  3.544018E-04 -3.005205E-08
  1.047198E+02     3     3  1.608380E+03  1.717850E+02
  1.047198E+02     3     4  1.792461E-04  9.052064E-08
  1.047198E+02     3     5  1.201270E-03  1.384803E-07
  1.047198E+02     3     6  2.059893E-04  2.074854E-06
  1.047198E+02     4     1 -1.047073E-03 -1.086456E-06
  1.047198E+02     4     2 -1.322887E+03 -2.628325E-02
  1.047198E+02     4     3  4.007816E-04 -1.843926E-04
  1.047198E+02     4     4  7.164528E+03  1.307323E-01
  1.047198E+02     4     5 -1.932703E-03 -2.966610E-06
  1.047198E+02     4     6  1.376932E-04  1.414916E-07
  1.047198E+02     5     1  1.322902E+03  2.628312E-02
  1.047198E+02     5     2 -8.860268E-04  3.553822E-07
  1.047198E+02     5     3  2.083972E-03  3.272258E-04
  1.047198E+02     5     4 -3.559142E-04  9.806708E-07
  1.047198E+02     5     5  7.164411E+03  1.307311E-01
  1.047198E+02     5     6 -7.565599E-05  1.936421E-08
  1.047198E+02     6     1  1.517831E-04 -1.371312E-07
  1.047198E+02     6     2 -1.315697E-04  5.198929E-07
  1.047198E+02     6     3  1.825359E-02  1.796991E-03
  1.047198E+02     6     4  6.587807E-04  7.634223E-07
  1.047198E+02     6     5  5.562307E-04 -4.619665E-06
  1.047198E+02     6     6  7.937869E+02 -1.010263E-06
  7.853982E+01     1     1  2.974735E+02  9.650362E-03
  7.853982E+01     1     2  2.106837E-04 -1.029386E-08
  7.853982E+01     1     3 -9.849019E-05  3.066138E-05
  7.853982E+01     1     4 -1.937293E-03 -5.751825E-07
  7.853982E+01     1     5  1.323922E+03  4.800602E-02
  7.853982E+01     1     6  6.757214E-05 -4.128578E-08
  7.853982E+01     2     1 -4.415823E-04  9.364778E-08
  7.853982E+01     2     2  2.974816E+02  9.650555E-03
  7.853982E+01     2     3 -1.365618E-04  8.519927E-05
  7.853982E+01     2     4 -1.323883E+03 -4.800538E-02
  7.853982E+01     2     5 -3.035051E-03 -6.122532E-07
  7.853982E+01     2     6 -1.472886E-05 -2.224897E-08
  7.853982E+01     3     1 -1.623216E-04 -1.967122E-07
  7.853982E+01     3     2  3.855312E-04 -3.091441E-08
  7.853982E+01     3     3  1.581835E+03  1.742165E+02
  7.853982E+01     3     4 -5.392171E-04  3.575649E-07
  7.853982E+01     3     5 -7.409602E-05 -1.635892E-07
  7.853982E+01     3     6  1.701962E-04  2.123307E-06
  7.853982E+01     4     1 -9.541679E-04 -1.349369E-06
  7.853982E+01     4     2 -1.323875E+03 -4.800625E-02
  7.853982E+01     4     3  1.528621E-03 -4.709084E-04
  7.853982E+01     4     4  7.169697E+03  2.388024E-01
  7.853982E+01     4     5  1.790375E-04  1.097780E-06
  7.853982E+01     4     6  1.720600E-04  5.031215E-08
  7.853982E+01     5     1  1.323895E+03  4.800570E-02
  7.853982E+01     5     2 -3.668182E-04  1.625615E-07
  7.853982E+01     5     3  1.280107E-03  6.300323E-04
  7.853982E+01     5     4 -1.385063E-03 -8.023985E-07
  7.853982E+01     5     5  7.169539E+03  2.388037E-01
  7.853982E+01     5     6 -1.019505E-04 -9.481378E-08
  7.853982E+01     6     1  3.547184E-04 -3.287352E-07
  7.853982E+01     6     2  1.724511E-04 -5.738779E-07
  7.853982E+01     6     3  2.089551E-02  1.750156E-03
  7.853982E+01     6     4 -1.014769E-04  4.130072E-07
  7.853982E+01     6     5 -4.435479E-04 -1.204338E-06
  7.853982E+01     6     6  7.938163E+02 -3.965013E-07
  6.283186E+01     1     1  2.977151E+02  1.561192E-02
  6.283186E+01     1     2  3.029864E-04 -2.071248E-07
  6.283186E+01     1     3  9.662462E-05 -7.185520E-06
  6.283186E+01     1     4 -2.797028E-03 -1.063260E-07
  6.283186E+01     1     5  1.325185E+03  7.767530E-02
  6.283186E+01     1     6 -1.575148E-05 -4.230624E-08
  6.283186E+01     2     1 -5.463312E-04 -1.056273E-07
  6.283186E+01     2     2  2.977257E+02  1.561219E-02
  6.283186E+01     2     3 -2.573616E-04 -5.803349E-05
  6.283186E+01     2     4 -1.325139E+03 -7.767247E-02
  6.283186E+01     2     5 -2.924342E-03 -1.603808E-09
  6.283186E+01     2     6 -2.484583E-05 -4.080930E-08
  6.283186E+01     3     1 -2.886392E-04 -2.243631E-07
  6.283186E+01     3     2  3.647478E-04 -6.826377E-08
  6.283186E+01     3     3  1.563004E+03  1.774163E+02
  6.283186E+01     3     4  6.864592E-04  1.666065E-07
  6.283186E+01     3     5  4.375763E-04  7.626212E-07
  6.283186E+01     3     6  7.333711E-05  3.229575E-06
  6.283186E+01     4     1 -3.871266E-04  6.197514E-07
  6.283186E+01     4     2 -1.325152E+03 -7.767390E-02
  6.283186E+01     4     3  6.275773E-04  3.037173E-04
  6.283186E+01     4     4  7.176365E+03  3.864313E-01
  6.283186E+01     4     5 -5.480796E-04  2.085693E-06
  6.283186E+01     4     6  1.004622E-04  1.559427E-07
  6.283186E+01     5     1  1.325165E+03  7.767244E-02
  6.283186E+01     5     2 -7.362347E-04 -9.203242E-07
  6.283186E+01     5     3  4.690364E-04  1.650397E-04
  6.283186E+01     5     4 -2.557486E-04 -6.912023E-07
  6.283186E+01     5     5  7.176224E+03  3.864498E-01
  6.283186E+01     5     6 -2.983627E-04 -1.743752E-07
  6.283186E+01     6     1  3.433525E-04  8.005255E-07
  6.283186E+01     6     2  7.788835E-05 -5.572463E-07
  6.283186E+01     6     3  1.593169E-02  2.809466E-03
  6.283186E+01     6     4 -1.863659E-03  3.831142E-08
  6.283186E+01     6     5 -1.720459E-03 -4.665711E-06
  6.283186E+01     6     6  7.938555E+02  8.413458E-07
  5.235988E+01     1     1  2.980155E+02  2.346300E-02
  5.235988E+01     1     2  3.272819E-04  8.227559E-08
  5.235988E+01     1     3 -3.194771E-04  4.417960E-05
  5.235988E+01     1     4 -2.564674E-03 -3.348181E-07
  5.235988E+01     1     5  1.326750E+03  1.167548E-01
  5.235988E+01     1     6  1.492819E-05 -3.844583E-08
  5.235988E+01     2     1 -3.652038E-04 -1.623105E-07
  5.235988E+01     2     2  2.980242E+02  2.346333E-02
  5.235988E+01     2     3  7.767215E-06  7.102828E-05
  5.235988E+01     2     4 -1.326711E+03 -1.167549E-01
  5.235988E+01     2     5 -2.535607E-03 -7.689338E-07
  5.235988E+01     2     6 -1.727417E-05 -2.274748E-08
  5.235988E+01     3     1  1.999550E-04 -7.249639E-08
  5.235988E+01     3     2 -4.461780E-05  5.938500E-08
  5.235988E+01     3     3  1.549302E+03  1.814339E+02
  5.235988E+01     3     4 -6.373748E-04  4.390872E-07
  5.235988E+01     3     5  8.459128E-04 -1.018886E-07
  5.235988E+01     3     6  1.400256E-04  2.258027E-06
  5.235988E+01     4     1 -1.326127E-03  3.116088E-08
  5.235988E+01     4     2 -1.326717E+03 -1.167537E-01
  5.235988E+01     4     3 -1.244485E-03  1.321081E-04
  5.235988E+01     4     4  7.184627E+03  5.809782E-01
  5.235988E+01     4     5 -6.521717E-04  8.441002E-07
  5.235988E+01     4     6  1.030657E-04  1.070197E-07
  5.235988E+01     5     1  1.326734E+03  1.167551E-01
  5.235988E+01     5     2 -9.521823E-04  5.490374E-07
  5.235988E+01     5     3 -1.520492E-03 -2.940735E-04
  5.235988E+01     5     4  2.429977E-03 -3.497262E-07
  5.235988E+01     5     5  7.184455E+03  5.809782E-01
  5.235988E+01     5     6  9.563984E-05  1.023656E-07
  5.235988E+01     6     1  9.476017E-05 -1.040598E-07
  5.235988E+01     6     2 -7.759032E-05 -8.935040E-07
  5.235988E+01     6     3  1.827487E-02  1.133645E-03
  5.235988E+01     6     4  4.300175E-04  1.040643E-06
  5.235988E+01     6     5 -8.624791E-05  1.575143E-06
  5.235988E+01     6     6  7.939011E+02  1.756197E-07
  4.487990E+01     1     1  2.983704E+02  3.360250E-02
  4.487990E+01     1     2  4.999160E-04 -1.472676E-08
  4.487990E+01     1     3  3.839634E-04  1.568286E-04
  4.487990E+01     1     4 -2.867971E-03  6.846729E-08
  4.487990E+01     1     5  1.328618E+03  1.672454E-01
  4.487990E+01     1     6 -3.958119E-05 -4.050421E-08
  4.487990E+01     2     1 -3.695072E-04 -2.179194E-07
  4.487990E+01     2     2  2.983797E+02  3.360293E-02
  4.487990E+01     2     3 -3.669819E-04 -1.104623E-04
  4.487990E+01     2     4 -1.328576E+03 -1.672455E-01
  4.487990E+01     2     5 -3.347338E-03 -1.081606E-06
  4.487990E+01     2     6  7.643375E-06  2.531039E-08
  4.487990E+01     3     1  1.221811E-04 -1.907839E-07
  4.487990E+01     3     2  2.491651E-04 -2.517470E-08
  4.487990E+01     3     3  1.539286E+03  1.863368E+02
  4.487990E+01     3     4 -8.329861E-04  5.559982E-07
  4.487990E+01     3     5  1.300551E-03 -7.066546E-08
  4.487990E+01     3     6  2.282332E-04  1.787273E-06
  4.487990E+01     4     1 -1.426723E-03  4.656201E-07
  4.487990E+01     4     2 -1.328584E+03 -1.672459E-01
  4.487990E+01     4     3  1.276806E-03  2.084542E-04
  4.487990E+01     4     4  7.194405E+03  8.324000E-01
  4.487990E+01     4     5 -3.315128E-03  1.759448E-06
  4.487990E+01     4     6  1.821937E-04 -3.892985E-08
  4.487990E+01     5     1  1.328595E+03  1.672424E-01
  4.487990E+01     5     2 -3.178939E-04 -8.085349E-07
  4.487990E+01     5     3  1.989603E-04 -5.991524E-04
  4.487990E+01     5     4  3.386840E-03  1.474062E-06
  4.487990E+01     5     5  7.194265E+03  8.324054E-01
  4.487990E+01     5     6  2.028600E-04  5.718940E-08
  4.487990E+01     6     1  5.213916E-05  5.357301E-10
  4.487990E+01     6     2  1.157075E-05  8.272584E-08
  4.487990E+01     6     3  1.709818E-02  2.298355E-03
  4.487990E+01     6     4 -1.207679E-03 -7.154815E-07
  4.487990E+01     6     5 -6.719828E-04 -1.349146E-06
  4.487990E+01     6     6  7.939542E+02 -1.169824E-06
  3.926991E+01     1     1  2.987872E+02  4.656441E-02
  3.926991E+01     1     2  4.110400E-04 -1.710968E-07
  3.926991E+01     1     3 -8.635219E-04 -1.099563E-04
  3.926991E+01     1     4 -2.143525E-03 -3.392181E-07
  3.926991E+01     1     5  1.330793E+03  2.318158E-01
  3.926991E+01     1     6  4.797243E-05 -4.942560E-09
  3.926991E+01     2     1 -3.066508E-04 -8.126826E-08
  3.926991E+01     2     2  2.987956E+02  4.656528E-02
  3.926991E+01     2     3  1.244238E-06  5.715898E-05
  3.926991E+01     2     4 -1.330753E+03 -2.318183E-01
  3.926991E+01     2     5 -2.794755E-03 -7.090501E-07
  3.926991E+01     2     6  2.978372E-06 -4.521462E-08
  3.926991E+01     3     1  4.464835E-04 -1.666125E-07
  3.926991E+01     3     2 -2.508061E-04  8.517964E-08
  3.926991E+01     3     3  1.532115E+03  1.921955E+02
  3.926991E+01     3     4 -3.439263E-04  1.261260E-07
  3.926991E+01     3     5  1.087692E-03  2.437878E-07
  3.926991E+01     3     6  1.849164E-04  2.604790E-06
  3.926991E+01     4     1 -1.033524E-03  6.377895E-07
  3.926991E+01     4     2 -1.330760E+03 -2.318172E-01
  3.926991E+01     4     3 -2.831429E-03  4.862435E-05
  3.926991E+01     4     4  7.205802E+03  1.154076E+00
  3.926991E+01     4     5 -2.594307E-03  2.811565E-06
  3.926991E+01     4     6  1.047840E-04  4.604732E-07
  3.926991E+01     5     1  1.330772E+03  2.318155E-01
  3.926991E+01     5     2 -6.683841E-04 -5.362608E-07
  3.926991E+01     5     3  4.038513E-04 -8.244906E-05
  3.926991E+01     5     4 -2.001941E-03 -1.886574E-06
  3.926991E+01     5     5  7.205713E+03  1.154073E+00
  3.926991E+01     5     6 -2.157113E-04  6.036112E-08
  3.926991E+01     6     1 -4.239754E-05 -7.152376E-07
  3.926991E+01     6     2  6.058815E-05  1.081342E-06
  3.926991E+01     6     3  1.764362E-02  2.685334E-03
  3.926991E+01     6     4  1.337380E-03 -4.365529E-06
  3.926991E+01     6     5  5.904138E-04 -1.973680E-06
  3.926991E+01     6     6  7.940190E+02 -9.189337E-08
  3.490659E+01     1     1  2.992649E+02  6.305780E-02
  3.490659E+01     1     2  3.855296E-04 -2.915776E-08
  3.490659E+01     1     3  2.655530E-04  2.034534E-05
  3.490659E+01     1     4 -1.863121E-03  5.225057E-07
  3.490659E+01     1     5  1.333296E+03  3.140146E-01
  3.490659E+01     1     6 -4.188064E-05 -3.733170E-08
  3.490659E+01     2     1 -4.399374E-04 -8.512396E-08
  3.490659E+01     2     2  2.992736E+02  6.305902E-02
  3.490659E+01     2     3 -2.409109E-04 -2.026214E-04
  3.490659E+01     2     4 -1.333256E+03 -3.140160E-01
  3.490659E+01     2     5 -3.630016E-03 -1.549072E-06
  3.490659E+01     2     6  2.296641E-05 -3.023718E-08
  3.490659E+01     3     1  5.441858E-05  1.093404E-07
  3.490659E+01     3     2 -4.815310E-05  5.815855E-08
  3.490659E+01     3     3  1.527158E+03  1.991113E+02
  3.490659E+01     3     4 -1.750320E-03 -3.369450E-07
  3.490659E+01     3     5  1.439534E-03  1.834754E-06
  3.490659E+01     3     6  2.137183E-04  3.134200E-06
  3.490659E+01     4     1 -1.370180E-04  2.839220E-07
  3.490659E+01     4     2 -1.333253E+03 -3.140162E-01
  3.490659E+01     4     3 -1.035795E-03 -2.174266E-04
  3.490659E+01     4     4  7.218973E+03  1.563700E+00
  3.490659E+01     4     5 -9.831265E-04  5.319687E-06
  3.490659E+01     4     6  3.336612E-04  9.149768E-08
  3.490659E+01     5     1  1.333275E+03  3.140104E-01
  3.490659E+01     5     2 -4.746839E-04 -6.101254E-08
  3.490659E+01     5     3  4.538894E-04  5.915575E-05
  3.490659E+01     5     4 -4.874915E-04  7.031886E-07
  3.490659E+01     5     5  7.218844E+03  1.563729E+00
  3.490659E+01     5     6  3.422364E-04 -3.100136E-08
  3.490659E+01     6     1  3.634691E-04  8.452569E-07
  3.490659E+01     6     2 -1.524091E-04 -3.592139E-08
  3.490659E+01     6     3  1.695473E-02  2.179700E-03
  3.490659E+01     6     4 -4.326106E-04 -1.878945E-06
  3.490659E+01     6     5 -4.938539E-04  8.806965E-07
  3.490659E+01     6     6  7.940872E+02  8.502923E-07
  3.141593E+01     1     1  2.998076E+02  8.402002E-02
  3.141593E+01     1     2  2.871023E-04  2.380202E-08
  3.141593E+01     1     3  7.832171E-04  1.862932E-04
  3.141593E+01     1     4 -2.358645E-03 -1.182995E-06
  3.141593E+01     1     5  1.336135E+03  4.185329E-01
  3.141593E+01     1     6  3.203752E-05 -2.325423E-08
  3.141593E+01     2     1 -5.217345E-04 -2.265200E-07
  3.141593E+01     2     2  2.998181E+02  8.402135E-02
  3.141593E+01     2     3  1.296513E-04  1.080185E-04
  3.141593E+01     2     4 -1.336095E+03 -4.185319E-01
  3.141593E+01     2     5 -2.724116E-03 -1.349180E-06
  3.141593E+01     2     6  1.458450E-06  6.234048E-08
  3.141593E+01     3     1 -4.355120E-04 -4.237359E-08
  3.141593E+01     3     2  5.445071E-05 -2.672032E-07
  3.141593E+01     3     3  1.524009E+03  2.071805E+02
  3.141593E+01     3     4  1.852065E-04 -5.631464E-07
  3.141593E+01     3     5  1.705453E-03  7.081517E-07
  3.141593E+01     3     6  1.503403E-04  1.982314E-06
  3.141593E+01     4     1 -8.118916E-04 -1.621152E-07
  3.141593E+01     4     2 -1.336101E+03 -4.185335E-01
  3.141593E+01     4     3 -5.207419E-03  2.629887E-04
  3.141593E+01     4     4  7.233878E+03  2.084825E+00
  3.141593E+01     4     5 -1.518629E-03 -6.397568E-07
  3.141593E+01     4     6 -2.942132E-04  2.690126E-08
  3.141593E+01     5     1  1.336115E+03  4.185308E-01
  3.141593E+01     5     2 -2.115648E-04  6.324899E-08
  3.141593E+01     5     3 -2.770342E-03  1.343898E-04
  3.141593E+01     5     4 -1.385078E-03 -3.653640E-06
  3.141593E+01     5     5  7.233747E+03  2.084848E+00
  3.141593E+01     5     6 -1.305053E-04  4.292209E-08
  3.141593E+01     6     1 -7.040795E-05 -6.214148E-07
  3.141593E+01     6     2 -2.737343E-05  1.041843E-07
  3.141593E+01     6     3  1.794186E-02  1.463440E-03
  3.141593E+01     6     4 -7.358789E-04 -2.161935E-06
  3.141593E+01     6     5 -4.653634E-04 -3.274978E-06
  3.141593E+01     6     6  7.941680E+02 -1.611198E-06
  2.855994E+01     1     1  3.004209E+02  1.106899E-01
  2.855994E+01     1     2  3.773588E-04  1.942473E-07
  2.855994E+01     1     3  8.134397E-04  1.054145E-04
  2.855994E+01     1     4 -2.894878E-03  2.363573E-07
  2.855994E+01     1     5  1.339339E+03  5.515756E-01
  2.855994E+01     1     6 -2.526304E-05 -5.402237E-08
  2.855994E+01     2     1 -5.464375E-04 -3.119278E-07
  2.855994E+01     2     2  3.004292E+02  1.106917E-01
  2.855994E+01     2     3 -1.092926E-04  1.526251E-05
  2.855994E+01     2     4 -1.339295E+03 -5.515754E-01
  2.855994E+01     2     5 -3.194486E-03 -1.357190E-06
  2.855994E+01     2     6  2.184885E-06  1.242583E-08
  2.855994E+01     3     1  3.534695E-05 -4.308413E-07
  2.855994E+01     3     2 -8.722674E-05 -2.280335E-07
  2.855994E+01     3     3  1.522317E+03  2.165179E+02
  2.855994E+01     3     4  1.891281E-03  1.944929E-06
  2.855994E+01     3     5 -1.587903E-03  7.650260E-07
  2.855994E+01     3     6  2.818836E-04  2.818681E-06
  2.855994E+01     4     1 -1.016829E-03 -1.182498E-07
  2.855994E+01     4     2 -1.339306E+03 -5.515850E-01
  2.855994E+01     4     3 -6.954372E-04  2.060831E-05
  2.855994E+01     4     4  7.250627E+03  2.748470E+00
  2.855994E+01     4     5 -1.776606E-03  1.638509E-07
  2.855994E+01     4     6 -1.591900E-04  1.034167E-07
  2.855994E+01     5     1  1.339314E+03  5.515709E-01
  2.855994E+01     5     2 -1.045391E-04 -9.179794E-07
  2.855994E+01     5     3  5.454049E-04  6.018020E-05
  2.855994E+01     5     4 -2.407417E-03  1.244869E-06
  2.855994E+01     5     5  7.250598E+03  2.748496E+00
  2.855994E+01     5     6 -2.426188E-04 -1.669327E-07
  2.855994E+01     6     1 -5.109984E-05  1.069090E-07
  2.855994E+01     6     2 -1.040771E-04 -5.405160E-07
  2.855994E+01     6     3  1.648911E-02  2.215060E-03
  2.855994E+01     6     4  8.302928E-04  2.445244E-06
  2.855994E+01     6     5 -8.829836E-04  3.746969E-07
  2.855994E+01     6     6  7.942563E+02 -1.083119E-06
  2.617994E+01     1     1  3.011047E+02  1.447041E-01
  2.617994E+01     1     2  5.552115E-04  4.566441E-07
  2.617994E+01     1     3 -5.374651E-05 -5.372379E-05
  2.617994E+01     1     4 -2.599821E-03 -1.476833E-06
  2.617994E+01     1     5  1.342909E+03  7.213453E-01
  2.617994E+01     1     6  1.584551E-05  1.157896E-09
  2.617994E+01     2     1 -5.874385E-04 -3.187506E-07
  2.617994E+01     2     2  3.011142E+02  1.447065E-01
  2.617994E+01     2     3 -4.444793E-04  1.016045E-04
  2.617994E+01     2     4 -1.342874E+03 -7.213480E-01
  2.617994E+01     2     5 -2.815107E-03 -2.367841E-06
  2.617994E+01     2     6  8.609145E-06  6.885225E-08
  2.617994E+01     3     1  2.786480E-04 -7.659696E-07
  2.617994E+01     3     2 -7.718522E-05 -2.379934E-07
  2.617994E+01     3     3  1.521781E+03  2.272548E+02
  2.617994E+01     3     4  7.424876E-04  8.630286E-07
  2.617994E+01     3     5  4.619863E-04  2.021812E-06
  2.617994E+01     3     6  1.177320E-04  3.191079E-06
  2.617994E+01     4     1 -3.957935E-04  6.245637E-07
  2.617994E+01     4     2 -1.342879E+03 -7.213439E-01
  2.617994E+01     4     3 -3.016233E-03  7.372443E-04
  2.617994E+01     4     4  7.269447E+03  3.595828E+00
  2.617994E+01     4     5 -1.442976E-03 -5.224283E-07
  2.617994E+01     4     6  2.982561E-04 -4.101342E-07
  2.617994E+01     5     1  1.342890E+03  7.213356E-01
  2.617994E+01     5     2 -5.989168E-04 -1.653343E-07
  2.617994E+01     5     3  1.115113E-03 -2.883552E-04
  2.617994E+01     5     4 -7.997900E-04 -2.892994E-07
  2.617994E+01     5     5  7.269325E+03  3.595862E+00
  2.617994E+01     5     6 -9.654928E-05 -3.319330E-07
  2.617994E+01     6     1  3.061446E-05 -1.256972E-06
  2.617994E+01     6     2 -3.098995E-04 -2.224624E-07
  2.617994E+01     6     3  2.203245E-02  3.749356E-03
  2.617994E+01     6     4  8.609895E-04 -5.474996E-07
  2.617994E+01     6     5 -2.029240E-04  2.921440E-06
  2.617994E+01     6     6  7.943535E+02 -1.223239E-06
  2.416610E+01     1     1  3.018664E+02  1.882243E-01
  2.416610E+01     1     2  3.297526E-04  3.417710E-07
  2.416610E+01     1     3  2.238161E-04  4.587755E-05
  2.416610E+01     1     4 -1.861347E-03 -2.570188E-06
  2.416610E+01     1     5  1.346891E+03  9.386710E-01
  2.416610E+01     1     6 -9.796577E-06 -7.073060E-08
  2.416610E+01     2     1 -5.306907E-04 -4.005449E-07
  2.416610E+01     2     2  3.018756E+02  1.882280E-01
  2.416610E+01     2     3 -5.598365E-05 -6.696206E-05
  2.416610E+01     2     4 -1.346853E+03 -9.386725E-01
  2.416610E+01     2     5 -2.948464E-03 -2.664378E-06
  2.416610E+01     2     6 -6.456863E-06  5.497609E-09
  2.416610E+01     3     1 -6.002425E-04 -1.207646E-06
  2.416610E+01     3     2 -5.301088E-04 -6.398768E-07
  2.416610E+01     3     3  1.522107E+03  2.395307E+02
  2.416610E+01     3     4  4.046112E-04  2.038625E-06
  2.416610E+01     3     5 -2.293829E-04  2.837043E-06
  2.416610E+01     3     6  2.134520E-04  3.466207E-06
  2.416610E+01     4     1 -4.889481E-04 -4.335343E-07
  2.416610E+01     4     2 -1.346855E+03 -9.386774E-01
  2.416610E+01     4     3  2.469733E-03  3.208164E-04
  2.416610E+01     4     4  7.290265E+03  4.681106E+00
  2.416610E+01     4     5 -4.535474E-03  3.216774E-06
  2.416610E+01     4     6 -2.608555E-04 -1.859671E-07
  2.416610E+01     5     1  1.346868E+03  9.386730E-01
  2.416610E+01     5     2 -8.255728E-04 -1.594599E-07
  2.416610E+01     5     3 -1.496077E-03  2.065208E-04
  2.416610E+01     5     4 -2.405182E-03 -3.578025E-06
  2.416610E+01     5     5  7.290180E+03  4.681123E+00
  2.416610E+01     5     6  9.706174E-05 -2.252902E-07
  2.416610E+01     6     1 -1.161471E-04  8.875433E-07
  2.416610E+01     6     2 -2.259314E-04  4.925963E-07
  2.416610E+01     6     3  2.139995E-02  3.755809E-03
  2.416610E+01     6     4 -1.050383E-03  9.675280E-07
  2.416610E+01     6     5  7.498566E-04  6.114950E-06
  2.416610E+01     6     6  7.944616E+02 -7.298640E-07
  2.243995E+01     1     1  3.027093E+02  2.440907E-01
  2.243995E+01     1     2  7.167702E-04  6.651758E-07
  2.243995E+01     1     3  5.508396E-04  3.323797E-05
  2.243995E+01     1     4 -1.671753E-03 -2.802937E-06
  2.243995E+01     1     5  1.351295E+03  1.217831E+00
  2.243995E+01     1     6 -2.548469E-05  8.370607E-09
  2.243995E+01     2     1 -5.550559E-04 -7.375752E-07
  2.243995E+01     2     2  3.027197E+02  2.440952E-01
  2.243995E+01     2     3 -1.072295E-03  1.405683E-04
  2.243995E+01     2     4 -1.351262E+03 -1.217821E+00
  2.243995E+01     2     5 -3.450172E-03 -3.027754E-06
  2.243995E+01     2     6  8.526911E-05  5.557023E-08
  2.243995E+01     3     1  9.407755E-06 -9.357404E-07
  2.243995E+01     3     2 -5.118549E-05  1.673061E-07
  2.243995E+01     3     3  1.523027E+03  2.534799E+02
  2.243995E+01     3     4  8.747019E-04  1.173248E-07
  2.243995E+01     3     5 -2.116937E-03  1.855913E-06
  2.243995E+01     3     6  2.094401E-04  2.281819E-06
  2.243995E+01     4     1 -7.413924E-04  2.642311E-06
  2.243995E+01     4     2 -1.351264E+03 -1.217832E+00
  2.243995E+01     4     3 -5.521774E-04 -3.595836E-04
  2.243995E+01     4     4  7.313411E+03  6.075871E+00
  2.243995E+01     4     5  1.663119E-04 -1.830471E-06
  2.243995E+01     4     6 -2.374141E-04 -2.835306E-07
  2.243995E+01     5     1  1.351283E+03  1.217805E+00
  2.243995E+01     5     2 -2.557840E-04  3.908535E-07
  2.243995E+01     5     3  6.573349E-04 -2.047066E-04
  2.243995E+01     5     4  1.693815E-03  8.277275E-07
  2.243995E+01     5     5  7.313275E+03  6.076044E+00
  2.243995E+01     5     6  2.039035E-04 -2.657673E-07
  2.243995E+01     6     1 -7.751591E-05 -1.413682E-06
  2.243995E+01     6     2  2.810805E-04 -5.095644E-07
  2.243995E+01     6     3  2.071490E-02  3.434023E-03
  2.243995E+01     6     4  1.063644E-03 -3.908763E-06
  2.243995E+01     6     5  1.084715E-03  6.056390E-06
  2.243995E+01     6     6  7.945753E+02 -8.948287E-07
  2.094395E+01     1     1  3.036422E+02  3.160344E-01
  2.094395E+01     1     2  3.176023E-04  6.495204E-07
  2.094395E+01     1     3 -6.218912E-04  8.163350E-05
  2.094395E+01     1     4 -2.566525E-03 -3.007513E-06
  2.094395E+01     1     5  1.356164E+03  1.577526E+00
  2.094395E+01     1     6  3.345216E-05 -5.256939E-08
  2.094395E+01     2     1 -5.422624E-04 -9.100347E-07
  2.094395E+01     2     2  3.036522E+02  3.160391E-01
  2.094395E+01     2     3 -2.153443E-04  1.723692E-05
  2.094395E+01     2     4 -1.356124E+03 -1.577528E+00
  2.094395E+01     2     5 -3.898489E-03 -5.269247E-06
  2.094395E+01     2     6  3.265961E-05  3.452153E-08
  2.094395E+01     3     1  1.970679E-04 -1.491377E-06
  2.094395E+01     3     2  9.653252E-05 -4.218182E-07
  2.094395E+01     3     3  1.524186E+03  2.692274E+02
  2.094395E+01     3     4 -8.938462E-05 -4.622416E-08
  2.094395E+01     3     5 -6.279349E-04  1.099448E-06
  2.094395E+01     3     6  1.828073E-04  3.683465E-06
  2.094395E+01     4     1 -4.979149E-04 -8.556526E-08
  2.094395E+01     4     2 -1.356130E+03 -1.577511E+00
  2.094395E+01     4     3 -1.335040E-03 -4.235413E-04
  2.094395E+01     4     4  7.338828E+03  7.874323E+00
  2.094395E+01     4     5  2.284348E-03 -2.141809E-06
  2.094395E+01     4     6 -3.981595E-04 -3.116316E-07
  2.094395E+01     5     1  1.356144E+03  1.577507E+00
  2.094395E+01     5     2 -5.450230E-04  1.124685E-06
  2.094395E+01     5     3  8.173883E-04  2.707541E-05
  2.094395E+01     5     4 -6.895810E-04  1.600405E-06
  2.094395E+01     5     5  7.338759E+03  7.874369E+00
  2.094395E+01     5     6  1.456977E-04 -1.291170E-07
  2.094395E+01     6     1 -1.563765E-04  8.428329E-07
  2.094395E+01     6     2  1.688300E-05 -1.895533E-07
  2.094395E+01     6     3  1.968229E-02  3.104688E-03
  2.094395E+01     6     4 -1.070946E-03 -1.826674E-06
  2.094395E+01     6     5 -1.113028E-03 -6.050104E-06
  2.094395E+01     6     6  7.946947E+02 -1.316771E-06
  1.963495E+01     1     1  3.046684E+02  4.089008E-01
  1.963495E+01     1     2  4.077624E-04  6.452511E-07
  1.963495E+01     1     3 -2.797443E-04 -7.125934E-06
  1.963495E+01     1     4 -1.704813E-03 -3.425729E-06
  1.963495E+01     1     5  1.361517E+03  2.042135E+00
  1.963495E+01     1     6  2.663561E-07 -1.078652E-07
  1.963495E+01     2     1 -5.472910E-04 -1.344889E-06
  1.963495E+01     2     2  3.046769E+02  4.089077E-01
  1.963495E+01     2     3  4.420244E-04 -2.322065E-05
  1.963495E+01     2     4 -1.361478E+03 -2.042132E+00
  1.963495E+01     2     5 -3.661025E-03 -5.533258E-06
  1.963495E+01     2     6  4.280360E-06 -1.571650E-09
  1.963495E+01     3     1  2.223602E-04 -9.655796E-07
  1.963495E+01     3     2  8.287281E-05 -8.363349E-08
  1.963495E+01     3     3  1.525235E+03  2.868782E+02
  1.963495E+01     3     4 -1.817532E-04  3.340239E-06
  1.963495E+01     3     5 -6.803013E-04  4.797221E-06
  1.963495E+01     3     6  1.058767E-04  2.757387E-06
  1.963495E+01     4     1 -1.299407E-03  6.276714E-07
  1.963495E+01     4     2 -1.361481E+03 -2.042131E+00
  1.963495E+01     4     3 -4.432499E-04 -1.313463E-04
  1.963495E+01     4     4  7.366937E+03  1.019865E+01
  1.963495E+01     4     5  9.117648E-04 -2.883608E-06
  1.963495E+01     4     6 -1.875418E-04 -9.569167E-08
  1.963495E+01     5     1  1.361494E+03  2.042125E+00
  1.963495E+01     5     2 -6.035939E-04 -1.698754E-07
  1.963495E+01     5     3  9.039417E-04 -5.941428E-04
  1.963495E+01     5     4  2.544299E-03 -4.918242E-06
  1.963495E+01     5     5  7.366800E+03  1.019863E+01
  1.963495E+01     5     6 -2.101443E-04 -3.508418E-07
  1.963495E+01     6     1 -3.328174E-05 -2.088635E-07
  1.963495E+01     6     2 -2.190620E-04 -4.034082E-07
  1.963495E+01     6     3  1.936803E-02  6.974669E-03
  1.963495E+01     6     4 -2.253324E-03 -4.009577E-06
  1.963495E+01     6     5 -3.644225E-04  3.081219E-06
  1.963495E+01     6     6  7.948307E+02 -4.550955E-07
  1.847996E+01     1     1  3.057948E+02  5.289304E-01
  1.847996E+01     1     2  4.681485E-04  7.919804E-07
  1.847996E+01     1     3  1.343322E-03  6.849462E-05
  1.847996E+01     1     4 -2.359312E-03 -6.706975E-06
  1.847996E+01     1     5  1.367397E+03  2.643026E+00
  1.847996E+01     1     6  3.860334E-05 -3.355377E-08
  1.847996E+01     2     1 -6.228493E-04 -1.398555E-06
  1.847996E+01     2     2  3.058051E+02  5.289381E-01
  1.847996E+01     2     3  9.300181E-05  1.000455E-04
  1.847996E+01     2     4 -1.367359E+03 -2.643026E+00
  1.847996E+01     2     5 -3.438731E-03 -6.849287E-06
  1.847996E+01     2     6 -9.263856E-06 -6.450190E-08
  1.847996E+01     3     1  2.882434E-04 -7.758044E-07
  1.847996E+01     3     2 -1.754332E-04 -8.786210E-07
  1.847996E+01     3     3  1.525775E+03  3.064917E+02
  1.847996E+01     3     4 -6.489307E-04  4.563990E-07
  1.847996E+01     3     5  9.615161E-04  1.878179E-07
  1.847996E+01     3     6  9.748188E-05  3.881036E-06
  1.847996E+01     4     1 -2.861787E-04 -7.532035E-07
  1.847996E+01     4     2 -1.367365E+03 -2.643013E+00
  1.847996E+01     4     3  1.268089E-04  2.509207E-04
  1.847996E+01     4     4  7.397727E+03  1.320673E+01
  1.847996E+01     4     5  2.282158E-03  1.143034E-05
  1.847996E+01     4     6 -3.329911E-04  1.932973E-07
  1.847996E+01     5     1  1.367373E+03  2.642978E+00
  1.847996E+01     5     2 -4.217122E-04 -1.006149E-06
  1.847996E+01     5     3  2.080880E-03  1.016270E-03
  1.847996E+01     5     4 -1.196116E-03 -1.585373E-06
  1.847996E+01     5     5  7.397583E+03  1.320693E+01
  1.847996E+01     5     6 -2.494864E-04 -2.183190E-07
  1.847996E+01     6     1  5.206465E-05 -1.615266E-07
  1.847996E+01     6     2  5.599859E-05  1.226523E-06
  1.847996E+01     6     3  1.933726E-02  3.107029E-03
  1.847996E+01     6     4 -4.738569E-04  5.744622E-06
  1.847996E+01     6     5 -1.410127E-03  3.576277E-06
  1.847996E+01     6     6  7.949708E+02  2.483604E-06
  1.745329E+01     1     1  3.070323E+02  6.840177E-01
  1.745329E+01     1     2  4.031471E-04  1.996404E-06
  1.745329E+01     1     3 -5.637340E-04  8.842952E-06
  1.745329E+01     1     4 -1.405311E-03 -8.361359E-06
  1.745329E+01     1     5  1.373845E+03  3.419982E+00
  1.745329E+01     1     6 -1.532963E-06 -1.494376E-09
  1.745329E+01     2     1 -7.176237E-04 -2.181701E-06
  1.745329E+01     2     2  3.070391E+02  6.840278E-01
  1.745329E+01     2     3  1.902804E-04 -1.684875E-04
  1.745329E+01     2     4 -1.373808E+03 -3.419977E+00
  1.745329E+01     2     5 -3.128518E-03 -8.934800E-06
  1.745329E+01     2     6 -1.327126E-04 -1.415495E-07
  1.745329E+01     3     1  2.717134E-05  3.012156E-08
  1.745329E+01     3     2 -5.716737E-05 -6.575337E-07
  1.745329E+01     3     3  1.525370E+03  3.280341E+02
  1.745329E+01     3     4 -2.131972E-03  5.991693E-06
  1.745329E+01     3     5  7.690396E-04  3.318986E-06
  1.745329E+01     3     6 -5.315838E-05  3.304752E-06
  1.745329E+01     4     1 -1.314236E-03 -1.190710E-08
  1.745329E+01     4     2 -1.373817E+03 -3.419962E+00
  1.745329E+01     4     3  3.505647E-04  2.096742E-04
  1.745329E+01     4     4  7.431374E+03  1.709908E+01
  1.745329E+01     4     5 -1.701117E-03  1.045270E-05
  1.745329E+01     4     6  1.303251E-04  6.177376E-07
  1.745329E+01     5     1  1.373823E+03  3.419968E+00
  1.745329E+01     5     2 -6.169900E-04  3.617970E-06
  1.745329E+01     5     3 -9.596869E-04  1.564119E-04
  1.745329E+01     5     4 -8.057058E-04  2.708170E-06
  1.745329E+01     5     5  7.431303E+03  1.709925E+01
  1.745329E+01     5     6  1.798128E-05  2.184134E-07
  1.745329E+01     6     1  1.426637E-04  9.424693E-07
  1.745329E+01     6     2 -1.694336E-04  5.491610E-07
  1.745329E+01     6     3  1.747372E-02  4.194058E-03
  1.745329E+01     6     4 -1.367479E-03  9.994256E-06
  1.745329E+01     6     5  1.547843E-03  1.853799E-06
  1.745329E+01     6     6  7.951205E+02 -1.362529E-06
  1.653470E+01     1     1  3.083814E+02  8.839636E-01
  1.653470E+01     1     2  3.144232E-04  1.467640E-06
  1.653470E+01     1     3  5.887389E-05  2.040481E-04
  1.653470E+01     1     4 -2.050574E-03 -9.623324E-06
  1.653470E+01     1     5  1.380876E+03  4.422369E+00
  1.653470E+01     1     6 -5.498436E-05 -1.894725E-07
  1.653470E+01     2     1 -5.207344E-04 -2.123561E-06
  1.653470E+01     2     2  3.083883E+02  8.839721E-01
  1.653470E+01     2     3 -3.891922E-04 -4.048091E-05
  1.653470E+01     2     4 -1.380848E+03 -4.422373E+00
  1.653470E+01     2     5 -3.055996E-03 -1.071187E-05
  1.653470E+01     2     6  1.548976E-05  8.426931E-08
  1.653470E+01     3     1 -1.315991E-04 -1.859398E-06
  1.653470E+01     3     2  4.747882E-06  1.027827E-06
  1.653470E+01     3     3  1.523545E+03  3.513925E+02
  1.653470E+01     3     4  1.165655E-03  6.633083E-06
  1.653470E+01     3     5  1.189776E-03 -5.761947E-06
  1.653470E+01     3     6  1.350519E-04  4.665933E-06
  1.653470E+01     4     1 -9.934176E-04 -1.063869E-06
  1.653470E+01     4     2 -1.380834E+03 -4.422378E+00
  1.653470E+01     4     3 -1.108617E-03 -7.080957E-04
  1.653470E+01     4     4  7.468196E+03  2.212419E+01
  1.653470E+01     4     5 -4.150651E-03  1.073565E-05
  1.653470E+01     4     6  1.978124E-04 -5.981599E-07
  1.653470E+01     5     1  1.380862E+03  4.422307E+00
  1.653470E+01     5     2 -3.821757E-04 -2.875458E-06
  1.653470E+01     5     3  2.903968E-03  4.657917E-04
  1.653470E+01     5     4  3.071129E-05  3.291090E-06
  1.653470E+01     5     5  7.468071E+03  2.212431E+01
  1.653470E+01     5     6 -5.878352E-04 -2.082029E-07
  1.653470E+01     6     1  2.246872E-04 -1.873617E-06
  1.653470E+01     6     2 -2.280325E-04  1.094304E-08
  1.653470E+01     6     3  1.623255E-02  4.214765E-03
  1.653470E+01     6     4 -3.392396E-04  1.257914E-05
  1.653470E+01     6     5 -1.403689E-04 -1.129962E-05
  1.653470E+01     6     6  7.952826E+02 -1.925354E-08
  1.570796E+01     1     1  3.098524E+02  1.140604E+00
  1.570796E+01     1     2  1.694894E-04  1.268414E-06
  1.570796E+01     1     3  1.411791E-03 -6.311810E-05
  1.570796E+01     1     4 -2.253849E-03 -1.367880E-05
  1.570796E+01     1     5  1.388545E+03  5.709994E+00
  1.570796E+01     1     6 -1.148599E-05 -4.011619E-08
  1.570796E+01     2     1 -8.228248E-04 -3.090339E-06
  1.570796E+01     2     2  3.098614E+02  1.140616E+00
  1.570796E+01     2     3  3.125783E-04 -4.680119E-04
  1.570796E+01     2     4 -1.388511E+03 -5.709965E+00
  1.570796E+01     2     5 -2.852054E-03 -1.842547E-05
  1.570796E+01     2     6 -1.236145E-05 -4.363125E-08
  1.570796E+01     3     1 -5.021421E-04  6.491409E-07
  1.570796E+01     3     2 -9.321794E-05  1.323278E-07
  1.570796E+01     3     3  1.519837E+03  3.763270E+02
  1.570796E+01     3     4  7.870644E-04 -4.644666E-06
  1.570796E+01     3     5 -2.520774E-04 -7.620838E-08
  1.570796E+01     3     6  2.694132E-04  3.332534E-06
  1.570796E+01     4     1 -7.241573E-04  3.713452E-06
  1.570796E+01     4     2 -1.388507E+03 -5.709951E+00
  1.570796E+01     4     3 -3.630847E-03  4.865490E-04
  1.570796E+01     4     4  7.508240E+03  2.858454E+01
  1.570796E+01     4     5  4.666075E-04  1.139374E-05
  1.570796E+01     4     6 -1.340592E-04  2.125438E-07
  1.570796E+01     5     1  1.388524E+03  5.709864E+00
  1.570796E+01     5     2 -3.473330E-04 -1.573935E-06
  1.570796E+01     5     3  3.822751E-03 -3.669430E-04
  1.570796E+01     5     4  2.399981E-03 -7.979455E-06
  1.570796E+01     5     5  7.508165E+03  2.858499E+01
  1.570796E+01     5     6  1.234119E-05 -2.118709E-07
  1.570796E+01     6     1  8.966772E-05 -1.495064E-07
  1.570796E+01     6     2 -2.032667E-04 -2.580930E-06
  1.570796E+01     6     3  1.688191E-02  4.927403E-03
  1.570796E+01     6     4  7.416905E-04 -2.276852E-06
  1.570796E+01     6     5  1.913310E-05 -3.600960E-06
  1.570796E+01     6     6  7.954531E+02  2.219311E-06
  1.495996E+01     1     1  3.114513E+02  1.467815E+00
  1.495996E+01     1     2  3.812859E-04  3.294249E-06
  1.495996E+01     1     3  1.033621E-03  7.754733E-06
  1.495996E+01     1     4 -2.470182E-03 -1.507549E-05
  1.495996E+01     1     5  1.396871E+03  7.353024E+00
  1.495996E+01     1     6 -2.680719E-05  1.588356E-08
  1.495996E+01     2     1 -5.380032E-04 -4.890011E-06
  1.495996E+01     2     2  3.114595E+02  1.467838E+00
  1.495996E+01     2     3  9.019341E-04 -4.712504E-07
  1.495996E+01     2     4 -1.396832E+03 -7.353014E+00
  1.495996E+01     2     5 -3.364962E-03 -2.258478E-05
  1.495996E+01     2     6 -6.328335E-06 -2.753669E-07
  1.495996E+01     3     1 -4.553902E-04 -4.768532E-06
  1.495996E+01     3     2  2.276218E-04 -3.316873E-06
  1.495996E+01     3     3  1.513860E+03  4.024818E+02
  1.495996E+01     3     4 -8.452646E-04 -3.455934E-06
  1.495996E+01     3     5 -1.957443E-03  1.171432E-05
  1.495996E+01     3     6  1.979942E-04  2.518258E-06
  1.495996E+01     4     1 -5.705412E-04  3.955443E-06
  1.495996E+01     4     2 -1.396834E+03 -7.353057E+00
  1.495996E+01     4     3 -6.614149E-03  1.763515E-04
  1.495996E+01     4     4  7.551756E+03  3.683508E+01
  1.495996E+01     4     5 -2.925269E-03  2.623169E-05
  1.495996E+01     4     6  3.058976E-05  6.291621E-07
  1.495996E+01     5     1  1.396844E+03  7.352977E+00
  1.495996E+01     5     2 -2.728980E-04  1.178836E-06
  1.495996E+01     5     3  1.654029E-05 -8.207373E-05
  1.495996E+01     5     4  1.312897E-03 -1.893612E-05
  1.495996E+01     5     5  7.551657E+03  3.683448E+01
  1.495996E+01     5     6 -2.872411E-04  5.180190E-07
  1.495996E+01     6     1 -4.869705E-05 -4.388860E-07
  1.495996E+01     6     2  1.749172E-04 -1.739536E-06
  1.495996E+01     6     3  1.394247E-02  5.823180E-03
  1.495996E+01     6     4  6.086526E-04  3.370919E-06
  1.495996E+01     6     5  5.351600E-04 -2.181322E-05
  1.495996E+01     6     6  7.956311E+02 -5.396400E-06
  1.427997E+01     1     1  3.131772E+02  1.881341E+00
  1.427997E+01     1     2  4.732040E-04  3.352630E-06
  1.427997E+01     1     3 -1.255562E-03  1.043765E-04
  1.427997E+01     1     4 -2.888406E-03 -1.620431E-05
  1.427997E+01     1     5  1.405868E+03  9.431322E+00
  1.427997E+01     1     6  4.758964E-05  1.556426E-07
  1.427997E+01     2     1 -4.260928E-04 -5.059814E-06
  1.427997E+01     2     2  3.131855E+02  1.881371E+00
  1.427997E+01     2     3 -2.040082E-04  1.677386E-04
  1.427997E+01     2     4 -1.405825E+03 -9.431288E+00
  1.427997E+01     2     5 -3.655471E-03 -2.848199E-05
  1.427997E+01     2     6 -2.734642E-05 -1.777529E-07
  1.427997E+01     3     1 -1.124623E-04 -2.465971E-06
  1.427997E+01     3     2  2.825633E-06 -5.745824E-07
  1.427997E+01     3     3  1.505308E+03  4.293868E+02
  1.427997E+01     3     4  3.922172E-04  1.071667E-05
  1.427997E+01     3     5 -9.781122E-04 -2.489731E-06
  1.427997E+01     3     6  1.750127E-04  4.060136E-06
  1.427997E+01     4     1 -8.388571E-04 -7.351919E-07
  1.427997E+01     4     2 -1.405832E+03 -9.431396E+00
  1.427997E+01     4     3  1.190856E-03  3.767759E-05
  1.427997E+01     4     4  7.598756E+03  4.727872E+01
  1.427997E+01     4     5 -2.626702E-04  4.146411E-05
  1.427997E+01     4     6 -3.629364E-05  4.818247E-07
  1.427997E+01     5     1  1.405842E+03  9.431189E+00
  1.427997E+01     5     2 -6.122105E-04  3.595356E-06
  1.427997E+01     5     3 -2.991714E-03 -5.750824E-04
  1.427997E+01     5     4 -1.884699E-03 -1.343869E-05
  1.427997E+01     5     5  7.598683E+03  4.727953E+01
  1.427997E+01     5     6 -2.401480E-04  4.540395E-07
  1.427997E+01     6     1 -3.335550E-04 -9.892976E-07
  1.427997E+01     6     2 -8.054073E-05  2.028306E-06
  1.427997E+01     6     3  1.633204E-02  5.416214E-03
  1.427997E+01     6     4 -9.849665E-04 -5.624259E-06
  1.427997E+01     6     5  4.227753E-04 -3.517606E-06
  1.427997E+01     6     6  7.958156E+02 -1.038924E-06
  1.365910E+01     1     1  3.150341E+02  2.398451E+00
  1.365910E+01     1     2  2.516892E-04  4.105040E-06
  1.365910E+01     1     3  8.568740E-04 -4.335484E-05
  1.365910E+01     1     4 -2.574985E-03 -3.465802E-05
  1.365910E+01     1     5  1.415551E+03  1.203254E+01
  1.365910E+01     1     6 -8.423793E-06 -2.940669E-07
  1.365910E+01     2     1 -5.945402E-04 -5.974174E-06
  1.365910E+01     2     2  3.150433E+02  2.398480E+00
  1.365910E+01     2     3 -3.583582E-04  1.085456E-04
  1.365910E+01     2     4 -1.415509E+03 -1.203249E+01
  1.365910E+01     2     5 -2.963929E-03 -3.476133E-05
  1.365910E+01     2     6 -5.394223E-06  1.085471E-07
  1.365910E+01     3     1  1.496985E-04 -4.232672E-06
  1.365910E+01     3     2 -3.085537E-04  4.667745E-07
  1.365910E+01     3     3  1.493983E+03  4.564699E+02
  1.365910E+01     3     4 -7.158853E-04  5.389302E-06
  1.365910E+01     3     5  1.147419E-03  1.526515E-05
  1.365910E+01     3     6  1.451960E-04  4.898386E-06
  1.365910E+01     4     1 -4.315171E-04  6.400296E-06
  1.365910E+01     4     2 -1.415515E+03 -1.203243E+01
  1.365910E+01     4     3  4.900560E-03 -2.295189E-04
  1.365910E+01     4     4  7.649370E+03  6.036330E+01
  1.365910E+01     4     5 -1.069218E-03 -2.988614E-06
  1.365910E+01     4     6 -1.160949E-04 -2.367429E-07
  1.365910E+01     5     1  1.415522E+03  1.203228E+01
  1.365910E+01     5     2 -7.456765E-04  8.639297E-06
  1.365910E+01     5     3  1.268499E-03  1.495257E-04
  1.365910E+01     5     4  2.478063E-05 -3.650179E-05
  1.365910E+01     5     5  7.649252E+03  6.036386E+01
  1.365910E+01     5     6  8.181436E-06  1.750686E-08
  1.365910E+01     6     1 -1.611411E-04 -4.171166E-07
  1.365910E+01     6     2 -3.698469E-05  3.665334E-06
  1.365910E+01     6     3  1.503991E-02  6.020395E-03
  1.365910E+01     6     4  2.185405E-04  2.579300E-06
  1.365910E+01     6     5 -9.325748E-04  1.690352E-06
  1.365910E+01     6     6  7.960153E+02 -8.083505E-07
  1.308997E+01     1     1  3.170232E+02  3.037444E+00
  1.308997E+01     1     2  4.993057E-04  6.487558E-06
  1.308997E+01     1     3 -3.646986E-04 -1.051879E-06
  1.308997E+01     1     4 -2.360427E-03 -2.484024E-05
  1.308997E+01     1     5  1.425910E+03  1.525005E+01
  1.308997E+01     1     6  1.790003E-05  1.099100E-07
  1.308997E+01     2     1 -5.920791E-04 -9.000676E-06
  1.308997E+01     2     2  3.170305E+02  3.037502E+00
  1.308997E+01     2     3  8.948852E-04 -1.902059E-04
  1.308997E+01     2     4 -1.425869E+03 -1.524995E+01
  1.308997E+01     2     5 -2.941333E-03 -3.471913E-05
  1.308997E+01     2     6 -2.641231E-05 -1.468882E-07
  1.308997E+01     3     1  5.863560E-05 -2.594184E-06
  1.308997E+01     3     2 -2.150023E-04 -3.740715E-07
  1.308997E+01     3     3  1.479917E+03  4.831665E+02
  1.308997E+01     3     4  4.953668E-04 -7.124967E-06
  1.308997E+01     3     5  1.028851E-04  6.032729E-06
  1.308997E+01     3     6  1.606159E-04  3.250749E-06
  1.308997E+01     4     1  2.942048E-05  1.116248E-06
  1.308997E+01     4     2 -1.425878E+03 -1.524999E+01
  1.308997E+01     4     3  1.471907E-03 -8.325912E-04
  1.308997E+01     4     4  7.703618E+03  7.656362E+01
  1.308997E+01     4     5  8.333400E-04  2.510322E-05
  1.308997E+01     4     6 -2.806098E-04  4.464769E-07
  1.308997E+01     5     1  1.425893E+03  1.524990E+01
  1.308997E+01     5     2 -1.394209E-03  6.412127E-06
  1.308997E+01     5     3 -1.546696E-03 -9.436347E-05
  1.308997E+01     5     4  1.771450E-04 -3.132969E-06
  1.308997E+01     5     5  7.703446E+03  7.656341E+01
  1.308997E+01     5     6 -1.767413E-04 -8.437502E-07
  1.308997E+01     6     1 -1.960173E-04  7.299249E-07
  1.308997E+01     6     2 -9.657442E-05  2.182786E-07
  1.308997E+01     6     3  1.785071E-02  8.685151E-03
  1.308997E+01     6     4  1.043380E-04 -1.819897E-05
  1.308997E+01     6     5  5.325674E-04  5.703421E-06
  1.308997E+01     6     6  7.962213E+02 -2.303761E-06
  1.256637E+01     1     1  3.191377E+02  3.817340E+00
  1.256637E+01     1     2  3.294773E-04  9.187894E-06
  1.256637E+01     1     3  1.700916E-04  4.472627E-04
  1.256637E+01     1     4 -3.274008E-03 -4.010578E-05
  1.256637E+01     1     5  1.436936E+03  1.918085E+01
  1.256637E+01     1     6 -1.003499E-05 -2.791940E-07
  1.256637E+01     2     1 -5.762475E-04 -1.040195E-05
  1.256637E+01     2     2  3.191460E+02  3.817375E+00
  1.256637E+01     2     3 -5.188575E-05  1.009441E-04
  1.256637E+01     2     4 -1.436907E+03 -1.918081E+01
  1.256637E+01     2     5 -3.817774E-03 -5.700565E-05
  1.256637E+01     2     6  1.998712E-05 -1.010792E-07
  1.256637E+01     3     1 -2.286690E-04 -2.894194E-06
  1.256637E+01     3     2  1.554359E-04 -6.547052E-06
  1.256637E+01     3     3  1.463216E+03  5.089395E+02
  1.256637E+01     3     4  1.586210E-03 -1.618022E-05
  1.256637E+01     3     5 -2.244750E-03 -1.205615E-05
  1.256637E+01     3     6  1.080576E-04  8.184058E-06
  1.256637E+01     4     1 -8.499529E-04  1.399778E-06
  1.256637E+01     4     2 -1.436913E+03 -1.918103E+01
  1.256637E+01     4     3  1.317337E-03 -4.085973E-04
  1.256637E+01     4     4  7.761262E+03  9.637469E+01
  1.256637E+01     4     5 -4.231110E-04  4.900061E-05
  1.256637E+01     4     6 -2.635936E-04 -6.790623E-07
  1.256637E+01     5     1  1.436922E+03  1.918067E+01
  1.256637E+01     5     2 -1.135344E-03  9.654323E-07
  1.256637E+01     5     3 -2.354041E-03  1.240660E-03
  1.256637E+01     5     4  4.739761E-04 -5.068816E-05
  1.256637E+01     5     5  7.761107E+03  9.637623E+01
  1.256637E+01     5     6 -7.184246E-05  3.604049E-07
  1.256637E+01     6     1  2.622604E-05  5.242994E-06
  1.256637E+01     6     2  5.878512E-05  8.870846E-07
  1.256637E+01     6     3  1.670103E-02  6.642348E-03
  1.256637E+01     6     4  1.144290E-03 -2.684165E-05
  1.256637E+01     6     5 -1.493991E-04  2.421348E-08
  1.256637E+01     6     6  7.964364E+02  5.252693E-06
  1.208305E+01     1     1  3.213744E+02  4.757414E+00
  1.208305E+01     1     2  4.050198E-04  9.833493E-06
  1.208305E+01     1     3  2.428304E-04 -2.630556E-05
  1.208305E+01     1     4 -2.802385E-03 -6.039141E-05
  1.208305E+01     1     5  1.448615E+03  2.392435E+01
  1.208305E+01     1     6  4.350205E-05  6.684286E-07
  1.208305E+01     2     1 -6.125833E-04 -1.008558E-05
  1.208305E+01     2     2  3.213820E+02  4.757486E+00
  1.208305E+01     2     3 -3.114529E-04 -2.169236E-04
  1.208305E+01     2     4 -1.448580E+03 -2.392432E+01
  1.208305E+01     2     5 -3.740388E-03 -7.367694E-05
  1.208305E+01     2     6 -1.444574E-05 -4.604216E-07
  1.208305E+01     3     1 -4.830472E-04 -1.366298E-05
  1.208305E+01     3     2 -3.150571E-04  2.993344E-06
  1.208305E+01     3     3  1.444219E+03  5.333409E+02
  1.208305E+01     3     4 -6.831028E-04  1.687388E-05
  1.208305E+01     3     5 -2.566725E-03  1.519485E-05
  1.208305E+01     3     6  1.762293E-04  4.686398E-06
  1.208305E+01     4     1 -6.045401E-04  5.689508E-07
  1.208305E+01     4     2 -1.448572E+03 -2.392389E+01
  1.208305E+01     4     3  1.718849E-04  3.517531E-04
  1.208305E+01     4     4  7.822339E+03  1.203103E+02
  1.208305E+01     4     5 -1.737252E-03  7.694692E-05
  1.208305E+01     4     6  3.857305E-05  1.287472E-06
  1.208305E+01     5     1  1.448599E+03  2.392392E+01
  1.208305E+01     5     2  7.151067E-05  1.100879E-05
  1.208305E+01     5     3  3.160462E-03  9.603426E-04
  1.208305E+01     5     4 -1.180813E-03 -7.992564E-05
  1.208305E+01     5     5  7.822257E+03  1.203107E+02
  1.208305E+01     5     6  4.461904E-04  1.400702E-06
  1.208305E+01     6     1 -3.918856E-04  1.488254E-06
  1.208305E+01     6     2 -1.401008E-04  2.200015E-06
  1.208305E+01     6     3  1.596469E-02  8.385791E-03
  1.208305E+01     6     4 -1.137853E-03 -9.669924E-06
  1.208305E+01     6     5 -8.566974E-04  3.184654E-05
  1.208305E+01     6     6  7.966651E+02 -5.412746E-06
  1.163553E+01     1     1  3.237217E+02  5.877218E+00
  1.163553E+01     1     2  4.802241E-04  1.000769E-05
  1.163553E+01     1     3  3.073085E-04  4.246767E-04
  1.163553E+01     1     4 -2.419455E-03 -6.257105E-05
  1.163553E+01     1     5  1.460897E+03  2.958094E+01
  1.163553E+01     1     6  2.443138E-05  5.737492E-08
  1.163553E+01     2     1 -3.912874E-04 -1.266629E-05
  1.163553E+01     2     2  3.237330E+02  5.877291E+00
  1.163553E+01     2     3 -4.394611E-04 -1.625362E-04
  1.163553E+01     2     4 -1.460868E+03 -2.958096E+01
  1.163553E+01     2     5 -3.565598E-03 -8.076117E-05
  1.163553E+01     2     6  8.838248E-06 -3.757355E-07
  1.163553E+01     3     1 -4.515974E-04 -1.515529E-05
  1.163553E+01     3     2  2.397858E-04 -4.445785E-06
  1.163553E+01     3     3  1.423229E+03  5.560499E+02
  1.163553E+01     3     4 -5.020238E-04  5.657319E-05
  1.163553E+01     3     5  7.141195E-04  1.422543E-05
  1.163553E+01     3     6  1.716295E-04  6.900929E-06
  1.163553E+01     4     1 -9.863898E-04 -2.335786E-06
  1.163553E+01     4     2 -1.460864E+03 -2.958088E+01
  1.163553E+01     4     3 -1.653418E-03  5.871058E-05
  1.163553E+01     4     4  7.886700E+03  1.488852E+02
  1.163553E+01     4     5 -2.256110E-03  9.505148E-05
  1.163553E+01     4     6 -2.171379E-06  7.212954E-07
  1.163553E+01     5     1  1.460875E+03  2.958068E+01
  1.163553E+01     5     2 -8.693729E-04 -7.646217E-06
  1.163553E+01     5     3 -9.880364E-04 -2.576262E-04
  1.163553E+01     5     4 -8.309484E-04 -1.394858E-04
  1.163553E+01     5     5  7.886594E+03  1.488830E+02
  1.163553E+01     5     6  3.309839E-04  2.580306E-07
  1.163553E+01     6     1 -1.378134E-04  5.360697E-06
  1.163553E+01     6     2 -9.775146E-06  3.196298E-06
  1.163553E+01     6     3  1.772542E-02  8.474045E-03
  1.163553E+01     6     4 -1.003742E-04  4.069320E-05
  1.163553E+01     6     5 -1.723289E-03 -6.100157E-07
  1.163553E+01     6     6  7.968984E+02 -1.032598E-06
  1.121997E+01     1     1  3.261766E+02  7.196360E+00
  1.121997E+01     1     2  4.746143E-04  1.649510E-05
  1.121997E+01     1     3 -9.470152E-04 -2.040874E-04
  1.121997E+01     1     4 -2.312920E-03 -6.594769E-05
  1.121997E+01     1     5  1.473734E+03  3.625211E+01
  1.121997E+01     1     6  4.083569E-05  3.018939E-07
  1.121997E+01     2     1 -3.241888E-04 -2.191641E-05
  1.121997E+01     2     2  3.261853E+02  7.196420E+00
  1.121997E+01     2     3 -5.488023E-04  2.586766E-04
  1.121997E+01     2     4 -1.473697E+03 -3.625219E+01
  1.121997E+01     2     5 -3.804200E-03 -9.309749E-05
  1.121997E+01     2     6  2.188702E-05 -8.713192E-08
  1.121997E+01     3     1 -7.346040E-05  3.906098E-06
  1.121997E+01     3     2 -1.461599E-04 -1.921027E-06
  1.121997E+01     3     3  1.400691E+03  5.768760E+02
  1.121997E+01     3     4  1.038052E-04  9.252224E-06
  1.121997E+01     3     5  1.572426E-03 -4.195515E-05
  1.121997E+01     3     6  2.549856E-04  4.002993E-06
  1.121997E+01     4     1 -4.529152E-04  1.552276E-05
  1.121997E+01     4     2 -1.473708E+03 -3.625266E+01
  1.121997E+01     4     3 -1.736864E-03 -1.465194E-04
  1.121997E+01     4     4  7.954075E+03  1.826205E+02
  1.121997E+01     4     5  1.846872E-03  1.426509E-04
  1.121997E+01     4     6  9.906199E-05 -8.333282E-07
  1.121997E+01     5     1  1.473714E+03  3.625207E+01
  1.121997E+01     5     2 -2.887137E-04 -5.174777E-06
  1.121997E+01     5     3  4.332654E-03  1.186863E-03
  1.121997E+01     5     4 -2.268016E-03 -7.167924E-06
  1.121997E+01     5     5  7.953936E+03  1.826225E+02
  1.121997E+01     5     6 -3.210215E-04 -4.181263E-07
  1.121997E+01     6     1 -4.716218E-05 -2.763233E-06
  1.121997E+01     6     2  1.645087E-05 -2.033077E-06
  1.121997E+01     6     3  1.673083E-02  7.553561E-03
  1.121997E+01     6     4  8.475789E-05  3.549642E-05
  1.121997E+01     6     5 -7.324812E-04 -1.843086E-05
  1.121997E+01     6     6  7.971458E+02 -1.458265E-05
  1.083308E+01     1     1  3.287206E+02  8.734407E+00
  1.083308E+01     1     2  5.911949E-04  2.008354E-05
  1.083308E+01     1     3 -9.293437E-05 -1.435368E-04
  1.083308E+01     1     4 -3.095197E-03 -8.932427E-05
  1.083308E+01     1     5  1.487059E+03  4.404070E+01
  1.083308E+01     1     6 -3.109220E-05 -1.840466E-07
  1.083308E+01     2     1 -4.856895E-04 -2.306330E-05
  1.083308E+01     2     2  3.287291E+02  8.734528E+00
  1.083308E+01     2     3  2.656839E-04  1.930705E-04
  1.083308E+01     2     4 -1.487023E+03 -4.404074E+01
  1.083308E+01     2     5 -3.403934E-03 -1.338097E-04
  1.083308E+01     2     6 -2.480577E-05 -3.037963E-07
  1.083308E+01     3     1 -4.022121E-04 -4.562404E-06
  1.083308E+01     3     2 -2.610544E-04 -7.700612E-06
  1.083308E+01     3     3  1.376956E+03  5.957162E+02
  1.083308E+01     3     4  1.651976E-03  8.498447E-05
  1.083308E+01     3     5 -4.238635E-05  7.995142E-05
  1.083308E+01     3     6  2.529076E-05  9.331058E-07
  1.083308E+01     4     1  5.312264E-06 -5.780952E-06
  1.083308E+01     4     2 -1.487033E+03 -4.404034E+01
  1.083308E+01     4     3 -4.304886E-03  1.097642E-03
  1.083308E+01     4     4  8.024062E+03  2.220582E+02
  1.083308E+01     4     5 -2.119631E-03  3.963104E-05
  1.083308E+01     4     6  1.720204E-04  1.760496E-08
  1.083308E+01     5     1  1.487045E+03  4.403992E+01
  1.083308E+01     5     2  4.002973E-04 -2.174056E-07
  1.083308E+01     5     3 -4.885122E-04  1.051929E-03
  1.083308E+01     5     4  2.593085E-03 -1.313961E-04
  1.083308E+01     5     5  8.023969E+03  2.220609E+02
  1.083308E+01     5     6  2.580550E-04 -1.352141E-06
  1.083308E+01     6     1  1.840815E-04 -6.167681E-06
  1.083308E+01     6     2  1.756847E-04  2.710149E-06
  1.083308E+01     6     3  1.493976E-02  1.023406E-02
  1.083308E+01     6     4 -2.193453E-05  1.752937E-05
  1.083308E+01     6     5  1.404642E-03 -1.034327E-05
  1.083308E+01     6     6  7.974050E+02  1.979601E-06
  1.047198E+01     1     1  3.313395E+02  1.051113E+01
  1.047198E+01     1     2  4.797145E-04  2.349953E-05
  1.047198E+01     1     3 -4.404587E-04  7.962814E-05
  1.047198E+01     1     4 -3.010793E-03 -1.178420E-04
  1.047198E+01     1     5  1.500817E+03  5.304937E+01
  1.047198E+01     1     6  2.629126E-06 -4.964739E-08
  1.047198E+01     2     1 -6.376444E-04 -2.751460E-05
  1.047198E+01     2     2  3.313499E+02  1.051135E+01
  1.047198E+01     2     3  6.955600E-04  8.698559E-06
  1.047198E+01     2     4 -1.500779E+03 -5.304921E+01
  1.047198E+01     2     5 -3.255237E-03 -1.535517E-04
  1.047198E+01     2     6 -2.093706E-05 -4.006139E-07
  1.047198E+01     3     1 -4.096073E-04 -1.437184E-05
  1.047198E+01     3     2  1.583518E-04  1.198598E-05
  1.047198E+01     3     3  1.352330E+03  6.125706E+02
  1.047198E+01     3     4  1.016807E-03 -2.441555E-05
  1.047198E+01     3     5  1.008624E-03 -4.988757E-05
  1.047198E+01     3     6  9.959063E-05  8.960717E-06
  1.047198E+01     4     1 -1.196951E-03  1.571863E-05
  1.047198E+01     4     2 -1.500790E+03 -5.304862E+01
  1.047198E+01     4     3  1.009986E-03 -5.566701E-04
  1.047198E+01     4     4  8.096449E+03  2.677324E+02
  1.047198E+01     4     5 -8.086041E-04  7.723458E-05
  1.047198E+01     4     6  1.519159E-04  3.750883E-06
  1.047198E+01     5     1  1.500796E+03  5.304871E+01
  1.047198E+01     5     2 -1.653545E-04 -2.489588E-05
  1.047198E+01     5     3 -3.485605E-04 -5.195290E-05
  1.047198E+01     5     4  4.486635E-03 -6.999401E-05
  1.047198E+01     5     5  8.096334E+03  2.677353E+02
  1.047198E+01     5     6  5.683582E-05 -2.076967E-07
  1.047198E+01     6     1  2.136828E-05 -2.959741E-06
  1.047198E+01     6     2  6.105008E-05  4.648232E-06
  1.047198E+01     6     3  1.612011E-02  9.918142E-03
  1.047198E+01     6     4  2.276899E-05 -4.062057E-05
  1.047198E+01     6     5 -3.851948E-04 -7.959089E-06
  1.047198E+01     6     6  7.976700E+02  7.402627E-06
  1.013417E+01     1     1  3.340175E+02  1.254574E+01
  1.013417E+01     1     2  6.164942E-04  3.043048E-05
  1.013417E+01     1     3  5.734909E-04 -1.430037E-04
  1.013417E+01     1     4 -1.968000E-03 -1.521938E-04
  1.013417E+01     1     5  1.514917E+03  6.337904E+01
  1.013417E+01     1     6  7.192604E-05 -2.096827E-07
  1.013417E+01     2     1 -7.871913E-04 -3.511085E-05
  1.013417E+01     2     2  3.340283E+02  1.254595E+01
  1.013417E+01     2     3  4.013106E-04  9.598961E-05
  1.013417E+01     2     4 -1.514875E+03 -6.337900E+01
  1.013417E+01     2     5 -3.483745E-03 -1.777719E-04
  1.013417E+01     2     6  1.089685E-04  1.941496E-07
  1.013417E+01     3     1 -4.023006E-04 -1.809759E-05
  1.013417E+01     3     2  1.567872E-04 -2.228597E-06
  1.013417E+01     3     3  1.327105E+03  6.274725E+02
  1.013417E+01     3     4 -5.340986E-04 -6.534741E-05
  1.013417E+01     3     5 -3.750995E-05  3.099279E-05
  1.013417E+01     3     6  8.124532E-05  2.390296E-06
  1.013417E+01     4     1 -1.804512E-04  3.247499E-05
  1.013417E+01     4     2 -1.514885E+03 -6.337894E+01
  1.013417E+01     4     3 -9.358972E-04 -3.750026E-04
  1.013417E+01     4     4  8.170782E+03  3.201768E+02
  1.013417E+01     4     5 -4.058808E-03  3.033024E-04
  1.013417E+01     4     6  3.591236E-04 -2.117037E-07
  1.013417E+01     5     1  1.514891E+03  6.337877E+01
  1.013417E+01     5     2 -4.421342E-04  4.219962E-05
  1.013417E+01     5     3  2.015904E-04  2.141099E-03
  1.013417E+01     5     4  4.938141E-03 -1.163557E-04
  1.013417E+01     5     5  8.170682E+03  3.201754E+02
  1.013417E+01     5     6 -7.487228E-05 -5.978996E-08
  1.013417E+01     6     1 -1.607240E-04 -6.812625E-07
  1.013417E+01     6     2 -2.036393E-04 -8.976089E-06
  1.013417E+01     6     3  1.476970E-02  1.223141E-02
  1.013417E+01     6     4  2.258718E-03 -1.013838E-04
  1.013417E+01     6     5 -2.417236E-03  5.596499E-05
  1.013417E+01     6     6  7.979496E+02 -6.062518E-06
  9.817478E+00     1     1  3.367339E+02  1.485688E+01
  9.817478E+00     1     2  7.166734E-04  2.475358E-05
  9.817478E+00     1     3 -9.332129E-04  4.490168E-04
  9.817478E+00     1     4 -3.222231E-03 -1.623307E-04
  9.817478E+00     1     5  1.529234E+03  7.512953E+01
  9.817478E+00     1     6 -2.380926E-05 -2.434074E-07
  9.817478E+00     2     1 -6.487607E-04 -4.622564E-05
  9.817478E+00     2     2  3.367429E+02  1.485708E+01
  9.817478E+00     2     3  1.806803E-04  2.599284E-04
  9.817478E+00     2     4 -1.529194E+03 -7.512901E+01
  9.817478E+00     2     5 -3.763193E-03 -2.206157E-04
  9.817478E+00     2     6  3.600958E-05  2.722286E-08
  9.817478E+00     3     1 -1.188344E-04 -9.475247E-06
  9.817478E+00     3     2 -2.290327E-04  7.484981E-06
  9.817478E+00     3     3  1.301519E+03  6.405150E+02
  9.817478E+00     3     4 -1.485717E-03  4.542945E-05
  9.817478E+00     3     5 -6.302670E-04  1.088355E-05
  9.817478E+00     3     6  2.961350E-05  3.948968E-06
  9.817478E+00     4     1 -8.229744E-04 -2.037128E-05
  9.817478E+00     4     2 -1.529188E+03 -7.512914E+01
  9.817478E+00     4     3 -8.549839E-04 -4.472062E-04
  9.817478E+00     4     4  8.246470E+03  3.799129E+02
  9.817478E+00     4     5  1.145303E-04  2.060821E-04
  9.817478E+00     4     6 -3.938377E-05 -1.373691E-07
  9.817478E+00     5     1  1.529203E+03  7.512837E+01
  9.817478E+00     5     2 -1.353100E-04 -4.260219E-06
  9.817478E+00     5     3  1.183875E-03  1.511373E-03
  9.817478E+00     5     4  6.073415E-04 -7.718382E-05
  9.817478E+00     5     5  8.246362E+03  3.799128E+02
  9.817478E+00     5     6 -9.434554E-05 -9.177390E-07
  9.817478E+00     6     1  1.220926E-04 -6.821004E-06
  9.817478E+00     6     2 -9.083001E-05 -6.663618E-06
  9.817478E+00     6     3  1.594585E-02  1.172157E-02
  9.817478E+00     6     4  3.168582E-04  8.461250E-05
  9.817478E+00     6     5  1.425892E-03 -4.946068E-05
  9.817478E+00     6     6  7.982375E+02 -3.699307E-06
  9.519979E+00     1     1  3.394613E+02  1.746166E+01
  9.519979E+00     1     2  3.608300E-04  3.919368E-05
  9.519979E+00     1     3  3.777278E-04  1.053414E-04
  9.519979E+00     1     4 -2.923725E-03 -2.400339E-04
  9.519979E+00     1     5  1.543660E+03  8.839143E+01
  9.519979E+00     1     6 -1.277590E-05  1.084326E-06
  9.519979E+00     2     1 -5.923007E-04 -4.921703E-05
  9.519979E+00     2     2  3.394711E+02  1.746192E+01
  9.519979E+00     2     3  2.345071E-04  3.931597E-04
  9.519979E+00     2     4 -1.543628E+03 -8.839165E+01
  9.519979E+00     2     5 -3.308024E-03 -2.893369E-04
  9.519979E+00     2     6  2.527517E-05  5.604206E-07
  9.519979E+00     3     1  4.269634E-04 -1.990388E-05
  9.519979E+00     3     2 -1.720740E-04 -1.401466E-06
  9.519979E+00     3     3  1.275783E+03  6.517906E+02
  9.519979E+00     3     4  9.485371E-04 -2.659624E-05
  9.519979E+00     3     5 -1.324110E-03  1.016022E-04
  9.519979E+00     3     6  5.393976E-05  4.009515E-06
  9.519979E+00     4     1 -6.652065E-05  2.995867E-05
  9.519979E+00     4     2 -1.543629E+03 -8.839137E+01
  9.519979E+00     4     3 -3.597349E-03 -4.975349E-04
  9.519979E+00     4     4  8.322930E+03  4.474326E+02
  9.519979E+00     4     5  1.601741E-03  1.548287E-04
  9.519979E+00     4     6 -4.713144E-05 -1.436424E-06
  9.519979E+00     5     1  1.543635E+03  8.839079E+01
  9.519979E+00     5     2 -4.168432E-04 -1.213374E-05
  9.519979E+00     5     3  5.686507E-04 -7.519983E-04
  9.519979E+00     5     4 -2.191365E-03 -3.122929E-04
  9.519979E+00     5     5  8.322794E+03  4.474382E+02
  9.519979E+00     5     6 -9.656837E-05  2.755465E-06
  9.519979E+00     6     1 -2.219529E-04  7.340683E-06
  9.519979E+00     6     2 -6.631768E-05 -3.411437E-05
  9.519979E+00     6     3  1.560930E-02  9.774445E-03
  9.519979E+00     6     4  1.954077E-03 -8.141246E-05
  9.519979E+00     6     5  2.536776E-04 -1.054629E-05
  9.519979E+00     6     6  7.985422E+02 -8.808135E-06
  9.239980E+00     1     1  3.421704E+02  2.037557E+01
  9.239980E+00     1     2  4.690728E-04  4.449421E-05
  9.239980E+00     1     3 -3.244886E-04 -1.777144E-04
  9.239980E+00     1     4 -2.777009E-03 -2.935926E-04
  9.239980E+00     1     5  1.558045E+03  1.032493E+02
  9.239980E+00     1     6 -3.470296E-05  1.079379E-07
  9.239980E+00     2     1 -6.624449E-04 -5.641165E-05
  9.239980E+00     2     2  3.421812E+02  2.037578E+01
  9.239980E+00     2     3 -3.688820E-04 -7.044519E-06
  9.239980E+00     2     4 -1.558005E+03 -1.032491E+02
  9.239980E+00     2     5 -3.939652E-03 -3.038970E-04
  9.239980E+00     2     6 -1.079999E-04 -1.099450E-06
  9.239980E+00     3     1 -6.450405E-04 -2.789297E-05
  9.239980E+00     3     2  4.642922E-05 -4.192581E-06
  9.239980E+00     3     3  1.250040E+03  6.613875E+02
  9.239980E+00     3     4  4.497580E-04  7.695402E-05
  9.239980E+00     3     5 -8.202363E-04  1.070672E-05
  9.239980E+00     3     6  5.917542E-05  5.298321E-06
  9.239980E+00     4     1 -6.855670E-04  5.905109E-05
  9.239980E+00     4     2 -1.558009E+03 -1.032486E+02
  9.239980E+00     4     3 -1.385003E-03 -1.207821E-03
  9.239980E+00     4     4  8.399515E+03  5.231957E+02
  9.239980E+00     4     5  2.901107E-03  2.486883E-04
  9.239980E+00     4     6  1.786174E-04  5.147709E-06
  9.239980E+00     5     1  1.558022E+03  1.032484E+02
  9.239980E+00     5     2 -8.484703E-04  1.593027E-05
  9.239980E+00     5     3 -4.030675E-03 -1.035914E-03
  9.239980E+00     5     4 -3.971502E-03 -2.069725E-04
  9.239980E+00     5     5  8.399360E+03  5.231938E+02
  9.239980E+00     5     6 -4.194172E-04  2.379662E-06
  9.239980E+00     6     1  2.146436E-04  1.410861E-05
  9.239980E+00     6     2 -9.112067E-05  2.308098E-05
  9.239980E+00     6     3  1.392055E-02  1.193456E-02
  9.239980E+00     6     4  6.061793E-04 -4.769863E-05
  9.239980E+00     6     5  8.949041E-04  3.735350E-05
  9.239980E+00     6     6  7.988507E+02  9.643966E-07
  8.975981E+00     1     1  3.448333E+02  2.361091E+01
  8.975981E+00     1     2  4.535714E-04  4.695208E-05
  8.975981E+00     1     3 -3.825275E-04  6.497677E-04
  8.975981E+00     1     4 -3.311523E-03 -2.977532E-04
  8.975981E+00     1     5  1.572230E+03  1.197730E+02
  8.975981E+00     1     6  3.816554E-06  4.071898E-07
  8.975981E+00     2     1 -5.859782E-04 -7.552604E-05
  8.975981E+00     2     2  3.448423E+02  2.361131E+01
  8.975981E+00     2     3 -5.044410E-05 -2.724155E-04
  8.975981E+00     2     4 -1.572185E+03 -1.197732E+02
  8.975981E+00     2     5 -4.333718E-03 -3.890672E-04
  8.975981E+00     2     6  2.544373E-05 -8.812631E-07
  8.975981E+00     3     1  2.020299E-04 -2.424524E-05
  8.975981E+00     3     2 -1.828196E-04 -1.147727E-05
  8.975981E+00     3     3  1.224381E+03  6.694333E+02
  8.975981E+00     3     4 -1.307242E-04  2.183393E-05
  8.975981E+00     3     5  1.218636E-03  4.636985E-05
  8.975981E+00     3     6 -3.052631E-05 -3.543486E-06
  8.975981E+00     4     1 -1.258668E-03  8.407421E-05
  8.975981E+00     4     2 -1.572194E+03 -1.197721E+02
  8.975981E+00     4     3 -1.657248E-03 -9.692237E-04
  8.975981E+00     4     4  8.475166E+03  6.075774E+02
  8.975981E+00     4     5  1.202129E-03  1.620464E-04
  8.975981E+00     4     6 -9.116484E-05  1.320889E-06
  8.975981E+00     5     1  1.572204E+03  1.197723E+02
  8.975981E+00     5     2  1.290869E-04  7.976382E-05
  8.975981E+00     5     3 -4.171900E-03 -1.019005E-03
  8.975981E+00     5     4 -1.791745E-03 -2.862280E-04
  8.975981E+00     5     5  8.475052E+03  6.075805E+02
  8.975981E+00     5     6 -2.425886E-04  1.091085E-07
  8.975981E+00     6     1  7.030371E-05 -1.310373E-06
  8.975981E+00     6     2  6.617605E-05 -8.510420E-06
  8.975981E+00     6     3  1.398334E-02  1.076462E-02
  8.975981E+00     6     4 -6.639960E-05  8.143488E-05
  8.975981E+00     6     5 -1.216024E-03  1.657158E-04
  8.975981E+00     6     6  7.991726E+02  3.926104E-06
  8.726648E+00     1     1  3.474107E+02  2.717706E+01
  8.726648E+00     1     2  5.032503E-04  6.783596E-05
  8.726648E+00     1     3 -2.255773E-04  2.703593E-04
  8.726648E+00     1     4 -3.583232E-03 -2.705301E-04
  8.726648E+00     1     5  1.586044E+03  1.380143E+02
  8.726648E+00     1     6 -6.943098E-05  2.891074E-07
  8.726648E+00     2     1 -5.090147E-04 -7.750650E-05
  8.726648E+00     2     2  3.474221E+02  2.717741E+01
  8.726648E+00     2     3 -4.656131E-04 -1.575574E-04
  8.726648E+00     2     4 -1.585998E+03 -1.380141E+02
  8.726648E+00     2     5 -2.274776E-03 -3.411753E-04
  8.726648E+00     2     6 -3.115271E-06 -1.068857E-07
  8.726648E+00     3     1  2.954453E-04 -1.605245E-05
  8.726648E+00     3     2 -1.452630E-04 -1.371780E-05
  8.726648E+00     3     3  1.198941E+03  6.759983E+02
  8.726648E+00     3     4 -5.473569E-04 -1.054415E-04
  8.726648E+00     3     5 -6.200988E-04  4.542060E-06
  8.726648E+00     3     6  7.038238E-05  4.103057E-06
  8.726648E+00     4     1 -8.487701E-04 -2.368540E-05
  8.726648E+00     4     2 -1.586012E+03 -1.380144E+02
  8.726648E+00     4     3 -1.890354E-03  6.731376E-04
  8.726648E+00     4     4  8.549228E+03  7.008738E+02
  8.726648E+00     4     5 -3.689714E-03  1.463275E-04
  8.726648E+00     4     6  6.112549E-05  4.243345E-06
  8.726648E+00     5     1  1.586017E+03  1.380128E+02
  8.726648E+00     5     2 -9.103678E-05  3.331271E-05
  8.726648E+00     5     3  1.210734E-03  1.822002E-04
  8.726648E+00     5     4 -3.126711E-04 -1.543518E-04
  8.726648E+00     5     5  8.549149E+03  7.008783E+02
  8.726648E+00     5     6 -2.451034E-04  4.637305E-07
  8.726648E+00     6     1  2.590419E-04 -2.326350E-05
  8.726648E+00     6     2 -5.669890E-06  1.532956E-06
  8.726648E+00     6     3  1.435045E-02  1.061263E-02
  8.726648E+00     6     4  6.149411E-04  3.855675E-05
  8.726648E+00     6     5  5.906822E-04 -1.032725E-04
  8.726648E+00     6     6  7.995082E+02  8.844423E-07
  8.490793E+00     1     1  3.498682E+02  3.107849E+01
  8.490793E+00     1     2  5.283221E-04  5.410537E-05
  8.490793E+00     1     3 -6.200233E-05 -2.063518E-04
  8.490793E+00     1     4 -2.349588E-03 -3.813872E-04
  8.490793E+00     1     5  1.599276E+03  1.580040E+02
  8.490793E+00     1     6  2.065580E-05  6.690714E-07
  8.490793E+00     2     1 -8.690521E-04 -9.680117E-05
  8.490793E+00     2     2  3.498788E+02  3.107878E+01
  8.490793E+00     2     3  4.416742E-04  4.127995E-04
  8.490793E+00     2     4 -1.599228E+03 -1.580049E+02
  8.490793E+00     2     5 -3.547186E-03 -4.475410E-04
  8.490793E+00     2     6  3.776232E-05  2.293511E-07
  8.490793E+00     3     1 -2.724822E-04 -7.525936E-05
  8.490793E+00     3     2 -1.204992E-04  2.642151E-05
  8.490793E+00     3     3  1.173789E+03  6.811661E+02
  8.490793E+00     3     4 -1.597788E-03  7.886905E-06
  8.490793E+00     3     5  3.327211E-03 -5.012425E-05
  8.490793E+00     3     6  1.817386E-04 -1.597438E-06
  8.490793E+00     4     1 -6.577875E-04  7.958850E-05
  8.490793E+00     4     2 -1.599225E+03 -1.580037E+02
  8.490793E+00     4     3 -6.072447E-04  3.083795E-05
  8.490793E+00     4     4  8.620652E+03  8.032974E+02
  8.490793E+00     4     5 -4.362315E-04  3.981441E-04
  8.490793E+00     4     6 -6.679632E-04 -2.554080E-06
  8.490793E+00     5     1  1.599239E+03  1.580025E+02
  8.490793E+00     5     2 -6.215051E-04  6.600446E-05
  8.490793E+00     5     3  2.166666E-03 -4.428402E-04
  8.490793E+00     5     4 -1.804158E-03 -2.990589E-04
  8.490793E+00     5     5  8.620511E+03  8.032963E+02
  8.490793E+00     5     6  5.847239E-05  1.460128E-06
  8.490793E+00     6     1 -2.840386E-04 -8.577469E-06
  8.490793E+00     6     2  8.738038E-05  2.367236E-05
  8.490793E+00     6     3  1.445771E-02  1.217046E-02
  8.490793E+00     6     4 -1.593828E-04 -3.092731E-05
  8.490793E+00     6     5  9.270014E-04  1.504347E-04
  8.490793E+00     6     6  7.998553E+02  7.467305E-06
  8.267351E+00     1     1  3.521619E+02  3.531509E+01
  8.267351E+00     1     2  4.913002E-04  9.304796E-05
  8.267351E+00     1     3  1.115067E-04  7.106130E-04
  8.267351E+00     1     4 -3.023857E-03 -3.652917E-04
  8.267351E+00     1     5  1.611720E+03  1.797498E+02
  8.267351E+00     1     6 -3.726688E-05  9.784849E-07
  8.267351E+00     2     1 -4.384707E-04 -9.535452E-05
  8.267351E+00     2     2  3.521729E+02  3.531534E+01
  8.267351E+00     2     3  3.700405E-04  2.161041E-05
  8.267351E+00     2     4 -1.611676E+03 -1.797498E+02
  8.267351E+00     2     5 -4.438366E-03 -4.800094E-04
  8.267351E+00     2     6  4.007014E-05  2.911722E-07
  8.267351E+00     3     1 -1.247977E-04 -5.713111E-05
  8.267351E+00     3     2 -7.769559E-05 -2.935878E-06
  8.267351E+00     3     3  1.148991E+03  6.850403E+02
  8.267351E+00     3     4 -1.063384E-04  2.011969E-04
  8.267351E+00     3     5  5.651154E-04  7.466855E-05
  8.267351E+00     3     6  1.790926E-04 -3.732526E-07
  8.267351E+00     4     1 -4.363135E-04  6.632740E-05
  8.267351E+00     4     2 -1.611683E+03 -1.797487E+02
  8.267351E+00     4     3  1.688614E-03  9.201467E-04
  8.267351E+00     4     4  8.688304E+03  9.148868E+02
  8.267351E+00     4     5  6.778464E-04  4.671523E-04
  8.267351E+00     4     6 -3.943290E-04  2.660859E-06
  8.267351E+00     5     1  1.611690E+03  1.797466E+02
  8.267351E+00     5     2 -4.638545E-04  2.298155E-05
  8.267351E+00     5     3 -1.333684E-03 -6.999373E-04
  8.267351E+00     5     4 -1.661420E-03 -3.238693E-04
  8.267351E+00     5     5  8.688156E+03  9.148951E+02
  8.267351E+00     5     6 -1.632476E-04 -2.151293E-07
  8.267351E+00     6     1 -3.003030E-04 -9.333709E-06
  8.267351E+00     6     2 -2.484398E-04  7.683421E-06
  8.267351E+00     6     3  1.231698E-02  8.958482E-03
  8.267351E+00     6     4 -7.011291E-04 -2.983212E-05
  8.267351E+00     6     5 -3.195107E-04  1.737774E-04
  8.267351E+00     6     6  8.002141E+02  1.198166E-05
  8.055368E+00     1     1  3.542521E+02  3.988057E+01
  8.055368E+00     1     2  4.032028E-04  7.962753E-05
  8.055368E+00     1     3 -3.234239E-04 -7.799760E-05
  8.055368E+00     1     4 -2.668956E-03 -5.973541E-04
  8.055368E+00     1     5  1.623170E+03  2.032264E+02
  8.055368E+00     1     6 -3.565567E-05 -1.335697E-06
  8.055368E+00     2     1 -5.292331E-04 -9.823147E-05
  8.055368E+00     2     2  3.542631E+02  3.988105E+01
  8.055368E+00     2     3 -1.446009E-04  6.783377E-05
  8.055368E+00     2     4 -1.623123E+03 -2.032248E+02
  8.055368E+00     2     5 -3.943930E-03 -6.230891E-04
  8.055368E+00     2     6 -5.030632E-05 -2.851554E-07
  8.055368E+00     3     1 -4.494260E-04 -4.549517E-05
  8.055368E+00     3     2  4.357658E-06 -1.156819E-06
  8.055368E+00     3     3  1.124627E+03  6.876910E+02
  8.055368E+00     3     4 -6.289780E-04  1.383568E-04
  8.055368E+00     3     5 -2.920577E-03 -1.126891E-04
  8.055368E+00     3     6  1.798630E-04 -1.394522E-06
  8.055368E+00     4     1 -7.982980E-04  8.315151E-05
  8.055368E+00     4     2 -1.623127E+03 -2.032249E+02
  8.055368E+00     4     3 -1.895808E-03  1.274832E-03
  8.055368E+00     4     4  8.751068E+03  1.035602E+03
  8.055368E+00     4     5 -4.611686E-04  5.102251E-04
  8.055368E+00     4     6 -4.181080E-04  3.382852E-07
  8.055368E+00     5     1  1.623147E+03  2.032238E+02
  8.055368E+00     5     2  1.600143E-04  1.226084E-04
  8.055368E+00     5     3  3.328800E-03  1.143906E-03
  8.055368E+00     5     4  2.956554E-03 -4.682243E-04
  8.055368E+00     5     5  8.750974E+03  1.035607E+03
  8.055368E+00     5     6 -5.799136E-05 -9.030312E-06
  8.055368E+00     6     1 -4.480631E-04 -8.225452E-06
  8.055368E+00     6     2 -1.974404E-05  8.158381E-06
  8.055368E+00     6     3  1.451890E-02  1.283967E-02
  8.055368E+00     6     4  2.391935E-04  1.248717E-04
  8.055368E+00     6     5 -1.606346E-04  6.541618E-05
  8.055368E+00     6     6  8.005858E+02  3.982156E-06
  7.853984E+00     1     1  3.560945E+02  4.476328E+01
  7.853984E+00     1     2  6.052114E-04  1.237903E-04
  7.853984E+00     1     3 -1.727164E-04 -6.621091E-04
  7.853984E+00     1     4 -2.733783E-03 -4.534336E-04
  7.853984E+00     1     5  1.633394E+03  2.283802E+02
  7.853984E+00     1     6 -2.065021E-05  5.590651E-07
  7.853984E+00     2     1 -4.926748E-04 -1.269092E-04
  7.853984E+00     2     2  3.561026E+02  4.476373E+01
  7.853984E+00     2     3  3.085510E-04 -5.032862E-05
  7.853984E+00     2     4 -1.633362E+03 -2.283798E+02
  7.853984E+00     2     5 -4.105105E-03 -6.554993E-04
  7.853984E+00     2     6 -3.611669E-06 -3.339428E-07
  7.853984E+00     3     1 -4.908289E-04 -3.537576E-05
  7.853984E+00     3     2  2.468294E-04 -2.948008E-05
  7.853984E+00     3     3  1.100733E+03  6.892124E+02
  7.853984E+00     3     4 -1.384839E-04  2.198247E-04
  7.853984E+00     3     5 -1.391422E-03  2.443558E-05
  7.853984E+00     3     6 -1.495807E-04 -5.420856E-06
  7.853984E+00     4     1 -1.658022E-03  1.658823E-04
  7.853984E+00     4     2 -1.633353E+03 -2.283784E+02
  7.853984E+00     4     3 -1.927838E-04  2.899095E-04
  7.853984E+00     4     4  8.807896E+03  1.165174E+03
  7.853984E+00     4     5 -1.173764E-03  7.406939E-04
  7.853984E+00     4     6  4.909933E-06  6.988971E-07
  7.853984E+00     5     1  1.633371E+03  2.283780E+02
  7.853984E+00     5     2 -1.487620E-04  3.249850E-05
  7.853984E+00     5     3 -1.013018E-03  3.880300E-04
  7.853984E+00     5     4  9.601265E-04 -2.050325E-04
  7.853984E+00     5     5  8.807685E+03  1.165170E+03
  7.853984E+00     5     6 -2.081213E-04  1.637030E-06
  7.853984E+00     6     1 -1.710281E-04  5.753716E-06
  7.853984E+00     6     2 -4.241243E-04 -2.440060E-07
  7.853984E+00     6     3  1.067254E-02  8.941087E-03
  7.853984E+00     6     4  1.063943E-04  9.772187E-05
  7.853984E+00     6     5  4.139537E-05  1.648590E-04
  7.853984E+00     6     6  8.009697E+02 -5.682671E-06
  7.662424E+00     1     1  3.576446E+02  4.994437E+01
  7.662424E+00     1     2  4.962987E-04  6.947527E-05
  7.662424E+00     1     3 -2.892583E-04  5.650019E-04
  7.662424E+00     1     4 -3.624794E-03 -5.827432E-04
  7.662424E+00     1     5  1.642179E+03  2.551236E+02
  7.662424E+00     1     6  1.611190E-05  1.137108E-06
  7.662424E+00     2     1 -7.295323E-04 -1.435673E-04
  7.662424E+00     2     2  3.576559E+02  4.994463E+01
  7.662424E+00     2     3  2.651810E-04 -3.130249E-04
  7.662424E+00     2     4 -1.642134E+03 -2.551235E+02
  7.662424E+00     2     5 -3.609460E-03 -6.292355E-04
  7.662424E+00     2     6 -6.030313E-06 -1.752011E-06
  7.662424E+00     3     1 -6.515877E-04  4.450476E-05
  7.662424E+00     3     2  5.231882E-04 -2.245337E-05
  7.662424E+00     3     3  1.077355E+03  6.896632E+02
  7.662424E+00     3     4 -9.691417E-04  8.541252E-05
  7.662424E+00     3     5  3.964342E-04  3.391718E-04
  7.662424E+00     3     6 -2.704666E-05 -9.499604E-06
  7.662424E+00     4     1 -8.469224E-04  9.649852E-05
  7.662424E+00     4     2 -1.642148E+03 -2.551233E+02
  7.662424E+00     4     3  2.157167E-04  1.109958E-03
  7.662424E+00     4     4  8.857443E+03  1.303201E+03
  7.662424E+00     4     5 -1.179002E-03  1.371533E-03
  7.662424E+00     4     6 -1.423312E-04  7.310598E-06
  7.662424E+00     5     1  1.642153E+03  2.551221E+02
  7.662424E+00     5     2 -1.797546E-04  1.105340E-04
  7.662424E+00     5     3  1.125157E-03 -5.285405E-04
  7.662424E+00     5     4  1.300842E-03 -8.578598E-04
  7.662424E+00     5     5  8.857290E+03  1.303201E+03
  7.662424E+00     5     6  4.026340E-06  3.516811E-06
  7.662424E+00     6     1  1.072511E-04  4.842781E-08
  7.662424E+00     6     2 -8.791690E-05  4.182010E-05
  7.662424E+00     6     3  1.299994E-02  1.237848E-02
  7.662424E+00     6     4 -9.509322E-04  1.281201E-04
  7.662424E+00     6     5  7.515549E-04 -8.681409E-05
  7.662424E+00     6     6  8.013699E+02 -3.051151E-06
  7.479985E+00     1     1  3.588652E+02  5.539857E+01
  7.479985E+00     1     2  4.135918E-04  1.069733E-04
  7.479985E+00     1     3  5.168911E-04 -8.451188E-05
  7.479985E+00     1     4 -3.877460E-03 -6.543192E-04
  7.479985E+00     1     5  1.649302E+03  2.833370E+02
  7.479985E+00     1     6 -5.528986E-05 -1.217649E-06
  7.479985E+00     2     1 -7.109801E-04 -1.417107E-04
  7.479985E+00     2     2  3.588758E+02  5.539928E+01
  7.479985E+00     2     3 -1.061261E-04  5.766267E-04
  7.479985E+00     2     4 -1.649265E+03 -2.833367E+02
  7.479985E+00     2     5 -4.042989E-03 -8.947357E-04
  7.479985E+00     2     6 -5.109330E-05 -3.256377E-06
  7.479985E+00     3     1 -3.245943E-04  3.650552E-06
  7.479985E+00     3     2 -9.356346E-05  6.115111E-05
  7.479985E+00     3     3  1.054536E+03  6.891232E+02
  7.479985E+00     3     4  1.563091E-03 -1.297221E-04
  7.479985E+00     3     5 -2.331045E-04  6.522192E-05
  7.479985E+00     3     6  8.839415E-06 -7.741488E-06
  7.479985E+00     4     1 -8.262862E-04  8.806679E-05
  7.479985E+00     4     2 -1.649267E+03 -2.833352E+02
  7.479985E+00     4     3  1.395047E-04 -5.902350E-05
  7.479985E+00     4     4  8.898790E+03  1.449113E+03
  7.479985E+00     4     5 -4.099086E-04  1.316162E-03
  7.479985E+00     4     6 -2.006302E-04  1.753331E-05
  7.479985E+00     5     1  1.649281E+03  2.833341E+02
  7.479985E+00     5     2 -8.715447E-04  1.646532E-05
  7.479985E+00     5     3 -5.682260E-04 -1.535937E-04
  7.479985E+00     5     4  3.056228E-04 -2.286546E-04
  7.479985E+00     5     5  8.898675E+03  1.449106E+03
  7.479985E+00     5     6 -8.980185E-05 -3.762328E-06
  7.479985E+00     6     1 -2.205746E-04  1.959318E-05
  7.479985E+00     6     2 -1.097620E-04 -7.319824E-05
  7.479985E+00     6     3  1.485056E-02  1.293963E-02
  7.479985E+00     6     4 -9.319189E-04  8.136047E-06
  7.479985E+00     6     5  1.255751E-03  1.986474E-04
  7.479985E+00     6     6  8.017787E+02 -2.852493E-06
  7.306032E+00     1     1  3.597173E+02  6.109410E+01
  7.306032E+00     1     2  5.509317E-04  1.472256E-04
  7.306032E+00     1     3  4.043845E-04  4.343411E-04
  7.306032E+00     1     4 -2.901325E-03 -9.517001E-04
  7.306032E+00     1     5  1.654572E+03  3.128621E+02
  7.306032E+00     1     6 -9.974459E-06  1.201996E-06
  7.306032E+00     2     1 -6.980816E-04 -1.813481E-04
  7.306032E+00     2     2  3.597284E+02  6.109467E+01
  7.306032E+00     2     3 -3.711988E-04  5.894488E-04
  7.306032E+00     2     4 -1.654526E+03 -3.128618E+02
  7.306032E+00     2     5 -3.897068E-03 -8.119108E-04
  7.306032E+00     2     6 -1.573005E-05 -1.829283E-06
  7.306032E+00     3     1 -5.773129E-05 -5.375710E-06
  7.306032E+00     3     2 -2.977587E-04 -4.366064E-05
  7.306032E+00     3     3  1.032313E+03  6.876674E+02
  7.306032E+00     3     4 -1.929104E-03 -4.016133E-04
  7.306032E+00     3     5 -1.730790E-03  7.962156E-05
  7.306032E+00     3     6  9.942218E-06 -1.302770E-05
  7.306032E+00     4     1 -1.709953E-03  1.608999E-05
  7.306032E+00     4     2 -1.654534E+03 -3.128608E+02
  7.306032E+00     4     3 -2.492957E-03  1.488850E-03
  7.306032E+00     4     4  8.930772E+03  1.602121E+03
  7.306032E+00     4     5 -2.477340E-03  9.865444E-04
  7.306032E+00     4     6  4.562968E-05  9.784402E-06
  7.306032E+00     5     1  1.654533E+03  3.128591E+02
  7.306032E+00     5     2 -6.874837E-04  1.623016E-04
  7.306032E+00     5     3  6.262735E-04  1.569606E-03
  7.306032E+00     5     4  4.032254E-04 -4.851166E-04
  7.306032E+00     5     5  8.930655E+03  1.602124E+03
  7.306032E+00     5     6  6.032246E-04  4.379382E-06
  7.306032E+00     6     1 -7.003501E-07  3.023632E-05
  7.306032E+00     6     2 -5.254001E-04  5.522369E-05
  7.306032E+00     6     3  1.218388E-02  9.750937E-03
  7.306032E+00     6     4 -1.294911E-03 -3.339201E-04
  7.306032E+00     6     5  4.714726E-05  2.689064E-04
  7.306032E+00     6     6  8.022028E+02 -4.106485E-06
  7.139986E+00     1     1  3.601664E+02  6.699319E+01
  7.139986E+00     1     2  4.772416E-04  1.685381E-04
  7.139986E+00     1     3 -1.688970E-04  5.277680E-04
  7.139986E+00     1     4 -2.715184E-03 -8.207449E-04
  7.139986E+00     1     5  1.657794E+03  3.435118E+02
  7.139986E+00     1     6 -4.456286E-05 -1.636804E-06
  7.139986E+00     2     1 -7.253543E-04 -1.936658E-04
  7.139986E+00     2     2  3.601784E+02  6.699431E+01
  7.139986E+00     2     3 -1.052171E-04  4.023796E-04
  7.139986E+00     2     4 -1.657754E+03 -3.435112E+02
  7.139986E+00     2     5 -3.789489E-03 -8.704604E-04
  7.139986E+00     2     6 -3.937628E-06 -2.384788E-06
  7.139986E+00     3     1 -2.002236E-04  6.121339E-05
  7.139986E+00     3     2 -3.061946E-04 -3.357744E-05
  7.139986E+00     3     3  1.010698E+03  6.853574E+02
  7.139986E+00     3     4  1.047403E-04  1.549162E-05
  7.139986E+00     3     5 -8.700378E-04  3.761337E-04
  7.139986E+00     3     6 -9.617547E-05 -7.996828E-06
  7.139986E+00     4     1 -1.206212E-04  1.284503E-04
  7.139986E+00     4     2 -1.657757E+03 -3.435117E+02
  7.139986E+00     4     3 -1.426719E-03  4.907027E-04
  7.139986E+00     4     4  8.952511E+03  1.761324E+03
  7.139986E+00     4     5 -4.711300E-04  8.733794E-04
  7.139986E+00     4     6 -1.482200E-06  1.132839E-05
  7.139986E+00     5     1  1.657768E+03  3.435024E+02
  7.139986E+00     5     2  5.221367E-05  1.068613E-04
  7.139986E+00     5     3  2.628095E-03  2.261341E-03
  7.139986E+00     5     4  2.690569E-03 -1.289736E-03
  7.139986E+00     5     5  8.952366E+03  1.761353E+03
  7.139986E+00     5     6 -4.680268E-04 -2.857884E-06
  7.139986E+00     6     1  1.602098E-04 -6.385519E-05
  7.139986E+00     6     2 -9.796020E-05 -1.719223E-05
  7.139986E+00     6     3  1.340666E-02  7.232437E-03
  7.139986E+00     6     4 -5.680320E-05 -4.584789E-04
  7.139986E+00     6     5  1.055896E-03  6.049868E-05
  7.139986E+00     6     6  8.026411E+02 -6.161443E-06
  6.981320E+00     1     1  3.601839E+02  7.305329E+01
  6.981320E+00     1     2  4.086790E-04  1.210239E-04
  6.981320E+00     1     3  5.464985E-04  3.594455E-04
  6.981320E+00     1     4 -3.048353E-03 -9.307099E-04
  6.981320E+00     1     5  1.658832E+03  3.750696E+02
  6.981320E+00     1     6  3.423076E-05  6.084376E-07
  6.981320E+00     2     1 -6.147650E-04 -2.070795E-04
  6.981320E+00     2     2  3.601950E+02  7.305395E+01
  6.981320E+00     2     3 -9.414934E-05  1.051240E-04
  6.981320E+00     2     4 -1.658784E+03 -3.750712E+02
  6.981320E+00     2     5 -3.855136E-03 -1.001497E-03
  6.981320E+00     2     6 -1.150742E-05 -1.402690E-06
  6.981320E+00     3     1 -1.220615E-04 -8.435664E-05
  6.981320E+00     3     2  5.520955E-04 -1.017023E-04
  6.981320E+00     3     3  9.897159E+02  6.822620E+02
  6.981320E+00     3     4 -4.213676E-04 -5.198885E-04
  6.981320E+00     3     5  2.329778E-04  5.925852E-04
  6.981320E+00     3     6  1.378045E-04 -1.420075E-05
  6.981320E+00     4     1 -1.164455E-03  2.366323E-04
  6.981320E+00     4     2 -1.658792E+03 -3.750677E+02
  6.981320E+00     4     3 -3.339648E-04  2.402201E-03
  6.981320E+00     4     4  8.963078E+03  1.925657E+03
  6.981320E+00     4     5 -3.433987E-03  9.573698E-04
  6.981320E+00     4     6 -1.631468E-04  5.421949E-06
  6.981320E+00     5     1  1.658804E+03  3.750621E+02
  6.981320E+00     5     2 -2.269745E-04  7.847091E-05
  6.981320E+00     5     3 -7.642433E-05  1.967326E-04
  6.981320E+00     5     4 -3.993511E-05 -1.693096E-03
  6.981320E+00     5     5  8.962948E+03  1.925673E+03
  6.981320E+00     5     6 -1.537488E-04  1.367601E-06
  6.981320E+00     6     1 -2.591310E-05  1.061782E-04
  6.981320E+00     6     2 -2.818108E-04  2.902000E-06
  6.981320E+00     6     3  1.128046E-02  1.015738E-02
  6.981320E+00     6     4  4.984138E-04  2.160668E-05
  6.981320E+00     6     5 -2.321839E-03  1.338125E-04
  6.981320E+00     6     6  8.030967E+02 -1.437514E-05
  6.829552E+00     1     1  3.597483E+02  7.922552E+01
  6.829552E+00     1     2  5.956566E-04  1.748154E-04
  6.829552E+00     1     3 -1.443239E-04  4.206670E-04
  6.829552E+00     1     4 -2.084458E-03 -9.793884E-04
  6.829552E+00     1     5  1.657547E+03  4.072977E+02
  6.829552E+00     1     6  7.789577E-06 -2.287409E-06
  6.829552E+00     2     1 -5.317922E-04 -2.076490E-04
  6.829552E+00     2     2  3.597599E+02  7.922604E+01
  6.829552E+00     2     3  5.264209E-04  5.838834E-04
  6.829552E+00     2     4 -1.657488E+03 -4.072968E+02
  6.829552E+00     2     5 -3.432528E-03 -1.192028E-03
  6.829552E+00     2     6  4.149041E-05 -2.885970E-06
  6.829552E+00     3     1 -1.173234E-05 -2.036500E-05
  6.829552E+00     3     2  2.114279E-04 -4.507345E-05
  6.829552E+00     3     3  9.693812E+02  6.784431E+02
  6.829552E+00     3     4 -2.709631E-03  2.469011E-04
  6.829552E+00     3     5 -1.432480E-03  9.050826E-05
  6.829552E+00     3     6  6.276648E-06 -1.252811E-05
  6.829552E+00     4     1 -1.255892E-03  1.556985E-04
  6.829552E+00     4     2 -1.657502E+03 -4.072958E+02
  6.829552E+00     4     3 -5.824864E-05  3.607497E-04
  6.829552E+00     4     4  8.961753E+03  2.093877E+03
  6.829552E+00     4     5 -8.652508E-04  6.716624E-04
  6.829552E+00     4     6 -6.721811E-04  1.970703E-05
  6.829552E+00     5     1  1.657505E+03  4.072913E+02
  6.829552E+00     5     2 -3.190245E-04 -2.654083E-05
  6.829552E+00     5     3  1.286604E-04  2.634302E-03
  6.829552E+00     5     4  1.889974E-03 -4.276522E-04
  6.829552E+00     5     5  8.961705E+03  2.093902E+03
  6.829552E+00     5     6 -4.901784E-05 -1.352539E-05
  6.829552E+00     6     1 -2.795463E-05  5.064532E-05
  6.829552E+00     6     2 -3.682078E-05  7.385018E-05
  6.829552E+00     6     3  1.246744E-02  1.064423E-02
  6.829552E+00     6     4  2.670229E-03 -3.108082E-04
  6.829552E+00     6     5 -8.220673E-04 -2.019405E-04
  6.829552E+00     6     6  8.035588E+02  3.001338E-06
  6.684242E+00     1     1  3.588429E+02  8.545903E+01
  6.684242E+00     1     2  3.839934E-04  1.892648E-04
  6.684242E+00     1     3  9.580008E-04  1.722908E-04
  6.684242E+00     1     4 -3.095055E-03 -1.086064E-03
  6.684242E+00     1     5  1.653839E+03  4.399354E+02
  6.684242E+00     1     6 -1.188368E-05 -3.823567E-07
  6.684242E+00     2     1 -7.115312E-04 -2.188094E-04
  6.684242E+00     2     2  3.588531E+02  8.545972E+01
  6.684242E+00     2     3  3.189669E-04 -1.211725E-04
  6.684242E+00     2     4 -1.653800E+03 -4.399337E+02
  6.684242E+00     2     5 -3.727400E-03 -1.097629E-03
  6.684242E+00     2     6  4.583505E-05 -3.086093E-07
  6.684242E+00     3     1  6.480077E-04  3.942556E-05
  6.684242E+00     3     2 -2.408056E-04  2.234755E-05
  6.684242E+00     3     3  9.496991E+02  6.739724E+02
  6.684242E+00     3     4  1.101889E-03 -9.564217E-05
  6.684242E+00     3     5  1.927614E-03  2.215076E-04
  6.684242E+00     3     6 -2.601324E-05 -1.624638E-05
  6.684242E+00     4     1 -5.501881E-04  2.444312E-04
  6.684242E+00     4     2 -1.653800E+03 -4.399281E+02
  6.684242E+00     4     3  6.128997E-04  1.247726E-03
  6.684242E+00     4     4  8.948098E+03  2.264709E+03
  6.684242E+00     4     5 -1.141392E-03  1.206584E-03
  6.684242E+00     4     6 -4.010629E-04 -1.475242E-06
  6.684242E+00     5     1  1.653811E+03  4.399307E+02
  6.684242E+00     5     2 -1.949817E-04  1.855833E-04
  6.684242E+00     5     3 -2.471764E-03  2.951834E-03
  6.684242E+00     5     4  1.526490E-03 -5.485937E-04
  6.684242E+00     5     5  8.947980E+03  2.264695E+03
  6.684242E+00     5     6  1.705135E-04  2.278132E-06
  6.684242E+00     6     1 -7.794049E-05  6.323680E-05
  6.684242E+00     6     2 -1.938045E-04 -2.262743E-05
  6.684242E+00     6     3  1.169228E-02  1.112401E-02
  6.684242E+00     6     4  2.305211E-03  5.519093E-04
  6.684242E+00     6     5 -1.089811E-03  1.374632E-04
  6.684242E+00     6     6  8.040465E+02 -3.808351E-06
  6.544988E+00     1     1  3.574570E+02  9.170049E+01
  6.544988E+00     1     2  5.006270E-04  1.649715E-04
  6.544988E+00     1     3 -2.097402E-04  4.223128E-04
  6.544988E+00     1     4 -3.701214E-03 -1.112676E-03
  6.544988E+00     1     5  1.647672E+03  4.727066E+02
  6.544988E+00     1     6 -2.138876E-05 -2.494742E-06
  6.544988E+00     2     1 -4.157272E-04 -2.375870E-04
  6.544988E+00     2     2  3.574674E+02  9.170107E+01
  6.544988E+00     2     3  3.683383E-04  4.486218E-04
  6.544988E+00     2     4 -1.647622E+03 -4.727043E+02
  6.544988E+00     2     5 -4.833006E-03 -1.384072E-03
  6.544988E+00     2     6 -1.484341E-05  2.306531E-06
  6.544988E+00     3     1  3.522071E-04  3.260118E-05
  6.544988E+00     3     2 -4.674811E-04  7.557077E-05
  6.544988E+00     3     3  9.306964E+02  6.688950E+02
  6.544988E+00     3     4  5.493686E-04  9.875000E-05
  6.544988E+00     3     5  1.743821E-03 -2.419972E-04
  6.544988E+00     3     6  1.083809E-04 -4.613845E-06
  6.544988E+00     4     1 -1.162596E-03  2.680090E-04
  6.544988E+00     4     2 -1.647634E+03 -4.727000E+02
  6.544988E+00     4     3 -1.720235E-03 -3.788248E-04
  6.544988E+00     4     4  8.921754E+03  2.436702E+03
  6.544988E+00     4     5 -2.164543E-03  2.195366E-03
  6.544988E+00     4     6 -5.747215E-04 -5.224193E-06
  6.544988E+00     5     1  1.647635E+03  4.727007E+02
  6.544988E+00     5     2 -4.023910E-04  1.496556E-04
  6.544988E+00     5     3  1.604598E-03  1.933709E-03
  6.544988E+00     5     4 -2.504259E-03 -1.582552E-03
  6.544988E+00     5     5  8.921653E+03  2.436715E+03
  6.544988E+00     5     6 -2.641242E-04 -2.142351E-05
  6.544988E+00     6     1 -3.620536E-04  1.057983E-05
  6.544988E+00     6     2 -1.561268E-04 -1.310184E-04
  6.544988E+00     6     3  1.253616E-02  1.504162E-02
  6.544988E+00     6     4  1.075089E-03 -2.041160E-04
  6.544988E+00     6     5 -7.152549E-04 -6.422402E-05
  6.544988E+00     6     6  8.045409E+02  1.406755E-06
  6.411417E+00     1     1  3.555937E+02  9.789577E+01
  6.411417E+00     1     2  3.123626E-04  2.194634E-04
  6.411417E+00     1     3  3.222404E-04  1.381783E-04
  6.411417E+00     1     4 -4.467281E-03 -1.641957E-03
  6.411417E+00     1     5  1.639032E+03  5.053380E+02
  6.411417E+00     1     6  7.453375E-06  1.762215E-06
  6.411417E+00     2     1 -6.346189E-04 -3.072733E-04
  6.411417E+00     2     2  3.556016E+02  9.789675E+01
  6.411417E+00     2     3  2.154540E-04  2.605318E-04
  6.411417E+00     2     4 -1.638983E+03 -5.053380E+02
  6.411417E+00     2     5 -3.059957E-03 -1.705151E-03
  6.411417E+00     2     6 -9.986107E-05 -1.463655E-06
  6.411417E+00     3     1  2.440624E-04 -5.341554E-05
  6.411417E+00     3     2 -6.931648E-05 -3.052759E-05
  6.411417E+00     3     3  9.123547E+02  6.632661E+02
  6.411417E+00     3     4  1.493424E-03  9.346418E-04
  6.411417E+00     3     5  2.071729E-03 -5.950434E-04
  6.411417E+00     3     6 -1.749722E-06 -4.244767E-05
  6.411417E+00     4     1 -1.374904E-03  2.798024E-04
  6.411417E+00     4     2 -1.638978E+03 -5.053311E+02
  6.411417E+00     4     3  1.127586E-03 -4.450828E-04
  6.411417E+00     4     4  8.882603E+03  2.608516E+03
  6.411417E+00     4     5 -3.902413E-03  2.267171E-03
  6.411417E+00     4     6 -1.623607E-04  1.365757E-05
  6.411417E+00     5     1  1.638991E+03  5.053324E+02
  6.411417E+00     5     2 -1.330171E-04  2.248017E-04
  6.411417E+00     5     3  1.584925E-04  2.151385E-03
  6.411417E+00     5     4 -3.882825E-03 -2.858743E-03
  6.411417E+00     5     5  8.882508E+03  2.608521E+03
  6.411417E+00     5     6 -3.097299E-04  2.179658E-06
  6.411417E+00     6     1 -1.554861E-04 -2.513826E-05
  6.411417E+00     6     2  4.194673E-06 -2.235176E-07
  6.411417E+00     6     3  1.237628E-02  1.333596E-02
  6.411417E+00     6     4 -6.963605E-04 -3.198387E-04
  6.411417E+00     6     5  8.095506E-04 -3.535452E-04
  6.411417E+00     6     6  8.050577E+02 -4.908819E-07
  6.283188E+00     1     1  3.532604E+02  1.039917E+02
  6.283188E+00     1     2  5.284580E-04  2.647650E-04
  6.283188E+00     1     3 -1.946654E-04  9.475126E-04
  6.283188E+00     1     4 -3.915988E-03 -1.117941E-03
  6.283188E+00     1     5  1.627931E+03  5.375536E+02
  6.283188E+00     1     6 -5.295033E-05  2.087850E-07
  6.283188E+00     2     1 -5.096134E-04 -2.506457E-04
  6.283188E+00     2     2  3.532698E+02  1.039927E+02
  6.283188E+00     2     3  1.761521E-04  7.796288E-05
  6.283188E+00     2     4 -1.627896E+03 -5.375510E+02
  6.283188E+00     2     5 -4.123842E-03 -1.752559E-03
  6.283188E+00     2     6  6.470365E-05  2.562555E-06
  6.283188E+00     3     1  1.696092E-04 -3.516709E-05
  6.283188E+00     3     2  1.201117E-04  2.647587E-05
  6.283188E+00     3     3  8.946939E+02  6.571517E+02
  6.283188E+00     3     4 -3.097430E-04 -2.308097E-04
  6.283188E+00     3     5 -4.076976E-04 -4.321840E-04
  6.283188E+00     3     6  1.504866E-04 -1.985052E-05
  6.283188E+00     4     1 -8.818544E-04  2.431893E-04
  6.283188E+00     4     2 -1.627885E+03 -5.375425E+02
  6.283188E+00     4     3 -6.579012E-04  7.378608E-04
  6.283188E+00     4     4  8.830742E+03  2.778652E+03
  6.283188E+00     4     5  2.726406E-03  3.417920E-03
  6.283188E+00     4     6 -2.311473E-04 -7.980224E-06
  6.283188E+00     5     1  1.627894E+03  5.375455E+02
  6.283188E+00     5     2 -2.295952E-04  2.771374E-04
  6.283188E+00     5     3  6.324165E-04  1.579843E-03
  6.283188E+00     5     4 -2.978489E-03 -1.248501E-03
  6.283188E+00     5     5  8.830711E+03  2.778678E+03
  6.283188E+00     5     6 -2.771558E-04  5.516320E-06
  6.283188E+00     6     1  2.831145E-04 -3.852694E-05
  6.283188E+00     6     2 -3.337635E-04 -1.396089E-04
  6.283188E+00     6     3  1.572085E-02  7.905195E-03
  6.283188E+00     6     4  6.809238E-04 -8.759497E-04
  6.283188E+00     6     5  3.579259E-04  2.642871E-04
  6.283188E+00     6     6  8.055872E+02 -1.318316E-05
  6.159988E+00     1     1  3.504712E+02  1.099364E+02
  6.159988E+00     1     2  4.877344E-04  2.371152E-04
  6.159988E+00     1     3  3.080093E-04  4.542921E-04
  6.159988E+00     1     4 -2.613942E-03 -1.188090E-03
  6.159988E+00     1     5  1.614460E+03  5.690841E+02
  6.159988E+00     1     6  6.104627E-05  4.792499E-07
  6.159988E+00     2     1 -4.911165E-04 -3.210386E-04
  6.159988E+00     2     2  3.504807E+02  1.099373E+02
  6.159988E+00     2     3 -4.433652E-04 -1.070276E-05
  6.159988E+00     2     4 -1.614415E+03 -5.690823E+02
  6.159988E+00     2     5 -3.579154E-03 -1.911703E-03
  6.159988E+00     2     6 -2.380833E-05 -6.576367E-06
  6.159988E+00     3     1  2.328744E-04  1.076957E-04
  6.159988E+00     3     2  2.758084E-04 -1.123995E-04
  6.159988E+00     3     3  8.776868E+02  6.505931E+02
  6.159988E+00     3     4 -3.245648E-03  2.595726E-04
  6.159988E+00     3     5  7.556397E-04  1.255525E-04
  6.159988E+00     3     6  9.083538E-05 -8.559890E-06
  6.159988E+00     4     1 -1.096632E-03  1.020706E-04
  6.159988E+00     4     2 -1.614391E+03 -5.690773E+02
  6.159988E+00     4     3  2.880767E-04  5.321950E-04
  6.159988E+00     4     4  8.766463E+03  2.945796E+03
  6.159988E+00     4     5 -6.555021E-05  2.264045E-04
  6.159988E+00     4     6  8.402532E-05  3.854222E-05
  6.159988E+00     5     1  1.614429E+03  5.690710E+02
  6.159988E+00     5     2 -2.818014E-04  2.603633E-04
  6.159988E+00     5     3 -6.678440E-04  4.956089E-04
  6.159988E+00     5     4  6.085932E-04 -1.384787E-03
  6.159988E+00     5     5  8.766460E+03  2.945797E+03
  6.159988E+00     5     6 -1.241416E-04  3.937915E-06
  6.159988E+00     6     1 -2.355726E-04 -7.761271E-05
  6.159988E+00     6     2  2.563001E-05 -1.356155E-04
  6.159988E+00     6     3  1.288686E-02  8.200718E-03
  6.159988E+00     6     4 -5.448458E-04  8.168817E-05
  6.159988E+00     6     5 -7.045265E-04  1.780689E-04
  6.159988E+00     6     6  8.061338E+02  2.733507E-07
  6.041527E+00     1     1  3.472498E+02  1.156823E+02
  6.041527E+00     1     2  4.683480E-04  3.152249E-04
  6.041527E+00     1     3  1.336154E-04  5.362923E-04
  6.041527E+00     1     4 -3.530572E-03 -1.228099E-03
  6.041527E+00     1     5  1.598696E+03  5.996805E+02
  6.041527E+00     1     6 -2.650917E-05  4.467291E-08
  6.041527E+00     2     1 -5.714421E-04 -2.331831E-04
  6.041527E+00     2     2  3.472575E+02  1.156825E+02
  6.041527E+00     2     3  5.653688E-05  4.664069E-05
  6.041527E+00     2     4 -1.598652E+03 -5.996824E+02
  6.041527E+00     2     5 -3.576027E-03 -1.539364E-03
  6.041527E+00     2     6  3.246776E-05 -1.756202E-06
  6.041527E+00     3     1  1.202757E-05  1.647184E-04
  6.041527E+00     3     2 -2.249861E-04 -1.653493E-05
  6.041527E+00     3     3  8.613480E+02  6.436285E+02
  6.041527E+00     3     4 -3.389269E-04 -2.675448E-04
  6.041527E+00     3     5 -1.194626E-03 -9.322725E-05
  6.041527E+00     3     6  1.689540E-04 -9.787997E-06
  6.041527E+00     4     1 -2.668612E-04 -6.162282E-05
  6.041527E+00     4     2 -1.598648E+03 -5.996710E+02
  6.041527E+00     4     3 -1.295477E-03 -1.110084E-03
  6.041527E+00     4     4  8.690200E+03  3.108602E+03
  6.041527E+00     4     5 -2.713747E-03  1.231018E-03
  6.041527E+00     4     6 -1.379377E-04  1.341580E-05
  6.041527E+00     5     1  1.598669E+03  5.996705E+02
  6.041527E+00     5     2  6.668456E-05  1.998264E-04
  6.041527E+00     5     3 -1.125377E-03  2.595756E-03
  6.041527E+00     5     4  4.015684E-03 -1.752276E-03
  6.041527E+00     5     5  8.690162E+03  3.108611E+03
  6.041527E+00     5     6  2.609128E-04  2.572690E-06
  6.041527E+00     6     1  2.070815E-04  1.309440E-05
  6.041527E+00     6     2 -2.978743E-04 -2.797693E-05
  6.041527E+00     6     3  1.644688E-02  9.330813E-03
  6.041527E+00     6     4  6.065964E-04  1.310708E-04
  6.041527E+00     6     5 -1.314403E-03  4.331172E-04
  6.041527E+00     6     6  8.066993E+02 -6.117225E-06
  5.927536E+00     1     1  3.436229E+02  1.211843E+02
  5.927536E+00     1     2  5.382260E-04  3.454548E-04
  5.927536E+00     1     3  8.267588E-04 -2.266198E-04
  5.927536E+00     1     4 -2.382829E-03 -1.119628E-03
  5.927536E+00     1     5  1.580803E+03  6.291125E+02
  5.927536E+00     1     6 -4.154256E-05 -4.128318E-07
  5.927536E+00     2     1 -5.564978E-04 -3.797732E-04
  5.927536E+00     2     2  3.436299E+02  1.211855E+02
  5.927536E+00     2     3  6.315473E-05 -9.381781E-05
  5.927536E+00     2     4 -1.580761E+03 -6.291116E+02
  5.927536E+00     2     5 -4.831414E-03 -1.869532E-03
  5.927536E+00     2     6 -5.773082E-05 -3.769201E-06
  5.927536E+00     3     1  2.796981E-04  4.759012E-05
  5.927536E+00     3     2  3.350032E-04  4.863366E-05
  5.927536E+00     3     3  8.456664E+02  6.363256E+02
  5.927536E+00     3     4 -2.605714E-03 -4.397966E-04
  5.927536E+00     3     5  3.994634E-03 -2.074130E-04
  5.927536E+00     3     6  1.020022E-04 -1.739489E-05
  5.927536E+00     4     1 -4.799608E-04  3.804369E-04
  5.927536E+00     4     2 -1.580737E+03 -6.291038E+02
  5.927536E+00     4     3 -4.357398E-04  7.657595E-04
  5.927536E+00     4     4  8.602769E+03  3.265848E+03
  5.927536E+00     4     5  1.719750E-03  3.053535E-03
  5.927536E+00     4     6  3.822795E-04  3.138120E-05
  5.927536E+00     5     1  1.580778E+03  6.291022E+02
  5.927536E+00     5     2 -4.913025E-04  3.123209E-04
  5.927536E+00     5     3  1.405563E-03  1.397792E-03
  5.927536E+00     5     4  1.689449E-03  8.439273E-04
  5.927536E+00     5     5  8.602635E+03  3.265865E+03
  5.927536E+00     5     6  4.246235E-04  5.821044E-07
  5.927536E+00     6     1  1.187548E-04  1.847371E-04
  5.927536E+00     6     2 -2.610608E-04 -1.330451E-04
  5.927536E+00     6     3  1.513230E-02  1.109607E-02
  5.927536E+00     6     4  1.967907E-03 -4.704593E-04
  5.927536E+00     6     5 -1.062781E-03  5.323887E-04
  5.927536E+00     6     6  8.072797E+02 -1.068814E-05
  5.817767E+00     1     1  3.396216E+02  1.264065E+02
  5.817767E+00     1     2  6.106378E-04  2.899828E-04
  5.817767E+00     1     3 -6.207089E-04  6.394826E-04
  5.817767E+00     1     4 -2.327447E-03 -2.035294E-03
  5.817767E+00     1     5  1.560929E+03  6.571733E+02
  5.817767E+00     1     6 -3.880452E-05  2.213888E-06
  5.817767E+00     2     1 -7.220771E-04 -3.615176E-04
  5.817767E+00     2     2  3.396293E+02  1.264078E+02
  5.817767E+00     2     3  5.066116E-04  4.538186E-04
  5.817767E+00     2     4 -1.560886E+03 -6.571739E+02
  5.817767E+00     2     5 -3.459341E-03 -1.832654E-03
  5.817767E+00     2     6  5.260389E-05  1.475930E-06
  5.817767E+00     3     1 -2.603233E-05 -4.335586E-05
  5.817767E+00     3     2  6.187335E-05 -8.512288E-05
  5.817767E+00     3     3  8.306236E+02  6.287068E+02
  5.817767E+00     3     4 -2.839699E-03 -2.296902E-04
  5.817767E+00     3     5  1.324136E-03  7.014209E-04
  5.817767E+00     3     6  1.798833E-04 -2.490436E-05
  5.817767E+00     4     1 -3.845952E-04  1.504896E-04
  5.817767E+00     4     2 -1.560876E+03 -6.571680E+02
  5.817767E+00     4     3  1.453832E-04  1.404971E-03
  5.817767E+00     4     4  8.504729E+03  3.416498E+03
  5.817767E+00     4     5 -2.948195E-05 -6.645918E-04
  5.817767E+00     4     6 -1.929221E-04  4.378212E-07
  5.817767E+00     5     1  1.560897E+03  6.571638E+02
  5.817767E+00     5     2  1.116060E-04  2.152193E-05
  5.817767E+00     5     3 -8.268356E-04  2.161101E-03
  5.817767E+00     5     4 -2.104044E-04 -2.339587E-03
  5.817767E+00     5     5  8.504592E+03  3.416496E+03
  5.817767E+00     5     6 -4.277797E-06  7.995630E-06
  5.817767E+00     6     1  1.968890E-04 -3.885475E-05
  5.817767E+00     6     2 -2.900586E-04  4.322080E-05
  5.817767E+00     6     3  1.408627E-02  9.354972E-03
  5.817767E+00     6     4 -9.499788E-04 -1.393558E-04
  5.817767E+00     6     5  8.946659E-04 -1.434385E-04
  5.817767E+00     6     6  8.078815E+02  1.219280E-05
  5.711989E+00     1     1  3.352897E+02  1.313147E+02
  5.711989E+00     1     2  4.317389E-04  3.045618E-04
  5.711989E+00     1     3  1.149020E-04  5.647711E-04
  5.711989E+00     1     4 -3.093649E-03 -1.705066E-03
  5.711989E+00     1     5  1.539265E+03  6.836893E+02
  5.711989E+00     1     6 -7.321032E-05 -7.317041E-07
  5.711989E+00     2     1 -5.693142E-04 -3.471519E-04
  5.711989E+00     2     2  3.352968E+02  1.313152E+02
  5.711989E+00     2     3  5.073455E-04 -5.700439E-05
  5.711989E+00     2     4 -1.539211E+03 -6.836886E+02
  5.711989E+00     2     5 -3.678380E-03 -2.020904E-03
  5.711989E+00     2     6  5.134101E-05 -2.338183E-06
  5.711989E+00     3     1  1.392839E-04  2.865738E-04
  5.711989E+00     3     2  2.890825E-06  5.265186E-05
  5.711989E+00     3     3  8.162170E+02  6.208101E+02
  5.711989E+00     3     4  5.108491E-04 -2.870783E-04
  5.711989E+00     3     5 -2.051635E-03 -6.817179E-04
  5.711989E+00     3     6  1.445425E-04 -3.149128E-05
  5.711989E+00     4     1 -1.428079E-03  2.092663E-04
  5.711989E+00     4     2 -1.539223E+03 -6.836846E+02
  5.711989E+00     4     3  4.022792E-04  1.588825E-03
  5.711989E+00     4     4  8.397109E+03  3.559582E+03
  5.711989E+00     4     5 -8.100346E-04  1.520090E-03
  5.711989E+00     4     6 -4.769587E-04  1.263422E-05
  5.711989E+00     5     1  1.539229E+03  6.836797E+02
  5.711989E+00     5     2 -1.777858E-04  3.552875E-04
  5.711989E+00     5     3  3.476441E-05  2.336822E-03
  5.711989E+00     5     4  7.780343E-04 -3.555637E-03
  5.711989E+00     5     5  8.397013E+03  3.559568E+03
  5.711989E+00     5     6 -3.276346E-05 -5.297259E-06
  5.711989E+00     6     1  1.525136E-05  2.203138E-05
  5.711989E+00     6     2 -1.555686E-05 -4.269928E-05
  5.711989E+00     6     3  1.562031E-02  9.722278E-03
  5.711989E+00     6     4  9.452106E-04 -1.070738E-03
  5.711989E+00     6     5 -1.459122E-03 -4.325509E-04
  5.711989E+00     6     6  8.084980E+02  1.890155E-06
  5.609989E+00     1     1  3.306628E+02  1.358824E+02
  5.609989E+00     1     2  4.899217E-04  3.172920E-04
  5.609989E+00     1     3  3.655880E-05  5.217704E-04
  5.609989E+00     1     4 -2.947201E-03 -2.079421E-03
  5.609989E+00     1     5  1.515998E+03  7.085150E+02
  5.609989E+00     1     6  8.734879E-06  9.766624E-08
  5.609989E+00     2     1 -5.573629E-04 -3.323512E-04
  5.609989E+00     2     2  3.306720E+02  1.358832E+02
  5.609989E+00     2     3 -1.093475E-04 -3.437216E-04
  5.609989E+00     2     4 -1.515957E+03 -7.085155E+02
  5.609989E+00     2     5 -3.849538E-03 -2.429631E-03
  5.609989E+00     2     6 -2.160667E-06  1.060421E-06
  5.609989E+00     3     1  7.342561E-04  9.556976E-05
  5.609989E+00     3     2  2.348190E-04 -5.337410E-06
  5.609989E+00     3     3  8.024340E+02  6.126923E+02
  5.609989E+00     3     4  7.249117E-04  2.448224E-04
  5.609989E+00     3     5  7.551499E-04  1.845779E-04
  5.609989E+00     3     6  2.230334E-04 -3.463024E-05
  5.609989E+00     4     1 -5.013943E-04  2.731606E-04
  5.609989E+00     4     2 -1.515969E+03 -7.085099E+02
  5.609989E+00     4     3  6.909966E-04 -4.133843E-04
  5.609989E+00     4     4  8.280981E+03  3.694270E+03
  5.609989E+00     4     5  1.976751E-03  4.925769E-03
  5.609989E+00     4     6  9.925663E-05 -2.241221E-06
  5.609989E+00     5     1  1.515978E+03  7.085068E+02
  5.609989E+00     5     2 -6.947909E-04  1.239777E-05
  5.609989E+00     5     3  5.247705E-04  2.913881E-03
  5.609989E+00     5     4 -1.449957E-03 -2.420291E-03
  5.609989E+00     5     5  8.280786E+03  3.694295E+03
  5.609989E+00     5     6 -1.973717E-04 -2.389513E-06
  5.609989E+00     6     1 -1.636222E-04  1.088828E-04
  5.609989E+00     6     2  3.039389E-04  2.592056E-05
  5.609989E+00     6     3  1.429012E-02  1.111356E-02
  5.609989E+00     6     4 -2.925634E-03  8.462075E-04
  5.609989E+00     6     5 -1.225531E-03 -7.501543E-04
  5.609989E+00     6     6  8.091406E+02  1.211420E-05
  5.511569E+00     1     1  3.257850E+02  1.400899E+02
  5.511569E+00     1     2  4.351542E-04  2.778468E-04
  5.511569E+00     1     3  4.555133E-04  4.170451E-04
  5.511569E+00     1     4 -1.577597E-03 -1.094645E-03
  5.511569E+00     1     5  1.491365E+03  7.315451E+02
  5.511569E+00     1     6  3.993046E-05  5.930297E-06
  5.511569E+00     2     1 -4.323570E-04 -3.640061E-04
  5.511569E+00     2     2  3.257921E+02  1.400911E+02
  5.511569E+00     2     3  2.841936E-05  1.346171E-04
  5.511569E+00     2     4 -1.491325E+03 -7.315430E+02
  5.511569E+00     2     5 -2.193424E-03 -2.309491E-03
  5.511569E+00     2     6  3.759284E-05  5.253561E-06
  5.511569E+00     3     1 -3.515319E-04  8.593523E-05
  5.511569E+00     3     2 -3.083032E-04  7.178169E-06
  5.511569E+00     3     3  7.892567E+02  6.043684E+02
  5.511569E+00     3     4 -3.123235E-03 -3.061071E-05
  5.511569E+00     3     5 -3.118534E-04 -5.331216E-04
  5.511569E+00     3     6  1.439037E-04 -1.732901E-05
  5.511569E+00     4     1  1.593679E-05  3.667222E-04
  5.511569E+00     4     2 -1.491318E+03 -7.315371E+02
  5.511569E+00     4     3  2.269372E-04  4.133768E-04
  5.511569E+00     4     4  8.157188E+03  3.820031E+03
  5.511569E+00     4     5 -5.633801E-03  8.812957E-04
  5.511569E+00     4     6 -1.437603E-04 -2.663124E-05
  5.511569E+00     5     1  1.491337E+03  7.315333E+02
  5.511569E+00     5     2 -6.207842E-04  7.508695E-05
  5.511569E+00     5     3  1.110569E-03  3.930036E-03
  5.511569E+00     5     4  3.059775E-03  1.551546E-04
  5.511569E+00     5     5  8.157077E+03  3.820053E+03
  5.511569E+00     5     6  2.297396E-04  2.514512E-05
  5.511569E+00     6     1  1.108274E-04  5.461276E-05
  5.511569E+00     6     2  1.710430E-04  1.932308E-04
  5.511569E+00     6     3  1.498359E-02  7.362780E-03
  5.511569E+00     6     4  1.337052E-03  1.810789E-04
  5.511569E+00     6     5 -8.568466E-04 -3.161131E-04
  5.511569E+00     6     6  8.097975E+02  1.145997E-05
  5.416542E+00     1     1  3.206993E+02  1.439235E+02
  5.416542E+00     1     2  2.954926E-04  2.688276E-04
  5.416542E+00     1     3 -3.616604E-04  7.953366E-04
  5.416542E+00     1     4 -5.006747E-04 -1.422544E-03
  5.416542E+00     1     5  1.465562E+03  7.526934E+02
  5.416542E+00     1     6  6.115621E-05  4.818045E-06
  5.416542E+00     2     1 -4.235325E-04 -3.924513E-04
  5.416542E+00     2     2  3.207049E+02  1.439247E+02
  5.416542E+00     2     3 -2.561248E-04 -2.575144E-04
  5.416542E+00     2     4 -1.465521E+03 -7.526981E+02
  5.416542E+00     2     5 -3.193103E-03 -2.098701E-03
  5.416542E+00     2     6 -2.586376E-05 -1.223787E-05
  5.416542E+00     3     1 -2.202527E-04  6.602611E-06
  5.416542E+00     3     2 -2.474459E-04  2.361834E-05
  5.416542E+00     3     3  7.766693E+02  5.958744E+02
  5.416542E+00     3     4 -1.203932E-03  1.886431E-04
  5.416542E+00     3     5  5.674735E-05  1.852736E-04
  5.416542E+00     3     6  1.263696E-04 -3.831585E-05
  5.416542E+00     4     1 -1.184300E-03  5.096570E-05
  5.416542E+00     4     2 -1.465504E+03 -7.526852E+02
  5.416542E+00     4     3 -1.757607E-03 -5.271547E-04
  5.416542E+00     4     4  8.026951E+03  3.936344E+03
  5.416542E+00     4     5 -2.376683E-03 -1.141541E-04
  5.416542E+00     4     6  4.243348E-04  6.394105E-05
  5.416542E+00     5     1  1.465536E+03  7.526852E+02
  5.416542E+00     5     2 -1.187680E-03  3.539771E-05
  5.416542E+00     5     3 -2.106719E-03  2.022304E-03
  5.416542E+00     5     4 -2.452284E-04 -2.383351E-03
  5.416542E+00     5     5  8.026924E+03  3.936378E+03
  5.416542E+00     5     6  1.924024E-04  2.527211E-05
  5.416542E+00     6     1 -4.239384E-05 -6.400791E-05
  5.416542E+00     6     2  1.676379E-05 -7.636096E-05
  5.416542E+00     6     3  1.282042E-02  9.516179E-03
  5.416542E+00     6     4 -4.737378E-04  6.510617E-04
  5.416542E+00     6     5 -2.824367E-04 -1.015931E-03
  5.416542E+00     6     6  8.104809E+02  2.610289E-05
  5.324736E+00     1     1  3.154466E+02  1.473761E+02
  5.324736E+00     1     2  4.209633E-04  1.413545E-04
  5.324736E+00     1     3  1.938756E-04  8.490930E-04
  5.324736E+00     1     4 -2.531128E-03 -1.268500E-03
  5.324736E+00     1     5  1.438811E+03  7.719136E+02
  5.324736E+00     1     6  3.591831E-05  5.727542E-06
  5.324736E+00     2     1 -7.665852E-04 -3.894996E-04
  5.324736E+00     2     2  3.154549E+02  1.473768E+02
  5.324736E+00     2     3  1.598122E-04  8.020924E-05
  5.324736E+00     2     4 -1.438769E+03 -7.719124E+02
  5.324736E+00     2     5 -2.904830E-03 -2.441677E-03
  5.324736E+00     2     6 -1.488999E-05 -3.955889E-06
  5.324736E+00     3     1  4.523736E-04 -4.230859E-05
  5.324736E+00     3     2  4.134448E-04  4.586158E-05
  5.324736E+00     3     3  7.646546E+02  5.872452E+02
  5.324736E+00     3     4 -2.170764E-04 -3.528260E-04
  5.324736E+00     3     5 -4.147831E-04  4.454795E-04
  5.324736E+00     3     6  5.766039E-05 -4.625622E-05
  5.324736E+00     4     1 -1.045853E-03  2.407562E-05
  5.324736E+00     4     2 -1.438759E+03 -7.719014E+02
  5.324736E+00     4     3  3.253669E-05  1.057461E-04
  5.324736E+00     4     4  7.891486E+03  4.042954E+03
  5.324736E+00     4     5 -6.061375E-03  2.527419E-03
  5.324736E+00     4     6  1.515029E-04  2.566241E-05
  5.324736E+00     5     1  1.438786E+03  7.719028E+02
  5.324736E+00     5     2 -2.963562E-04  3.452320E-04
  5.324736E+00     5     3 -2.313890E-04  2.976008E-03
  5.324736E+00     5     4 -5.979389E-04 -7.291622E-04
  5.324736E+00     5     5  7.891363E+03  4.042989E+03
  5.324736E+00     5     6  2.686973E-04  1.792635E-05
  5.324736E+00     6     1 -1.401975E-04 -4.545600E-05
  5.324736E+00     6     2 -2.058073E-04  2.725125E-04
  5.324736E+00     6     3  1.295099E-02  9.521373E-03
  5.324736E+00     6     4  2.741814E-05 -6.787781E-04
  5.324736E+00     6     5  3.861788E-04  4.190805E-04
  5.324736E+00     6     6  8.111795E+02  3.438493E-05
  5.235991E+00     1     1  3.100696E+02  1.504448E+02
  5.235991E+00     1     2  3.893833E-04  3.302951E-04
  5.235991E+00     1     3  1.606781E-04 -5.590660E-05
  5.235991E+00     1     4 -2.498365E-03 -1.747640E-03
  5.235991E+00     1     5  1.411326E+03  7.891867E+02
  5.235991E+00     1     6 -1.427902E-05  2.561512E-06
  5.235991E+00     2     1 -6.799546E-04 -3.881736E-04
  5.235991E+00     2     2  3.100749E+02  1.504457E+02
  5.235991E+00     2     3 -5.474016E-04  6.059893E-04
  5.235991E+00     2     4 -1.411282E+03 -7.891872E+02
  5.235991E+00     2     5 -3.475074E-03 -1.683634E-03
  5.235991E+00     2     6 -2.029538E-05  3.017336E-06
  5.235991E+00     3     1  3.456841E-04 -1.264273E-04
  5.235991E+00     3     2 -2.366584E-05  1.538727E-04
  5.235991E+00     3     3  7.531952E+02  5.785054E+02
  5.235991E+00     3     4  2.928339E-04 -2.929941E-04
  5.235991E+00     3     5 -1.382751E-03 -1.642411E-03
  5.235991E+00     3     6  1.167109E-04 -3.058484E-05
  5.235991E+00     4     1 -1.320094E-03  3.250921E-04
  5.235991E+00     4     2 -1.411262E+03 -7.891679E+02
  5.235991E+00     4     3 -9.828433E-04  2.009794E-04
  5.235991E+00     4     4  7.751652E+03  4.139691E+03
  5.235991E+00     4     5  1.144104E-03  1.768228E-03
  5.235991E+00     4     6 -1.572971E-04 -1.679253E-05
  5.235991E+00     5     1  1.411298E+03  7.891699E+02
  5.235991E+00     5     2 -1.445264E-04  8.601677E-04
  5.235991E+00     5     3 -5.198270E-05  4.318215E-03
  5.235991E+00     5     4  4.271619E-03 -2.521042E-03
  5.235991E+00     5     5  7.751605E+03  4.139740E+03
  5.235991E+00     5     6  6.956956E-05  2.717619E-06
  5.235991E+00     6     1 -7.117544E-05 -7.188325E-05
  5.235991E+00     6     2  4.182758E-05  5.604325E-05
  5.235991E+00     6     3  1.371186E-02  7.689221E-03
  5.235991E+00     6     4 -5.152821E-04 -3.098250E-04
  5.235991E+00     6     5  2.815728E-04  6.172060E-04
  5.235991E+00     6     6  8.119062E+02  6.387989E-05
  5.150155E+00     1     1  3.046056E+02  1.531328E+02
  5.150155E+00     1     2  1.895897E-04  3.462122E-04
  5.150155E+00     1     3  9.354640E-05  1.529757E-04
  5.150155E+00     1     4 -2.254549E-03 -2.559309E-03
  5.150155E+00     1     5  1.383302E+03  8.045155E+02
  5.150155E+00     1     6 -6.129689E-05  3.135263E-06
  5.150155E+00     2     1 -2.987249E-04 -3.972445E-04
  5.150155E+00     2     2  3.046125E+02  1.531338E+02
  5.150155E+00     2     3 -1.864137E-05 -1.935624E-04
  5.150155E+00     2     4 -1.383260E+03 -8.045101E+02
  5.150155E+00     2     5 -2.942800E-03 -2.124963E-03
  5.150155E+00     2     6  9.085050E-06  3.469282E-06
  5.150155E+00     3     1 -2.887426E-05 -3.200979E-04
  5.150155E+00     3     2  4.334096E-05  1.053079E-04
  5.150155E+00     3     3  7.422819E+02  5.696766E+02
  5.150155E+00     3     4 -4.903488E-04 -5.637575E-04
  5.150155E+00     3     5 -9.642448E-04  7.641669E-04
  5.150155E+00     3     6  1.896863E-04 -3.142000E-05
  5.150155E+00     4     1  4.908871E-04  3.768783E-04
  5.150155E+00     4     2 -1.383244E+03 -8.044989E+02
  5.150155E+00     4     3  2.861321E-04 -9.101033E-04
  5.150155E+00     4     4  7.608743E+03  4.226548E+03
  5.150155E+00     4     5 -4.832447E-03  2.836138E-04
  5.150155E+00     4     6 -3.632521E-04 -1.979484E-05
  5.150155E+00     5     1  1.383272E+03  8.045016E+02
  5.150155E+00     5     2 -1.799934E-03  5.042786E-04
  5.150155E+00     5     3  9.355471E-04  1.547268E-03
  5.150155E+00     5     4 -4.054241E-03 -1.538292E-03
  5.150155E+00     5     5  7.608615E+03  4.226569E+03
  5.150155E+00     5     6 -7.521012E-05  9.418875E-06
  5.150155E+00     6     1  2.747774E-04  1.179725E-04
  5.150155E+00     6     2 -9.059160E-05  8.092821E-05
  5.150155E+00     6     3  1.128851E-02  7.572015E-03
  5.150155E+00     6     4 -2.549232E-03 -1.329780E-04
  5.150155E+00     6     5 -3.587007E-04  2.227723E-04
  5.150155E+00     6     6  8.126548E+02  9.173532E-05
  5.067088E+00     1     1  2.990933E+02  1.554471E+02
  5.067088E+00     1     2  3.257539E-04  1.581160E-04
  5.067088E+00     1     3 -2.218691E-04  3.027624E-04
  5.067088E+00     1     4 -2.507489E-03 -2.666355E-03
  5.067088E+00     1     5  1.354932E+03  8.179239E+02
  5.067088E+00     1     6 -2.774131E-05  7.352133E-06
  5.067088E+00     2     1 -3.730058E-04 -3.610477E-04
  5.067088E+00     2     2  2.991010E+02  1.554481E+02
  5.067088E+00     2     3  5.723552E-04  6.906690E-06
  5.067088E+00     2     4 -1.354890E+03 -8.179213E+02
  5.067088E+00     2     5 -3.453263E-03 -2.193980E-03
  5.067088E+00     2     6 -3.828016E-05 -2.941357E-06
  5.067088E+00     3     1 -9.071827E-05 -7.302035E-05
  5.067088E+00     3     2 -3.183549E-04  1.847609E-04
  5.067088E+00     3     3  7.318979E+02  5.607936E+02
  5.067088E+00     3     4  5.992204E-04 -8.833241E-04
  5.067088E+00     3     5  2.139434E-05 -2.994612E-04
  5.067088E+00     3     6  1.187542E-04 -4.256195E-05
  5.067088E+00     4     1 -1.140835E-03 -1.793625E-04
  5.067088E+00     4     2 -1.354868E+03 -8.179093E+02
  5.067088E+00     4     3 -7.742569E-04 -4.793033E-04
  5.067088E+00     4     4  7.463412E+03  4.303587E+03
  5.067088E+00     4     5 -7.820651E-04  1.327429E-03
  5.067088E+00     4     6  7.444527E-06  2.422650E-05
  5.067088E+00     5     1  1.354893E+03  8.179097E+02
  5.067088E+00     5     2  3.499333E-04  4.384071E-04
  5.067088E+00     5     3 -2.307072E-03  3.809039E-03
  5.067088E+00     5     4  5.369261E-04 -3.867202E-03
  5.067088E+00     5     5  7.463268E+03  4.303594E+03
  5.067088E+00     5     6  3.835799E-04  2.748923E-05
  5.067088E+00     6     1  1.642853E-05  1.181736E-04
  5.067088E+00     6     2  7.159269E-05  6.417926E-05
  5.067088E+00     6     3  1.319788E-02  7.996459E-03
  5.067088E+00     6     4  1.480221E-03 -5.960460E-05
  5.067088E+00     6     5  1.869500E-04 -4.010498E-04
  5.067088E+00     6     6  8.134260E+02  1.386109E-04
  4.986658E+00     1     1  2.935655E+02  1.573981E+02
  4.986658E+00     1     2  1.076915E-04  2.922230E-04
  4.986658E+00     1     3  9.486245E-05  1.930675E-04
  4.986658E+00     1     4 -2.139576E-03 -2.618716E-03
  4.986658E+00     1     5  1.326391E+03  8.294633E+02
  4.986658E+00     1     6 -3.059678E-05  5.062191E-06
  4.986658E+00     2     1 -2.864438E-04 -3.602135E-04
  4.986658E+00     2     2  2.935722E+02  1.573995E+02
  4.986658E+00     2     3  4.079645E-04  4.580621E-05
  4.986658E+00     2     4 -1.326346E+03 -8.294678E+02
  4.986658E+00     2     5 -3.899421E-03 -1.902050E-03
  4.986658E+00     2     6  4.112814E-05  2.388451E-06
  4.986658E+00     3     1  7.656524E-04 -1.692020E-04
  4.986658E+00     3     2  2.083834E-04 -1.611854E-04
  4.986658E+00     3     3  7.220167E+02  5.518589E+02
  4.986658E+00     3     4  1.622397E-03  1.284536E-04
  4.986658E+00     3     5  8.746907E-04  3.359439E-04
  4.986658E+00     3     6  1.265453E-04 -5.918867E-05
  4.986658E+00     4     1 -1.532167E-03  2.326174E-04
  4.986658E+00     4     2 -1.326346E+03 -8.294471E+02
  4.986658E+00     4     3  7.961616E-04  1.280442E-03
  4.986658E+00     4     4  7.316745E+03  4.371056E+03
  4.986658E+00     4     5 -1.818582E-03  3.543310E-04
  4.986658E+00     4     6 -3.701840E-04  9.394266E-06
  4.986658E+00     5     1  1.326352E+03  8.294505E+02
  4.986658E+00     5     2 -7.688217E-04  6.956123E-04
  4.986658E+00     5     3 -1.117494E-03 -2.079587E-04
  4.986658E+00     5     4  1.717955E-03 -4.928350E-03
  4.986658E+00     5     5  7.316659E+03  4.371036E+03
  4.986658E+00     5     6  1.125671E-04  2.987884E-05
  4.986658E+00     6     1  4.810839E-05 -6.704779E-05
  4.986658E+00     6     2 -6.565454E-05 -1.408011E-04
  4.986658E+00     6     3  1.222350E-02  6.021891E-03
  4.986658E+00     6     4 -1.495003E-03  3.988146E-04
  4.986658E+00     6     5 -1.143902E-03  2.188087E-04
  4.986658E+00     6     6  8.142254E+02  1.603904E-04
  4.908741E+00     1     1  2.880524E+02  1.589993E+02
  4.908741E+00     1     2  3.321905E-04  2.836318E-04
  4.908741E+00     1     3  3.509607E-04  1.318409E-04
  4.908741E+00     1     4 -1.504992E-03 -2.346966E-03
  4.908741E+00     1     5  1.297831E+03  8.392001E+02
  4.908741E+00     1     6 -2.585629E-05  2.467468E-06
  4.908741E+00     2     1 -4.003034E-04 -2.303516E-04
  4.908741E+00     2     2  2.880612E+02  1.590014E+02
  4.908741E+00     2     3  5.687906E-04 -1.341291E-04
  4.908741E+00     2     4 -1.297801E+03 -8.392009E+02
  4.908741E+00     2     5 -2.630878E-03 -2.102513E-03
  4.908741E+00     2     6 -1.202989E-05  6.036813E-06
  4.908741E+00     3     1 -9.117555E-05  4.155429E-04
  4.908741E+00     3     2 -5.576387E-05 -2.485947E-04
  4.908741E+00     3     3  7.126347E+02  5.429090E+02
  4.908741E+00     3     4  8.921847E-04  1.679162E-03
  4.908741E+00     3     5 -9.528361E-04 -1.718577E-03
  4.908741E+00     3     6 -6.469083E-06 -5.619075E-05
  4.908741E+00     4     1 -8.962918E-04  2.143597E-04
  4.908741E+00     4     2 -1.297778E+03 -8.391842E+02
  4.908741E+00     4     3 -4.442930E-04  2.406038E-03
  4.908741E+00     4     4  7.169582E+03  4.429193E+03
  4.908741E+00     4     5  1.139045E-04  8.978061E-04
  4.908741E+00     4     6 -4.245066E-04 -3.157439E-05
  4.908741E+00     5     1  1.297805E+03  8.391875E+02
  4.908741E+00     5     2 -1.281407E-04  1.807306E-04
  4.908741E+00     5     3 -2.053246E-03  2.145205E-03
  4.908741E+00     5     4  3.865138E-03  7.170923E-04
  4.908741E+00     5     5  7.169488E+03  4.429181E+03
  4.908741E+00     5     6 -3.852183E-06  9.735734E-06
  4.908741E+00     6     1  6.899240E-05  1.121386E-04
  4.908741E+00     6     2 -2.736822E-04  3.142507E-04
  4.908741E+00     6     3  1.413331E-02  5.797106E-03
  4.908741E+00     6     4 -1.598955E-03  4.344583E-04
  4.908741E+00     6     5 -6.433130E-04 -5.344150E-04
  4.908741E+00     6     6  8.150514E+02  2.520151E-04
  4.833222E+00     1     1  2.825821E+02  1.602679E+02
  4.833222E+00     1     2  3.157407E-04  3.915225E-04
  4.833222E+00     1     3  3.567656E-04  2.040617E-04
  4.833222E+00     1     4 -1.352353E-03 -1.836579E-03
  4.833222E+00     1     5  1.269411E+03  8.472056E+02
  4.833222E+00     1     6 -5.908591E-05 -8.377359E-06
  4.833222E+00     2     1 -4.625553E-04 -3.586472E-04
  4.833222E+00     2     2  2.825897E+02  1.602695E+02
  4.833222E+00     2     3  2.932947E-04  1.542641E-05
  4.833222E+00     2     4 -1.269370E+03 -8.472070E+02
  4.833222E+00     2     5 -3.442749E-03 -1.475273E-03
  4.833222E+00     2     6 -4.311372E-05 -2.325203E-05
  4.833222E+00     3     1 -6.789202E-05 -1.987594E-04
  4.833222E+00     3     2  1.354469E-04 -2.254536E-04
  4.833222E+00     3     3  7.037214E+02  5.339544E+02
  4.833222E+00     3     4 -4.979596E-04  3.929809E-05
  4.833222E+00     3     5  1.223860E-03 -4.094392E-04
  4.833222E+00     3     6  9.901659E-05 -5.007842E-05
  4.833222E+00     4     1 -5.655345E-04  3.742985E-05
  4.833222E+00     4     2 -1.269362E+03 -8.471937E+02
  4.833222E+00     4     3 -1.058556E-03  1.866341E-03
  4.833222E+00     4     4  7.022669E+03  4.478385E+03
  4.833222E+00     4     5 -2.307676E-03 -2.468973E-04
  4.833222E+00     4     6  5.085934E-04  1.200292E-04
  4.833222E+00     5     1  1.269380E+03  8.471937E+02
  4.833222E+00     5     2 -6.375778E-04  4.699714E-04
  4.833222E+00     5     3  2.311271E-03  2.197802E-03
  4.833222E+00     5     4  4.429959E-03 -2.328396E-03
  4.833222E+00     5     5  7.022562E+03  4.478385E+03
  4.833222E+00     5     6 -1.007828E-04 -3.937975E-05
  4.833222E+00     6     1 -1.116767E-04 -1.611337E-04
  4.833222E+00     6     2  8.855020E-05 -8.219483E-05
  4.833222E+00     6     3  1.021780E-02  6.630232E-03
  4.833222E+00     6     4  1.115590E-03 -1.624346E-03
  4.833222E+00     6     5  7.455649E-04 -9.818673E-04
  4.833222E+00     6     6  8.159026E+02  3.785648E-04
  4.759991E+00     1     1  2.771808E+02  1.612216E+02
  4.759991E+00     1     2  1.984905E-04  3.773497E-04
  4.759991E+00     1     3  3.378928E-04  4.523608E-04
  4.759991E+00     1     4 -2.026197E-03 -1.780423E-03
  4.759991E+00     1     5  1.241250E+03  8.535710E+02
  4.759991E+00     1     6 -6.659144E-05 -8.554753E-06
  4.759991E+00     2     1 -1.982537E-04 -5.622254E-04
  4.759991E+00     2     2  2.771866E+02  1.612229E+02
  4.759991E+00     2     3  2.331630E-04  3.983087E-05
  4.759991E+00     2     4 -1.241209E+03 -8.535720E+02
  4.759991E+00     2     5 -2.446485E-03 -1.384822E-03
  4.759991E+00     2     6  2.396572E-05  9.540065E-07
  4.759991E+00     3     1 -5.431143E-04 -1.490077E-04
  4.759991E+00     3     2 -6.951205E-05 -9.171525E-05
  4.759991E+00     3     3  6.952689E+02  5.250093E+02
  4.759991E+00     3     4  3.844127E-05  6.616917E-04
  4.759991E+00     3     5  1.117576E-03 -9.364514E-04
  4.759991E+00     3     6  2.847078E-04 -1.334170E-05
  4.759991E+00     4     1 -2.108414E-03  7.346617E-04
  4.759991E+00     4     2 -1.241199E+03 -8.535529E+02
  4.759991E+00     4     3 -1.126528E-03 -7.071532E-04
  4.759991E+00     4     4  6.876670E+03  4.519023E+03
  4.759991E+00     4     5 -1.845509E-03 -2.673008E-04
  4.759991E+00     4     6 -3.447775E-04 -1.451593E-05
  4.759991E+00     5     1  1.241207E+03  8.535577E+02
  4.759991E+00     5     2 -9.182245E-04  6.200569E-04
  4.759991E+00     5     3  1.335476E-03  2.164651E-03
  4.759991E+00     5     4  2.273150E-03 -7.810667E-04
  4.759991E+00     5     5  6.876539E+03  4.519012E+03
  4.759991E+00     5     6 -5.625025E-05 -5.739859E-05
  4.759991E+00     6     1 -1.234784E-04  6.291269E-05
  4.759991E+00     6     2 -1.490862E-05  9.994207E-05
  4.759991E+00     6     3  1.160810E-02  7.356666E-03
  4.759991E+00     6     4  3.290474E-04 -9.318594E-04
  4.759991E+00     6     5  6.370842E-04  7.902982E-04
  4.759991E+00     6     6  8.167823E+02  5.334679E-04
  4.688947E+00     1     1  2.718637E+02  1.618790E+02
  4.688947E+00     1     2  2.559962E-04  2.056895E-04
  4.688947E+00     1     3  3.344387E-04  2.195284E-04
  4.688947E+00     1     4 -1.533525E-03 -2.858781E-03
  4.688947E+00     1     5  1.213452E+03  8.583840E+02
  4.688947E+00     1     6 -2.715363E-05  1.469904E-05
  4.688947E+00     2     1 -4.810464E-04 -5.193264E-04
  4.688947E+00     2     2  2.718707E+02  1.618791E+02
  4.688947E+00     2     3  2.694685E-05  3.027767E-04
  4.688947E+00     2     4 -1.213422E+03 -8.583856E+02
  4.688947E+00     2     5 -2.685285E-03 -1.997140E-03
  4.688947E+00     2     6  1.750513E-05  1.434478E-05
  4.688947E+00     3     1 -3.577210E-06 -1.195462E-04
  4.688947E+00     3     2  3.474578E-05 -1.810188E-04
  4.688947E+00     3     3  6.872529E+02  5.160861E+02
  4.688947E+00     3     4 -3.130473E-04  1.729414E-03
  4.688947E+00     3     5 -9.607002E-04 -2.919398E-04
  4.688947E+00     3     6  4.780118E-05 -3.401969E-05
  4.688947E+00     4     1 -1.625441E-03  4.391233E-04
  4.688947E+00     4     2 -1.213402E+03 -8.583641E+02
  4.688947E+00     4     3  4.950911E-05 -1.949634E-03
  4.688947E+00     4     4  6.732140E+03  4.551539E+03
  4.688947E+00     4     5 -1.659930E-03  4.184283E-04
  4.688947E+00     4     6 -5.862401E-04 -6.604621E-05
  4.688947E+00     5     1  1.213430E+03  8.583713E+02
  4.688947E+00     5     2 -2.057794E-04  1.285421E-04
  4.688947E+00     5     3 -6.150752E-04  2.238940E-03
  4.688947E+00     5     4  2.921797E-03 -1.666337E-03
  4.688947E+00     5     5  6.731977E+03  4.551559E+03
  4.688947E+00     5     6  3.365087E-04  6.240420E-05
  4.688947E+00     6     1 -6.126989E-05 -1.410693E-04
  4.688947E+00     6     2 -1.444146E-04 -1.147837E-04
  4.688947E+00     6     3  1.179187E-02  7.866181E-03
  4.688947E+00     6     4 -6.963612E-04 -1.106858E-04
  4.688947E+00     6     5  6.555914E-04  5.745291E-04
  4.688947E+00     6     6  8.176929E+02  7.741851E-04
  4.619992E+00     1     1  2.666513E+02  1.622584E+02
  4.619992E+00     1     2  2.325269E-04  3.773325E-04
  4.619992E+00     1     3 -6.364164E-05  3.401929E-04
  4.619992E+00     1     4 -2.364197E-03 -2.429258E-03
  4.619992E+00     1     5  1.186128E+03  8.617312E+02
  4.619992E+00     1     6 -3.024564E-05  7.095759E-06
  4.619992E+00     2     1 -3.060193E-04 -4.848893E-04
  4.619992E+00     2     2  2.666591E+02  1.622599E+02
  4.619992E+00     2     3  1.397185E-04  1.670718E-04
  4.619992E+00     2     4 -1.186093E+03 -8.617372E+02
  4.619992E+00     2     5 -2.548333E-03 -2.154323E-03
  4.619992E+00     2     6  1.199357E-05 -8.033948E-08
  4.619992E+00     3     1  8.834386E-05 -1.296995E-04
  4.619992E+00     3     2 -1.537809E-04  9.748247E-05
  4.619992E+00     3     3  6.796616E+02  5.072107E+02
  4.619992E+00     3     4  1.055256E-03  2.368147E-03
  4.619992E+00     3     5  1.011513E-03  7.085344E-04
  4.619992E+00     3     6  1.607763E-04 -4.130672E-05
  4.619992E+00     4     1 -1.213986E-03 -1.158472E-05
  4.619992E+00     4     2 -1.186080E+03 -8.617166E+02
  4.619992E+00     4     3 -1.198277E-03 -1.347922E-03
  4.619992E+00     4     4  6.589650E+03  4.576465E+03
  4.619992E+00     4     5 -3.462419E-03  3.068719E-03
  4.619992E+00     4     6 -4.864265E-04  4.345877E-06
  4.619992E+00     5     1  1.186100E+03  8.617204E+02
  4.619992E+00     5     2 -7.812306E-05 -5.027372E-05
  4.619992E+00     5     3 -1.196828E-03  2.400629E-03
  4.619992E+00     5     4  1.102284E-03 -2.791841E-03
  4.619992E+00     5     5  6.589479E+03  4.576472E+03
  4.619992E+00     5     6 -7.142173E-05  3.665657E-05
  4.619992E+00     6     1 -2.534685E-05 -1.029223E-04
  4.619992E+00     6     2 -1.824909E-04 -2.343208E-04
  4.619992E+00     6     3  1.272256E-02  7.666732E-03
  4.619992E+00     6     4  4.728734E-04  7.805224E-04
  4.619992E+00     6     5 -8.851292E-04 -1.007080E-03
  4.619992E+00     6     6  8.186339E+02  1.081903E-03
  4.553035E+00     1     1  2.615588E+02  1.623825E+02
  4.553035E+00     1     2  2.719067E-04  3.169468E-04
  4.553035E+00     1     3 -4.535615E-04  1.888216E-04
  4.553035E+00     1     4 -1.082727E-03 -2.095163E-03
  4.553035E+00     1     5  1.159339E+03  8.637365E+02
  4.553035E+00     1     6  4.404220E-06 -7.612720E-06
  4.553035E+00     2     1 -2.790378E-04 -3.286808E-04
  4.553035E+00     2     2  2.615668E+02  1.623834E+02
  4.553035E+00     2     3 -1.267960E-04 -5.515296E-05
  4.553035E+00     2     4 -1.159304E+03 -8.637393E+02
  4.553035E+00     2     5 -2.758123E-03 -1.636779E-03
  4.553035E+00     2     6  2.218223E-05  5.716142E-06
  4.553035E+00     3     1  2.137485E-04 -2.014220E-04
  4.553035E+00     3     2  7.738359E-06  8.501019E-05
  4.553035E+00     3     3  6.724739E+02  4.983814E+02
  4.553035E+00     3     4 -2.299622E-05 -6.175153E-04
  4.553035E+00     3     5 -2.902299E-04  2.833428E-04
  4.553035E+00     3     6  1.054513E-05 -4.221985E-05
  4.553035E+00     4     1 -5.324967E-04  1.219660E-04
  4.553035E+00     4     2 -1.159277E+03 -8.637186E+02
  4.553035E+00     4     3 -9.220913E-04 -8.883998E-04
  4.553035E+00     4     4  6.449547E+03  4.594236E+03
  4.553035E+00     4     5 -9.698123E-04  1.545712E-03
  4.553035E+00     4     6  1.075729E-04 -2.421702E-05
  4.553035E+00     5     1  1.159310E+03  8.637172E+02
  4.553035E+00     5     2 -1.403000E-04  3.827643E-04
  4.553035E+00     5     3 -6.445944E-04  1.213970E-03
  4.553035E+00     5     4  2.098925E-03  3.205538E-04
  4.553035E+00     5     5  6.449368E+03  4.594207E+03
  4.553035E+00     5     6  3.352831E-04 -5.509071E-05
  4.553035E+00     6     1 -3.650039E-05  7.513156E-05
  4.553035E+00     6     2 -1.088232E-04 -1.119525E-04
  4.553035E+00     6     3  1.083525E-02  6.674934E-03
  4.553035E+00     6     4 -7.374286E-04 -2.714992E-04
  4.553035E+00     6     5 -1.544059E-04 -6.762740E-04
  4.553035E+00     6     6  8.196088E+02  1.581349E-03
  4.487992E+00     1     1  2.565970E+02  1.622694E+02
  4.487992E+00     1     2 -2.816609E-06  3.679074E-04
  4.487992E+00     1     3 -1.256438E-04  3.645796E-04
  4.487992E+00     1     4 -1.933272E-03 -2.516326E-03
  4.487992E+00     1     5  1.133161E+03  8.644781E+02
  4.487992E+00     1     6 -2.731290E-05  7.635610E-06
  4.487992E+00     2     1 -2.279951E-04 -4.078406E-04
  4.487992E+00     2     2  2.566053E+02  1.622710E+02
  4.487992E+00     2     3  2.584542E-04  1.015030E-04
  4.487992E+00     2     4 -1.133129E+03 -8.644813E+02
  4.487992E+00     2     5 -2.732779E-03 -2.743293E-03
  4.487992E+00     2     6  1.604856E-05  8.483494E-06
  4.487992E+00     3     1  2.741627E-05 -4.642797E-04
  4.487992E+00     3     2  3.629550E-05  1.852196E-04
  4.487992E+00     3     3  6.656802E+02  4.896176E+02
  4.487992E+00     3     4 -7.440150E-05 -6.305203E-04
  4.487992E+00     3     5 -1.871139E-03 -3.948305E-04
  4.487992E+00     3     6  1.410329E-04 -6.170407E-05
  4.487992E+00     4     1 -1.514338E-03  1.079384E-04
  4.487992E+00     4     2 -1.133110E+03 -8.644675E+02
  4.487992E+00     4     3 -1.733527E-04  3.146082E-04
  4.487992E+00     4     4  6.312175E+03  4.605320E+03
  4.487992E+00     4     5  1.059622E-03  2.021939E-03
  4.487992E+00     4     6 -2.648248E-04 -4.765567E-05
  4.487992E+00     5     1  1.133127E+03  8.644609E+02
  4.487992E+00     5     2 -6.438624E-04 -3.067655E-04
  4.487992E+00     5     3 -2.153888E-03  4.704241E-04
  4.487992E+00     5     4  2.798393E-03 -5.671095E-03
  4.487992E+00     5     5  6.312093E+03  4.605347E+03
  4.487992E+00     5     6 -4.223525E-05  3.648616E-05
  4.487992E+00     6     1 -1.340731E-04 -6.251784E-05
  4.487992E+00     6     2 -1.435466E-04 -3.650789E-06
  4.487992E+00     6     3  1.071195E-02  6.952991E-03
  4.487992E+00     6     4 -1.250833E-03 -6.484388E-04
  4.487992E+00     6     5 -1.001239E-03 -1.338303E-03
  4.487992E+00     6     6  8.206152E+02  2.217129E-03
  4.424781E+00     1     1  2.517771E+02  1.619399E+02
  4.424781E+00     1     2  1.925129E-04  2.462354E-04
  4.424781E+00     1     3  1.826451E-04 -4.549570E-05
  4.424781E+00     1     4 -1.676761E-03 -2.654046E-03
  4.424781E+00     1     5  1.107647E+03  8.640648E+02
  4.424781E+00     1     6 -4.797986E-05 -1.468087E-05
  4.424781E+00     2     1 -3.045627E-04 -4.224566E-04
  4.424781E+00     2     2  2.517847E+02  1.619416E+02
  4.424781E+00     2     3 -3.049408E-04 -2.014636E-05
  4.424781E+00     2     4 -1.107607E+03 -8.640688E+02
  4.424781E+00     2     5 -2.424831E-03 -2.133863E-03
  4.424781E+00     2     6 -4.520826E-05  1.683528E-05
  4.424781E+00     3     1 -2.969359E-04  1.250114E-05
  4.424781E+00     3     2 -1.594112E-04  5.727215E-05
  4.424781E+00     3     3  6.592598E+02  4.809298E+02
  4.424781E+00     3     4  6.012619E-06 -1.215149E-03
  4.424781E+00     3     5  6.627198E-04  1.078033E-03
  4.424781E+00     3     6  7.117400E-05 -6.595517E-05
  4.424781E+00     4     1 -8.602142E-04 -9.007752E-05
  4.424781E+00     4     2 -1.107596E+03 -8.640508E+02
  4.424781E+00     4     3 -2.597272E-05  4.110374E-04
  4.424781E+00     4     4  6.178022E+03  4.610306E+03
  4.424781E+00     4     5 -1.311556E-03  6.246828E-04
  4.424781E+00     4     6  7.217983E-05 -7.911350E-05
  4.424781E+00     5     1  1.107611E+03  8.640430E+02
  4.424781E+00     5     2 -1.087712E-03  7.724296E-05
  4.424781E+00     5     3 -3.191046E-04  1.053117E-03
  4.424781E+00     5     4  3.996082E-03 -4.359316E-03
  4.424781E+00     5     5  6.177862E+03  4.610294E+03
  4.424781E+00     5     6 -4.280114E-04 -9.803488E-05
  4.424781E+00     6     1 -3.892928E-05 -6.753956E-05
  4.424781E+00     6     2 -1.555718E-04 -1.643598E-04
  4.424781E+00     6     3  1.004006E-02  6.091894E-03
  4.424781E+00     6     4  3.738400E-04 -6.688836E-04
  4.424781E+00     6     5 -2.029835E-04 -8.321400E-04
  4.424781E+00     6     6  8.216577E+02  3.084396E-03
  4.363326E+00     1     1  2.471042E+02  1.614129E+02
  4.363326E+00     1     2  1.987783E-04  3.703998E-04
  4.363326E+00     1     3 -9.772281E-05  5.467586E-05
  4.363326E+00     1     4 -1.153062E-03 -1.710361E-03
  4.363326E+00     1     5  1.082833E+03  8.625887E+02
  4.363326E+00     1     6 -9.713690E-06  1.012363E-05
  4.363326E+00     2     1 -3.112202E-04 -3.954252E-04
  4.363326E+00     2     2  2.471114E+02  1.614142E+02
  4.363326E+00     2     3 -1.281553E-05 -1.389123E-04
  4.363326E+00     2     4 -1.082793E+03 -8.625926E+02
  4.363326E+00     2     5 -2.441342E-03 -1.755770E-03
  4.363326E+00     2     6 -2.317315E-05 -8.162489E-06
  4.363326E+00     3     1  2.926053E-05 -1.445755E-04
  4.363326E+00     3     2  2.012984E-04 -7.081684E-05
  4.363326E+00     3     3  6.532037E+02  4.723214E+02
  4.363326E+00     3     4 -8.122027E-04 -1.637718E-03
  4.363326E+00     3     5  3.446842E-03 -5.986635E-04
  4.363326E+00     3     6  3.048446E-04 -7.980295E-05
  4.363326E+00     4     1 -1.648314E-03  8.875597E-05
  4.363326E+00     4     2 -1.082776E+03 -8.625698E+02
  4.363326E+00     4     3  1.647837E-03 -1.207739E-04
  4.363326E+00     4     4  6.047074E+03  4.609540E+03
  4.363326E+00     4     5 -3.446043E-04 -2.660859E-03
  4.363326E+00     4     6 -2.666670E-04  5.273100E-05
  4.363326E+00     5     1  1.082800E+03  8.625670E+02
  4.363326E+00     5     2 -1.213405E-03 -2.592336E-05
  4.363326E+00     5     3 -1.206148E-03  1.957171E-03
  4.363326E+00     5     4  3.152452E-03 -6.578565E-04
  4.363326E+00     5     5  6.046967E+03  4.609574E+03
  4.363326E+00     5     6  1.273006E-04  4.812500E-05
  4.363326E+00     6     1 -9.343028E-05  8.020546E-05
  4.363326E+00     6     2 -2.740845E-04  7.586180E-05
  4.363326E+00     6     3  9.795314E-03  5.394293E-03
  4.363326E+00     6     4  1.515596E-03  5.401375E-04
  4.363326E+00     6     5  7.668732E-04 -1.117586E-04
  4.363326E+00     6     6  8.227370E+02  4.314151E-03
  4.303554E+00     1     1  2.425849E+02  1.607060E+02
  4.303554E+00     1     2  2.957509E-04  4.119649E-04
  4.303554E+00     1     3  2.033976E-04  2.740915E-04
  4.303554E+00     1     4 -1.867378E-03 -1.772248E-03
  4.303554E+00     1     5  1.058746E+03  8.601379E+02
  4.303554E+00     1     6 -1.036191E-05  9.667693E-06
  4.303554E+00     2     1 -2.895656E-04 -3.609388E-04
  4.303554E+00     2     2  2.425925E+02  1.607077E+02
  4.303554E+00     2     3  9.046240E-05 -1.004413E-04
  4.303554E+00     2     4 -1.058710E+03 -8.601423E+02
  4.303554E+00     2     5 -1.858830E-03 -3.475225E-03
  4.303554E+00     2     6  3.129617E-05 -1.835027E-05
  4.303554E+00     3     1 -1.245295E-04  1.420062E-04
  4.303554E+00     3     2 -1.403703E-04 -1.574773E-05
  4.303554E+00     3     3  6.474852E+02  4.638041E+02
  4.303554E+00     3     4  1.123138E-03 -9.780303E-04
  4.303554E+00     3     5  2.855847E-03 -6.183684E-04
  4.303554E+00     3     6  1.602254E-04 -8.211243E-05
  4.303554E+00     4     1 -9.557437E-04  3.805850E-05
  4.303554E+00     4     2 -1.058690E+03 -8.601162E+02
  4.303554E+00     4     3 -2.659485E-04  4.658066E-04
  4.303554E+00     4     4  5.919763E+03  4.603595E+03
  4.303554E+00     4     5 -3.421992E-03  2.173621E-03
  4.303554E+00     4     6  4.568277E-05  9.990743E-05
  4.303554E+00     5     1  1.058723E+03  8.601218E+02
  4.303554E+00     5     2 -3.556348E-04 -2.140254E-04
  4.303554E+00     5     3  3.359467E-04  1.571782E-03
  4.303554E+00     5     4  8.376688E-04 -9.227581E-04
  4.303554E+00     5     5  5.919557E+03  4.603608E+03
  4.303554E+00     5     6  1.095128E-04  3.211717E-05
  4.303554E+00     6     1 -4.479659E-05 -1.946315E-04
  4.303554E+00     6     2 -5.590920E-05 -2.026260E-04
  4.303554E+00     6     3  1.112690E-02  4.522713E-03
  4.303554E+00     6     4  8.577112E-04 -9.040827E-04
  4.303554E+00     6     5  1.209824E-04 -6.383660E-05
  4.303554E+00     6     6  8.238615E+02  6.033941E-03
  4.245398E+00     1     1  2.382214E+02  1.598387E+02
  4.245398E+00     1     2  4.242226E-05  2.541804E-04
  4.245398E+00     1     3  1.323072E-04  4.120017E-04
  4.245398E+00     1     4 -6.390195E-04 -1.601174E-03
  4.245398E+00     1     5  1.035420E+03  8.568098E+02
  4.245398E+00     1     6 -4.492981E-05 -1.883810E-06
  4.245398E+00     2     1 -3.838832E-04 -4.092515E-04
  4.245398E+00     2     2  2.382287E+02  1.598397E+02
  4.245398E+00     2     3  2.610763E-04 -9.518111E-06
  4.245398E+00     2     4 -1.035384E+03 -8.568166E+02
  4.245398E+00     2     5 -1.535252E-03 -2.173371E-03
  4.245398E+00     2     6  1.125224E-05  4.686150E-07
  4.245398E+00     3     1  3.416892E-04  6.159325E-05
  4.245398E+00     3     2 -4.616799E-05 -4.369300E-06
  4.245398E+00     3     3  6.420993E+02  4.553866E+02
  4.245398E+00     3     4 -1.681436E-03 -1.553688E-04
  4.245398E+00     3     5 -8.028429E-04  2.016695E-03
  4.245398E+00     3     6  1.775334E-05 -5.448045E-05
  4.245398E+00     4     1 -1.029679E-03  2.953224E-05
  4.245398E+00     4     2 -1.035362E+03 -8.567903E+02
  4.245398E+00     4     3 -8.055791E-04 -5.859062E-04
  4.245398E+00     4     4  5.795917E+03  4.592842E+03
  4.245398E+00     4     5 -5.573899E-03  2.859533E-04
  4.245398E+00     4     6  1.010429E-04 -5.309580E-06
  4.245398E+00     5     1  1.035392E+03  8.567915E+02
  4.245398E+00     5     2 -5.318206E-04 -2.138093E-04
  4.245398E+00     5     3  4.535988E-04  6.036442E-04
  4.245398E+00     5     4  4.082598E-03 -8.740984E-04
  4.245398E+00     5     5  5.795767E+03  4.592887E+03
  4.245398E+00     5     6  3.665476E-05 -2.299560E-05
  4.245398E+00     6     1 -1.028516E-04  3.202036E-04
  4.245398E+00     6     2  1.807510E-05 -6.771086E-05
  4.245398E+00     6     3  1.024871E-02  4.161054E-03
  4.245398E+00     6     4 -9.239022E-04 -6.511215E-04
  4.245398E+00     6     5 -1.833289E-04 -9.550452E-04
  4.245398E+00     6     6  8.250259E+02  8.328386E-03
  4.188793E+00     1     1  2.340151E+02  1.588257E+02
  4.188793E+00     1     2  3.134884E-04  2.805101E-04
  4.188793E+00     1     3 -6.654321E-05  3.323580E-04
  4.188793E+00     1     4 -2.265021E-03 -1.252415E-03
  4.188793E+00     1     5  1.012858E+03  8.526859E+02
  4.188793E+00     1     6 -8.059676E-06  1.153093E-05
  4.188793E+00     2     1 -3.014407E-04 -3.332059E-04
  4.188793E+00     2     2  2.340226E+02  1.588276E+02
  4.188793E+00     2     3  3.323960E-04  5.421788E-05
  4.188793E+00     2     4 -1.012819E+03 -8.526968E+02
  4.188793E+00     2     5 -2.205483E-03 -2.217402E-03
  4.188793E+00     2     6 -1.872703E-05 -3.280850E-06
  4.188793E+00     3     1 -3.386796E-04  1.144360E-04
  4.188793E+00     3     2 -1.268391E-04 -1.023067E-04
  4.188793E+00     3     3  6.370236E+02  4.470652E+02
  4.188793E+00     3     4  1.083523E-03 -7.693358E-04
  4.188793E+00     3     5  8.761492E-04 -1.264686E-03
  4.188793E+00     3     6  8.912536E-05 -5.734838E-05
  4.188793E+00     4     1 -7.807454E-04 -2.117194E-04
  4.188793E+00     4     2 -1.012800E+03 -8.526680E+02
  4.188793E+00     4     3 -4.905388E-04 -1.323763E-03
  4.188793E+00     4     4  5.675907E+03  4.577795E+03
  4.188793E+00     4     5 -4.300795E-03 -2.345406E-03
  4.188793E+00     4     6  3.889529E-05  2.605927E-05
  4.188793E+00     5     1  1.012834E+03  8.526680E+02
  4.188793E+00     5     2 -7.990375E-04  1.935419E-04
  4.188793E+00     5     3 -9.113625E-04  1.351448E-03
  4.188793E+00     5     4  3.582083E-03 -1.378283E-04
  4.188793E+00     5     5  5.675729E+03  4.577764E+03
  4.188793E+00     5     6  2.700861E-04  6.350985E-05
  4.188793E+00     6     1 -1.125038E-04 -2.032667E-04
  4.188793E+00     6     2 -2.240875E-04 -3.497005E-04
  4.188793E+00     6     3  1.077045E-02  5.430792E-03
  4.188793E+00     6     4  1.218588E-03  6.911157E-04
  4.188793E+00     6     5 -2.593100E-04  9.512907E-05
  4.188793E+00     6     6  8.262339E+02  1.145119E-02
  4.133677E+00     1     1  2.299682E+02  1.576835E+02
  4.133677E+00     1     2  1.173939E-04  3.100584E-04
  4.133677E+00     1     3  4.079900E-04  5.249954E-04
  4.133677E+00     1     4 -1.419864E-03 -1.652238E-03
  4.133677E+00     1     5  9.910742E+02  8.478436E+02
  4.133677E+00     1     6  3.023075E-05  2.287688E-06
  4.133677E+00     2     1 -2.150477E-04 -2.556238E-04
  4.133677E+00     2     2  2.299764E+02  1.576854E+02
  4.133677E+00     2     3 -3.420743E-04 -3.804264E-05
  4.133677E+00     2     4 -9.910375E+02 -8.478526E+02
  4.133677E+00     2     5 -1.762824E-03 -6.996181E-04
  4.133677E+00     2     6 -4.070812E-05 -6.375089E-06
  4.133677E+00     3     1  1.643342E-05 -1.921504E-04
  4.133677E+00     3     2  3.047036E-04 -1.441531E-04
  4.133677E+00     3     3  6.322524E+02  4.388593E+02
  4.133677E+00     3     4 -4.225895E-04 -1.312023E-03
  4.133677E+00     3     5 -2.326431E-03 -3.821170E-04
  4.133677E+00     3     6  2.462076E-04 -9.050767E-05
  4.133677E+00     4     1 -1.128894E-03 -3.856076E-04
  4.133677E+00     4     2 -9.910155E+02 -8.478290E+02
  4.133677E+00     4     3  4.531220E-04  2.083629E-04
  4.133677E+00     4     4  5.559615E+03  4.558759E+03
  4.133677E+00     4     5 -2.014704E-03 -4.321262E-03
  4.133677E+00     4     6  6.114272E-05  3.553527E-05
  4.133677E+00     5     1  9.910471E+02  8.478271E+02
  4.133677E+00     5     2 -2.518799E-04  2.542380E-04
  4.133677E+00     5     3 -8.013472E-04 -2.650600E-04
  4.133677E+00     5     4  2.872199E-04 -2.122015E-03
  4.133677E+00     5     5  5.559481E+03  4.558772E+03
  4.133677E+00     5     6  4.122355E-04 -9.481953E-06
  4.133677E+00     6     1  5.917630E-05  5.168468E-05
  4.133677E+00     6     2 -1.017694E-04 -1.061708E-04
  4.133677E+00     6     3  1.060991E-02  4.373630E-03
  4.133677E+00     6     4 -1.095355E-03  1.095176E-03
  4.133677E+00     6     5  7.864980E-04 -2.519250E-03
  4.133677E+00     6     6  8.274864E+02  1.566882E-02
  4.079993E+00     1     1  2.260790E+02  1.564278E+02
  4.079993E+00     1     2  2.416134E-04  3.133205E-04
  4.079993E+00     1     3  1.935292E-05  1.608201E-04
  4.079993E+00     1     4 -4.482572E-04 -1.173295E-03
  4.079993E+00     1     5  9.700636E+02  8.423591E+02
  4.079993E+00     1     6 -2.266934E-05  1.041170E-05
  4.079993E+00     2     1 -3.052898E-04 -3.220490E-04
  4.079993E+00     2     2  2.260859E+02  1.564288E+02
  4.079993E+00     2     3 -4.583269E-05  2.439428E-04
  4.079993E+00     2     4 -9.700230E+02 -8.423738E+02
  4.079993E+00     2     5 -1.956838E-03 -1.169609E-03
  4.079993E+00     2     6  1.326018E-05 -1.865197E-05
  4.079993E+00     3     1  1.481427E-04 -3.255394E-04
  4.079993E+00     3     2 -7.380545E-05 -1.773643E-04
  4.079993E+00     3     3  6.277657E+02  4.307591E+02
  4.079993E+00     3     4  3.981292E-04 -5.667303E-04
  4.079993E+00     3     5 -1.878392E-03  1.155823E-03
  4.079993E+00     3     6  3.592565E-05 -7.756935E-05
  4.079993E+00     4     1 -1.380754E-03  5.070847E-04
  4.079993E+00     4     2 -9.700015E+02 -8.423433E+02
  4.079993E+00     4     3  1.200087E-03  1.024377E-03
  4.079993E+00     4     4  5.447133E+03  4.536204E+03
  4.079993E+00     4     5 -2.876692E-03 -6.298069E-03
  4.079993E+00     4     6  1.079543E-04  7.606791E-05
  4.079993E+00     5     1  9.700356E+02  8.423405E+02
  4.079993E+00     5     2 -8.717161E-04 -2.328604E-04
  4.079993E+00     5     3  8.092076E-05  2.518481E-03
  4.079993E+00     5     4  1.045190E-03 -5.778894E-04
  4.079993E+00     5     5  5.447012E+03  4.536196E+03
  4.079993E+00     5     6 -5.775131E-05  4.887889E-05
  4.079993E+00     6     1 -1.810306E-05  1.088008E-04
  4.079993E+00     6     2 -4.682681E-06  1.067221E-04
  4.079993E+00     6     3  9.283413E-03  4.114858E-03
  4.079993E+00     6     4  5.404056E-04  3.094673E-04
  4.079993E+00     6     5  5.458894E-04  6.675122E-04
  4.079993E+00     6     6  8.287891E+02  2.132693E-02
  4.027685E+00     1     1  2.223470E+02  1.550708E+02
  4.027685E+00     1     2  8.588546E-05  1.498415E-04
  4.027685E+00     1     3 -6.690858E-05  3.211500E-04
  4.027685E+00     1     4 -1.542463E-03 -1.248103E-03
  4.027685E+00     1     5  9.498201E+02  8.363040E+02
  4.027685E+00     1     6  5.055589E-05  1.285568E-05
  4.027685E+00     2     1 -2.093669E-04 -3.028042E-04
  4.027685E+00     2     2  2.223542E+02  1.550725E+02
  4.027685E+00     2     3 -2.063187E-04 -3.100559E-05
  4.027685E+00     2     4 -9.497776E+02 -8.363168E+02
  4.027685E+00     2     5 -1.872890E-03 -1.182837E-03
  4.027685E+00     2     6 -9.332222E-05 -2.763077E-05
  4.027685E+00     3     1  4.130066E-05 -9.104295E-05
  4.027685E+00     3     2  2.222094E-04 -1.478323E-04
  4.027685E+00     3     3  6.235509E+02  4.227816E+02
  4.027685E+00     3     4  7.344075E-04 -9.192321E-04
  4.027685E+00     3     5  8.049849E-04  9.773877E-04
  4.027685E+00     3     6  1.389277E-04 -8.086153E-05
  4.027685E+00     4     1 -9.545479E-04 -1.117299E-03
  4.027685E+00     4     2 -9.497646E+02 -8.362914E+02
  4.027685E+00     4     3  1.349851E-03 -3.468804E-04
  4.027685E+00     4     4  5.338512E+03  4.510378E+03
  4.027685E+00     4     5 -3.245324E-03 -2.807647E-03
  4.027685E+00     4     6  4.802747E-04  1.468473E-04
  4.027685E+00     5     1  9.497983E+02  8.362820E+02
  4.027685E+00     5     2 -6.764475E-04 -5.988767E-04
  4.027685E+00     5     3  3.971010E-04  3.573373E-04
  4.027685E+00     5     4  1.810409E-03 -2.908498E-03
  4.027685E+00     5     5  5.338316E+03  4.510380E+03
  4.027685E+00     5     6 -1.931435E-04  5.868704E-05
  4.027685E+00     6     1  2.847982E-06 -1.842007E-04
  4.027685E+00     6     2 -1.860345E-04  7.656212E-05
  4.027685E+00     6     3  8.347632E-03  4.344658E-03
  4.027685E+00     6     4  1.887456E-03  3.035067E-04
  4.027685E+00     6     5  1.205012E-03 -4.791616E-04
  4.027685E+00     6     6  8.301526E+02  2.877415E-02
  3.976702E+00     1     1  2.187691E+02  1.536252E+02
  3.976702E+00     1     2  1.231112E-04  5.194512E-04
  3.976702E+00     1     3 -1.567259E-04  1.700640E-05
  3.976702E+00     1     4 -1.433697E-03 -1.977471E-03
  3.976702E+00     1     5  9.303441E+02  8.297458E+02
  3.976702E+00     1     6 -2.116337E-05  1.221087E-05
  3.976702E+00     2     1 -1.756116E-04 -2.611421E-04
  3.976702E+00     2     2  2.187754E+02  1.536276E+02
  3.976702E+00     2     3  2.411072E-04 -2.424270E-04
  3.976702E+00     2     4 -9.303036E+02 -8.297552E+02
  3.976702E+00     2     5 -2.154754E-03 -1.293856E-03
  3.976702E+00     2     6 -4.088692E-05  4.032683E-06
  3.976702E+00     3     1 -3.555671E-04  2.150636E-04
  3.976702E+00     3     2 -8.042576E-05 -2.883926E-04
  3.976702E+00     3     3  6.196031E+02  4.149224E+02
  3.976702E+00     3     4  2.893619E-04 -1.814365E-04
  3.976702E+00     3     5 -8.070413E-04 -8.105841E-04
  3.976702E+00     3     6  5.890965E-05 -9.271434E-05
  3.976702E+00     4     1 -7.858565E-04 -1.988602E-04
  3.976702E+00     4     2 -9.302845E+02 -8.297325E+02
  3.976702E+00     4     3  2.387539E-04  1.311563E-04
  3.976702E+00     4     4  5.233634E+03  4.481734E+03
  3.976702E+00     4     5 -2.154790E-03 -3.979653E-04
  3.976702E+00     4     6 -9.341910E-05 -2.355148E-05
  3.976702E+00     5     1  9.303194E+02  8.297263E+02
  3.976702E+00     5     2 -5.113296E-04  6.595384E-04
  3.976702E+00     5     3 -2.695397E-04  6.494895E-04
  3.976702E+00     5     4  9.208918E-04 -7.536002E-04
  3.976702E+00     5     5  5.233438E+03  4.481742E+03
  3.976702E+00     5     6 -1.049028E-04  5.010065E-05
  3.976702E+00     6     1  1.752191E-05  6.709248E-05
  3.976702E+00     6     2 -1.009088E-04  2.397745E-04
  3.976702E+00     6     3  7.455002E-03  5.263466E-03
  3.976702E+00     6     4  6.550106E-04 -4.355313E-04
  3.976702E+00     6     5 -3.320276E-04 -8.785730E-05
  3.976702E+00     6     6  8.315613E+02  3.870923E-02
  3.926993E+00     1     1  2.153428E+02  1.521039E+02
  3.926993E+00     1     2  1.245007E-04  2.216888E-04
  3.926993E+00     1     3  2.137199E-04  1.365045E-04
  3.926993E+00     1     4 -1.305365E-03 -1.514743E-03
  3.926993E+00     1     5  9.116080E+02  8.227390E+02
  3.926993E+00     1     6  3.063585E-05 -1.612888E-05
  3.926993E+00     2     1 -3.913765E-04 -2.059034E-04
  3.926993E+00     2     2  2.153486E+02  1.521064E+02
  3.926993E+00     2     3  2.996394E-04  6.705523E-06
  3.926993E+00     2     4 -9.115707E+02 -8.227488E+02
  3.926993E+00     2     5 -2.100006E-03 -1.574972E-03
  3.926993E+00     2     6 -3.364682E-05 -7.212068E-06
  3.926993E+00     3     1  3.058556E-05 -5.236582E-05
  3.926993E+00     3     2 -2.457793E-04 -3.842746E-04
  3.926993E+00     3     3  6.159019E+02  4.071896E+02
  3.926993E+00     3     4 -1.175344E-03 -5.311929E-04
  3.926993E+00     3     5 -3.678780E-04  2.059545E-04
  3.926993E+00     3     6  5.897228E-05 -8.540731E-05
  3.926993E+00     4     1 -1.276817E-03 -3.962475E-04
  3.926993E+00     4     2 -9.115530E+02 -8.227147E+02
  3.926993E+00     4     3  6.832108E-04  5.364660E-04
  3.926993E+00     4     4  5.132458E+03  4.450555E+03
  3.926993E+00     4     5 -2.393022E-03 -5.273342E-03
  3.926993E+00     4     6  2.356032E-04  3.259293E-05
  3.926993E+00     5     1  9.115864E+02  8.227134E+02
  3.926993E+00     5     2 -5.818475E-04  4.739780E-05
  3.926993E+00     5     3  2.146523E-03  4.285015E-05
  3.926993E+00     5     4  4.866198E-04 -2.417341E-05
  3.926993E+00     5     5  5.132296E+03  4.450525E+03
  3.926993E+00     5     6  1.983107E-04 -7.198435E-05
  3.926993E+00     6     1  1.589060E-04 -1.802294E-05
  3.926993E+00     6     2 -6.623007E-05  3.663749E-04
  3.926993E+00     6     3  8.230470E-03  3.726722E-03
  3.926993E+00     6     4  2.752095E-04 -1.012682E-03
  3.926993E+00     6     5 -4.414481E-05  8.813145E-04
  3.926993E+00     6     6  8.330374E+02  5.175238E-02
  3.878512E+00     1     1  2.120627E+02  1.505178E+02
  3.878512E+00     1     2  2.021098E-04  2.714145E-04
  3.878512E+00     1     3  3.493332E-04  2.663312E-04
  3.878512E+00     1     4 -1.849383E-03 -1.053761E-03
  3.878512E+00     1     5  8.936201E+02  8.153423E+02
  3.878512E+00     1     6  3.194430E-06 -1.272957E-06
  3.878512E+00     2     1 -3.160804E-04 -2.260765E-04
  3.878512E+00     2     2  2.120700E+02  1.505205E+02
  3.878512E+00     2     3  3.620129E-04  3.381520E-04
  3.878512E+00     2     4 -8.935709E+02 -8.153520E+02
  3.878512E+00     2     5 -1.677406E-03 -1.529081E-03
  3.878512E+00     2     6 -1.836942E-05 -1.098294E-05
  3.878512E+00     3     1  6.331294E-05 -1.413119E-04
  3.878512E+00     3     2  1.651887E-04  1.207311E-04
  3.878512E+00     3     3  6.124349E+02  3.995773E+02
  3.878512E+00     3     4 -9.130053E-04 -2.551824E-04
  3.878512E+00     3     5 -8.599497E-04 -1.062327E-03
  3.878512E+00     3     6 -1.182234E-04 -7.337581E-05
  3.878512E+00     4     1 -9.778040E-04 -3.994699E-04
  3.878512E+00     4     2 -8.935701E+02 -8.153192E+02
  3.878512E+00     4     3 -8.407161E-04  2.386831E-04
  3.878512E+00     4     4  5.034917E+03  4.417041E+03
  3.878512E+00     4     5 -2.466470E-03 -2.865486E-03
  3.878512E+00     4     6  2.751825E-05  3.114403E-05
  3.878512E+00     5     1  8.935908E+02  8.153147E+02
  3.878512E+00     5     2 -7.419325E-04 -4.252419E-05
  3.878512E+00     5     3  6.779209E-04  3.357828E-04
  3.878512E+00     5     4  2.775200E-03  1.884695E-03
  3.878512E+00     5     5  5.034793E+03  4.416978E+03
  3.878512E+00     5     6 -4.025805E-05  2.514962E-05
  3.878512E+00     6     1  3.905783E-05 -1.608581E-05
  3.878512E+00     6     2 -1.975484E-04  3.747644E-05
  3.878512E+00     6     3  7.651859E-03  4.470219E-03
  3.878512E+00     6     4 -6.201873E-05  4.513263E-04
  3.878512E+00     6     5  3.334806E-04 -1.546738E-04
  3.878512E+00     6     6  8.345731E+02  6.892380E-02
  3.831213E+00     1     1  2.089277E+02  1.488759E+02
  3.831213E+00     1     2  5.440891E-05  3.161401E-04
  3.831213E+00     1     3  5.688901E-04  2.679457E-04
  3.831213E+00     1     4 -1.120678E-03 -1.152478E-03
  3.831213E+00     1     5  8.763382E+02  8.075991E+02
  3.831213E+00     1     6 -3.845058E-05  2.696700E-05
  3.831213E+00     2     1 -2.876328E-04 -3.227654E-04
  3.831213E+00     2     2  2.089343E+02  1.488786E+02
  3.831213E+00     2     3 -1.116099E-05  2.474338E-04
  3.831213E+00     2     4 -8.762935E+02 -8.076140E+02
  3.831213E+00     2     5 -1.639580E-03 -1.666519E-03
  3.831213E+00     2     6  3.669597E-05 -2.847631E-05
  3.831213E+00     3     1 -3.916910E-04 -1.099136E-04
  3.831213E+00     3     2  4.648496E-04 -3.525855E-04
  3.831213E+00     3     3  6.091943E+02  3.920974E+02
  3.831213E+00     3     4 -3.864691E-04  1.035195E-03
  3.831213E+00     3     5  1.274521E-03  7.773153E-04
  3.831213E+00     3     6  2.855319E-05 -7.142226E-05
  3.831213E+00     4     1 -7.092413E-04 -3.837687E-04
  3.831213E+00     4     2 -8.762820E+02 -8.075765E+02
  3.831213E+00     4     3 -5.857795E-04 -5.204417E-05
  3.831213E+00     4     4  4.941071E+03  4.381501E+03
  3.831213E+00     4     5 -2.123892E-03 -1.983959E-03
  3.831213E+00     4     6  3.868062E-05  1.314748E-04
  3.831213E+00     5     1  8.763071E+02  8.075792E+02
  3.831213E+00     5     2 -6.713849E-04  8.223951E-05
  3.831213E+00     5     3  8.901283E-04  6.461982E-04
  3.831213E+00     5     4  4.134774E-04 -1.030870E-03
  3.831213E+00     5     5  4.940877E+03  4.381473E+03
  3.831213E+00     5     6 -4.112488E-06  1.220275E-04
  3.831213E+00     6     1 -2.730638E-05  1.075789E-04
  3.831213E+00     6     2 -1.964028E-04 -4.357102E-05
  3.831213E+00     6     3  9.184605E-03  3.376004E-03
  3.831213E+00     6     4 -1.217767E-03 -1.964270E-03
  3.831213E+00     6     5 -2.706570E-04  9.993911E-04
  3.831213E+00     6     6  8.361796E+02  9.124428E-02
  3.785054E+00     1     1  2.059309E+02  1.471880E+02
  3.785054E+00     1     2  1.066042E-04  3.515658E-04
  3.785054E+00     1     3  3.955234E-04  1.262776E-04
  3.785054E+00     1     4 -1.086686E-03 -9.249033E-04
  3.785054E+00     1     5  8.597554E+02  7.995663E+02
  3.785054E+00     1     6 -1.726112E-05  5.213762E-06
  3.785054E+00     2     1 -3.067339E-04 -3.582703E-04
  3.785054E+00     2     2  2.059383E+02  1.471904E+02
  3.785054E+00     2     3  2.393984E-04  5.112590E-05
  3.785054E+00     2     4 -8.597117E+02 -7.995772E+02
  3.785054E+00     2     5 -2.063030E-03 -1.659348E-03
  3.785054E+00     2     6  4.941224E-05 -1.736892E-05
  3.785054E+00     3     1  8.211797E-05 -1.703268E-04
  3.785054E+00     3     2  1.541697E-04 -1.633829E-04
  3.785054E+00     3     3  6.061722E+02  3.847463E+02
  3.785054E+00     3     4 -4.484095E-04 -6.994307E-04
  3.785054E+00     3     5  1.020885E-03 -1.453198E-03
  3.785054E+00     3     6  1.036958E-05 -1.654479E-05
  3.785054E+00     4     1 -9.340458E-04 -1.491932E-04
  3.785054E+00     4     2 -8.597001E+02 -7.995447E+02
  3.785054E+00     4     3  6.858706E-04 -2.772957E-04
  3.785054E+00     4     4  4.850688E+03  4.344197E+03
  3.785054E+00     4     5 -2.908938E-03 -2.905771E-03
  3.785054E+00     4     6  1.262221E-05  7.132584E-05
  3.785054E+00     5     1  8.597314E+02  7.995412E+02
  3.785054E+00     5     2 -6.580390E-04 -2.770619E-04
  3.785054E+00     5     3  5.291551E-04  2.031755E-03
  3.785054E+00     5     4  2.035804E-03  2.270274E-03
  3.785054E+00     5     5  4.850527E+03  4.344154E+03
  3.785054E+00     5     6  3.482953E-04  5.059782E-05
  3.785054E+00     6     1 -1.830458E-04 -5.974621E-05
  3.785054E+00     6     2 -2.822941E-04  2.663434E-04
  3.785054E+00     6     3  8.952111E-03  3.919621E-03
  3.785054E+00     6     4 -2.026035E-04  3.416541E-04
  3.785054E+00     6     5  1.084730E-04 -1.088917E-03
  3.785054E+00     6     6  8.378611E+02  1.201887E-01
  3.739994E+00     1     1  2.030691E+02  1.454615E+02
  3.739994E+00     1     2  2.021081E-04  2.489820E-04
  3.739994E+00     1     3 -1.214743E-04 -5.521959E-05
  3.739994E+00     1     4 -9.561917E-04 -1.470653E-03
  3.739994E+00     1     5  8.438514E+02  7.912822E+02
  3.739994E+00     1     6  3.038348E-05 -3.892961E-06
  3.739994E+00     2     1 -3.373936E-04 -2.896338E-04
  3.739994E+00     2     2  2.030768E+02  1.454645E+02
  3.739994E+00     2     3  9.523716E-05  1.755618E-04
  3.739994E+00     2     4 -8.438101E+02 -7.912946E+02
  3.739994E+00     2     5 -1.753638E-03 -1.690985E-03
  3.739994E+00     2     6  1.007319E-05  7.976650E-06
  3.739994E+00     3     1  2.016849E-04  2.121945E-04
  3.739994E+00     3     2 -7.406669E-05  2.048444E-06
  3.739994E+00     3     3  6.033531E+02  3.775256E+02
  3.739994E+00     3     4 -7.072836E-04 -7.974599E-04
  3.739994E+00     3     5  9.398693E-04  7.409044E-05
  3.739994E+00     3     6 -1.294067E-04 -8.137160E-05
  3.739994E+00     4     1 -6.113807E-04 -6.573033E-04
  3.739994E+00     4     2 -8.437939E+02 -7.912545E+02
  3.739994E+00     4     3 -3.242344E-04 -7.130094E-04
  3.739994E+00     4     4  4.763716E+03  4.305315E+03
  3.739994E+00     4     5 -2.028733E-03 -1.486395E-03
  3.739994E+00     4     6 -5.916101E-04 -4.173443E-05
  3.739994E+00     5     1  8.438271E+02  7.912610E+02
  3.739994E+00     5     2 -5.488768E-04 -2.189558E-04
  3.739994E+00     5     3  5.817562E-04  9.880587E-04
  3.739994E+00     5     4  3.013015E-04 -1.079217E-03
  3.739994E+00     5     5  4.763543E+03  4.305319E+03
  3.739994E+00     5     6 -1.706481E-04 -3.351939E-05
  3.739994E+00     6     1 -3.734514E-05 -7.875261E-05
  3.739994E+00     6     2 -3.485661E-05 -2.849101E-05
  3.739994E+00     6     3  6.744371E-03  3.714758E-03
  3.739994E+00     6     4  1.172907E-03  4.238486E-04
  3.739994E+00     6     5 -1.023933E-04 -1.177132E-03
  3.739994E+00     6     6  8.396213E+02  1.575934E-01
  3.695994E+00     1     1  2.003385E+02  1.437057E+02
  3.695994E+00     1     2  2.387112E-04  1.707555E-04
  3.695994E+00     1     3 -5.606505E-04  2.765781E-04
  3.695994E+00     1     4 -1.291421E-03 -1.579676E-03
  3.695994E+00     1     5  8.285987E+02  7.827834E+02
  3.695994E+00     1     6 -2.970918E-05 -2.330476E-05
  3.695994E+00     2     1 -2.996646E-04 -3.126018E-04
  3.695994E+00     2     2  2.003445E+02  1.437077E+02
  3.695994E+00     2     3 -1.989976E-04  9.163100E-05
  3.695994E+00     2     4 -8.285524E+02 -7.828013E+02
  3.695994E+00     2     5 -1.928256E-03 -1.097304E-03
  3.695994E+00     2     6 -9.454789E-06 -1.238409E-05
  3.695994E+00     3     1 -1.108975E-04 -4.076719E-04
  3.695994E+00     3     2 -1.335754E-04  6.796699E-05
  3.695994E+00     3     3  6.007258E+02  3.704339E+02
  3.695994E+00     3     4 -2.684556E-04  8.771755E-05
  3.695994E+00     3     5 -1.432775E-04  9.096600E-05
  3.695994E+00     3     6  7.504376E-05 -9.910118E-05
  3.695994E+00     4     1 -1.295652E-03 -3.349478E-04
  3.695994E+00     4     2 -8.285485E+02 -7.827607E+02
  3.695994E+00     4     3 -1.110286E-04 -3.791917E-04
  3.695994E+00     4     4  4.680089E+03  4.265116E+03
  3.695994E+00     4     5 -2.033308E-03 -3.963530E-03
  3.695994E+00     4     6  7.201312E-05  9.027241E-05
  3.695994E+00     5     1  8.285755E+02  7.827633E+02
  3.695994E+00     5     2 -8.428060E-04 -1.611877E-04
  3.695994E+00     5     3  8.533522E-04  1.506550E-03
  3.695994E+00     5     4  1.488581E-03  4.023500E-04
  3.695994E+00     5     5  4.679938E+03  4.265085E+03
  3.695994E+00     5     6 -2.838462E-05 -1.108493E-04
  3.695994E+00     6     1 -4.614428E-05 -1.044720E-04
  3.695994E+00     6     2 -1.538451E-04  1.686513E-04
  3.695994E+00     6     3  8.573852E-03  3.896431E-03
  3.695994E+00     6     4  1.088988E-03  6.426572E-04
  3.695994E+00     6     5 -4.227609E-04  1.455843E-03
  3.695994E+00     6     6  8.414632E+02  2.057795E-01
  3.653017E+00     1     1  1.977330E+02  1.419254E+02
  3.653017E+00     1     2  1.339477E-04  2.360708E-04
  3.653017E+00     1     3 -4.435457E-06  1.571523E-04
  3.653017E+00     1     4 -1.252642E-03 -1.403255E-03
  3.653017E+00     1     5  8.139822E+02  7.741038E+02
  3.653017E+00     1     6  3.352761E-05  1.902004E-05
  3.653017E+00     2     1 -2.406212E-04 -2.991375E-04
  3.653017E+00     2     2  1.977407E+02  1.419280E+02
  3.653017E+00     2     3  1.969559E-05  2.021751E-04
  3.653017E+00     2     4 -8.139357E+02 -7.741276E+02
  3.653017E+00     2     5 -1.100492E-03 -1.849159E-03
  3.653017E+00     2     6  8.620321E-06  1.156865E-05
  3.653017E+00     3     1  8.136826E-05 -2.811014E-04
  3.653017E+00     3     2  6.952090E-05 -1.238398E-04
  3.653017E+00     3     3  5.982804E+02  3.634730E+02
  3.653017E+00     3     4  9.067133E-04 -5.706269E-04
  3.653017E+00     3     5  5.122274E-04 -1.444640E-04
  3.653017E+00     3     6  9.298557E-06 -8.447903E-05
  3.653017E+00     4     1 -8.799462E-04 -1.641512E-04
  3.653017E+00     4     2 -8.139275E+02 -7.740903E+02
  3.653017E+00     4     3 -5.896240E-04 -2.904367E-04
  3.653017E+00     4     4  4.599674E+03  4.223765E+03
  3.653017E+00     4     5 -2.446182E-03  3.752820E-04
  3.653017E+00     4     6 -1.214258E-04 -7.008450E-05
  3.653017E+00     5     1  8.139554E+02  7.740849E+02
  3.653017E+00     5     2 -9.202827E-04 -4.036520E-04
  3.653017E+00     5     3  1.138970E-03  1.276807E-03
  3.653017E+00     5     4  1.393430E-03  8.116998E-04
  3.653017E+00     5     5  4.599565E+03  4.223688E+03
  3.653017E+00     5     6  3.228199E-04  1.088392E-04
  3.653017E+00     6     1 -3.040765E-05  1.062677E-04
  3.653017E+00     6     2  3.877282E-05 -5.906822E-05
  3.653017E+00     6     3  9.747305E-03  3.873181E-03
  3.653017E+00     6     4  1.796297E-04  1.840592E-03
  3.653017E+00     6     5 -4.262105E-05  5.882985E-05
  3.653017E+00     6     6  8.433947E+02  2.672659E-01
  3.611028E+00     1     1  1.952477E+02  1.401282E+02
  3.611028E+00     1     2  1.317576E-04  2.244605E-04
  3.611028E+00     1     3 -3.674223E-05  2.917451E-04
  3.611028E+00     1     4 -9.936311E-04 -1.765450E-03
  3.611028E+00     1     5  7.999725E+02  7.652856E+02
  3.611028E+00     1     6 -1.086500E-04 -4.427338E-06
  3.611028E+00     2     1 -1.251265E-04 -2.534208E-04
  3.611028E+00     2     2  1.952547E+02  1.401309E+02
  3.611028E+00     2     3 -4.484317E-04  1.152493E-04
  3.611028E+00     2     4 -7.999300E+02 -7.653043E+02
  3.611028E+00     2     5 -1.921615E-03 -1.496780E-03
  3.611028E+00     2     6 -3.921987E-05 -3.463594E-05
  3.611028E+00     3     1 -1.643319E-05 -9.018823E-05
  3.611028E+00     3     2  2.827775E-05  7.912749E-06
  3.611028E+00     3     3  5.960123E+02  3.566413E+02
  3.611028E+00     3     4  5.753338E-04 -1.472849E-03
  3.611028E+00     3     5  6.728917E-04 -3.371378E-04
  3.611028E+00     3     6 -1.208005E-04 -8.980242E-05
  3.611028E+00     4     1 -5.556848E-04 -1.676665E-04
  3.611028E+00     4     2 -7.999203E+02 -7.652618E+02
  3.611028E+00     4     3 -9.674281E-04  2.027024E-04
  3.611028E+00     4     4  4.522468E+03  4.181386E+03
  3.611028E+00     4     5 -3.648400E-04 -3.425352E-03
  3.611028E+00     4     6  3.963355E-04  2.097128E-04
  3.611028E+00     5     1  7.999459E+02  7.652608E+02
  3.611028E+00     5     2 -6.442480E-04  3.093835E-04
  3.611028E+00     5     3  1.751095E-03  2.124703E-03
  3.611028E+00     5     4  1.128510E-03 -2.790123E-03
  3.611028E+00     5     5  4.522300E+03  4.181307E+03
  3.611028E+00     5     6  4.156891E-04 -4.219457E-05
  3.611028E+00     6     1 -5.778249E-05 -1.821070E-04
  3.611028E+00     6     2 -6.982683E-05  2.620965E-04
  3.611028E+00     6     3  7.563947E-03  3.464703E-03
  3.611028E+00     6     4  1.491178E-04 -1.142323E-03
  3.611028E+00     6     5  4.416071E-04 -4.084111E-04
  3.611028E+00     6     6  8.454290E+02  3.456103E-01
  3.569994E+00     1     1  1.928780E+02  1.383191E+02
  3.569994E+00     1     2  6.004302E-05  2.037916E-04
  3.569994E+00     1     3  2.939081E-04  1.830550E-04
  3.569994E+00     1     4 -1.259205E-03 -1.674795E-03
  3.569994E+00     1     5  7.865502E+02  7.563477E+02
  3.569994E+00     1     6 -8.573739E-06 -6.299992E-06
  3.569994E+00     2     1 -1.583657E-04 -2.139328E-04
  3.569994E+00     2     2  1.928845E+02  1.383219E+02
  3.569994E+00     2     3  9.978750E-05 -1.939386E-05
  3.569994E+00     2     4 -7.865060E+02 -7.563703E+02
  3.569994E+00     2     5 -1.773608E-03 -1.321101E-03
  3.569994E+00     2     6 -3.338606E-05  9.779284E-06
  3.569994E+00     3     1  4.356634E-05 -2.601673E-04
  3.569994E+00     3     2 -7.602945E-05  8.177478E-05
  3.569994E+00     3     3  5.939041E+02  3.499435E+02
  3.569994E+00     3     4 -1.147389E-06  2.350844E-05
  3.569994E+00     3     5  6.814618E-04  9.233402E-04
  3.569994E+00     3     6 -7.460744E-05 -7.247699E-05
  3.569994E+00     4     1 -6.249659E-04  1.411829E-04
  3.569994E+00     4     2 -7.864974E+02 -7.563310E+02
  3.569994E+00     4     3  9.566173E-04 -1.143925E-04
  3.569994E+00     4     4  4.448241E+03  4.138126E+03
  3.569994E+00     4     5 -1.759022E-03 -5.915985E-04
  3.569994E+00     4     6 -4.349803E-04 -6.872090E-05
  3.569994E+00     5     1  7.865281E+02  7.563199E+02
  3.569994E+00     5     2 -4.584193E-04  2.235700E-04
  3.569994E+00     5     3  1.361933E-03  6.351480E-04
  3.569994E+00     5     4  6.641224E-04  5.539246E-04
  3.569994E+00     5     5  4.448105E+03  4.138067E+03
  3.569994E+00     5     6  3.907981E-04 -5.479520E-05
  3.569994E+00     6     1 -2.184741E-05  9.329617E-05
  3.569994E+00     6     2 -2.158676E-04 -2.552567E-05
  3.569994E+00     6     3  7.801010E-03  3.694976E-03
  3.569994E+00     6     4 -3.271974E-04 -1.615287E-04
  3.569994E+00     6     5  2.241311E-04  5.149843E-04
  3.569994E+00     6     6  8.475658E+02  4.447455E-01
  3.529882E+00     1     1  1.906185E+02  1.365032E+02
  3.529882E+00     1     2  9.449447E-05  2.138185E-04
  3.529882E+00     1     3  2.360726E-04  2.323839E-04
  3.529882E+00     1     4 -1.188363E-03 -1.266218E-03
  3.529882E+00     1     5  7.736917E+02  7.473149E+02
  3.529882E+00     1     6  1.019238E-05  5.668307E-06
  3.529882E+00     2     1 -2.706129E-04 -3.097921E-04
  3.529882E+00     2     2  1.906253E+02  1.365062E+02
  3.529882E+00     2     3 -3.357547E-04  2.048090E-04
  3.529882E+00     2     4 -7.736476E+02 -7.473361E+02
  3.529882E+00     2     5 -1.507417E-03 -1.532774E-03
  3.529882E+00     2     6 -5.483626E-06  4.356755E-06
  3.529882E+00     3     1 -2.226348E-04 -2.199183E-04
  3.529882E+00     3     2 -2.203290E-04  2.677620E-04
  3.529882E+00     3     3  5.919612E+02  3.433730E+02
  3.529882E+00     3     4  1.932595E-03 -9.411797E-04
  3.529882E+00     3     5  1.242553E-03 -1.485563E-03
  3.529882E+00     3     6  3.706408E-05 -2.008457E-04
  3.529882E+00     4     1 -8.872449E-04 -4.719682E-04
  3.529882E+00     4     2 -7.736354E+02 -7.472980E+02
  3.529882E+00     4     3 -2.810955E-04 -1.925975E-06
  3.529882E+00     4     4  4.376907E+03  4.094175E+03
  3.529882E+00     4     5 -6.953850E-04 -9.684451E-04
  3.529882E+00     4     6  1.788666E-04 -7.220761E-06
  3.529882E+00     5     1  7.736689E+02  7.472883E+02
  3.529882E+00     5     2 -4.493352E-04  1.099580E-04
  3.529882E+00     5     3  7.494688E-04  1.963600E-03
  3.529882E+00     5     4  1.728311E-03 -3.668662E-03
  3.529882E+00     5     5  4.376768E+03  4.094103E+03
  3.529882E+00     5     6  2.142943E-04  1.581130E-05
  3.529882E+00     6     1  1.269448E-05  7.764249E-05
  3.529882E+00     6     2 -2.404545E-04  1.668930E-05
  3.529882E+00     6     3  9.096218E-03  3.688802E-03
  3.529882E+00     6     4  1.332975E-04 -5.773306E-04
  3.529882E+00     6     5  3.438333E-04 -2.315044E-04
  3.529882E+00     6     6  8.498145E+02  5.698043E-01
  3.490661E+00     1     1  1.884660E+02  1.346843E+02
  3.490661E+00     1     2  1.519950E-04  2.786292E-04
  3.490661E+00     1     3  5.666518E-05  2.560311E-04
  3.490661E+00     1     4 -7.331529E-04 -1.238650E-03
  3.490661E+00     1     5  7.613755E+02  7.382123E+02
  3.490661E+00     1     6  1.616400E-05 -1.692037E-05
  3.490661E+00     2     1 -2.174060E-04 -2.575489E-04
  3.490661E+00     2     2  1.884715E+02  1.346877E+02
  3.490661E+00     2     3  4.192022E-04 -7.176022E-05
  3.490661E+00     2     4 -7.613275E+02 -7.382354E+02
  3.490661E+00     2     5 -1.662525E-03 -7.589408E-04
  3.490661E+00     2     6  7.270649E-05  1.468390E-05
  3.490661E+00     3     1 -1.552503E-04 -1.381774E-04
  3.490661E+00     3     2 -2.719555E-04 -1.193804E-04
  3.490661E+00     3     3  5.901660E+02  3.369330E+02
  3.490661E+00     3     4  1.527384E-03  5.798824E-04
  3.490661E+00     3     5 -2.353750E-04  8.728979E-04
  3.490661E+00     3     6  9.414414E-05 -1.094459E-04
  3.490661E+00     4     1 -3.632307E-04 -1.405869E-04
  3.490661E+00     4     2 -7.613192E+02 -7.382015E+02
  3.490661E+00     4     3  2.017915E-04  6.613620E-04
  3.490661E+00     4     4  4.308418E+03  4.049614E+03
  3.490661E+00     4     5 -2.459552E-03 -4.138261E-03
  3.490661E+00     4     6 -4.230323E-04 -6.669057E-05
  3.490661E+00     5     1  7.613468E+02  7.381825E+02
  3.490661E+00     5     2 -5.492056E-04  2.645166E-04
  3.490661E+00     5     3  7.889830E-04  1.084689E-03
  3.490661E+00     5     4  2.135031E-03 -3.877029E-03
  3.490661E+00     5     5  4.308306E+03  4.049526E+03
  3.490661E+00     5     6 -4.912261E-04 -7.734839E-05
  3.490661E+00     6     1 -8.754381E-05  7.767230E-05
  3.490661E+00     6     2 -5.914271E-05  7.334350E-05
  3.490661E+00     6     3  9.297231E-03  3.561721E-03
  3.490661E+00     6     4  6.103555E-04  3.138184E-04
  3.490661E+00     6     5  7.206016E-04 -2.992151E-04
  3.490661E+00     6     6  8.521836E+02  7.267444E-01
  3.452302E+00     1     1  1.864122E+02  1.328677E+02
  3.452302E+00     1     2  1.193266E-04  3.948558E-04
  3.452302E+00     1     3  1.003158E-06  1.155370E-04
  3.452302E+00     1     4 -1.060270E-03 -1.348877E-03
  3.452302E+00     1     5  7.495745E+02  7.290580E+02
  3.452302E+00     1     6  3.640163E-05  2.739191E-05
  3.452302E+00     2     1 -3.071217E-04 -1.787769E-04
  3.452302E+00     2     2  1.864181E+02  1.328714E+02
  3.452302E+00     2     3  3.657121E-05  4.540757E-05
  3.452302E+00     2     4 -7.495286E+02 -7.290872E+02
  3.452302E+00     2     5 -1.378282E-03 -8.877455E-04
  3.452302E+00     2     6  5.543228E-06 -3.067158E-06
  3.452302E+00     3     1  4.463573E-05 -1.007536E-04
  3.452302E+00     3     2 -9.713694E-05 -2.078805E-05
  3.452302E+00     3     3  5.885085E+02  3.306271E+02
  3.452302E+00     3     4 -1.727417E-05  2.757646E-05
  3.452302E+00     3     5 -1.330392E-03  2.682987E-04
  3.452302E+00     3     6  9.448174E-05 -6.888060E-05
  3.452302E+00     4     1 -1.221296E-03 -4.538451E-04
  3.452302E+00     4     2 -7.495159E+02 -7.290428E+02
  3.452302E+00     4     3 -5.015582E-04 -8.980799E-04
  3.452302E+00     4     4  4.242660E+03  4.004549E+03
  3.452302E+00     4     5 -1.804844E-03 -5.240068E-04
  3.452302E+00     4     6 -4.775804E-04  6.343422E-06
  3.452302E+00     5     1  7.495490E+02  7.290317E+02
  3.452302E+00     5     2 -6.556883E-04  5.305512E-05
  3.452302E+00     5     3  1.216587E-03  2.618097E-04
  3.452302E+00     5     4  1.941472E-03  1.737140E-04
  3.452302E+00     5     5  4.242561E+03  4.004456E+03
  3.452302E+00     5     6  2.959645E-04  1.359945E-04
  3.452302E+00     6     1 -1.554004E-05  1.946315E-04
  3.452302E+00     6     2 -4.092606E-05 -7.922951E-05
  3.452302E+00     6     3  1.051543E-02  3.498755E-03
  3.452302E+00     6     4  7.462575E-04 -1.092851E-03
  3.452302E+00     6     5  2.558926E-04  1.034677E-03
  3.452302E+00     6     6  8.546834E+02  9.226915E-01
  3.414777E+00     1     1  1.844551E+02  1.310564E+02
  3.414777E+00     1     2  8.978997E-05  2.408051E-04
  3.414777E+00     1     3  1.922974E-04  2.549919E-04
  3.414777E+00     1     4 -1.521194E-03 -1.393605E-03
  3.414777E+00     1     5  7.382729E+02  7.198725E+02
  3.414777E+00     1     6 -7.860355E-06 -1.583815E-05
  3.414777E+00     2     1 -2.702872E-04 -2.480431E-04
  3.414777E+00     2     2  1.844608E+02  1.310596E+02
  3.414777E+00     2     3  9.531900E-05  1.071356E-04
  3.414777E+00     2     4 -7.382233E+02 -7.198996E+02
  3.414777E+00     2     5 -1.162654E-03 -1.681679E-03
  3.414777E+00     2     6  3.385916E-05  1.270247E-05
  3.414777E+00     3     1 -2.016085E-04 -2.594491E-04
  3.414777E+00     3     2 -9.204540E-05 -6.596721E-05
  3.414777E+00     3     3  5.869824E+02  3.244409E+02
  3.414777E+00     3     4 -2.420843E-04 -4.188716E-05
  3.414777E+00     3     5 -2.240986E-04  2.142276E-03
  3.414777E+00     3     6 -4.659093E-05 -1.267896E-04
  3.414777E+00     4     1 -1.341357E-03 -3.067032E-04
  3.414777E+00     4     2 -7.382185E+02 -7.198624E+02
  3.414777E+00     4     3 -3.626645E-04 -2.401210E-04
  3.414777E+00     4     4  4.179523E+03  3.959122E+03
  3.414777E+00     4     5 -3.447942E-03 -1.026928E-03
  3.414777E+00     4     6 -2.793083E-04 -2.485197E-05
  3.414777E+00     5     1  7.382486E+02  7.198493E+02
  3.414777E+00     5     2 -7.654624E-04 -1.786649E-05
  3.414777E+00     5     3 -1.928471E-04  8.427110E-04
  3.414777E+00     5     4  1.162499E-03  7.457435E-04
  3.414777E+00     5     5  4.179422E+03  3.959012E+03
  3.414777E+00     5     6  1.339957E-04 -1.220469E-04
  3.414777E+00     6     1 -1.011350E-04  1.155883E-04
  3.414777E+00     6     2 -2.582744E-04  2.393126E-05
  3.414777E+00     6     3  8.328405E-03  3.402781E-03
  3.414777E+00     6     4 -8.715243E-04  6.734732E-04
  3.414777E+00     6     5  4.101540E-05  7.582901E-04
  3.414777E+00     6     6  8.573234E+02  1.166183E+00
  3.378059E+00     1     1  1.825862E+02  1.292539E+02
  3.378059E+00     1     2  1.139941E-04  1.940911E-04
  3.378059E+00     1     3  4.312734E-04  4.227064E-04
  3.378059E+00     1     4 -7.434292E-04 -1.451083E-03
  3.378059E+00     1     5  7.274455E+02  7.106704E+02
  3.378059E+00     1     6  2.332033E-05  1.585929E-05
  3.378059E+00     2     1 -1.386820E-04 -2.596358E-04
  3.378059E+00     2     2  1.825941E+02  1.292576E+02
  3.378059E+00     2     3 -4.553419E-05 -8.019433E-05
  3.378059E+00     2     4 -7.273918E+02 -7.106982E+02
  3.378059E+00     2     5 -1.739939E-03 -1.437843E-03
  3.378059E+00     2     6  5.834924E-05  1.033081E-05
  3.378059E+00     3     1 -4.446739E-05 -1.182859E-04
  3.378059E+00     3     2 -1.351452E-04 -2.079597E-04
  3.378059E+00     3     3  5.855845E+02  3.183814E+02
  3.378059E+00     3     4  9.607635E-04  5.785096E-05
  3.378059E+00     3     5  7.986575E-04 -1.607158E-03
  3.378059E+00     3     6  2.504629E-05 -1.031774E-04
  3.378059E+00     4     1 -8.107033E-04 -3.085495E-04
  3.378059E+00     4     2 -7.273859E+02 -7.106627E+02
  3.378059E+00     4     3  4.501492E-04  4.508756E-04
  3.378059E+00     4     4  4.118906E+03  3.913376E+03
  3.378059E+00     4     5 -1.186132E-03 -1.407057E-03
  3.378059E+00     4     6  4.939456E-05 -4.806832E-05
  3.378059E+00     5     1  7.274203E+02  7.106469E+02
  3.378059E+00     5     2 -7.920200E-04 -1.157001E-04
  3.378059E+00     5     3 -1.733974E-04  7.703155E-05
  3.378059E+00     5     4  2.034336E-03 -3.714934E-04
  3.378059E+00     5     5  4.118784E+03  3.913276E+03
  3.378059E+00     5     6  1.453750E-04  7.763413E-05
  3.378059E+00     6     1 -3.402402E-05  2.771617E-05
  3.378059E+00     6     2 -1.681261E-04 -2.153814E-04
  3.378059E+00     6     3  9.063785E-03  3.455354E-03
  3.378059E+00     6     4  2.627149E-04  6.865262E-04
  3.378059E+00     6     5 -7.037781E-04  1.430392E-03
  3.378059E+00     6     6  8.601136E+02  1.467538E+00
  3.342122E+00     1     1  1.808065E+02  1.274614E+02
  3.342122E+00     1     2  1.665696E-04  1.868530E-04
  3.342122E+00     1     3  1.745076E-04  1.947428E-04
  3.342122E+00     1     4 -9.354471E-04 -1.129862E-03
  3.342122E+00     1     5  7.170701E+02  7.014658E+02
  3.342122E+00     1     6 -5.478971E-05 -1.612847E-05
  3.342122E+00     2     1 -1.585786E-04 -1.976970E-04
  3.342122E+00     2     2  1.808127E+02  1.274648E+02
  3.342122E+00     2     3 -3.830530E-05  1.785233E-04
  3.342122E+00     2     4 -7.170178E+02 -7.014935E+02
  3.342122E+00     2     5 -1.447502E-03 -1.144188E-03
  3.342122E+00     2     6  9.115778E-06 -1.604407E-05
  3.342122E+00     3     1 -4.162255E-04 -1.844220E-04
  3.342122E+00     3     2 -3.176336E-04 -6.294111E-06
  3.342122E+00     3     3  5.843033E+02  3.124530E+02
  3.342122E+00     3     4 -1.740567E-04  4.167119E-04
  3.342122E+00     3     5  1.495003E-03 -7.612910E-04
  3.342122E+00     3     6  2.198038E-05 -8.382586E-05
  3.342122E+00     4     1 -7.908382E-04  2.912898E-05
  3.342122E+00     4     2 -7.170075E+02 -7.014519E+02
  3.342122E+00     4     3  2.037734E-05 -2.974737E-04
  3.342122E+00     4     4  4.060751E+03  3.867431E+03
  3.342122E+00     4     5 -1.807112E-03 -2.811110E-03
  3.342122E+00     4     6 -3.742487E-04  5.432001E-05
  3.342122E+00     5     1  7.170455E+02  7.014415E+02
  3.342122E+00     5     2 -1.816219E-04  5.565886E-04
  3.342122E+00     5     3  5.979501E-04  9.080982E-04
  3.342122E+00     5     4  1.368754E-03 -1.023993E-03
  3.342122E+00     5     5  4.060642E+03  3.867340E+03
  3.342122E+00     5     6 -1.721131E-04 -5.653665E-05
  3.342122E+00     6     1 -2.210783E-04 -2.586916E-04
  3.342122E+00     6     2 -2.019110E-06 -1.235902E-04
  3.342122E+00     6     3  9.530514E-03  3.208905E-03
  3.342122E+00     6     4  3.689231E-04  6.273391E-04
  3.342122E+00     6     5 -2.347753E-04 -1.003564E-03
  3.342122E+00     6     6  8.630577E+02  1.838619E+00
  3.306942E+00     1     1  1.791071E+02  1.256819E+02
  3.306942E+00     1     2 -3.210362E-06  1.817115E-04
  3.306942E+00     1     3 -7.350650E-05  3.086782E-06
  3.306942E+00     1     4 -7.452046E-04 -9.860803E-04
  3.306942E+00     1     5  7.071287E+02  6.922706E+02
  3.306942E+00     1     6 -8.109970E-06  2.990566E-06
  3.306942E+00     2     1 -2.980524E-04 -1.965214E-04
  3.306942E+00     2     2  1.791133E+02  1.256860E+02
  3.306942E+00     2     3 -1.611431E-04 -3.124402E-05
  3.306942E+00     2     4 -7.070760E+02 -6.922977E+02
  3.306942E+00     2     5 -1.347588E-03 -1.675895E-03
  3.306942E+00     2     6  2.300739E-05 -1.751282E-05
  3.306942E+00     3     1  1.820207E-04 -7.277797E-05
  3.306942E+00     3     2 -1.292489E-04  7.912889E-05
  3.306942E+00     3     3  5.831335E+02  3.066383E+02
  3.306942E+00     3     4 -2.903379E-04 -8.966392E-04
  3.306942E+00     3     5  1.095504E-03  2.145395E-05
  3.306942E+00     3     6  2.175383E-05 -1.212633E-04
  3.306942E+00     4     1 -8.398490E-04 -4.260275E-04
  3.306942E+00     4     2 -7.070737E+02 -6.922513E+02
  3.306942E+00     4     3  5.996749E-04 -1.026746E-04
  3.306942E+00     4     4  4.004940E+03  3.821301E+03
  3.306942E+00     4     5 -8.032918E-04 -3.386457E-04
  3.306942E+00     4     6 -3.416557E-06  1.027573E-04
  3.306942E+00     5     1  7.071038E+02  6.922422E+02
  3.306942E+00     5     2 -7.265247E-04  1.131101E-04
  3.306942E+00     5     3  6.791204E-04  9.487681E-04
  3.306942E+00     5     4  3.420800E-03 -1.830202E-03
  3.306942E+00     5     5  4.004830E+03  3.821220E+03
  3.306942E+00     5     6  7.361383E-05  1.717611E-05
  3.306942E+00     6     1 -1.652074E-05 -2.124086E-04
  3.306942E+00     6     2 -1.388938E-04 -1.658351E-04
  3.306942E+00     6     3  1.183715E-02  3.453457E-03
  3.306942E+00     6     4 -7.603913E-04  8.612862E-05
  3.306942E+00     6     5 -3.692952E-04 -6.867650E-04
  3.306942E+00     6     6  8.661755E+02  2.293386E+00
  3.272495E+00     1     1  1.774851E+02  1.239179E+02
  3.272495E+00     1     2  7.912378E-05  1.882273E-04
  3.272495E+00     1     3  2.292887E-04  1.082987E-04
  3.272495E+00     1     4 -1.391989E-03 -6.181597E-04
  3.272495E+00     1     5  6.976003E+02  6.830867E+02
  3.272495E+00     1     6  5.169956E-05  1.001707E-05
  3.272495E+00     2     1 -1.379306E-04 -1.730388E-04
  3.272495E+00     2     2  1.774908E+02  1.239229E+02
  3.272495E+00     2     3 -4.909930E-06  1.254454E-04
  3.272495E+00     2     4 -6.975490E+02 -6.831154E+02
  3.272495E+00     2     5 -6.945317E-04 -1.066793E-03
  3.272495E+00     2     6  1.134352E-06  1.612990E-05
  3.272495E+00     3     1 -5.387701E-07 -6.710994E-05
  3.272495E+00     3     2  1.396085E-04 -1.018750E-05
  3.272495E+00     3     3  5.820667E+02  3.009457E+02
  3.272495E+00     3     4 -8.077063E-04 -1.246130E-03
  3.272495E+00     3     5  1.329860E-03 -2.637254E-04
  3.272495E+00     3     6  8.000550E-05 -1.136160E-04
  3.272495E+00     4     1 -9.697555E-04 -7.946850E-04
  3.272495E+00     4     2 -6.975427E+02 -6.830782E+02
  3.272495E+00     4     3 -1.932859E-03  6.589163E-04
  3.272495E+00     4     4  3.951347E+03  3.775103E+03
  3.272495E+00     4     5 -1.812771E-03 -1.915205E-03
  3.272495E+00     4     6  7.182593E-05 -7.291768E-05
  3.272495E+00     5     1  6.975790E+02  6.830662E+02
  3.272495E+00     5     2 -8.103093E-04  1.250510E-04
  3.272495E+00     5     3  1.322277E-03  8.708686E-04
  3.272495E+00     5     4 -1.186408E-03 -6.844476E-04
  3.272495E+00     5     5  3.951260E+03  3.775031E+03
  3.272495E+00     5     6 -1.970725E-05  4.312805E-05
  3.272495E+00     6     1  2.284997E-05  1.459568E-05
  3.272495E+00     6     2 -1.535527E-04 -7.389485E-05
  3.272495E+00     6     3  8.230190E-03  3.490195E-03
  3.272495E+00     6     4  5.046279E-05 -6.949901E-05
  3.272495E+00     6     5 -3.636102E-04  1.145482E-03
  3.272495E+00     6     6  8.694662E+02  2.848060E+00
  3.238758E+00     1     1  1.759357E+02  1.221702E+02
  3.238758E+00     1     2  2.020302E-04  1.318758E-04
  3.238758E+00     1     3  1.056819E-04  3.275647E-04
  3.238758E+00     1     4 -1.115449E-03 -9.073241E-04
  3.238758E+00     1     5  6.884701E+02  6.739343E+02
  3.238758E+00     1     6  2.317134E-06  2.641568E-05
  3.238758E+00     2     1 -1.222455E-04 -3.114064E-04
  3.238758E+00     2     2  1.759407E+02  1.221747E+02
  3.238758E+00     2     3  1.323318E-04 -1.512766E-04
  3.238758E+00     2     4 -6.884175E+02 -6.739666E+02
  3.238758E+00     2     5 -1.359109E-03 -1.173129E-03
  3.238758E+00     2     6  2.743863E-05  3.209905E-05
  3.238758E+00     3     1 -2.960302E-05 -2.035307E-04
  3.238758E+00     3     2 -1.064353E-04  1.267232E-04
  3.238758E+00     3     3  5.810961E+02  2.953781E+02
  3.238758E+00     3     4  1.701973E-04 -8.347239E-04
  3.238758E+00     3     5 -1.171156E-03 -1.311233E-03
  3.238758E+00     3     6 -3.027715E-04 -1.519273E-04
  3.238758E+00     4     1 -9.535141E-04  7.062592E-05
  3.238758E+00     4     2 -6.884128E+02 -6.739207E+02
  3.238758E+00     4     3 -2.409592E-04 -7.534772E-04
  3.238758E+00     4     4  3.899951E+03  3.728942E+03
  3.238758E+00     4     5 -1.685288E-03 -2.487550E-03
  3.238758E+00     4     6 -3.701109E-04 -1.573913E-04
  3.238758E+00     5     1  6.884514E+02  6.739064E+02
  3.238758E+00     5     2 -6.532110E-04  4.633470E-05
  3.238758E+00     5     3  1.570746E-03  1.323639E-03
  3.238758E+00     5     4  1.233928E-03 -1.555484E-03
  3.238758E+00     5     5  3.899893E+03  3.728844E+03
  3.238758E+00     5     6 -9.681471E-05  9.064323E-05
  3.238758E+00     6     1  8.459018E-05  2.281964E-04
  3.238758E+00     6     2 -2.269297E-04  1.036972E-04
  3.238758E+00     6     3  9.139112E-03  3.186899E-03
  3.238758E+00     6     4  8.568912E-04 -9.479522E-04
  3.238758E+00     6     5 -2.644808E-04  1.711249E-04
  3.238758E+00     6     6  8.729523E+02  3.521504E+00
  3.205709E+00     1     1  1.744539E+02  1.204396E+02
  3.205709E+00     1     2  1.678796E-04  2.345774E-04
  3.205709E+00     1     3 -7.247729E-05  2.715894E-04
  3.205709E+00     1     4 -1.202473E-03 -1.337725E-03
  3.205709E+00     1     5  6.797181E+02  6.648062E+02
  3.205709E+00     1     6  3.184565E-05  2.774628E-05
  3.205709E+00     2     1 -3.034608E-04 -1.531089E-04
  3.205709E+00     2     2  1.744582E+02  1.204442E+02
  3.205709E+00     2     3  2.718400E-04 -1.066961E-04
  3.205709E+00     2     4 -6.796649E+02 -6.648435E+02
  3.205709E+00     2     5 -1.427836E-03 -1.234320E-03
  3.205709E+00     2     6 -4.408881E-05 -1.488329E-05
  3.205709E+00     3     1 -1.024185E-04  6.273366E-05
  3.205709E+00     3     2 -2.222941E-04 -6.822078E-05
  3.205709E+00     3     3  5.802277E+02  2.899193E+02
  3.205709E+00     3     4 -4.068390E-05 -1.890361E-04
  3.205709E+00     3     5  1.511723E-05  4.896573E-04
  3.205709E+00     3     6  7.137982E-05 -1.347635E-04
  3.205709E+00     4     1 -5.034413E-04 -5.417983E-04
  3.205709E+00     4     2 -6.796603E+02 -6.648040E+02
  3.205709E+00     4     3 -1.028702E-04 -2.900735E-04
  3.205709E+00     4     4  3.850698E+03  3.682745E+03
  3.205709E+00     4     5 -8.709133E-04 -2.469379E-03
  3.205709E+00     4     6 -2.225921E-04  3.994277E-05
  3.205709E+00     5     1  6.797025E+02  6.647830E+02
  3.205709E+00     5     2 -6.940970E-04  1.101326E-04
  3.205709E+00     5     3  1.535952E-03  2.524220E-03
  3.205709E+00     5     4 -3.489405E-04 -2.969049E-03
  3.205709E+00     5     5  3.850602E+03  3.682653E+03
  3.205709E+00     5     6  2.637224E-04  1.885641E-04
  3.205709E+00     6     1  3.939121E-05  2.122298E-04
  3.205709E+00     6     2 -8.681415E-05  2.457202E-05
  3.205709E+00     6     3  8.727808E-03  2.445291E-03
  3.205709E+00     6     4  5.562004E-04  3.278252E-05
  3.205709E+00     6     5  3.373693E-04  1.689792E-04
  3.205709E+00     6     6  8.766284E+02  4.335080E+00
  3.173328E+00     1     1  1.730357E+02  1.187269E+02
  3.173328E+00     1     2  4.557891E-05  1.456111E-04
  3.173328E+00     1     3  8.986161E-05  1.484135E-04
  3.173328E+00     1     4 -1.549313E-03 -1.242048E-03
  3.173328E+00     1     5  6.713301E+02  6.557253E+02
  3.173328E+00     1     6  4.533671E-06  1.742237E-05
  3.173328E+00     2     1 -1.608975E-04 -1.611606E-04
  3.173328E+00     2     2  1.730414E+02  1.187324E+02
  3.173328E+00     2     3  1.470037E-04 -1.681038E-04
  3.173328E+00     2     4 -6.712761E+02 -6.557568E+02
  3.173328E+00     2     5 -9.381280E-04 -1.188496E-03
  3.173328E+00     2     6  1.114048E-05 -5.079497E-05
  3.173328E+00     3     1 -1.613847E-04  1.676991E-04
  3.173328E+00     3     2  1.250519E-04  1.198929E-04
  3.173328E+00     3     3  5.794412E+02  2.845811E+02
  3.173328E+00     3     4  1.177654E-03 -4.306603E-04
  3.173328E+00     3     5 -9.244960E-05 -1.295287E-03
  3.173328E+00     3     6  4.657696E-05 -1.873214E-04
  3.173328E+00     4     1 -8.923449E-04 -3.931033E-04
  3.173328E+00     4     2 -6.712689E+02 -6.557209E+02
  3.173328E+00     4     3  6.629005E-04 -5.111936E-04
  3.173328E+00     4     4  3.803432E+03  3.636666E+03
  3.173328E+00     4     5  1.958646E-04 -1.828909E-03
  3.173328E+00     4     6 -9.218697E-05  2.574252E-04
  3.173328E+00     5     1  6.713110E+02  6.556980E+02
  3.173328E+00     5     2 -2.891496E-04  1.294282E-04
  3.173328E+00     5     3  5.609952E-04  1.123661E-03
  3.173328E+00     5     4  1.125127E-03 -1.402058E-03
  3.173328E+00     5     5  3.803362E+03  3.636546E+03
  3.173328E+00     5     6  1.118826E-04  1.057494E-04
  3.173328E+00     6     1  2.497805E-05 -5.222861E-06
  3.173328E+00     6     2 -2.197933E-07  1.460463E-04
  3.173328E+00     6     3  8.102790E-03  2.565068E-03
  3.173328E+00     6     4  4.405825E-04  9.419320E-04
  3.173328E+00     6     5  7.431586E-04  2.301334E-04
  3.173328E+00     6     6  8.805123E+02  5.313313E+00
  3.141595E+00     1     1  1.716791E+02  1.170331E+02
  3.141595E+00     1     2  4.298640E-05  1.932480E-04
  3.141595E+00     1     3  1.320434E-05  8.409472E-05
  3.141595E+00     1     4 -9.953626E-04 -8.905624E-04
  3.141595E+00     1     5  6.632912E+02  6.466781E+02
  3.141595E+00     1     6  3.316623E-05  1.405809E-05
  3.141595E+00     2     1 -2.046125E-04 -1.682219E-04
  3.141595E+00     2     2  1.716840E+02  1.170388E+02
  3.141595E+00     2     3  3.221263E-05 -1.483299E-04
  3.141595E+00     2     4 -6.632369E+02 -6.467142E+02
  3.141595E+00     2     5 -1.374143E-03 -7.952788E-04
  3.141595E+00     2     6 -8.085555E-05  2.301008E-06
  3.141595E+00     3     1 -1.443631E-04 -1.204055E-04
  3.141595E+00     3     2  1.179171E-04 -1.591702E-04
  3.141595E+00     3     3  5.787328E+02  2.793481E+02
  3.141595E+00     3     4  1.617298E-04  9.014644E-05
  3.141595E+00     3     5 -3.156001E-04 -1.137570E-03
  3.141595E+00     3     6  4.155783E-05 -1.724936E-04
  3.141595E+00     4     1 -9.232406E-04 -4.575774E-04
  3.141595E+00     4     2 -6.632313E+02 -6.466727E+02
  3.141595E+00     4     3 -4.786253E-05 -8.967239E-04
  3.141595E+00     4     4  3.758155E+03  3.590656E+03
  3.141595E+00     4     5 -1.893941E-03 -1.722049E-03
  3.141595E+00     4     6  2.745572E-04 -8.264898E-06
  3.141595E+00     5     1  6.632747E+02  6.466534E+02
  3.141595E+00     5     2 -6.797286E-04  3.065853E-04
  3.141595E+00     5     3  1.378059E-04  1.421228E-03
  3.141595E+00     5     4  1.591399E-03  3.544465E-04
  3.141595E+00     5     5  3.758060E+03  3.590543E+03
  3.141595E+00     5     6  1.116199E-04  5.663728E-05
  3.141595E+00     6     1 -9.167196E-05  4.552299E-06
  3.141595E+00     6     2 -1.996757E-04  1.123920E-04
  3.141595E+00     6     3  9.909265E-03  2.580553E-03
  3.141595E+00     6     4  9.855778E-04  1.707078E-04
  3.141595E+00     6     5  2.195090E-04 -2.443794E-05
  3.141595E+00     6     6  8.845967E+02  6.483658E+00
  3.110490E+00     1     1  1.703786E+02  1.153582E+02
  3.110490E+00     1     2  7.932084E-05  2.013542E-04
  3.110490E+00     1     3  2.452514E-04  1.474544E-04
  3.110490E+00     1     4 -3.820392E-04 -6.150941E-04
  3.110490E+00     1     5  6.555865E+02  6.376768E+02
  3.110490E+00     1     6 -8.094121E-05 -1.695723E-05
  3.110490E+00     2     1 -2.291740E-04 -1.970275E-04
  3.110490E+00     2     2  1.703834E+02  1.153638E+02
  3.110490E+00     2     3  3.435017E-04  6.463748E-05
  3.110490E+00     2     4 -6.555276E+02 -6.377128E+02
  3.110490E+00     2     5 -1.500932E-03 -9.044293E-04
  3.110490E+00     2     6 -2.287700E-05 -1.381460E-05
  3.110490E+00     3     1 -1.354772E-04 -2.520077E-05
  3.110490E+00     3     2 -2.050400E-04 -1.408409E-04
  3.110490E+00     3     3  5.781005E+02  2.742253E+02
  3.110490E+00     3     4 -3.253669E-04 -1.295616E-03
  3.110490E+00     3     5 -1.109317E-03 -5.046790E-04
  3.110490E+00     3     6  1.173385E-05 -1.026608E-04
  3.110490E+00     4     1 -1.218547E-03 -4.359987E-05
  3.110490E+00     4     2 -6.555273E+02 -6.376771E+02
  3.110490E+00     4     3  4.706606E-04 -6.109197E-04
  3.110490E+00     4     4  3.714713E+03  3.544847E+03
  3.110490E+00     4     5 -1.039725E-03 -2.768893E-03
  3.110490E+00     4     6  1.862375E-04  6.257324E-05
  3.110490E+00     5     1  6.555669E+02  6.376511E+02
  3.110490E+00     5     2 -5.485658E-04  1.677866E-04
  3.110490E+00     5     3  1.690798E-04  1.480000E-03
  3.110490E+00     5     4  1.316011E-03 -1.509273E-03
  3.110490E+00     5     5  3.714670E+03  3.544710E+03
  3.110490E+00     5     6 -1.173355E-04 -9.678738E-05
  3.110490E+00     6     1 -1.223014E-05  3.211202E-06
  3.110490E+00     6     2 -1.151637E-04  5.585698E-05
  3.110490E+00     6     3  9.179848E-03  2.531640E-03
  3.110490E+00     6     4  9.030102E-06  5.128978E-04
  3.110490E+00     6     5 -8.326780E-05 -2.236962E-04
  3.110490E+00     6     6  8.888960E+02  7.876940E+00
  3.079995E+00     1     1  1.691319E+02  1.137011E+02
  3.079995E+00     1     2  6.623846E-05  1.430327E-04
  3.079995E+00     1     3  1.558461E-04  4.242281E-04
  3.079995E+00     1     4 -1.030239E-03 -1.171301E-03
  3.079995E+00     1     5  6.482002E+02  6.287283E+02
  3.079995E+00     1     6  2.666376E-05  1.672946E-05
  3.079995E+00     2     1 -2.106705E-04 -1.839796E-04
  3.079995E+00     2     2  1.691357E+02  1.137071E+02
  3.079995E+00     2     3  1.827180E-04  9.669740E-05
  3.079995E+00     2     4 -6.481351E+02 -6.287637E+02
  3.079995E+00     2     5 -1.528141E-03 -1.280279E-03
  3.079995E+00     2     6 -3.023632E-05  3.904221E-06
  3.079995E+00     3     1  1.794193E-06 -8.002296E-05
  3.079995E+00     3     2 -2.132873E-04 -2.286327E-05
  3.079995E+00     3     3  5.775477E+02  2.692063E+02
  3.079995E+00     3     4 -1.133408E-03  4.698765E-04
  3.079995E+00     3     5 -1.140346E-03 -1.101423E-03
  3.079995E+00     3     6  8.123624E-05 -1.970401E-04
  3.079995E+00     4     1 -4.655914E-04  9.008264E-05
  3.079995E+00     4     2 -6.481403E+02 -6.287258E+02
  3.079995E+00     4     3 -8.079410E-05 -1.509227E-04
  3.079995E+00     4     4  3.673132E+03  3.499216E+03
  3.079995E+00     4     5 -4.013106E-04 -1.599353E-03
  3.079995E+00     4     6  2.228748E-04 -4.722267E-05
  3.079995E+00     5     1  6.481821E+02  6.286962E+02
  3.079995E+00     5     2 -5.946038E-04 -7.586321E-05
  3.079995E+00     5     3  9.614043E-04  8.752011E-04
  3.079995E+00     5     4 -5.028769E-04 -3.294162E-04
  3.079995E+00     5     5  3.673082E+03  3.499079E+03
  3.079995E+00     5     6 -2.365639E-04  7.337682E-05
  3.079995E+00     6     1  7.115280E-07 -6.967780E-05
  3.079995E+00     6     2 -2.279877E-06 -6.404521E-05
  3.079995E+00     6     3  6.837805E-03  2.617590E-03
  3.079995E+00     6     4  4.634853E-04 -7.103682E-04
  3.079995E+00     6     5  1.338275E-04  3.826020E-04
  3.079995E+00     6     6  8.934006E+02  9.526994E+00
  3.050092E+00     1     1  1.679344E+02  1.120619E+02
  3.050092E+00     1     2  5.056890E-05  2.028102E-04
  3.050092E+00     1     3  4.890712E-04  2.032919E-04
  3.050092E+00     1     4 -1.045791E-03 -9.347145E-04
  3.050092E+00     1     5  6.411245E+02  6.198202E+02
  3.050092E+00     1     6  2.132170E-05  9.729645E-06
  3.050092E+00     2     1 -1.944859E-04 -1.721422E-04
  3.050092E+00     2     2  1.679387E+02  1.120686E+02
  3.050092E+00     2     3  2.362208E-05  3.908201E-05
  3.050092E+00     2     4 -6.410626E+02 -6.198629E+02
  3.050092E+00     2     5 -1.766711E-03 -8.340271E-04
  3.050092E+00     2     6  2.374870E-06  2.774456E-05
  3.050092E+00     3     1 -1.552748E-06 -1.189337E-04
  3.050092E+00     3     2 -1.661489E-04 -1.720535E-04
  3.050092E+00     3     3  5.770569E+02  2.642958E+02
  3.050092E+00     3     4 -1.216922E-03 -4.922217E-04
  3.050092E+00     3     5  5.009305E-04 -2.657576E-05
  3.050092E+00     3     6  5.624141E-05 -2.703300E-04
  3.050092E+00     4     1 -1.033337E-03  7.714564E-05
  3.050092E+00     4     2 -6.410598E+02 -6.198275E+02
  3.050092E+00     4     3  4.128888E-04 -1.202479E-03
  3.050092E+00     4     4  3.633338E+03  3.453853E+03
  3.050092E+00     4     5 -2.064846E-03 -8.353498E-04
  3.050092E+00     4     6  1.481622E-04 -1.117667E-04
  3.050092E+00     5     1  6.411038E+02  6.197964E+02
  3.050092E+00     5     2 -3.083237E-04  1.501665E-05
  3.050092E+00     5     3 -2.673268E-04 -1.683040E-04
  3.050092E+00     5     4  7.521957E-04 -1.171250E-04
  3.050092E+00     5     5  3.633290E+03  3.453670E+03
  3.050092E+00     5     6 -3.237515E-04  2.436321E-05
  3.050092E+00     6     1 -1.656451E-04 -1.473725E-05
  3.050092E+00     6     2 -1.558736E-04  8.771569E-05
  3.050092E+00     6     3  9.823832E-03  2.442917E-03
  3.050092E+00     6     4 -4.785507E-04  4.545451E-04
  3.050092E+00     6     5  5.737245E-04 -5.555746E-04
  3.050092E+00     6     6  8.981149E+02  1.147091E+01
  3.020764E+00     1     1  1.667850E+02  1.104403E+02
  3.020764E+00     1     2  6.448190E-05  1.893948E-04
  3.020764E+00     1     3  3.567683E-04  2.842257E-04
  3.020764E+00     1     4 -9.927468E-04 -1.066117E-03
  3.020764E+00     1     5  6.343542E+02  6.109685E+02
  3.020764E+00     1     6 -6.603267E-05  3.172016E-05
  3.020764E+00     2     1 -1.318960E-04 -1.491668E-04
  3.020764E+00     2     2  1.667884E+02  1.104468E+02
  3.020764E+00     2     3  2.604482E-04  7.325973E-05
  3.020764E+00     2     4 -6.342885E+02 -6.110117E+02
  3.020764E+00     2     5 -1.180014E-03 -1.034231E-03
  3.020764E+00     2     6  1.491793E-05 -4.260919E-06
  3.020764E+00     3     1  3.083656E-05 -1.710141E-05
  3.020764E+00     3     2  1.402618E-04 -1.663854E-05
  3.020764E+00     3     3  5.766298E+02  2.594804E+02
  3.020764E+00     3     4 -4.464407E-04  1.693051E-04
  3.020764E+00     3     5  1.261332E-03  5.881698E-04
  3.020764E+00     3     6  3.918761E-05 -1.131441E-04
  3.020764E+00     4     1 -6.717863E-04 -1.495308E-04
  3.020764E+00     4     2 -6.342878E+02 -6.109766E+02
  3.020764E+00     4     3 -8.627623E-04 -4.154108E-04
  3.020764E+00     4     4  3.595210E+03  3.408663E+03
  3.020764E+00     4     5 -1.214039E-03 -9.380467E-04
  3.020764E+00     4     6  3.094608E-04 -2.688312E-05
  3.020764E+00     5     1  6.343318E+02  6.109490E+02
  3.020764E+00     5     2 -6.592087E-04  9.014411E-05
  3.020764E+00     5     3  1.202844E-03  2.983250E-04
  3.020764E+00     5     4  1.732327E-03 -1.102827E-03
  3.020764E+00     5     5  3.595192E+03  3.408530E+03
  3.020764E+00     5     6 -6.933883E-05  1.217333E-04
  3.020764E+00     6     1  9.725418E-05  5.702676E-05
  3.020764E+00     6     2 -1.417249E-04  8.145724E-05
  3.020764E+00     6     3  6.923212E-03  2.716233E-03
  3.020764E+00     6     4  8.243024E-04 -1.148581E-04
  3.020764E+00     6     5 -2.872940E-05 -1.111329E-04
  3.020764E+00     6     6  9.030339E+02  1.374890E+01
  2.991995E+00     1     1  1.656806E+02  1.088347E+02
  2.991995E+00     1     2  1.029873E-04  1.331461E-04
  2.991995E+00     1     3  2.392483E-04  2.351657E-04
  2.991995E+00     1     4 -1.287628E-03 -7.258666E-04
  2.991995E+00     1     5  6.278701E+02  6.021707E+02
  2.991995E+00     1     6  5.351374E-06  4.752891E-06
  2.991995E+00     2     1 -6.030769E-05 -1.214542E-04
  2.991995E+00     2     2  1.656830E+02  1.088413E+02
  2.991995E+00     2     3 -3.178939E-04  1.325440E-04
  2.991995E+00     2     4 -6.278019E+02 -6.022129E+02
  2.991995E+00     2     5 -1.463900E-03 -1.049909E-03
  2.991995E+00     2     6  3.039465E-05  3.120513E-05
  2.991995E+00     3     1 -5.017433E-04 -3.074855E-05
  2.991995E+00     3     2 -1.968383E-04 -1.362809E-04
  2.991995E+00     3     3  5.762640E+02  2.547642E+02
  2.991995E+00     3     4 -2.683960E-04  4.208982E-04
  2.991995E+00     3     5  1.068972E-03  8.792938E-04
  2.991995E+00     3     6  2.621956E-04 -8.217686E-05
  2.991995E+00     4     1 -1.084191E-03 -2.496745E-04
  2.991995E+00     4     2 -6.277996E+02 -6.021730E+02
  2.991995E+00     4     3 -2.259538E-04  1.735985E-04
  2.991995E+00     4     4  3.558775E+03  3.363838E+03
  2.991995E+00     4     5 -2.193876E-03 -1.914129E-03
  2.991995E+00     4     6 -6.060954E-05 -1.724171E-04
  2.991995E+00     5     1  6.278490E+02  6.021437E+02
  2.991995E+00     5     2 -6.116722E-04  8.297712E-05
  2.991995E+00     5     3  6.642751E-04  7.962137E-04
  2.991995E+00     5     4  1.557171E-03 -7.843766E-04
  2.991995E+00     5     5  3.558739E+03  3.363670E+03
  2.991995E+00     5     6  3.094671E-04  1.458886E-05
  2.991995E+00     6     1  1.034159E-04  6.464124E-05
  2.991995E+00     6     2 -1.024604E-04 -8.521976E-05
  2.991995E+00     6     3  8.920771E-03  2.468557E-03
  2.991995E+00     6     4  8.314252E-04 -7.705090E-04
  2.991995E+00     6     5  3.172756E-04  1.710057E-04
  2.991995E+00     6     6  9.081269E+02  1.640321E+01
  2.963768E+00     1     1  1.646188E+02  1.072444E+02
  2.963768E+00     1     2  1.723471E-04  1.797806E-04
  2.963768E+00     1     3 -1.110477E-05  2.821424E-04
  2.963768E+00     1     4 -1.378156E-03 -1.062127E-03
  2.963768E+00     1     5  6.216711E+02  5.934247E+02
  2.963768E+00     1     6  2.394245E-05  2.162253E-05
  2.963768E+00     2     1 -2.742835E-04 -1.753293E-04
  2.963768E+00     2     2  1.646209E+02  1.072512E+02
  2.963768E+00     2     3  5.747730E-04  2.348051E-05
  2.963768E+00     2     4 -6.216014E+02 -5.934695E+02
  2.963768E+00     2     5 -1.293549E-03 -7.817672E-04
  2.963768E+00     2     6 -2.409330E-05 -4.263386E-05
  2.963768E+00     3     1 -4.006880E-04 -2.475950E-05
  2.963768E+00     3     2 -7.295609E-05  2.644933E-05
  2.963768E+00     3     3  5.759508E+02  2.501403E+02
  2.963768E+00     3     4 -1.241377E-03 -8.114120E-04
  2.963768E+00     3     5 -6.965399E-04  3.619636E-04
  2.963768E+00     3     6  6.703194E-06 -1.505357E-04
  2.963768E+00     4     1 -8.395361E-04 -5.994206E-04
  2.963768E+00     4     2 -6.216007E+02 -5.934260E+02
  2.963768E+00     4     3 -3.997162E-04 -4.103938E-04
  2.963768E+00     4     4  3.523914E+03  3.319342E+03
  2.963768E+00     4     5 -1.359753E-03 -1.571907E-03
  2.963768E+00     4     6 -1.962413E-04  1.946635E-04
  2.963768E+00     5     1  6.216491E+02  5.934028E+02
  2.963768E+00     5     2 -5.005850E-04  1.825634E-04
  2.963768E+00     5     3  5.163588E-04  4.858309E-04
  2.963768E+00     5     4  1.361012E-03 -1.281068E-03
  2.963768E+00     5     5  3.523901E+03  3.319140E+03
  2.963768E+00     5     6 -3.723709E-04  8.146830E-05
  2.963768E+00     6     1 -1.925398E-04  2.671032E-05
  2.963768E+00     6     2 -2.092421E-04  9.760249E-07
  2.963768E+00     6     3  9.515701E-03  2.041450E-03
  2.963768E+00     6     4  9.576232E-04  1.516937E-04
  2.963768E+00     6     5 -2.498629E-04  5.498826E-04
  2.963768E+00     6     6  9.133958E+02  1.947862E+01
  2.936070E+00     1     1  1.635981E+02  1.056686E+02
  2.936070E+00     1     2 -2.346506E-05  1.690090E-04
  2.936070E+00     1     3 -3.082758E-06  9.683690E-05
  2.936070E+00     1     4 -6.262444E-04 -7.329552E-04
  2.936070E+00     1     5  6.157442E+02  5.847378E+02
  2.936070E+00     1     6  6.588362E-05 -2.001411E-06
  2.936070E+00     2     1 -1.559237E-04 -1.507066E-04
  2.936070E+00     2     2  1.635996E+02  1.056762E+02
  2.936070E+00     2     3 -1.195073E-04 -4.294515E-05
  2.936070E+00     2     4 -6.156730E+02 -5.847831E+02
  2.936070E+00     2     5 -1.462134E-03 -8.153153E-04
  2.936070E+00     2     6  4.981830E-05  2.784631E-05
  2.936070E+00     3     1 -2.174817E-04 -1.704209E-04
  2.936070E+00     3     2 -2.161833E-05 -2.855016E-05
  2.936070E+00     3     3  5.756886E+02  2.456101E+02
  2.936070E+00     3     4  6.154999E-04  7.547624E-05
  2.936070E+00     3     5 -1.412029E-03 -8.459748E-04
  2.936070E+00     3     6 -1.478591E-05 -2.028939E-04
  2.936070E+00     4     1 -1.211265E-03 -2.991946E-04
  2.936070E+00     4     2 -6.156741E+02 -5.847397E+02
  2.936070E+00     4     3 -5.110353E-04 -5.242163E-04
  2.936070E+00     4     4  3.490605E+03  3.275152E+03
  2.936070E+00     4     5 -2.214368E-03 -1.215769E-03
  2.936070E+00     4     6  2.879002E-04 -7.933697E-05
  2.936070E+00     5     1  6.157232E+02  5.847045E+02
  2.936070E+00     5     2 -7.711798E-04  3.067283E-04
  2.936070E+00     5     3 -2.287626E-04  1.557091E-03
  2.936070E+00     5     4 -7.464588E-04 -1.272004E-03
  2.936070E+00     5     5  3.490617E+03  3.275002E+03
  2.936070E+00     5     6 -1.144365E-04 -5.758115E-05
  2.936070E+00     6     1 -1.792054E-05 -8.102504E-05
  2.936070E+00     6     2 -1.004860E-04 -4.329534E-05
  2.936070E+00     6     3  6.964028E-03  2.305241E-03
  2.936070E+00     6     4  3.820804E-04  2.682209E-04
  2.936070E+00     6     5  7.477552E-04  3.733933E-04
  2.936070E+00     6     6  9.187874E+02  2.302033E+01
  2.908884E+00     1     1  1.626166E+02  1.041055E+02
  2.908884E+00     1     2  1.204831E-04  1.749477E-04
  2.908884E+00     1     3  4.875720E-04  3.619603E-04
  2.908884E+00     1     4 -8.899203E-04 -5.974538E-04
  2.908884E+00     1     5  6.100887E+02  5.761031E+02
  2.908884E+00     1     6  6.274878E-05 -4.142245E-05
  2.908884E+00     2     1 -2.683483E-04 -1.128560E-04
  2.908884E+00     2     2  1.626188E+02  1.041139E+02
  2.908884E+00     2     3  1.841782E-04  9.745917E-05
  2.908884E+00     2     4 -6.100167E+02 -5.761518E+02
  2.908884E+00     2     5 -1.498320E-03 -8.343434E-04
  2.908884E+00     2     6 -5.642324E-05  1.090732E-04
  2.908884E+00     3     1 -1.143287E-04 -8.510542E-05
  2.908884E+00     3     2 -3.617257E-05  2.821092E-06
  2.908884E+00     3     3  5.754761E+02  2.411652E+02
  2.908884E+00     3     4 -3.084056E-04 -1.220005E-04
  2.908884E+00     3     5 -7.269606E-04 -7.422897E-04
  2.908884E+00     3     6  5.516340E-06 -1.890594E-04
  2.908884E+00     4     1 -7.633688E-04 -2.475856E-04
  2.908884E+00     4     2 -6.100204E+02 -5.761058E+02
  2.908884E+00     4     3 -6.612241E-04 -4.265253E-04
  2.908884E+00     4     4  3.458797E+03  3.231366E+03
  2.908884E+00     4     5 -9.367876E-04 -8.031521E-04
  2.908884E+00     4     6  2.147714E-04 -3.812744E-04
  2.908884E+00     5     1  6.100667E+02  5.760778E+02
  2.908884E+00     5     2 -8.547837E-04  4.003872E-04
  2.908884E+00     5     3  3.404729E-04  1.332215E-03
  2.908884E+00     5     4 -1.761690E-04  1.521669E-04
  2.908884E+00     5     5  3.458814E+03  3.231194E+03
  2.908884E+00     5     6  5.079284E-04 -1.101084E-04
  2.908884E+00     6     1 -4.036352E-05  3.951042E-05
  2.908884E+00     6     2 -1.522154E-04 -5.101410E-05
  2.908884E+00     6     3  8.670161E-03  2.321066E-03
  2.908884E+00     6     4  2.856853E-04 -6.715655E-04
  2.908884E+00     6     5  8.020100E-04 -2.518891E-04
  2.908884E+00     6     6  9.242825E+02  2.707390E+01
  2.882197E+00     1     1  1.616743E+02  1.025551E+02
  2.882197E+00     1     2  6.733565E-05  1.761214E-04
  2.882197E+00     1     3  1.311421E-04  2.707540E-04
  2.882197E+00     1     4 -8.676809E-04 -1.318189E-03
  2.882197E+00     1     5  6.046994E+02  5.675359E+02
  2.882197E+00     1     6  9.110012E-05 -3.697839E-05
  2.882197E+00     2     1 -1.591690E-04 -1.269587E-04
  2.882197E+00     2     2  1.616762E+02  1.025634E+02
  2.882197E+00     2     3  1.861399E-04  2.410337E-04
  2.882197E+00     2     4 -6.046196E+02 -5.675820E+02
  2.882197E+00     2     5 -2.017563E-03 -1.891692E-04
  2.882197E+00     2     6 -2.932362E-04  1.445850E-04
  2.882197E+00     3     1 -1.096276E-04 -1.273844E-04
  2.882197E+00     3     2 -9.937072E-05  5.655701E-05
  2.882197E+00     3     3  5.753120E+02  2.368076E+02
  2.882197E+00     3     4  5.508009E-04  2.441900E-04
  2.882197E+00     3     5  2.067583E-04 -2.406738E-04
  2.882197E+00     3     6  5.287561E-05 -1.650440E-04
  2.882197E+00     4     1 -6.657075E-04 -5.271963E-04
  2.882197E+00     4     2 -6.046235E+02 -5.675411E+02
  2.882197E+00     4     3 -7.958263E-04 -1.056100E-03
  2.882197E+00     4     4  3.428439E+03  3.188012E+03
  2.882197E+00     4     5  9.921566E-05 -2.816739E-03
  2.882197E+00     4     6  1.564625E-03 -3.760664E-04
  2.882197E+00     5     1  6.046732E+02  5.675079E+02
  2.882197E+00     5     2 -8.290494E-04  2.403767E-04
  2.882197E+00     5     3 -7.522665E-04  8.154428E-04
  2.882197E+00     5     4 -1.440734E-03 -1.046553E-03
  2.882197E+00     5     5  3.428445E+03  3.187853E+03
  2.882197E+00     5     6  1.195851E-04  6.331101E-05
  2.882197E+00     6     1 -7.376036E-07 -5.103647E-05
  2.882197E+00     6     2 -1.734421E-04 -4.061312E-05
  2.882197E+00     6     3  9.502643E-03  2.216131E-03
  2.882197E+00     6     4  4.659296E-04  3.628136E-04
  2.882197E+00     6     5  1.281052E-03  9.587411E-05
  2.882197E+00     6     6  9.298268E+02  3.168354E+01
  2.855995E+00     1     1  1.607697E+02  1.010163E+02
  2.855995E+00     1     2  1.753050E-04  1.500033E-04
  2.855995E+00     1     3  2.250954E-04  2.878342E-04
  2.855995E+00     1     4 -1.290099E-03 -6.491743E-04
  2.855995E+00     1     5  5.995601E+02  5.590250E+02
  2.855995E+00     1     6  6.322379E-05  6.408990E-05
  2.855995E+00     2     1 -1.882992E-04 -1.570418E-04
  2.855995E+00     2     2  1.607705E+02  1.010243E+02
  2.855995E+00     2     3  1.723136E-05 -4.102476E-05
  2.855995E+00     2     4 -5.994788E+02 -5.590757E+02
  2.855995E+00     2     5 -1.362799E-03 -1.072916E-03
  2.855995E+00     2     6 -9.987503E-06  8.209516E-05
  2.855995E+00     3     1 -9.657932E-05 -4.313036E-05
  2.855995E+00     3     2 -4.292619E-04 -2.160552E-05
  2.855995E+00     3     3  5.751910E+02  2.325270E+02
  2.855995E+00     3     4 -8.208677E-04 -5.700476E-04
  2.855995E+00     3     5 -1.250857E-03 -2.819188E-04
  2.855995E+00     3     6  2.926913E-04 -2.879528E-04
  2.855995E+00     4     1 -7.134033E-04  1.171562E-04
  2.855995E+00     4     2 -5.994872E+02 -5.590314E+02
  2.855995E+00     4     3  2.632514E-04 -2.337685E-04
  2.855995E+00     4     4  3.399436E+03  3.145062E+03
  2.855995E+00     4     5 -1.935050E-03 -2.146132E-03
  2.855995E+00     4     6 -5.034069E-04 -3.504126E-04
  2.855995E+00     5     1  5.995392E+02  5.589971E+02
  2.855995E+00     5     2 -2.084123E-04  4.715896E-04
  2.855995E+00     5     3  5.240627E-04  1.036522E-03
  2.855995E+00     5     4 -1.318604E-03 -1.296947E-03
  2.855995E+00     5     5  3.399461E+03  3.144906E+03
  2.855995E+00     5     6  3.512588E-04  3.253279E-04
  2.855995E+00     6     1 -6.214895E-05 -5.041062E-05
  2.855995E+00     6     2 -1.131073E-04 -6.037950E-05
  2.855995E+00     6     3  9.500075E-03  1.859035E-03
  2.855995E+00     6     4  1.914948E-04  1.173616E-04
  2.855995E+00     6     5 -3.716947E-04  2.788603E-04
  2.855995E+00     6     6  9.353768E+02  3.688976E+01
  2.830266E+00     1     1  1.599027E+02  9.948770E+01
  2.830266E+00     1     2  1.141535E-04  9.774832E-05
  2.830266E+00     1     3  2.655833E-04  1.959584E-04
  2.830266E+00     1     4 -3.835245E-04 -9.353570E-04
  2.830266E+00     1     5  5.946795E+02  5.505860E+02
  2.830266E+00     1     6 -7.040796E-07 -8.481323E-05
  2.830266E+00     2     1 -8.524283E-05 -9.572961E-05
  2.830266E+00     2     2  1.599026E+02  9.949570E+01
  2.830266E+00     2     3  1.735502E-04  1.297910E-04
  2.830266E+00     2     4 -5.945951E+02 -5.506355E+02
  2.830266E+00     2     5 -1.069753E-03 -1.025501E-03
  2.830266E+00     2     6 -6.961825E-05  5.702442E-05
  2.830266E+00     3     1 -5.222601E-04 -1.378714E-04
  2.830266E+00     3     2 -1.482791E-04 -2.166966E-05
  2.830266E+00     3     3  5.751138E+02  2.283260E+02
  2.830266E+00     3     4 -1.866655E-03 -2.622791E-04
  2.830266E+00     3     5 -3.463151E-04 -3.373106E-04
  2.830266E+00     3     6  1.061718E-04 -1.420503E-04
  2.830266E+00     4     1 -1.498051E-03 -6.307985E-04
  2.830266E+00     4     2 -5.945970E+02 -5.505925E+02
  2.830266E+00     4     3 -7.678047E-04  1.878804E-04
  2.830266E+00     4     4  3.371799E+03  3.102632E+03
  2.830266E+00     4     5 -3.446020E-03 -1.259333E-03
  2.830266E+00     4     6  2.121995E-04 -2.461022E-04
  2.830266E+00     5     1  5.946551E+02  5.505574E+02
  2.830266E+00     5     2 -5.256347E-04  1.213639E-04
  2.830266E+00     5     3 -7.398985E-04  1.505552E-03
  2.830266E+00     5     4  1.713902E-03  6.864779E-05
  2.830266E+00     5     5  3.371837E+03  3.102459E+03
  2.830266E+00     5     6 -5.723147E-04 -4.398311E-04
  2.830266E+00     6     1 -2.391639E-05 -1.846254E-05
  2.830266E+00     6     2 -6.110247E-05 -1.473724E-05
  2.830266E+00     6     3  9.385955E-03  2.369438E-03
  2.830266E+00     6     4  9.727923E-04  4.150867E-04
  2.830266E+00     6     5  1.996904E-04  1.258552E-04
  2.830266E+00     6     6  9.408500E+02  4.272811E+01
  2.804995E+00     1     1  1.590726E+02  9.796850E+01
  2.804995E+00     1     2  4.687300E-05  1.591302E-04
  2.804995E+00     1     3  2.713402E-04  1.736007E-04
  2.804995E+00     1     4 -1.570027E-03 -1.140109E-03
  2.804995E+00     1     5  5.900425E+02  5.422151E+02
  2.804995E+00     1     6 -2.395734E-05  3.394205E-06
  2.804995E+00     2     1 -7.488173E-05 -1.051115E-04
  2.804995E+00     2     2  1.590721E+02  9.797726E+01
  2.804995E+00     2     3  2.099872E-04  2.139061E-05
  2.804995E+00     2     4 -5.899565E+02 -5.422629E+02
  2.804995E+00     2     5 -1.350014E-03 -8.345887E-04
  2.804995E+00     2     6 -6.571785E-05  3.164914E-05
  2.804995E+00     3     1 -7.353583E-05 -1.739417E-04
  2.804995E+00     3     2  3.132643E-05  1.719629E-05
  2.804995E+00     3     3  5.750764E+02  2.242020E+02
  2.804995E+00     3     4 -6.406065E-04 -1.766095E-04
  2.804995E+00     3     5 -6.314833E-05  2.198033E-04
  2.804995E+00     3     6 -3.325986E-07 -1.668838E-04
  2.804995E+00     4     1 -1.082877E-03  2.378202E-05
  2.804995E+00     4     2 -5.899600E+02 -5.422233E+02
  2.804995E+00     4     3 -1.345202E-04 -3.796294E-04
  2.804995E+00     4     4  3.345429E+03  3.060664E+03
  2.804995E+00     4     5 -1.724213E-04 -1.109604E-03
  2.804995E+00     4     6  3.288961E-04 -1.814101E-04
  2.804995E+00     5     1  5.900173E+02  5.421883E+02
  2.804995E+00     5     2 -7.641241E-04  3.688089E-04
  2.804995E+00     5     3  1.573864E-03  4.615751E-04
  2.804995E+00     5     4 -9.456798E-04 -1.271294E-03
  2.804995E+00     5     5  3.345478E+03  3.060455E+03
  2.804995E+00     5     6 -2.477113E-04  4.229867E-05
  2.804995E+00     6     1 -9.972224E-05 -3.812461E-05
  2.804995E+00     6     2 -1.853109E-04  2.489984E-05
  2.804995E+00     6     3  9.327911E-03  2.191353E-03
  2.804995E+00     6     4  9.719136E-04  2.188683E-04
  2.804995E+00     6     5  4.176799E-05  3.943742E-04
  2.804995E+00     6     6  9.461844E+02  4.922680E+01
  2.780172E+00     1     1  1.582793E+02  9.645925E+01
  2.780172E+00     1     2  2.822493E-05  1.124913E-04
  2.780172E+00     1     3 -1.453568E-05 -9.329394E-05
  2.780172E+00     1     4 -1.433200E-03 -6.242502E-04
  2.780172E+00     1     5  5.856461E+02  5.339183E+02
  2.780172E+00     1     6 -3.227593E-05  2.809754E-05
  2.780172E+00     2     1 -1.852375E-04 -1.570921E-04
  2.780172E+00     2     2  1.582778E+02  9.646884E+01
  2.780172E+00     2     3  1.980364E-04  3.007985E-05
  2.780172E+00     2     4 -5.855591E+02 -5.339692E+02
  2.780172E+00     2     5 -9.410878E-04 -4.146887E-04
  2.780172E+00     2     6  1.155213E-05 -3.780936E-05
  2.780172E+00     3     1 -6.514229E-05 -1.462497E-04
  2.780172E+00     3     2  5.233195E-05  1.055342E-04
  2.780172E+00     3     3  5.750808E+02  2.201465E+02
  2.780172E+00     3     4 -5.788226E-04 -5.962634E-04
  2.780172E+00     3     5 -8.464511E-05  2.521048E-04
  2.780172E+00     3     6 -5.934772E-05 -1.928194E-04
  2.780172E+00     4     1 -8.404544E-04 -1.649393E-04
  2.780172E+00     4     2 -5.855622E+02 -5.339266E+02
  2.780172E+00     4     3 -1.095235E-06 -2.792403E-04
  2.780172E+00     4     4  3.320279E+03  3.019187E+03
  2.780172E+00     4     5 -2.540495E-03 -2.988823E-03
  2.780172E+00     4     6 -1.246985E-03  1.771831E-04
  2.780172E+00     5     1  5.856226E+02  5.338886E+02
  2.780172E+00     5     2 -6.904779E-04  2.401969E-04
  2.780172E+00     5     3  1.270931E-03  1.304388E-03
  2.780172E+00     5     4 -1.388013E-03  1.417808E-04
  2.780172E+00     5     5  3.320345E+03  3.018989E+03
  2.780172E+00     5     6 -5.876040E-05  1.047170E-04
  2.780172E+00     6     1 -1.773647E-04 -4.768372E-06
  2.780172E+00     6     2 -3.983230E-04 -2.380460E-05
  2.780172E+00     6     3  1.005451E-02  2.342461E-03
  2.780172E+00     6     4  1.586616E-03  5.039572E-04
  2.780172E+00     6     5 -8.939957E-04  2.171993E-04
  2.780172E+00     6     6  9.512978E+02  5.640385E+01
  2.755785E+00     1     1  1.575236E+02  9.495929E+01
  2.755785E+00     1     2  5.163769E-05  1.222882E-04
  2.755785E+00     1     3  1.070833E-04  3.935111E-05
  2.755785E+00     1     4 -1.140338E-03 -1.037673E-03
  2.755785E+00     1     5  5.814855E+02  5.257006E+02
  2.755785E+00     1     6 -2.814829E-05 -4.286414E-06
  2.755785E+00     2     1 -1.834232E-04 -1.312268E-04
  2.755785E+00     2     2  1.575215E+02  9.496926E+01
  2.755785E+00     2     3  3.169962E-04  2.702251E-04
  2.755785E+00     2     4 -5.813950E+02 -5.257526E+02
  2.755785E+00     2     5 -1.609466E-03 -4.145455E-04
  2.755785E+00     2     6 -7.322805E-05 -7.907301E-05
  2.755785E+00     3     1 -1.088474E-04  4.542817E-05
  2.755785E+00     3     2 -8.347677E-05 -6.373960E-05
  2.755785E+00     3     3  5.751267E+02  2.161646E+02
  2.755785E+00     3     4 -2.856106E-04  1.072222E-04
  2.755785E+00     3     5 -4.527317E-04  2.691988E-04
  2.755785E+00     3     6  1.050474E-05 -1.620378E-04
  2.755785E+00     4     1 -1.368232E-03 -1.704523E-04
  2.755785E+00     4     2 -5.814003E+02 -5.257090E+02
  2.755785E+00     4     3 -8.130744E-04 -6.483244E-04
  2.755785E+00     4     4  3.296293E+03  2.978258E+03
  2.755785E+00     4     5 -9.658076E-04 -1.369946E-03
  2.755785E+00     4     6 -1.767441E-04  4.739272E-04
  2.755785E+00     5     1  5.814615E+02  5.256752E+02
  2.755785E+00     5     2 -5.805865E-04  2.326271E-04
  2.755785E+00     5     3  1.226109E-03  1.382269E-03
  2.755785E+00     5     4 -1.388028E-03 -3.479920E-03
  2.755785E+00     5     5  3.296394E+03  2.977994E+03
  2.755785E+00     5     6 -8.135184E-04  6.860081E-05
  2.755785E+00     6     1 -2.399829E-05  6.216765E-05
  2.755785E+00     6     2 -7.011744E-05 -3.354998E-05
  2.755785E+00     6     3  9.719864E-03  1.386711E-03
  2.755785E+00     6     4  1.276374E-03  5.918742E-04
  2.755785E+00     6     5 -5.902799E-04 -2.347529E-04
  2.755785E+00     6     6  9.560881E+02  6.426685E+01
  2.731822E+00     1     1  1.568041E+02  9.346951E+01
  2.731822E+00     1     2  7.101199E-05  1.197760E-04
  2.731822E+00     1     3 -3.801761E-04  2.119868E-04
  2.731822E+00     1     4 -1.638385E-03 -8.453885E-04
  2.731822E+00     1     5  5.775546E+02  5.175666E+02
  2.731822E+00     1     6 -8.867302E-05 -2.265906E-06
  2.731822E+00     2     1 -2.176565E-04 -1.091918E-04
  2.731822E+00     2     2  1.568018E+02  9.347948E+01
  2.731822E+00     2     3 -3.676117E-05 -4.083663E-05
  2.731822E+00     2     4 -5.774638E+02 -5.176200E+02
  2.731822E+00     2     5 -1.366075E-03 -5.702931E-04
  2.731822E+00     2     6 -8.970499E-06  3.691949E-05
  2.731822E+00     3     1 -1.913756E-04 -1.490526E-04
  2.731822E+00     3     2 -1.761676E-04  2.281007E-05
  2.731822E+00     3     3  5.752075E+02  2.122496E+02
  2.731822E+00     3     4 -3.146864E-04 -1.721447E-04
  2.731822E+00     3     5 -1.391917E-03 -2.878308E-04
  2.731822E+00     3     6  4.263222E-05 -1.872497E-04
  2.731822E+00     4     1 -9.321561E-04 -2.641059E-04
  2.731822E+00     4     2 -5.774640E+02 -5.175763E+02
  2.731822E+00     4     3  3.922731E-05 -3.167950E-04
  2.731822E+00     4     4  3.273438E+03  2.937817E+03
  2.731822E+00     4     5 -2.340011E-03 -2.246717E-03
  2.731822E+00     4     6 -1.654113E-04 -1.535573E-04
  2.731822E+00     5     1  5.775320E+02  5.175375E+02
  2.731822E+00     5     2 -1.073703E-03  1.865788E-04
  2.731822E+00     5     3  2.914332E-04  9.649820E-04
  2.731822E+00     5     4 -1.120567E-04 -1.109287E-03
  2.731822E+00     5     5  3.273540E+03  2.937591E+03
  2.731822E+00     5     6 -1.499096E-04 -2.002239E-05
  2.731822E+00     6     1 -4.707277E-05  2.217293E-05
  2.731822E+00     6     2 -2.791136E-04 -2.634524E-05
  2.731822E+00     6     3  9.832961E-03  2.060768E-03
  2.731822E+00     6     4 -3.463035E-05  8.166432E-04
  2.731822E+00     6     5 -1.402840E-03  2.053976E-04
  2.731822E+00     6     6  9.604763E+02  7.280704E+01
  2.708271E+00     1     1  1.561221E+02  9.198932E+01
  2.708271E+00     1     2 -7.545993E-06  1.551609E-04
  2.708271E+00     1     3  1.487145E-05  1.271172E-04
  2.708271E+00     1     4 -8.427495E-04 -7.480627E-04
  2.708271E+00     1     5  5.738520E+02  5.095187E+02
  2.708271E+00     1     6  2.003462E-05  2.793969E-06
  2.708271E+00     2     1 -8.036389E-05 -7.479483E-05
  2.708271E+00     2     2  1.561195E+02  9.199939E+01
  2.708271E+00     2     3 -1.833346E-04  9.034762E-05
  2.708271E+00     2     4 -5.737517E+02 -5.095717E+02
  2.708271E+00     2     5 -1.079970E-03 -5.025960E-04
  2.708271E+00     2     6 -1.782551E-05 -3.081467E-05
  2.708271E+00     3     1 -5.497891E-04 -5.869102E-05
  2.708271E+00     3     2 -1.012897E-04 -3.032223E-05
  2.708271E+00     3     3  5.753279E+02  2.083968E+02
  2.708271E+00     3     4  7.564947E-05 -1.596492E-04
  2.708271E+00     3     5 -5.347738E-04 -9.963647E-04
  2.708271E+00     3     6  1.523199E-04 -2.394679E-04
  2.708271E+00     4     1 -6.512161E-04 -3.408568E-04
  2.708271E+00     4     2 -5.737520E+02 -5.095291E+02
  2.708271E+00     4     3  4.908442E-05  4.528649E-05
  2.708271E+00     4     4  3.251626E+03  2.897932E+03
  2.708271E+00     4     5 -3.153857E-03 -1.567163E-03
  2.708271E+00     4     6 -4.728641E-04  1.815229E-04
  2.708271E+00     5     1  5.738308E+02  5.094926E+02
  2.708271E+00     5     2 -1.049332E-03  2.477095E-04
  2.708271E+00     5     3 -1.024488E-03  4.029111E-04
  2.708271E+00     5     4  6.286576E-04 -2.276544E-03
  2.708271E+00     5     5  3.251747E+03  2.897703E+03
  2.708271E+00     5     6 -2.970626E-04 -5.628031E-05
  2.708271E+00     6     1 -9.625774E-05  1.388416E-04
  2.708271E+00     6     2 -1.267419E-04 -6.745753E-05
  2.708271E+00     6     3  9.480279E-03  1.796467E-03
  2.708271E+00     6     4  8.092521E-04  3.864766E-04
  2.708271E+00     6     5 -1.581758E-04 -3.509522E-04
  2.708271E+00     6     6  9.643457E+02  8.200063E+01
  2.685124E+00     1     1  1.554776E+02  9.051953E+01
  2.685124E+00     1     2  6.936756E-05  1.151350E-04
  2.685124E+00     1     3  1.673809E-04  5.745555E-06
  2.685124E+00     1     4 -1.137432E-03 -9.149509E-04
  2.685124E+00     1     5  5.703593E+02  5.015593E+02
  2.685124E+00     1     6 -6.295787E-07 -8.348376E-06
  2.685124E+00     2     1 -1.795431E-04 -1.364375E-04
  2.685124E+00     2     2  1.554745E+02  9.052974E+01
  2.685124E+00     2     3 -9.237790E-05  9.521466E-05
  2.685124E+00     2     4 -5.702581E+02 -5.016153E+02
  2.685124E+00     2     5 -1.787817E-03 -8.067436E-04
  2.685124E+00     2     6 -8.456408E-06  1.443550E-05
  2.685124E+00     3     1 -2.382563E-04  1.978304E-06
  2.685124E+00     3     2  5.582068E-05  1.230009E-05
  2.685124E+00     3     3  5.754930E+02  2.046133E+02
  2.685124E+00     3     4 -8.669402E-04 -6.721262E-04
  2.685124E+00     3     5  1.211213E-04  1.006470E-03
  2.685124E+00     3     6  1.022455E-04 -2.465140E-04
  2.685124E+00     4     1 -8.381866E-04 -2.317252E-04
  2.685124E+00     4     2 -5.702609E+02 -5.015690E+02
  2.685124E+00     4     3 -5.977154E-04 -4.283898E-04
  2.685124E+00     4     4  3.230850E+03  2.858576E+03
  2.685124E+00     4     5 -1.257747E-03 -2.755919E-03
  2.685124E+00     4     6 -6.432226E-05 -9.985996E-05
  2.685124E+00     5     1  5.703424E+02  5.015312E+02
  2.685124E+00     5     2 -7.393379E-04  2.456680E-04
  2.685124E+00     5     3  1.302537E-03  6.037848E-04
  2.685124E+00     5     4 -9.379908E-04 -8.265860E-04
  2.685124E+00     5     5  3.230970E+03  2.858354E+03
  2.685124E+00     5     6 -3.115267E-04 -5.088185E-05
  2.685124E+00     6     1 -2.999982E-05  7.897617E-05
  2.685124E+00     6     2 -2.368987E-04  8.054081E-06
  2.685124E+00     6     3  8.704490E-03  1.521144E-03
  2.685124E+00     6     4  9.499489E-04  7.110239E-04
  2.685124E+00     6     5  1.473873E-04 -1.134574E-04
  2.685124E+00     6     6  9.676007E+02  9.180676E+01
  2.662369E+00     1     1  1.548697E+02  8.906058E+01
  2.662369E+00     1     2  1.887276E-05  1.272598E-04
  2.662369E+00     1     3  1.750445E-04  1.590674E-04
  2.662369E+00     1     4 -1.524525E-03 -1.005975E-03
  2.662369E+00     1     5  5.670802E+02  4.936957E+02
  2.662369E+00     1     6  7.247179E-05  4.398172E-05
  2.662369E+00     2     1 -1.247483E-04 -9.236334E-05
  2.662369E+00     2     2  1.548657E+02  8.907139E+01
  2.662369E+00     2     3  1.351220E-04 -3.116393E-05
  2.662369E+00     2     4 -5.669796E+02 -4.937552E+02
  2.662369E+00     2     5 -1.534566E-03 -5.885895E-04
  2.662369E+00     2     6  4.099682E-05 -2.031866E-05
  2.662369E+00     3     1 -3.578956E-05  1.241144E-05
  2.662369E+00     3     2  1.971987E-04  5.303987E-05
  2.662369E+00     3     3  5.756920E+02  2.008867E+02
  2.662369E+00     3     4 -4.738662E-04 -2.650879E-04
  2.662369E+00     3     5 -1.103745E-03 -7.256828E-04
  2.662369E+00     3     6 -7.581105E-05 -2.053886E-04
  2.662369E+00     4     1 -7.698899E-04 -2.922164E-04
  2.662369E+00     4     2 -5.669789E+02 -4.937063E+02
  2.662369E+00     4     3  5.061701E-04 -4.415056E-04
  2.662369E+00     4     4  3.211011E+03  2.819763E+03
  2.662369E+00     4     5 -1.527958E-03 -2.127109E-03
  2.662369E+00     4     6  3.715744E-04  2.272820E-04
  2.662369E+00     5     1  5.670598E+02  4.936667E+02
  2.662369E+00     5     2 -9.244839E-04  9.975187E-05
  2.662369E+00     5     3 -2.273768E-04  1.564937E-03
  2.662369E+00     5     4 -2.400480E-03 -2.057692E-03
  2.662369E+00     5     5  3.211143E+03  2.819542E+03
  2.662369E+00     5     6  1.352562E-04  1.307941E-04
  2.662369E+00     6     1 -1.733973E-04  5.265329E-05
  2.662369E+00     6     2 -1.498535E-04  5.017222E-05
  2.662369E+00     6     3  1.013743E-02  1.743346E-03
  2.662369E+00     6     4  2.074243E-04  2.471208E-04
  2.662369E+00     6     5 -1.582354E-04  8.028741E-05
  2.662369E+00     6     6  9.701499E+02  1.021654E+02
  2.639996E+00     1     1  1.542996E+02  8.761362E+01
  2.639996E+00     1     2  1.028721E-04  9.660955E-05
  2.639996E+00     1     3  2.645892E-04  9.176827E-06
  2.639996E+00     1     4 -1.751430E-03 -8.477375E-04
  2.639996E+00     1     5  5.640055E+02  4.859298E+02
  2.639996E+00     1     6 -6.463753E-05  2.776458E-05
  2.639996E+00     2     1 -1.836292E-04 -1.236911E-04
  2.639996E+00     2     2  1.542944E+02  8.762448E+01
  2.639996E+00     2     3  1.053083E-04 -2.592989E-05
  2.639996E+00     2     4 -5.639019E+02 -4.859915E+02
  2.639996E+00     2     5 -1.490287E-03 -7.792357E-04
  2.639996E+00     2     6 -8.575613E-06 -2.706330E-05
  2.639996E+00     3     1  9.674858E-05 -9.335630E-05
  2.639996E+00     3     2  2.382323E-06  2.856296E-05
  2.639996E+00     3     3  5.759276E+02  1.972236E+02
  2.639996E+00     3     4 -3.697183E-04  6.016046E-04
  2.639996E+00     3     5  1.716860E-03  4.467492E-04
  2.639996E+00     3     6  3.748399E-05 -1.762776E-04
  2.639996E+00     4     1 -7.402580E-04 -3.179202E-04
  2.639996E+00     4     2 -5.638983E+02 -4.859431E+02
  2.639996E+00     4     3  1.940876E-05  1.111906E-05
  2.639996E+00     4     4  3.192084E+03  2.781513E+03
  2.639996E+00     4     5 -1.288265E-03 -9.997264E-04
  2.639996E+00     4     6  5.873307E-04  6.584531E-05
  2.639996E+00     5     1  5.639847E+02  4.859027E+02
  2.639996E+00     5     2 -7.836726E-04 -1.712365E-04
  2.639996E+00     5     3 -5.520284E-04  1.385722E-03
  2.639996E+00     5     4 -1.890808E-04 -2.108768E-03
  2.639996E+00     5     5  3.192219E+03  2.781282E+03
  2.639996E+00     5     6 -3.975846E-04  1.378519E-04
  2.639996E+00     6     1  2.055612E-05  5.280225E-05
  2.639996E+00     6     2 -2.158730E-04 -2.732874E-05
  2.639996E+00     6     3  8.095765E-03  1.652230E-03
  2.639996E+00     6     4 -1.229942E-04  5.171298E-04
  2.639996E+00     6     5  5.750209E-04  2.330547E-05
  2.639996E+00     6     6  9.718948E+02  1.129985E+02
  2.617996E+00     1     1  1.537658E+02  8.617896E+01
  2.617996E+00     1     2  1.542277E-04  1.386245E-04
  2.617996E+00     1     3 -3.324861E-04  1.566973E-04
  2.617996E+00     1     4 -1.602785E-03 -6.605954E-04
  2.617996E+00     1     5  5.611249E+02  4.782661E+02
  2.617996E+00     1     6 -3.427639E-05  1.265389E-05
  2.617996E+00     2     1 -1.762254E-04 -8.944882E-05
  2.617996E+00     2     2  1.537602E+02  8.619021E+01
  2.617996E+00     2     3  1.732241E-04 -2.862328E-05
  2.617996E+00     2     4 -5.610190E+02 -4.783260E+02
  2.617996E+00     2     5 -1.036863E-03 -6.988429E-04
  2.617996E+00     2     6  4.137680E-05  5.021877E-05
  2.617996E+00     3     1 -6.484799E-05 -5.105487E-05
  2.617996E+00     3     2 -1.202449E-04  6.021431E-05
  2.617996E+00     3     3  5.762048E+02  1.936227E+02
  2.617996E+00     3     4 -1.027156E-04 -4.650131E-04
  2.617996E+00     3     5 -7.899618E-04  6.564660E-05
  2.617996E+00     3     6  3.540353E-05 -2.723559E-04
  2.617996E+00     4     1 -3.239354E-04 -4.125587E-04
  2.617996E+00     4     2 -5.610171E+02 -4.782793E+02
  2.617996E+00     4     3  4.337505E-04  2.064090E-05
  2.617996E+00     4     4  3.174029E+03  2.743783E+03
  2.617996E+00     4     5 -4.015680E-03 -1.378540E-03
  2.617996E+00     4     6  3.745724E-04 -1.340762E-04
  2.617996E+00     5     1  5.611039E+02  4.782374E+02
  2.617996E+00     5     2 -5.737599E-04  5.560624E-04
  2.617996E+00     5     3  7.051416E-04 -1.604669E-06
  2.617996E+00     5     4 -1.185238E-04 -5.441196E-04
  2.617996E+00     5     5  3.174179E+03  2.743542E+03
  2.617996E+00     5     6 -2.632879E-04  2.758382E-05
  2.617996E+00     6     1 -8.117402E-05 -5.338713E-05
  2.617996E+00     6     2 -9.492038E-06  2.577895E-06
  2.617996E+00     6     3  9.089369E-03  1.726612E-03
  2.617996E+00     6     4  1.195669E-03  1.454353E-03
  2.617996E+00     6     5 -9.141414E-04 -6.006956E-04
  2.617996E+00     6     6  9.727793E+02  1.242169E+02
  2.596359E+00     1     1  1.532688E+02  8.475911E+01
  2.596359E+00     1     2  8.046873E-05  1.405376E-04
  2.596359E+00     1     3 -1.049776E-04  1.459275E-04
  2.596359E+00     1     4 -1.318666E-03 -8.071263E-04
  2.596359E+00     1     5  5.584367E+02  4.707078E+02
  2.596359E+00     1     6  4.355609E-05 -2.192892E-05
  2.596359E+00     2     1 -1.861459E-04 -8.479982E-05
  2.596359E+00     2     2  1.532624E+02  8.477041E+01
  2.596359E+00     2     3  4.333743E-04  2.687424E-05
  2.596359E+00     2     4 -5.583261E+02 -4.707681E+02
  2.596359E+00     2     5 -1.637711E-03 -1.168342E-03
  2.596359E+00     2     6  4.979597E-05  1.849234E-05
  2.596359E+00     3     1 -3.575590E-04  1.884630E-05
  2.596359E+00     3     2 -1.555495E-05  1.875695E-05
  2.596359E+00     3     3  5.765218E+02  1.900813E+02
  2.596359E+00     3     4 -3.596041E-04 -8.914806E-04
  2.596359E+00     3     5 -2.103413E-03  1.120667E-03
  2.596359E+00     3     6  4.611211E-06 -1.930440E-04
  2.596359E+00     4     1 -5.128914E-04 -1.726989E-04
  2.596359E+00     4     2 -5.583240E+02 -4.707201E+02
  2.596359E+00     4     3  1.551732E-04 -1.889691E-04
  2.596359E+00     4     4  3.156791E+03  2.706553E+03
  2.596359E+00     4     5  2.039805E-03 -6.461702E-04
  2.596359E+00     4     6  5.869400E-04 -3.118957E-05
  2.596359E+00     5     1  5.584161E+02  4.706771E+02
  2.596359E+00     5     2 -7.382501E-04  3.066529E-04
  2.596359E+00     5     3  9.929873E-04  1.295526E-03
  2.596359E+00     5     4 -1.289919E-04 -2.489852E-03
  2.596359E+00     5     5  3.156964E+03  2.706316E+03
  2.596359E+00     5     6 -1.459599E-04  1.489547E-05
  2.596359E+00     6     1 -8.922816E-05  2.719089E-05
  2.596359E+00     6     2 -2.277493E-04  1.282245E-05
  2.596359E+00     6     3  8.263843E-03  1.542052E-03
  2.596359E+00     6     4  1.924127E-03  7.296801E-04
  2.596359E+00     6     5 -1.400114E-04  2.236068E-04
  2.596359E+00     6     6  9.727229E+02  1.357077E+02
  2.575078E+00     1     1  1.528070E+02  8.335382E+01
  2.575078E+00     1     2  6.952815E-05  8.913028E-05
  2.575078E+00     1     3  4.159493E-05  2.897862E-04
  2.575078E+00     1     4 -9.046506E-04 -6.327193E-04
  2.575078E+00     1     5  5.559294E+02  4.632519E+02
  2.575078E+00     1     6  1.568346E-06  1.479313E-05
  2.575078E+00     2     1 -1.401152E-04 -9.729507E-05
  2.575078E+00     2     2  1.528006E+02  8.336470E+01
  2.575078E+00     2     3  1.718718E-04  6.720795E-05
  2.575078E+00     2     4 -5.558154E+02 -4.633169E+02
  2.575078E+00     2     5 -1.456804E-03 -6.651978E-04
  2.575078E+00     2     6 -1.101680E-04 -2.839044E-05
  2.575078E+00     3     1  2.258876E-05 -4.592893E-05
  2.575078E+00     3     2 -5.437341E-05 -2.162054E-05
  2.575078E+00     3     3  5.768781E+02  1.865997E+02
  2.575078E+00     3     4 -2.447769E-03  2.511148E-04
  2.575078E+00     3     5  1.124395E-04  7.100217E-04
  2.575078E+00     3     6  2.276830E-04 -3.071224E-04
  2.575078E+00     4     1 -6.011715E-04 -1.399294E-04
  2.575078E+00     4     2 -5.558134E+02 -4.632668E+02
  2.575078E+00     4     3  5.295128E-05  3.306381E-05
  2.575078E+00     4     4  3.140329E+03  2.669881E+03
  2.575078E+00     4     5  1.065325E-03 -2.176187E-03
  2.575078E+00     4     6  1.718919E-04  2.163945E-04
  2.575078E+00     5     1  5.559051E+02  4.632228E+02
  2.575078E+00     5     2 -4.450232E-04  8.331030E-05
  2.575078E+00     5     3 -1.735352E-04  1.940937E-03
  2.575078E+00     5     4  6.731227E-04 -5.710814E-04
  2.575078E+00     5     5  3.140523E+03  2.669636E+03
  2.575078E+00     5     6 -1.457748E-04  2.493254E-04
  2.575078E+00     6     1 -5.099548E-05  3.497677E-05
  2.575078E+00     6     2 -8.784972E-05 -4.138425E-05
  2.575078E+00     6     3  8.304040E-03  1.627406E-03
  2.575078E+00     6     4  9.754298E-05  1.870393E-04
  2.575078E+00     6     5  3.743471E-04  9.581446E-05
  2.575078E+00     6     6  9.716852E+02  1.473532E+02
  2.554142E+00     1     1  1.523805E+02  8.196387E+01
  2.554142E+00     1     2  5.065521E-05  6.809943E-05
  2.554142E+00     1     3 -2.849556E-04  2.392638E-04
  2.554142E+00     1     4 -1.384936E-03 -6.969239E-04
  2.554142E+00     1     5  5.535965E+02  4.559073E+02
  2.554142E+00     1     6  1.962857E-05  1.140684E-05
  2.554142E+00     2     1 -2.055688E-04 -8.562470E-05
  2.554142E+00     2     2  1.523742E+02  8.197508E+01
  2.554142E+00     2     3 -1.075734E-04  2.055988E-04
  2.554142E+00     2     4 -5.534769E+02 -4.559698E+02
  2.554142E+00     2     5 -1.491424E-03 -3.688638E-04
  2.554142E+00     2     6 -2.518295E-06 -2.302602E-05
  2.554142E+00     3     1 -3.491994E-05  2.647866E-06
  2.554142E+00     3     2 -4.856568E-05  8.348993E-05
  2.554142E+00     3     3  5.772745E+02  1.831809E+02
  2.554142E+00     3     4 -5.903132E-04 -7.577590E-04
  2.554142E+00     3     5 -6.727306E-04  3.511359E-04
  2.554142E+00     3     6  3.641278E-04 -2.655699E-04
  2.554142E+00     4     1 -6.134231E-04 -2.471320E-04
  2.554142E+00     4     2 -5.534798E+02 -4.559171E+02
  2.554142E+00     4     3 -9.033680E-04 -4.724432E-04
  2.554142E+00     4     4  3.124612E+03  2.633664E+03
  2.554142E+00     4     5 -1.764193E-03 -2.405490E-03
  2.554142E+00     4     6  7.533189E-05  2.841204E-04
  2.554142E+00     5     1  5.535750E+02  4.558752E+02
  2.554142E+00     5     2 -7.725786E-04  4.696748E-04
  2.554142E+00     5     3  3.378019E-04  2.014663E-03
  2.554142E+00     5     4 -2.208993E-03 -1.838094E-03
  2.554142E+00     5     5  3.124833E+03  2.633441E+03
  2.554142E+00     5     6 -5.112253E-04  1.477601E-04
  2.554142E+00     6     1 -1.348331E-04 -1.944602E-05
  2.554142E+00     6     2 -4.539415E-04 -1.602173E-04
  2.554142E+00     6     3  9.829892E-03  1.747232E-03
  2.554142E+00     6     4  1.143425E-03  5.598066E-04
  2.554142E+00     6     5 -1.183123E-03  3.552735E-04
  2.554142E+00     6     6  9.696508E+02  1.590292E+02
  2.533544E+00     1     1  1.519900E+02  8.059131E+01
  2.533544E+00     1     2  4.120480E-05  1.309680E-04
  2.533544E+00     1     3  4.770243E-05  3.689397E-04
  2.533544E+00     1     4 -1.618370E-03 -9.558296E-04
  2.533544E+00     1     5  5.514356E+02  4.486695E+02
  2.533544E+00     1     6 -4.872689E-06  6.202607E-06
  2.533544E+00     2     1 -2.069786E-04 -7.312723E-05
  2.533544E+00     2     2  1.519810E+02  8.060257E+01
  2.533544E+00     2     3  1.774281E-04  1.882575E-05
  2.533544E+00     2     4 -5.513119E+02 -4.487336E+02
  2.533544E+00     2     5 -1.336139E-03 -8.864409E-04
  2.533544E+00     2     6  5.921350E-05  2.091564E-05
  2.533544E+00     3     1 -4.312154E-04 -7.715926E-05
  2.533544E+00     3     2 -7.324433E-05  1.125666E-04
  2.533544E+00     3     3  5.777044E+02  1.798229E+02
  2.533544E+00     3     4  6.685890E-04 -4.596654E-04
  2.533544E+00     3     5 -8.758800E-04  5.953303E-04
  2.533544E+00     3     6  1.134385E-04 -2.664367E-04
  2.533544E+00     4     1 -8.111615E-04 -3.591343E-04
  2.533544E+00     4     2 -5.513177E+02 -4.486816E+02
  2.533544E+00     4     3 -2.315491E-04 -1.916755E-04
  2.533544E+00     4     4  3.109647E+03  2.597960E+03
  2.533544E+00     4     5 -5.104020E-04 -2.193567E-03
  2.533544E+00     4     6  9.163190E-05 -7.809322E-05
  2.533544E+00     5     1  5.514137E+02  4.486396E+02
  2.533544E+00     5     2 -6.592860E-04  5.819900E-04
  2.533544E+00     5     3 -7.381290E-05  1.544540E-03
  2.533544E+00     5     4  1.118109E-03 -2.422355E-03
  2.533544E+00     5     5  3.109865E+03  2.597698E+03
  2.533544E+00     5     6  5.265102E-04 -6.066911E-05
  2.533544E+00     6     1 -1.351535E-05  8.450450E-05
  2.533544E+00     6     2 -3.979058E-04 -2.336688E-04
  2.533544E+00     6     3  8.941045E-03  1.608020E-03
  2.533544E+00     6     4 -1.795293E-04  8.338094E-04
  2.533544E+00     6     5  6.151501E-04 -2.386869E-04
  2.533544E+00     6     6  9.666117E+02  1.706052E+02
  2.513276E+00     1     1  1.516311E+02  7.923600E+01
  2.513276E+00     1     2  1.161525E-05  1.639948E-04
  2.513276E+00     1     3  1.763897E-04  2.047891E-04
  2.513276E+00     1     4 -1.183361E-03 -7.692322E-04
  2.513276E+00     1     5  5.494363E+02  4.415442E+02
  2.513276E+00     1     6 -4.902483E-05  4.139357E-05
  2.513276E+00     2     1 -1.351049E-04 -1.002008E-04
  2.513276E+00     2     2  1.516230E+02  7.924798E+01
  2.513276E+00     2     3  4.597755E-05  1.657475E-04
  2.513276E+00     2     4 -5.493100E+02 -4.416102E+02
  2.513276E+00     2     5 -1.292217E-03 -4.582853E-04
  2.513276E+00     2     6  3.479048E-05  9.209290E-05
  2.513276E+00     3     1 -3.284160E-04 -1.336188E-04
  2.513276E+00     3     2 -9.526685E-05 -9.085925E-05
  2.513276E+00     3     3  5.781732E+02  1.765269E+02
  2.513276E+00     3     4 -4.736520E-04  3.373371E-04
  2.513276E+00     3     5 -7.712152E-04 -8.254244E-04
  2.513276E+00     3     6  8.680683E-05 -2.168668E-04
  2.513276E+00     4     1 -7.835310E-04  2.783816E-05
  2.513276E+00     4     2 -5.493107E+02 -4.415579E+02
  2.513276E+00     4     3 -4.598126E-04 -2.570767E-04
  2.513276E+00     4     4  3.095381E+03  2.562721E+03
  2.513276E+00     4     5  1.731683E-03 -1.792661E-03
  2.513276E+00     4     6  2.253992E-04 -2.641226E-04
  2.513276E+00     5     1  5.494119E+02  4.415118E+02
  2.513276E+00     5     2 -8.532004E-04  3.027809E-04
  2.513276E+00     5     3  2.582893E-04  1.465045E-03
  2.513276E+00     5     4 -1.568943E-04 -1.800427E-03
  2.513276E+00     5     5  3.095593E+03  2.562467E+03
  2.513276E+00     5     6 -5.363394E-05  2.952380E-04
  2.513276E+00     6     1  5.264204E-05 -1.670421E-05
  2.513276E+00     6     2 -2.174378E-04  2.564117E-05
  2.513276E+00     6     3  9.007331E-03  1.445453E-03
  2.513276E+00     6     4  1.356989E-03 -3.546479E-05
  2.513276E+00     6     5  5.809664E-04 -2.357066E-04
  2.513276E+00     6     6  9.625933E+02  1.819581E+02
  2.493329E+00     1     1  1.513059E+02  7.789993E+01
  2.493329E+00     1     2  9.552276E-05  1.283293E-04
  2.493329E+00     1     3  5.603171E-05  1.080016E-04
  2.493329E+00     1     4 -1.133352E-03 -7.748280E-04
  2.493329E+00     1     5  5.475917E+02  4.345304E+02
  2.493329E+00     1     6 -1.173206E-04 -2.123401E-07
  2.493329E+00     2     1 -1.552178E-04 -6.661611E-05
  2.493329E+00     2     2  1.512972E+02  7.791223E+01
  2.493329E+00     2     3 -2.795829E-05  1.424979E-04
  2.493329E+00     2     4 -5.474621E+02 -4.345988E+02
  2.493329E+00     2     5 -2.179602E-03 -9.913531E-04
  2.493329E+00     2     6  6.962569E-06 -4.716218E-06
  2.493329E+00     3     1  1.422921E-05 -2.518302E-05
  2.493329E+00     3     2 -1.104665E-04 -2.519307E-04
  2.493329E+00     3     3  5.786774E+02  1.732949E+02
  2.493329E+00     3     4 -3.884360E-05 -2.163071E-04
  2.493329E+00     3     5  1.075262E-03 -9.485399E-04
  2.493329E+00     3     6  1.171821E-04 -3.304861E-04
  2.493329E+00     4     1 -7.688077E-04 -1.337344E-04
  2.493329E+00     4     2 -5.474706E+02 -4.345494E+02
  2.493329E+00     4     3 -4.313961E-04 -1.529017E-04
  2.493329E+00     4     4  3.081785E+03  2.527961E+03
  2.493329E+00     4     5  3.560051E-03  1.216643E-03
  2.493329E+00     4     6  1.316252E-04  3.156659E-04
  2.493329E+00     5     1  5.475682E+02  4.345017E+02
  2.493329E+00     5     2 -6.488608E-04  4.650087E-04
  2.493329E+00     5     3  7.204451E-04  8.948175E-04
  2.493329E+00     5     4  1.691170E-03 -1.628010E-03
  2.493329E+00     5     5  3.082019E+03  2.527691E+03
  2.493329E+00     5     6 -4.328191E-04 -2.395872E-05
  2.493329E+00     6     1 -2.087280E-04 -4.621223E-05
  2.493329E+00     6     2 -3.007502E-04 -1.210347E-04
  2.493329E+00     6     3  1.099024E-02  1.571064E-03
  2.493329E+00     6     4  1.747996E-03 -5.530714E-04
  2.493329E+00     6     5  5.774795E-04  8.706152E-04
  2.493329E+00     6     6  9.576281E+02  1.929624E+02
  2.473697E+00     1     1  1.510123E+02  7.658454E+01
  2.473697E+00     1     2  5.940354E-05  1.516853E-04
  2.473697E+00     1     3  7.199120E-05  3.249084E-04
  2.473697E+00     1     4 -8.602294E-04 -5.467751E-04
  2.473697E+00     1     5  5.459000E+02  4.276338E+02
  2.473697E+00     1     6 -8.130074E-05 -4.682695E-06
  2.473697E+00     2     1 -1.919743E-04 -8.510482E-05
  2.473697E+00     2     2  1.510022E+02  7.659592E+01
  2.473697E+00     2     3  2.247465E-05  1.704321E-05
  2.473697E+00     2     4 -5.457664E+02 -4.277013E+02
  2.473697E+00     2     5 -1.699381E-03 -4.417365E-04
  2.473697E+00     2     6  2.814829E-05  1.573190E-05
  2.473697E+00     3     1 -8.343207E-05 -2.205888E-04
  2.473697E+00     3     2 -5.773362E-05 -3.460678E-06
  2.473697E+00     3     3  5.792167E+02  1.701225E+02
  2.473697E+00     3     4  7.341858E-04 -3.908463E-04
  2.473697E+00     3     5 -1.651582E-03 -9.943205E-04
  2.473697E+00     3     6  2.851113E-04 -2.478494E-04
  2.473697E+00     4     1 -4.404653E-04 -8.883141E-05
  2.473697E+00     4     2 -5.457733E+02 -4.276473E+02
  2.473697E+00     4     3 -5.666986E-04 -4.084278E-04
  2.473697E+00     4     4  3.068850E+03  2.493646E+03
  2.473697E+00     4     5  1.358319E-03 -1.670531E-03
  2.473697E+00     4     6  3.670771E-04  1.937913E-04
  2.473697E+00     5     1  5.458785E+02  4.276024E+02
  2.473697E+00     5     2 -9.933226E-04  3.305557E-04
  2.473697E+00     5     3  2.004609E-03  8.971929E-04
  2.473697E+00     5     4  1.321830E-03 -1.005717E-04
  2.473697E+00     5     5  3.069086E+03  2.493383E+03
  2.473697E+00     5     6 -5.206852E-04  6.467825E-05
  2.473697E+00     6     1  8.340919E-05 -6.937608E-05
  2.473697E+00     6     2 -4.549474E-04 -2.487004E-04
  2.473697E+00     6     3  1.046695E-02  1.571767E-03
  2.473697E+00     6     4  1.776844E-03 -3.873110E-04
  2.473697E+00     6     5 -6.487667E-04  9.407402E-04
  2.473697E+00     6     6  9.517807E+02  2.035090E+02
  2.454371E+00     1     1  1.507485E+02  7.528889E+01
  2.454371E+00     1     2  1.603636E-04  1.620213E-04
  2.454371E+00     1     3  2.704746E-04  3.194894E-04
  2.454371E+00     1     4 -1.273625E-03 -9.159090E-04
  2.454371E+00     1     5  5.443503E+02  4.208510E+02
  2.454371E+00     1     6 -6.377697E-06  1.486578E-05
  2.454371E+00     2     1 -2.152791E-04 -1.039604E-04
  2.454371E+00     2     2  1.507384E+02  7.530122E+01
  2.454371E+00     2     3  1.626426E-04  5.710869E-05
  2.454371E+00     2     4 -5.442200E+02 -4.209173E+02
  2.454371E+00     2     5 -1.659401E-03 -6.013579E-04
  2.454371E+00     2     6  1.232959E-04 -3.391317E-05
  2.454371E+00     3     1 -2.636479E-04 -1.401716E-04
  2.454371E+00     3     2  3.836411E-04 -3.286288E-05
  2.454371E+00     3     3  5.797897E+02  1.670186E+02
  2.454371E+00     3     4  3.631450E-04  3.541722E-04
  2.454371E+00     3     5  6.571291E-04  8.450323E-04
  2.454371E+00     3     6  1.128110E-04 -2.635520E-04
  2.454371E+00     4     1 -1.013522E-03 -2.341953E-04
  2.454371E+00     4     2 -5.442210E+02 -4.208654E+02
  2.454371E+00     4     3  7.677078E-05 -6.809542E-04
  2.454371E+00     4     4  3.056576E+03  2.459770E+03
  2.454371E+00     4     5  1.246836E-03 -9.977361E-04
  2.454371E+00     4     6  2.696319E-04  1.228511E-04
  2.454371E+00     5     1  5.443279E+02  4.208155E+02
  2.454371E+00     5     2 -1.014189E-03  5.651694E-04
  2.454371E+00     5     3  1.173012E-03  1.703872E-03
  2.454371E+00     5     4  5.863458E-04 -4.717782E-04
  2.454371E+00     5     5  3.056802E+03  2.459511E+03
  2.454371E+00     5     6 -1.768458E-04  7.216226E-05
  2.454371E+00     6     1  3.054367E-05  4.615629E-06
  2.454371E+00     6     2 -4.979746E-04 -1.965091E-04
  2.454371E+00     6     3  9.053301E-03  1.581881E-03
  2.454371E+00     6     4  1.185417E-03  1.556874E-03
  2.454371E+00     6     5  2.346932E-04 -6.519259E-04
  2.454371E+00     6     6  9.451384E+02  2.135037E+02
  2.435345E+00     1     1  1.505141E+02  7.401554E+01
  2.435345E+00     1     2  8.001868E-05  3.781902E-05
  2.435345E+00     1     3 -7.639861E-05  2.604536E-04
  2.435345E+00     1     4 -1.178013E-03 -1.001659E-03
  2.435345E+00     1     5  5.429445E+02  4.141844E+02
  2.435345E+00     1     6  6.253644E-05  3.287012E-05
  2.435345E+00     2     1 -2.644309E-04 -1.062140E-04
  2.435345E+00     2     2  1.505038E+02  7.402826E+01
  2.435345E+00     2     3 -2.134777E-05  1.516081E-04
  2.435345E+00     2     4 -5.428072E+02 -4.142517E+02
  2.435345E+00     2     5 -1.363556E-03 -2.064874E-04
  2.435345E+00     2     6  2.732500E-05  5.770477E-06
  2.435345E+00     3     1 -2.920369E-04 -2.309139E-05
  2.435345E+00     3     2 -1.039505E-04  3.261631E-05
  2.435345E+00     3     3  5.803926E+02  1.639754E+02
  2.435345E+00     3     4 -1.122851E-03 -1.154890E-03
  2.435345E+00     3     5  3.468348E-04  2.205889E-03
  2.435345E+00     3     6  5.312975E-04 -3.712548E-04
  2.435345E+00     4     1 -5.835500E-04 -2.216778E-04
  2.435345E+00     4     2 -5.428079E+02 -4.141981E+02
  2.435345E+00     4     3  3.352761E-07 -4.430255E-04
  2.435345E+00     4     4  3.044909E+03  2.426345E+03
  2.435345E+00     4     5 -1.219921E-03 -2.254331E-03
  2.435345E+00     4     6  3.998582E-04 -2.747656E-05
  2.435345E+00     5     1  5.429177E+02  4.141487E+02
  2.435345E+00     5     2 -7.886933E-04  2.265587E-04
  2.435345E+00     5     3  9.154528E-05  1.141533E-03
  2.435345E+00     5     4 -7.897615E-04 -9.197351E-04
  2.435345E+00     5     5  3.045151E+03  2.426053E+03
  2.435345E+00     5     6  4.731361E-04  1.392322E-04
  2.435345E+00     6     1 -9.074438E-05  8.050355E-05
  2.435345E+00     6     2 -4.189461E-04 -1.765304E-04
  2.435345E+00     6     3  9.822234E-03  1.686225E-03
  2.435345E+00     6     4  2.704679E-03  1.749337E-03
  2.435345E+00     6     5  1.396001E-03  1.126438E-03
  2.435345E+00     6     6  9.377620E+02  2.228636E+02
  2.416611E+00     1     1  1.503082E+02  7.276427E+01
  2.416611E+00     1     2 -3.305966E-06  9.244742E-05
  2.416611E+00     1     3  1.409279E-05  1.702915E-04
  2.416611E+00     1     4 -1.308136E-03 -5.004467E-04
  2.416611E+00     1     5  5.416664E+02  4.076329E+02
  2.416611E+00     1     6  3.882873E-05 -1.652352E-05
  2.416611E+00     2     1 -1.219728E-04 -1.069580E-04
  2.416611E+00     2     2  1.502967E+02  7.277677E+01
  2.416611E+00     2     3  2.076663E-04 -5.177037E-05
  2.416611E+00     2     4 -5.415284E+02 -4.077023E+02
  2.416611E+00     2     5 -1.711561E-03 -4.647126E-04
  2.416611E+00     2     6 -1.894310E-05  6.885082E-05
  2.416611E+00     3     1 -2.561789E-04  1.996313E-05
  2.416611E+00     3     2  3.302703E-05 -1.210714E-04
  2.416611E+00     3     3  5.810252E+02  1.609977E+02
  2.416611E+00     3     4 -2.422221E-04 -7.297331E-04
  2.416611E+00     3     5  1.425142E-03  1.360215E-03
  2.416611E+00     3     6  4.640445E-04 -3.627398E-05
  2.416611E+00     4     1 -8.085705E-04 -1.597712E-04
  2.416611E+00     4     2 -5.415288E+02 -4.076511E+02
  2.416611E+00     4     3 -1.767278E-05 -2.042567E-04
  2.416611E+00     4     4  3.033850E+03  2.393324E+03
  2.416611E+00     4     5  2.804846E-03 -1.866725E-03
  2.416611E+00     4     6 -2.620067E-04 -2.805489E-04
  2.416611E+00     5     1  5.416445E+02  4.075964E+02
  2.416611E+00     5     2 -8.924408E-04  3.052175E-04
  2.416611E+00     5     3 -9.293109E-05  1.184296E-03
  2.416611E+00     5     4  4.743040E-05 -1.389587E-03
  2.416611E+00     5     5  3.034121E+03  2.393025E+03
  2.416611E+00     5     6  6.827780E-04 -8.066434E-05
  2.416611E+00     6     1  1.117625E-04  7.795169E-05
  2.416611E+00     6     2 -3.017857E-04 -2.284721E-05
  2.416611E+00     6     3  8.689640E-03  1.334705E-03
  2.416611E+00     6     4  5.351307E-04  2.301932E-04
  2.416611E+00     6     5  1.171261E-03  8.596181E-04
  2.416611E+00     6     6  9.297699E+02  2.315239E+02
  2.398164E+00     1     1  1.501281E+02  7.153570E+01
  2.398164E+00     1     2  1.023728E-04  1.293872E-04
  2.398164E+00     1     3  2.573729E-04  2.636177E-04
  2.398164E+00     1     4 -1.168606E-03 -7.099437E-04
  2.398164E+00     1     5  5.405188E+02  4.011992E+02
  2.398164E+00     1     6 -7.406247E-05  1.953170E-05
  2.398164E+00     2     1 -2.020881E-04 -1.106665E-04
  2.398164E+00     2     2  1.501165E+02  7.154781E+01
  2.398164E+00     2     3 -1.202486E-04  5.399435E-05
  2.398164E+00     2     4 -5.403730E+02 -4.012701E+02
  2.398164E+00     2     5 -1.508292E-03 -4.127262E-04
  2.398164E+00     2     6 -8.580089E-05 -3.677979E-05
  2.398164E+00     3     1 -4.061847E-04 -2.602133E-05
  2.398164E+00     3     2  8.023344E-07  1.096237E-04
  2.398164E+00     3     3  5.816831E+02  1.580854E+02
  2.398164E+00     3     4  2.496652E-04 -2.775397E-04
  2.398164E+00     3     5  1.058433E-03  7.854775E-05
  2.398164E+00     3     6  8.887518E-05 -2.985350E-04
  2.398164E+00     4     1 -7.554395E-04 -4.429556E-05
  2.398164E+00     4     2 -5.403810E+02 -4.012173E+02
  2.398164E+00     4     3 -1.038611E-05 -5.753115E-04
  2.398164E+00     4     4  3.023381E+03  2.360739E+03
  2.398164E+00     4     5  1.874026E-03 -1.242902E-03
  2.398164E+00     4     6  1.881304E-04  3.089037E-04
  2.398164E+00     5     1  5.404925E+02  4.011678E+02
  2.398164E+00     5     2 -7.642908E-04  5.732600E-04
  2.398164E+00     5     3 -7.907711E-04  1.596820E-03
  2.398164E+00     5     4  1.147725E-03 -1.031180E-03
  2.398164E+00     5     5  3.023697E+03  2.360451E+03
  2.398164E+00     5     6 -5.825453E-04  3.194113E-04
  2.398164E+00     6     1  5.032866E-05 -6.576627E-05
  2.398164E+00     6     2 -4.775972E-04 -1.274831E-04
  2.398164E+00     6     3  1.064187E-02  1.538026E-03
  2.398164E+00     6     4  1.645356E-03  1.319617E-03
  2.398164E+00     6     5  1.123548E-05  2.477466E-04
  2.398164E+00     6     6  9.212438E+02  2.394386E+02
  2.379996E+00     1     1  1.499731E+02  7.033047E+01
  2.379996E+00     1     2  2.584036E-05  9.347672E-05
  2.379996E+00     1     3 -2.125955E-04  3.185509E-04
  2.379996E+00     1     4 -1.251494E-03 -6.732964E-04
  2.379996E+00     1     5  5.394944E+02  3.948850E+02
  2.379996E+00     1     6  6.579792E-05 -2.193638E-05
  2.379996E+00     2     1 -1.931602E-04 -5.552106E-05
  2.379996E+00     2     2  1.499602E+02  7.034258E+01
  2.379996E+00     2     3 -1.051482E-04  1.170859E-04
  2.379996E+00     2     4 -5.393431E+02 -3.949566E+02
  2.379996E+00     2     5 -9.826727E-04 -3.244633E-04
  2.379996E+00     2     6  7.665904E-05 -4.961714E-05
  2.379996E+00     3     1 -3.005341E-04 -2.306752E-05
  2.379996E+00     3     2  9.650551E-05  3.301189E-05
  2.379996E+00     3     3  5.823710E+02  1.552355E+02
  2.379996E+00     3     4 -1.281913E-03 -6.863987E-04
  2.379996E+00     3     5  3.112871E-04  2.322157E-04
  2.379996E+00     3     6  6.992789E-05 -7.835328E-05
  2.379996E+00     4     1 -4.230002E-04 -5.950942E-05
  2.379996E+00     4     2 -5.393509E+02 -3.949037E+02
  2.379996E+00     4     3  4.093200E-04  1.721988E-04
  2.379996E+00     4     4  3.013559E+03  2.328574E+03
  2.379996E+00     4     5 -2.894137E-03 -2.967751E-03
  2.379996E+00     4     6 -5.946378E-04  1.851151E-04
  2.379996E+00     5     1  5.394661E+02  3.948519E+02
  2.379996E+00     5     2 -8.196831E-04  1.338627E-04
  2.379996E+00     5     3  9.431541E-04  1.021604E-03
  2.379996E+00     5     4  1.525819E-03 -1.775794E-03
  2.379996E+00     5     5  3.013881E+03  2.328300E+03
  2.379996E+00     5     6  2.066344E-04 -2.641201E-04
  2.379996E+00     6     1 -1.655704E-04 -2.311915E-04
  2.379996E+00     6     2 -1.675115E-04 -1.589805E-04
  2.379996E+00     6     3  9.505295E-03  1.467122E-03
  2.379996E+00     6     4  1.683533E-04  4.709660E-04
  2.379996E+00     6     5  8.588434E-04 -3.486872E-04
  2.379996E+00     6     6  9.122968E+02  2.465764E+02
  2.362101E+00     1     1  1.498417E+02  6.914871E+01
  2.362101E+00     1     2  1.175244E-04  4.595462E-05
  2.362101E+00     1     3  2.102324E-05  4.044214E-04
  2.362101E+00     1     4 -1.234754E-03 -8.093772E-04
  2.362101E+00     1     5  5.385811E+02  3.886889E+02
  2.362101E+00     1     6 -8.089472E-05  7.635541E-05
  2.362101E+00     2     1 -2.480739E-04 -8.515114E-05
  2.362101E+00     2     2  1.498280E+02  6.916128E+01
  2.362101E+00     2     3 -2.530328E-04  5.259550E-05
  2.362101E+00     2     4 -5.384300E+02 -3.887660E+02
  2.362101E+00     2     5 -1.474838E-03 -1.233746E-04
  2.362101E+00     2     6  6.955863E-05  1.579523E-05
  2.362101E+00     3     1 -5.132519E-05 -3.073812E-04
  2.362101E+00     3     2  3.317995E-04  1.014514E-04
  2.362101E+00     3     3  5.830761E+02  1.524513E+02
  2.362101E+00     3     4 -1.029845E-03  3.184658E-04
  2.362101E+00     3     5  2.894397E-03  2.349976E-03
  2.362101E+00     3     6  1.256638E-04 -3.953685E-04
  2.362101E+00     4     1 -3.713202E-04  6.822171E-06
  2.362101E+00     4     2 -5.384336E+02 -3.887075E+02
  2.362101E+00     4     3  1.306608E-04 -2.349429E-04
  2.362101E+00     4     4  3.004297E+03  2.296886E+03
  2.362101E+00     4     5 -1.220591E-04 -2.138534E-03
  2.362101E+00     4     6 -1.173485E-03 -3.811411E-04
  2.362101E+00     5     1  5.385569E+02  3.886561E+02
  2.362101E+00     5     2 -5.274024E-04  4.104339E-06
  2.362101E+00     5     3  1.098551E-04  1.610346E-03
  2.362101E+00     5     4  2.473004E-03 -1.842301E-03
  2.362101E+00     5     5  3.004623E+03  2.296584E+03
  2.362101E+00     5     6 -3.707362E-05  3.800405E-04
  2.362101E+00     6     1 -6.179139E-05 -1.251697E-05
  2.362101E+00     6     2 -5.682113E-04 -7.029624E-05
  2.362101E+00     6     3  1.033509E-02  1.490870E-03
  2.362101E+00     6     4  1.239836E-03  1.132071E-03
  2.362101E+00     6     5  1.154214E-03  1.421868E-04
  2.362101E+00     6     6  9.030302E+02  2.529274E+02
  2.344474E+00     1     1  1.497329E+02  6.799129E+01
  2.344474E+00     1     2  1.954876E-04  8.047474E-05
  2.344474E+00     1     3  3.394481E-04  1.559970E-04
  2.344474E+00     1     4 -1.464898E-03 -1.416702E-03
  2.344474E+00     1     5  5.377785E+02  3.826169E+02
  2.344474E+00     1     6 -5.936623E-05 -3.775954E-05
  2.344474E+00     2     1 -2.088941E-04 -7.356064E-05
  2.344474E+00     2     2  1.497176E+02  6.800397E+01
  2.344474E+00     2     3  2.390835E-04  6.151199E-05
  2.344474E+00     2     4 -5.376235E+02 -3.826924E+02
  2.344474E+00     2     5 -1.913081E-03 -5.703852E-04
  2.344474E+00     2     6  2.841279E-05 -1.645833E-05
  2.344474E+00     3     1  7.958850E-06 -4.231927E-05
  2.344474E+00     3     2  5.676690E-05 -7.456116E-05
  2.344474E+00     3     3  5.837998E+02  1.497277E+02
  2.344474E+00     3     4 -9.596758E-04 -3.950535E-04
  2.344474E+00     3     5  1.230648E-03 -4.935754E-05
  2.344474E+00     3     6  3.327198E-04 -1.579510E-04
  2.344474E+00     4     1 -5.726162E-04 -1.715664E-04
  2.344474E+00     4     2 -5.376271E+02 -3.826357E+02
  2.344474E+00     4     3  7.182360E-06 -9.379908E-05
  2.344474E+00     4     4  2.995610E+03  2.265619E+03
  2.344474E+00     4     5  3.212128E-03 -8.944785E-04
  2.344474E+00     4     6 -7.296256E-04  4.414397E-04
  2.344474E+00     5     1  5.377541E+02  3.825813E+02
  2.344474E+00     5     2 -6.034337E-04  2.422207E-04
  2.344474E+00     5     3  3.250837E-04  9.943615E-04
  2.344474E+00     5     4 -3.296368E-03 -4.529480E-03
  2.344474E+00     5     5  2.995932E+03  2.265308E+03
  2.344474E+00     5     6  2.669480E-04  5.684753E-05
  2.344474E+00     6     1  6.346966E-05  5.085020E-06
  2.344474E+00     6     2 -1.368299E-04 -1.079030E-04
  2.344474E+00     6     3  1.022519E-02  1.584958E-03
  2.344474E+00     6     4 -3.597437E-04 -1.315773E-04
  2.344474E+00     6     5  8.587243E-04  1.113146E-03
  2.344474E+00     6     6  8.935251E+02  2.584867E+02
  2.327107E+00     1     1  1.496429E+02  6.685744E+01
  2.327107E+00     1     2  1.027213E-04  2.631051E-05
  2.327107E+00     1     3  6.058299E-05  2.722507E-04
  2.327107E+00     1     4 -1.674496E-03 -5.647360E-04
  2.327107E+00     1     5  5.370818E+02  3.766619E+02
  2.327107E+00     1     6  2.578273E-05 -5.497038E-05
  2.327107E+00     2     1 -1.258854E-04 -6.985387E-05
  2.327107E+00     2     2  1.496278E+02  6.686983E+01
  2.327107E+00     2     3  1.025425E-04  1.303041E-04
  2.327107E+00     2     4 -5.369202E+02 -3.767377E+02
  2.327107E+00     2     5 -2.191891E-03 -7.773368E-04
  2.327107E+00     2     6 -1.677759E-04  8.748844E-05
  2.327107E+00     3     1 -1.815550E-04 -1.364192E-04
  2.327107E+00     3     2 -5.491357E-05 -1.499072E-04
  2.327107E+00     3     3  5.845499E+02  1.470708E+02
  2.327107E+00     3     4 -1.969859E-03 -6.185761E-04
  2.327107E+00     3     5  2.325884E-03  1.612946E-03
  2.327107E+00     3     6  3.646148E-04 -2.326763E-04
  2.327107E+00     4     1 -8.173604E-04 -2.048496E-04
  2.327107E+00     4     2 -5.369236E+02 -3.766790E+02
  2.327107E+00     4     3 -3.733709E-04 -2.861307E-04
  2.327107E+00     4     4  2.987477E+03  2.234795E+03
  2.327107E+00     4     5  1.545735E-03 -7.382575E-04
  2.327107E+00     4     6  1.089431E-03 -3.055282E-04
  2.327107E+00     5     1  5.370577E+02  3.766263E+02
  2.327107E+00     5     2 -9.553982E-04  2.361601E-06
  2.327107E+00     5     3  2.301484E-04  1.088607E-03
  2.327107E+00     5     4 -9.622648E-04 -8.419454E-04
  2.327107E+00     5     5  2.987822E+03  2.234467E+03
  2.327107E+00     5     6  2.766028E-06  1.771965E-04
  2.327107E+00     6     1  3.497300E-05 -3.941360E-06
  2.327107E+00     6     2 -2.583787E-04 -8.677690E-05
  2.327107E+00     6     3  1.001072E-02  1.399626E-03
  2.327107E+00     6     4  1.136959E-03  4.372596E-04
  2.327107E+00     6     5  1.335145E-04 -7.438662E-05
  2.327107E+00     6     6  8.838830E+02  2.632678E+02
  2.309996E+00     1     1  1.495741E+02  6.574828E+01
  2.309996E+00     1     2  1.428252E-04  1.805112E-04
  2.309996E+00     1     3 -5.685275E-05  1.639076E-04
  2.309996E+00     1     4 -1.272982E-03 -1.171167E-03
  2.309996E+00     1     5  5.364822E+02  3.708302E+02
  2.309996E+00     1     6  5.176298E-06 -4.989654E-05
  2.309996E+00     2     1 -3.896673E-04 -6.614665E-05
  2.309996E+00     2     2  1.495573E+02  6.576085E+01
  2.309996E+00     2     3  2.159253E-04 -1.976173E-05
  2.309996E+00     2     4 -5.363146E+02 -3.709081E+02
  2.309996E+00     2     5 -1.785539E-03 -1.668672E-04
  2.309996E+00     2     6  1.304541E-04 -5.387888E-05
  2.309996E+00     3     1 -5.558024E-04 -3.374988E-04
  2.309996E+00     3     2 -1.214663E-04 -1.710506E-04
  2.309996E+00     3     3  5.853120E+02  1.444708E+02
  2.309996E+00     3     4 -1.493562E-03 -3.004530E-04
  2.309996E+00     3     5 -1.418404E-05 -1.319889E-03
  2.309996E+00     3     6  1.223594E-04 -3.364014E-04
  2.309996E+00     4     1 -3.225310E-04 -2.678469E-04
  2.309996E+00     4     2 -5.363187E+02 -3.708498E+02
  2.309996E+00     4     3 -7.338822E-04 -2.566529E-04
  2.309996E+00     4     4  2.979863E+03  2.204430E+03
  2.309996E+00     4     5  2.311487E-03 -3.310508E-03
  2.309996E+00     4     6 -2.283244E-04  7.159323E-05
  2.309996E+00     5     1  5.364542E+02  3.707912E+02
  2.309996E+00     5     2 -6.895168E-04  4.575788E-04
  2.309996E+00     5     3  2.149343E-04  1.413470E-03
  2.309996E+00     5     4  1.226544E-03 -2.251706E-03
  2.309996E+00     5     5  2.980252E+03  2.204079E+03
  2.309996E+00     5     6  2.711085E-04 -3.662066E-04
  2.309996E+00     6     1 -1.810603E-04 -1.808293E-04
  2.309996E+00     6     2 -2.253204E-04 -7.867069E-05
  2.309996E+00     6     3  1.030894E-02  1.248002E-03
  2.309996E+00     6     4  9.003881E-04 -7.329285E-04
  2.309996E+00     6     5  9.129952E-05  4.538595E-04
  2.309996E+00     6     6  8.741787E+02  2.673000E+02
  2.293135E+00     1     1  1.495219E+02  6.466240E+01
  2.293135E+00     1     2  1.423241E-05  7.444699E-05
  2.293135E+00     1     3  1.409548E-04  2.363583E-04
  2.293135E+00     1     4 -5.799957E-04 -9.131237E-04
  2.293135E+00     1     5  5.359705E+02  3.651176E+02
  2.293135E+00     1     6  1.712888E-05  4.278123E-05
  2.293135E+00     2     1 -1.946399E-04 -2.073878E-05
  2.293135E+00     2     2  1.495048E+02  6.467532E+01
  2.293135E+00     2     3  6.510990E-04  3.274437E-05
  2.293135E+00     2     4 -5.357989E+02 -3.651942E+02
  2.293135E+00     2     5 -1.555118E-03 -2.798137E-04
  2.293135E+00     2     6  3.393740E-06  6.370245E-06
  2.293135E+00     3     1 -3.934361E-04 -9.309483E-05
  2.293135E+00     3     2 -2.525700E-05  2.010551E-06
  2.293135E+00     3     3  5.860831E+02  1.419362E+02
  2.293135E+00     3     4 -2.549030E-03  8.592429E-05
  2.293135E+00     3     5 -1.039706E-03 -2.557288E-04
  2.293135E+00     3     6  9.070546E-05 -1.055762E-04
  2.293135E+00     4     1 -8.296724E-04 -3.865191E-04
  2.293135E+00     4     2 -5.358031E+02 -3.651343E+02
  2.293135E+00     4     3 -3.912225E-04 -5.657435E-04
  2.293135E+00     4     4  2.972782E+03  2.174480E+03
  2.293135E+00     4     5  3.819957E-03 -1.976612E-03
  2.293135E+00     4     6  6.333576E-04 -2.550147E-04
  2.293135E+00     5     1  5.359435E+02  3.650785E+02
  2.293135E+00     5     2 -6.687948E-04 -1.108483E-05
  2.293135E+00     5     3  5.207472E-04  1.478580E-03
  2.293135E+00     5     4  2.816983E-03 -1.481545E-03
  2.293135E+00     5     5  2.973172E+03  2.174155E+03
  2.293135E+00     5     6  3.493694E-05  1.771997E-04
  2.293135E+00     6     1 -1.828521E-04  2.195314E-05
  2.293135E+00     6     2 -3.377126E-04 -4.864112E-05
  2.293135E+00     6     3  9.694115E-03  1.066941E-03
  2.293135E+00     6     4 -3.339052E-04  7.376969E-04
  2.293135E+00     6     5  1.153424E-03  7.209481E-04
  2.293135E+00     6     6  8.644865E+02  2.706031E+02
  2.276518E+00     1     1  1.494858E+02  6.360055E+01
  2.276518E+00     1     2  8.722273E-05  7.854945E-05
  2.276518E+00     1     3 -1.045655E-04  2.222074E-04
  2.276518E+00     1     4 -1.442448E-03 -8.789447E-04
  2.276518E+00     1     5  5.355409E+02  3.595223E+02
  2.276518E+00     1     6  5.564843E-05  3.914536E-05
  2.276518E+00     2     1 -1.910057E-04 -1.073079E-04
  2.276518E+00     2     2  1.494685E+02  6.361343E+01
  2.276518E+00     2     3 -3.296884E-05 -1.105387E-05
  2.276518E+00     2     4 -5.353716E+02 -3.596023E+02
  2.276518E+00     2     5 -1.894364E-03 -3.394741E-04
  2.276518E+00     2     6  1.096912E-05 -1.502782E-04
  2.276518E+00     3     1 -5.789457E-04 -1.913122E-04
  2.276518E+00     3     2 -7.681735E-05 -7.725606E-05
  2.276518E+00     3     3  5.868709E+02  1.394570E+02
  2.276518E+00     3     4 -3.844462E-04 -3.330503E-05
  2.276518E+00     3     5 -1.140988E-03 -2.503148E-04
  2.276518E+00     3     6 -1.691483E-04 -2.064645E-04
  2.276518E+00     4     1 -9.315554E-04 -7.631420E-05
  2.276518E+00     4     2 -5.353756E+02 -3.595405E+02
  2.276518E+00     4     3  3.989339E-04 -4.778081E-04
  2.276518E+00     4     4  2.966218E+03  2.145020E+03
  2.276518E+00     4     5  3.678232E-03 -1.961768E-03
  2.276518E+00     4     6 -5.137082E-04  8.616285E-04
  2.276518E+00     5     1  5.355186E+02  3.594826E+02
  2.276518E+00     5     2 -4.459294E-04  2.353499E-04
  2.276518E+00     5     3  1.091667E-03  1.253028E-03
  2.276518E+00     5     4  5.214885E-04 -1.969100E-03
  2.276518E+00     5     5  2.966592E+03  2.144688E+03
  2.276518E+00     5     6  4.893730E-04 -2.071077E-04
  2.276518E+00     6     1  1.325906E-04 -7.955359E-05
  2.276518E+00     6     2 -1.902208E-04  4.196912E-05
  2.276518E+00     6     3  9.312218E-03  1.301790E-03
  2.276518E+00     6     4 -1.095833E-04 -3.550947E-04
  2.276518E+00     6     5 -7.482617E-04 -1.099914E-03
  2.276518E+00     6     6  8.548765E+02  2.732215E+02
  2.260140E+00     1     1  1.494662E+02  6.256205E+01
  2.260140E+00     1     2  9.645498E-05  1.476663E-05
  2.260140E+00     1     3 -2.762222E-04  2.704044E-04
  2.260140E+00     1     4 -9.274020E-04 -7.517143E-04
  2.260140E+00     1     5  5.351987E+02  3.540489E+02
  2.260140E+00     1     6 -5.033613E-05 -1.542643E-05
  2.260140E+00     2     1 -6.867048E-05 -1.024205E-04
  2.260140E+00     2     2  1.494472E+02  6.257531E+01
  2.260140E+00     2     3  4.497208E-04 -5.163997E-05
  2.260140E+00     2     4 -5.350197E+02 -3.541280E+02
  2.260140E+00     2     5 -1.924761E-03 -5.059043E-04
  2.260140E+00     2     6 -1.043454E-04 -8.668005E-05
  2.260140E+00     3     1 -9.962008E-04 -2.737972E-04
  2.260140E+00     3     2 -1.555425E-04 -7.970195E-05
  2.260140E+00     3     3  5.876688E+02  1.370389E+02
  2.260140E+00     3     4 -2.959818E-03 -1.611443E-03
  2.260140E+00     3     5  1.409780E-04  8.383833E-04
  2.260140E+00     3     6  5.754835E-04 -5.503472E-05
  2.260140E+00     4     1 -6.960025E-04  1.063545E-04
  2.260140E+00     4     2 -5.350272E+02 -3.540659E+02
  2.260140E+00     4     3 -4.710630E-04 -2.768366E-04
  2.260140E+00     4     4  2.960105E+03  2.115999E+03
  2.260140E+00     4     5  3.936481E-03 -5.488573E-04
  2.260140E+00     4     6 -3.745323E-04  1.079559E-04
  2.260140E+00     5     1  5.351728E+02  3.540068E+02
  2.260140E+00     5     2 -7.297285E-04  7.463363E-05
  2.260140E+00     5     3 -7.172860E-04  1.427853E-03
  2.260140E+00     5     4  3.215156E-03 -1.125298E-03
  2.260140E+00     5     5  2.960550E+03  2.115689E+03
  2.260140E+00     5     6 -2.858303E-04 -1.197629E-04
  2.260140E+00     6     1 -6.503981E-05 -5.461278E-06
  2.260140E+00     6     2  1.397133E-04  9.104237E-05
  2.260140E+00     6     3  8.769144E-03  1.044692E-03
  2.260140E+00     6     4 -1.228332E-03 -1.193166E-03
  2.260140E+00     6     5 -2.568814E-04 -1.702607E-04
  2.260140E+00     6     6  8.453870E+02  2.751945E+02
  2.243996E+00     1     1  1.494594E+02  6.154657E+01
  2.243996E+00     1     2  5.869107E-05  1.500222E-04
  2.243996E+00     1     3 -4.662932E-05  1.721527E-04
  2.243996E+00     1     4 -1.073239E-03 -1.005698E-03
  2.243996E+00     1     5  5.349245E+02  3.486922E+02
  2.243996E+00     1     6 -7.642616E-05 -3.338606E-05
  2.243996E+00     2     1 -1.403267E-04 -1.194728E-04
  2.243996E+00     2     2  1.494399E+02  6.156023E+01
  2.243996E+00     2     3 -3.713944E-04 -1.131157E-04
  2.243996E+00     2     4 -5.347476E+02 -3.487765E+02
  2.243996E+00     2     5 -1.415172E-03 -2.047708E-04
  2.243996E+00     2     6 -4.570934E-06  1.466647E-04
  2.243996E+00     3     1 -5.710889E-04 -1.674952E-04
  2.243996E+00     3     2  2.666935E-05  1.807872E-06
  2.243996E+00     3     3  5.884760E+02  1.346769E+02
  2.243996E+00     3     4 -3.589317E-04  2.002972E-04
  2.243996E+00     3     5 -7.978044E-04 -7.711228E-04
  2.243996E+00     3     6  1.520551E-04 -2.987993E-05
  2.243996E+00     4     1 -1.261596E-03 -7.624680E-05
  2.243996E+00     4     2 -5.347510E+02 -3.487112E+02
  2.243996E+00     4     3 -1.733750E-05  4.582307E-04
  2.243996E+00     4     4  2.954514E+03  2.087499E+03
  2.243996E+00     4     5 -3.157668E-04 -2.053414E-03
  2.243996E+00     4     6  2.748300E-04 -5.155019E-04
  2.243996E+00     5     1  5.349007E+02  3.486477E+02
  2.243996E+00     5     2 -1.008498E-03  6.626677E-04
  2.243996E+00     5     3 -4.106164E-04  1.040271E-03
  2.243996E+00     5     4  3.253527E-03 -2.739476E-03
  2.243996E+00     5     5  2.954940E+03  2.087175E+03
  2.243996E+00     5     6 -2.366342E-04 -1.280180E-04
  2.243996E+00     6     1 -1.886114E-05  1.060702E-04
  2.243996E+00     6     2 -3.080072E-05 -5.812198E-05
  2.243996E+00     6     3  1.009751E-02  1.473095E-03
  2.243996E+00     6     4  1.896323E-04  8.025765E-04
  2.243996E+00     6     5 -3.270206E-04 -8.150927E-06
  2.243996E+00     6     6  8.360824E+02  2.765658E+02
  2.228081E+00     1     1  1.494655E+02  6.055439E+01
  2.228081E+00     1     2  4.109460E-05  1.264608E-04
  2.228081E+00     1     3 -8.241989E-05  2.898259E-04
  2.228081E+00     1     4 -1.322832E-03 -7.152489E-04
  2.228081E+00     1     5  5.347219E+02  3.434493E+02
  2.228081E+00     1     6  8.384324E-05  1.171230E-05
  2.228081E+00     2     1 -2.205470E-04 -4.717083E-06
  2.228081E+00     2     2  1.494447E+02  6.056770E+01
  2.228081E+00     2     3  6.360935E-05  1.412034E-04
  2.228081E+00     2     4 -5.345346E+02 -3.435341E+02
  2.228081E+00     2     5 -1.665859E-03 -3.489655E-04
  2.228081E+00     2     6  1.849011E-04  2.219900E-05
  2.228081E+00     3     1 -6.557063E-04 -8.017762E-05
  2.228081E+00     3     2  1.034029E-04 -3.720802E-05
  2.228081E+00     3     3  5.892879E+02  1.323713E+02
  2.228081E+00     3     4  1.847496E-03  2.838522E-04
  2.228081E+00     3     5 -5.591195E-04  6.336034E-04
  2.228081E+00     3     6  3.696840E-04 -4.725104E-05
  2.228081E+00     4     1 -8.141343E-04 -2.955135E-04
  2.228081E+00     4     2 -5.345414E+02 -3.434692E+02
  2.228081E+00     4     3  6.809831E-05 -4.315851E-04
  2.228081E+00     4     4  2.949323E+03  2.059442E+03
  2.228081E+00     4     5  1.397438E-03 -1.463525E-03
  2.228081E+00     4     6 -1.361629E-03 -2.658030E-04
  2.228081E+00     5     1  5.346926E+02  3.434072E+02
  2.228081E+00     5     2 -9.916285E-04  4.000522E-04
  2.228081E+00     5     3 -4.917607E-04  6.122401E-04
  2.228081E+00     5     4 -5.999431E-04 -1.768144E-03
  2.228081E+00     5     5  2.949771E+03  2.059106E+03
  2.228081E+00     5     6  3.216546E-04 -1.299972E-04
  2.228081E+00     6     1  3.332085E-05  1.995264E-05
  2.228081E+00     6     2  8.907917E-05 -3.285335E-05
  2.228081E+00     6     3  9.924183E-03  1.110636E-03
  2.228081E+00     6     4  7.761116E-04  7.513165E-04
  2.228081E+00     6     5 -6.353410E-04  7.748610E-06
  2.228081E+00     6     6  8.269843E+02  2.773811E+02
  2.212391E+00     1     1  1.494843E+02  5.958406E+01
  2.212391E+00     1     2  7.555898E-06  7.839333E-05
  2.212391E+00     1     3  1.041689E-04  1.015680E-04
  2.212391E+00     1     4 -1.118213E-03 -5.103095E-04
  2.212391E+00     1     5  5.345779E+02  3.383196E+02
  2.212391E+00     1     6  2.032147E-05 -1.463666E-05
  2.212391E+00     2     1 -2.226799E-04 -4.698967E-05
  2.212391E+00     2     2  1.494620E+02  5.959797E+01
  2.212391E+00     2     3  7.741159E-05 -1.711491E-05
  2.212391E+00     2     4 -5.343920E+02 -3.384076E+02
  2.212391E+00     2     5 -1.800222E-03 -5.523437E-04
  2.212391E+00     2     6 -1.740270E-05 -1.404807E-05
  2.212391E+00     3     1 -5.194347E-04 -3.167526E-04
  2.212391E+00     3     2  7.247739E-05 -3.892236E-05
  2.212391E+00     3     3  5.901050E+02  1.301193E+02
  2.212391E+00     3     4 -2.857838E-03 -3.033206E-04
  2.212391E+00     3     5  9.020315E-04  7.247815E-04
  2.212391E+00     3     6 -1.135707E-04 -4.080435E-04
  2.212391E+00     4     1 -6.187456E-04 -3.934904E-04
  2.212391E+00     4     2 -5.343924E+02 -3.383396E+02
  2.212391E+00     4     3  3.084987E-04  3.655921E-04
  2.212391E+00     4     4  2.944550E+03  2.031887E+03
  2.212391E+00     4     5  9.070560E-04 -2.377688E-03
  2.212391E+00     4     6  3.335038E-04 -7.570494E-05
  2.212391E+00     5     1  5.345470E+02  3.382758E+02
  2.212391E+00     5     2 -1.234684E-03  2.380861E-04
  2.212391E+00     5     3 -1.432709E-04  9.172058E-04
  2.212391E+00     5     4  3.036410E-04 -2.812371E-04
  2.212391E+00     5     5  2.945007E+03  2.031522E+03
  2.212391E+00     5     6 -3.691788E-04 -1.641280E-05
  2.212391E+00     6     1 -5.546963E-06 -1.025461E-04
  2.212391E+00     6     2 -3.400446E-05 -3.136697E-06
  2.212391E+00     6     3  9.126765E-03  7.034820E-04
  2.212391E+00     6     4 -5.721448E-04  5.432665E-04
  2.212391E+00     6     5 -1.024514E-03 -5.182178E-04
  2.212391E+00     6     6  8.181436E+02  2.776859E+02
  2.196919E+00     1     1  1.495123E+02  5.863565E+01
  2.196919E+00     1     2  4.039620E-05  3.081404E-05
  2.196919E+00     1     3 -1.433599E-05  2.725304E-04
  2.196919E+00     1     4 -1.809273E-03 -1.905010E-04
  2.196919E+00     1     5  5.344937E+02  3.333032E+02
  2.196919E+00     1     6  6.310645E-06 -2.328305E-06
  2.196919E+00     2     1 -2.571473E-04 -3.625626E-05
  2.196919E+00     2     2  1.494904E+02  5.865001E+01
  2.196919E+00     2     3  3.797616E-04  2.756716E-07
  2.196919E+00     2     4 -5.342993E+02 -3.333900E+02
  2.196919E+00     2     5 -1.944408E-03 -7.558062E-04
  2.196919E+00     2     6 -1.880713E-05 -6.830320E-05
  2.196919E+00     3     1 -3.501910E-04 -1.492961E-04
  2.196919E+00     3     2 -3.328733E-04 -7.813540E-05
  2.196919E+00     3     3  5.909315E+02  1.279197E+02
  2.196919E+00     3     4 -7.409565E-04 -6.723767E-04
  2.196919E+00     3     5 -1.307631E-03  3.222190E-05
  2.196919E+00     3     6  2.746254E-04  1.106578E-04
  2.196919E+00     4     1 -5.685473E-04 -2.306048E-04
  2.196919E+00     4     2 -5.343079E+02 -3.333284E+02
  2.196919E+00     4     3 -5.296394E-04  4.884740E-05
  2.196919E+00     4     4  2.940184E+03  2.004778E+03
  2.196919E+00     4     5  1.506839E-03  4.459266E-04
  2.196919E+00     4     6 -1.576394E-04  3.683938E-04
  2.196919E+00     5     1  5.344653E+02  3.332587E+02
  2.196919E+00     5     2 -1.358964E-03 -8.042436E-06
  2.196919E+00     5     3  5.373992E-04  1.578264E-03
  2.196919E+00     5     4 -2.515838E-03 -9.730170E-04
  2.196919E+00     5     5  2.940651E+03  2.004419E+03
  2.196919E+00     5     6 -3.407195E-04 -2.721568E-04
  2.196919E+00     6     1  9.758028E-05  1.925603E-05
  2.196919E+00     6     2  5.744404E-06 -1.992286E-05
  2.196919E+00     6     3  9.963325E-03  9.534800E-04
  2.196919E+00     6     4  4.206896E-04 -5.974768E-04
  2.196919E+00     6     5 -4.517434E-04 -1.519472E-04
  2.196919E+00     6     6  8.095656E+02  2.775232E+02
  2.181663E+00     1     1  1.495513E+02  5.770882E+01
  2.181663E+00     1     2  1.604870E-04  1.365869E-04
  2.181663E+00     1     3 -1.387025E-04  1.400496E-04
  2.181663E+00     1     4 -1.227333E-03 -6.357793E-04
  2.181663E+00     1     5  5.344601E+02  3.283932E+02
  2.181663E+00     1     6 -5.951152E-06  2.385415E-04
  2.181663E+00     2     1 -2.800886E-04 -6.371634E-05
  2.181663E+00     2     2  1.495291E+02  5.772338E+01
  2.181663E+00     2     3 -1.706295E-04  1.011621E-04
  2.181663E+00     2     4 -5.342658E+02 -3.284852E+02
  2.181663E+00     2     5 -1.817200E-03 -4.220373E-04
  2.181663E+00     2     6 -1.543108E-04  1.367926E-04
  2.181663E+00     3     1 -1.990835E-04 -1.043859E-04
  2.181663E+00     3     2  4.459172E-06 -1.655761E-04
  2.181663E+00     3     3  5.917596E+02  1.257734E+02
  2.181663E+00     3     4 -1.122423E-03  2.091927E-04
  2.181663E+00     3     5 -8.403026E-04  2.007638E-04
  2.181663E+00     3     6  2.963527E-04 -1.073644E-04
  2.181663E+00     4     1 -2.814326E-04 -1.222919E-04
  2.181663E+00     4     2 -5.342694E+02 -3.284204E+02
  2.181663E+00     4     3 -6.988570E-04 -1.634047E-04
  2.181663E+00     4     4  2.936190E+03  1.978164E+03
  2.181663E+00     4     5  3.031731E-03 -1.872615E-03
  2.181663E+00     4     6  2.347110E-04 -6.433052E-04
  2.181663E+00     5     1  5.344357E+02  3.283504E+02
  2.181663E+00     5     2 -5.777366E-04  3.994980E-04
  2.181663E+00     5     3  1.794696E-04  4.999829E-04
  2.181663E+00     5     4 -2.679408E-03 -1.540906E-03
  2.181663E+00     5     5  2.936667E+03  1.977774E+03
  2.181663E+00     5     6 -2.718794E-04  9.659329E-04
  2.181663E+00     6     1  1.017433E-04  3.311038E-05
  2.181663E+00     6     2  4.801153E-05 -5.596876E-05
  2.181663E+00     6     3  8.176140E-03  1.070969E-03
  2.181663E+00     6     4  9.809145E-04 -4.898011E-04
  2.181663E+00     6     5 -9.513200E-04 -6.734282E-04
  2.181663E+00     6     6  8.012760E+02  2.769364E+02
  2.166617E+00     1     1  1.495988E+02  5.680246E+01
  2.166617E+00     1     2  2.161954E-05  1.333571E-04
  2.166617E+00     1     3  1.948903E-04  4.407018E-04
  2.166617E+00     1     4 -1.555773E-03 -4.269159E-04
  2.166617E+00     1     5  5.344760E+02  3.235912E+02
  2.166617E+00     1     6 -7.964117E-05 -2.079085E-05
  2.166617E+00     2     1 -8.205377E-05 -4.810997E-05
  2.166617E+00     2     2  1.495755E+02  5.681678E+01
  2.166617E+00     2     3  1.216008E-04  5.469378E-05
  2.166617E+00     2     4 -5.342787E+02 -3.236850E+02
  2.166617E+00     2     5 -2.085342E-03 -6.068752E-04
  2.166617E+00     2     6  5.187469E-05  2.035610E-04
  2.166617E+00     3     1 -4.317597E-04 -2.050881E-04
  2.166617E+00     3     2  4.143035E-05 -1.273048E-05
  2.166617E+00     3     3  5.925870E+02  1.236776E+02
  2.166617E+00     3     4  1.119226E-04  2.879184E-06
  2.166617E+00     3     5 -8.051507E-04  7.770536E-05
  2.166617E+00     3     6 -4.756614E-05 -1.598288E-04
  2.166617E+00     4     1 -1.011977E-03 -1.558682E-04
  2.166617E+00     4     2 -5.342811E+02 -3.236168E+02
  2.166617E+00     4     3 -7.212386E-04 -2.445555E-04
  2.166617E+00     4     4  2.932536E+03  1.952016E+03
  2.166617E+00     4     5  1.134567E-03 -9.593051E-04
  2.166617E+00     4     6 -1.754011E-04 -8.887721E-04
  2.166617E+00     5     1  5.344467E+02  3.235471E+02
  2.166617E+00     5     2 -1.030681E-03  2.624770E-04
  2.166617E+00     5     3  4.715882E-04  1.216937E-03
  2.166617E+00     5     4 -2.150312E-04 -1.979253E-03
  2.166617E+00     5     5  2.933023E+03  1.951611E+03
  2.166617E+00     5     6 -3.323760E-04 -1.532759E-04
  2.166617E+00     6     1 -5.260114E-06 -7.244945E-05
  2.166617E+00     6     2 -8.440017E-05 -8.005649E-05
  2.166617E+00     6     3  9.101804E-03  1.147332E-03
  2.166617E+00     6     4 -3.614723E-04 -1.767576E-04
  2.166617E+00     6     5  5.530563E-04  3.764928E-04
  2.166617E+00     6     6  7.932885E+02  2.759702E+02
  2.151777E+00     1     1  1.496550E+02  5.591652E+01
  2.151777E+00     1     2  1.495736E-04  9.751931E-05
  2.151777E+00     1     3 -1.817911E-04  1.663874E-04
  2.151777E+00     1     4 -1.484552E-03 -6.625000E-04
  2.151777E+00     1     5  5.345351E+02  3.188947E+02
  2.151777E+00     1     6 -1.308881E-05  1.512878E-04
  2.151777E+00     2     1 -2.193435E-04 -3.113943E-05
  2.151777E+00     2     2  1.496307E+02  5.593135E+01
  2.151777E+00     2     3  2.014544E-04 -6.202327E-05
  2.151777E+00     2     4 -5.343349E+02 -3.189874E+02
  2.151777E+00     2     5 -1.552631E-03 -2.707745E-04
  2.151777E+00     2     6  5.554966E-05 -6.156787E-05
  2.151777E+00     3     1 -2.274474E-04 -1.215832E-04
  2.151777E+00     3     2  2.646260E-05 -9.400171E-05
  2.151777E+00     3     3  5.934182E+02  1.216311E+02
  2.151777E+00     3     4 -1.991052E-03 -1.425315E-04
  2.151777E+00     3     5 -1.189076E-03  4.023213E-04
  2.151777E+00     3     6  2.123667E-04  9.452004E-05
  2.151777E+00     4     1 -1.657959E-04 -2.780252E-04
  2.151777E+00     4     2 -5.343347E+02 -3.189176E+02
  2.151777E+00     4     3  2.372339E-04  2.501085E-04
  2.151777E+00     4     4  2.929195E+03  1.926314E+03
  2.151777E+00     4     5 -2.608597E-04 -1.835000E-03
  2.151777E+00     4     6 -7.036407E-04  4.093513E-04
  2.151777E+00     5     1  5.345107E+02  3.188458E+02
  2.151777E+00     5     2 -7.323446E-04  2.555625E-04
  2.151777E+00     5     3 -1.268495E-03  9.662001E-04
  2.151777E+00     5     4 -1.227774E-03 -2.560855E-03
  2.151777E+00     5     5  2.929716E+03  1.925902E+03
  2.151777E+00     5     6 -5.865982E-05  7.870037E-04
  2.151777E+00     6     1 -2.318064E-05 -8.702279E-06
  2.151777E+00     6     2 -8.940695E-05 -1.475587E-05
  2.151777E+00     6     3  9.024834E-03  9.412275E-04
  2.151777E+00     6     4 -9.037254E-04  2.712011E-04
  2.151777E+00     6     5 -3.981589E-04  6.836951E-04
  2.151777E+00     6     6  7.856198E+02  2.746603E+02
  2.137139E+00     1     1  1.497186E+02  5.504996E+01
  2.137139E+00     1     2  8.437495E-05  9.996211E-05
  2.137139E+00     1     3 -1.184235E-04  1.848574E-04
  2.137139E+00     1     4 -1.796604E-03 -5.379607E-04
  2.137139E+00     1     5  5.346345E+02  3.142966E+02
  2.137139E+00     1     6  1.682716E-05  2.984331E-05
  2.137139E+00     2     1 -1.707845E-04 -4.590461E-05
  2.137139E+00     2     2  1.496927E+02  5.506461E+01
  2.137139E+00     2     3 -1.588166E-04  4.480314E-05
  2.137139E+00     2     4 -5.344230E+02 -3.143908E+02
  2.137139E+00     2     5 -1.749324E-03 -3.562509E-04
  2.137139E+00     2     6  1.095459E-04 -1.857430E-05
  2.137139E+00     3     1 -2.449683E-04 -4.720545E-05
  2.137139E+00     3     2 -2.263482E-04  2.808822E-05
  2.137139E+00     3     3  5.942494E+02  1.196325E+02
  2.137139E+00     3     4 -2.406288E-03 -4.369402E-04
  2.137139E+00     3     5 -1.234028E-03 -5.515439E-04
  2.137139E+00     3     6 -1.122244E-07 -8.018846E-05
  2.137139E+00     4     1 -8.486044E-04 -1.068269E-04
  2.137139E+00     4     2 -5.344272E+02 -3.143239E+02
  2.137139E+00     4     3 -4.108921E-04 -2.177362E-04
  2.137139E+00     4     4  2.926175E+03  1.901073E+03
  2.137139E+00     4     5 -2.211004E-03 -1.465137E-03
  2.137139E+00     4     6  1.696404E-05  3.467522E-04
  2.137139E+00     5     1  5.346113E+02  3.142489E+02
  2.137139E+00     5     2 -7.989714E-04  1.722416E-04
  2.137139E+00     5     3 -6.860606E-04  1.000435E-03
  2.137139E+00     5     4  2.556205E-03 -6.872816E-04
  2.137139E+00     5     5  2.926722E+03  1.900637E+03
  2.137139E+00     5     6 -1.628024E-04  3.532744E-05
  2.137139E+00     6     1 -1.489650E-04 -1.310222E-04
  2.137139E+00     6     2  2.081692E-05  1.626462E-05
  2.137139E+00     6     3  9.377335E-03  1.064057E-03
  2.137139E+00     6     4  6.594063E-04 -7.897618E-05
  2.137139E+00     6     5  7.780492E-04 -4.792214E-05
  2.137139E+00     6     6  7.782607E+02  2.730428E+02
  2.122699E+00     1     1  1.497887E+02  5.420217E+01
  2.122699E+00     1     2 -9.565028E-05  7.308451E-05
  2.122699E+00     1     3 -6.588369E-05  2.461523E-04
  2.122699E+00     1     4 -1.077507E-03  1.002569E-04
  2.122699E+00     1     5  5.347722E+02  3.097968E+02
  2.122699E+00     1     6  1.545067E-06 -1.937188E-04
  2.122699E+00     2     1 -2.304703E-04 -4.257310E-05
  2.122699E+00     2     2  1.497617E+02  5.421728E+01
  2.122699E+00     2     3 -2.795011E-04 -1.542271E-06
  2.122699E+00     2     4 -5.345583E+02 -3.098940E+02
  2.122699E+00     2     5 -1.555840E-03 -1.063923E-04
  2.122699E+00     2     6 -6.257556E-05 -2.131276E-04
  2.122699E+00     3     1 -5.861488E-05  8.434683E-05
  2.122699E+00     3     2  6.493926E-05 -1.612108E-04
  2.122699E+00     3     3  5.950781E+02  1.176788E+02
  2.122699E+00     3     4 -9.708256E-04 -3.601471E-04
  2.122699E+00     3     5  2.202041E-03  1.424012E-03
  2.122699E+00     3     6 -2.354911E-04 -2.561804E-04
  2.122699E+00     4     1  8.379947E-05 -5.261530E-05
  2.122699E+00     4     2 -5.345576E+02 -3.098253E+02
  2.122699E+00     4     3  4.177094E-04 -8.752942E-05
  2.122699E+00     4     4  2.923440E+03  1.876274E+03
  2.122699E+00     4     5  2.098013E-03 -2.166789E-03
  2.122699E+00     4     6  1.931037E-04  1.045696E-03
  2.122699E+00     5     1  5.347432E+02  3.097514E+02
  2.122699E+00     5     2 -1.453544E-03  2.508690E-04
  2.122699E+00     5     3 -2.768487E-04  1.182945E-03
  2.122699E+00     5     4  2.283379E-03  1.255961E-03
  2.122699E+00     5     5  2.924012E+03  1.875831E+03
  2.122699E+00     5     6  4.180516E-04 -1.197697E-03
  2.122699E+00     6     1 -3.300231E-05  2.487004E-05
  2.122699E+00     6     2 -4.284083E-05 -1.301058E-04
  2.122699E+00     6     3  8.734463E-03  9.637174E-04
  2.122699E+00     6     4  8.877816E-04  1.313865E-03
  2.122699E+00     6     5  4.839899E-04  1.019225E-03
  2.122699E+00     6     6  7.712272E+02  2.711548E+02
  2.108453E+00     1     1  1.498653E+02  5.337343E+01
  2.108453E+00     1     2  1.135026E-04  5.846109E-05
  2.108453E+00     1     3 -1.213904E-04  2.266616E-04
  2.108453E+00     1     4 -1.331444E-03 -5.030551E-04
  2.108453E+00     1     5  5.349395E+02  3.053935E+02
  2.108453E+00     1     6 -7.305664E-05  3.782286E-05
  2.108453E+00     2     1 -8.547898E-05 -9.882840E-06
  2.108453E+00     2     2  1.498381E+02  5.338846E+01
  2.108453E+00     2     3  1.589730E-04  2.840441E-05
  2.108453E+00     2     4 -5.347217E+02 -3.054920E+02
  2.108453E+00     2     5 -9.776910E-04  1.606256E-04
  2.108453E+00     2     6  6.818213E-05 -1.677014E-04
  2.108453E+00     3     1 -4.387058E-04 -1.342593E-04
  2.108453E+00     3     2  1.777732E-04  1.407176E-05
  2.108453E+00     3     3  5.959070E+02  1.157725E+02
  2.108453E+00     3     4 -1.632977E-03 -5.609454E-04
  2.108453E+00     3     5  1.924455E-03  2.862676E-04
  2.108453E+00     3     6  1.873041E-04 -8.928894E-05
  2.108453E+00     4     1 -6.792853E-04 -3.975071E-04
  2.108453E+00     4     2 -5.347244E+02 -3.054216E+02
  2.108453E+00     4     3 -2.149865E-04 -1.963042E-05
  2.108453E+00     4     4  2.920979E+03  1.851908E+03
  2.108453E+00     4     5  6.345399E-04 -3.318921E-03
  2.108453E+00     4     6 -8.034850E-04  1.186840E-03
  2.108453E+00     5     1  5.349131E+02  3.053458E+02
  2.108453E+00     5     2 -3.356505E-04  1.590903E-04
  2.108453E+00     5     3 -7.671081E-04  1.222564E-03
  2.108453E+00     5     4  9.295717E-04 -2.130696E-03
  2.108453E+00     5     5  2.921576E+03  1.851470E+03
  2.108453E+00     5     6 -6.686237E-04  1.672466E-04
  2.108453E+00     6     1 -1.228321E-04 -4.028529E-05
  2.108453E+00     6     2 -2.975389E-04 -2.217665E-04
  2.108453E+00     6     3  9.342642E-03  7.776206E-04
  2.108453E+00     6     4  8.564295E-04  8.974969E-04
  2.108453E+00     6     5  2.053528E-04 -1.110286E-04
  2.108453E+00     6     6  7.645185E+02  2.690287E+02
  2.094397E+00     1     1  1.499475E+02  5.256208E+01
  2.094397E+00     1     2  1.295309E-04  8.086465E-05
  2.094397E+00     1     3 -1.157690E-04  3.428488E-04
  2.094397E+00     1     4 -2.459186E-03 -2.752509E-04
  2.094397E+00     1     5  5.351438E+02  3.010817E+02
  2.094397E+00     1     6  7.043959E-05 -2.503019E-05
  2.094397E+00     2     1 -1.602116E-04 -3.129584E-05
  2.094397E+00     2     2  1.499194E+02  5.257812E+01
  2.094397E+00     2     3 -3.911538E-04  9.306427E-05
  2.094397E+00     2     4 -5.349178E+02 -3.011838E+02
  2.094397E+00     2     5 -1.018847E-03 -5.095144E-04
  2.094397E+00     2     6 -8.196197E-05 -8.530542E-05
  2.094397E+00     3     1 -6.862779E-04 -1.550384E-05
  2.094397E+00     3     2  1.776041E-04  2.805650E-05
  2.094397E+00     3     3  5.967344E+02  1.139072E+02
  2.094397E+00     3     4 -5.946197E-04 -2.896786E-04
  2.094397E+00     3     5 -9.746915E-04  3.388477E-05
  2.094397E+00     3     6  1.235643E-04  9.763268E-05
  2.094397E+00     4     1 -5.922234E-04 -2.266014E-04
  2.094397E+00     4     2 -5.349200E+02 -3.011111E+02
  2.094397E+00     4     3  4.212186E-04 -1.959521E-04
  2.094397E+00     4     4  2.918778E+03  1.827984E+03
  2.094397E+00     4     5 -1.015633E-03 -6.064735E-04
  2.094397E+00     4     6  4.853467E-04  7.309068E-04
  2.094397E+00     5     1  5.351146E+02  3.010316E+02
  2.094397E+00     5     2 -8.046106E-04  1.267400E-04
  2.094397E+00     5     3 -2.003945E-04  1.598491E-03
  2.094397E+00     5     4 -5.023964E-03 -1.682116E-03
  2.094397E+00     5     5  2.919380E+03  1.827535E+03
  2.094397E+00     5     6 -5.390751E-05 -1.283187E-04
  2.094397E+00     6     1 -9.921563E-05 -2.191700E-04
  2.094397E+00     6     2 -2.102405E-04  9.904803E-05
  2.094397E+00     6     3  9.527106E-03  8.923694E-04
  2.094397E+00     6     4  1.111507E-03  1.751095E-03
  2.094397E+00     6     5 -7.550719E-04 -1.284331E-03
  2.094397E+00     6     6  7.581262E+02  2.666915E+02
  2.080527E+00     1     1  1.500355E+02  5.176855E+01
  2.080527E+00     1     2  1.005210E-04  1.252270E-04
  2.080527E+00     1     3  2.193641E-04  3.461959E-04
  2.080527E+00     1     4 -1.651372E-03 -9.470907E-04
  2.080527E+00     1     5  5.353688E+02  2.968594E+02
  2.080527E+00     1     6  1.481780E-04 -1.547746E-04
  2.080527E+00     2     1 -2.223406E-04 -6.104495E-05
  2.080527E+00     2     2  1.500060E+02  5.178461E+01
  2.080527E+00     2     3 -2.484844E-04  2.244953E-05
  2.080527E+00     2     4 -5.351365E+02 -2.969625E+02
  2.080527E+00     2     5 -1.489144E-03 -4.252126E-04
  2.080527E+00     2     6 -5.936251E-05 -1.215004E-04
  2.080527E+00     3     1 -7.673788E-04  4.791573E-05
  2.080527E+00     3     2  3.496548E-04  1.315544E-04
  2.080527E+00     3     3  5.975593E+02  1.120843E+02
  2.080527E+00     3     4 -2.933219E-03 -1.032901E-03
  2.080527E+00     3     5  1.339978E-04 -1.787227E-04
  2.080527E+00     3     6  5.127871E-04 -3.756229E-04
  2.080527E+00     4     1  2.062647E-04  7.605669E-05
  2.080527E+00     4     2 -5.351420E+02 -2.968932E+02
  2.080527E+00     4     3  2.661422E-04  1.515145E-04
  2.080527E+00     4     4  2.916790E+03  1.804473E+03
  2.080527E+00     4     5  4.887581E-05 -5.635200E-04
  2.080527E+00     4     6  7.716292E-04  7.869682E-04
  2.080527E+00     5     1  5.353396E+02  2.968076E+02
  2.080527E+00     5     2 -9.624399E-04  4.897785E-04
  2.080527E+00     5     3  1.228616E-03  2.060209E-03
  2.080527E+00     5     4 -1.622289E-03 -3.703517E-03
  2.080527E+00     5     5  2.917425E+03  1.804003E+03
  2.080527E+00     5     6  6.050740E-04 -1.007561E-03
  2.080527E+00     6     1 -4.356355E-05  2.069399E-05
  2.080527E+00     6     2 -4.069507E-04 -2.580434E-04
  2.080527E+00     6     3  1.019900E-02  1.028786E-03
  2.080527E+00     6     4  2.383322E-03  6.645024E-04
  2.080527E+00     6     5 -2.818107E-04  6.732348E-05
  2.080527E+00     6     6  7.520531E+02  2.641759E+02
  2.066839E+00     1     1  1.501280E+02  5.099254E+01
  2.066839E+00     1     2  7.532302E-05  1.403624E-04
  2.066839E+00     1     3  2.187320E-05  1.184835E-04
  2.066839E+00     1     4 -1.373648E-03 -9.094434E-04
  2.066839E+00     1     5  5.356199E+02  2.927236E+02
  2.066839E+00     1     6  9.271220E-05  2.603977E-05
  2.066839E+00     2     1 -2.759409E-04 -8.113016E-05
  2.066839E+00     2     2  1.500982E+02  5.100851E+01
  2.066839E+00     2     3  3.128315E-05 -1.019612E-05
  2.066839E+00     2     4 -5.353851E+02 -2.928280E+02
  2.066839E+00     2     5 -1.267253E-03 -7.248408E-05
  2.066839E+00     2     6 -4.567951E-05 -9.709969E-05
  2.066839E+00     3     1 -4.074171E-04  8.799916E-05
  2.066839E+00     3     2 -2.356707E-04 -3.023603E-05
  2.066839E+00     3     3  5.983837E+02  1.103039E+02
  2.066839E+00     3     4 -1.497481E-03 -1.157960E-05
  2.066839E+00     3     5 -1.017089E-03 -8.790556E-05
  2.066839E+00     3     6  3.406615E-04 -5.775635E-04
  2.066839E+00     4     1 -8.475762E-04 -6.482785E-05
  2.066839E+00     4     2 -5.353896E+02 -2.927540E+02
  2.066839E+00     4     3 -4.031360E-04  1.137382E-04
  2.066839E+00     4     4  2.915019E+03  1.781386E+03
  2.066839E+00     4     5  5.382374E-04 -2.408154E-03
  2.066839E+00     4     6  8.652704E-04  3.426672E-04
  2.066839E+00     5     1  5.355925E+02  2.926717E+02
  2.066839E+00     5     2 -6.530173E-04  3.393630E-04
  2.066839E+00     5     3  1.136996E-04  1.145573E-03
  2.066839E+00     5     4 -1.774780E-03 -3.507034E-03
  2.066839E+00     5     5  2.915685E+03  1.780888E+03
  2.066839E+00     5     6  3.654324E-04  3.518901E-04
  2.066839E+00     6     1  1.069530E-05  8.756295E-05
  2.066839E+00     6     2 -9.965900E-05 -1.541637E-04
  2.066839E+00     6     3  9.624011E-03  1.317863E-03
  2.066839E+00     6     4  2.545714E-03  1.298338E-03
  2.066839E+00     6     5  5.304371E-04 -2.183020E-04
  2.066839E+00     6     6  7.462899E+02  2.615015E+02
  2.053330E+00     1     1  1.502253E+02  5.023257E+01
  2.053330E+00     1     2  1.598082E-05  9.085756E-05
  2.053330E+00     1     3  2.918794E-05  1.992322E-04
  2.053330E+00     1     4 -1.490463E-03 -1.115131E-04
  2.053330E+00     1     5  5.358947E+02  2.886731E+02
  2.053330E+00     1     6  9.923056E-05  2.004951E-05
  2.053330E+00     2     1 -1.169865E-04 -6.089210E-05
  2.053330E+00     2     2  1.501939E+02  5.024911E+01
  2.053330E+00     2     3  1.645629E-04  1.225285E-04
  2.053330E+00     2     4 -5.356553E+02 -2.887775E+02
  2.053330E+00     2     5 -8.382446E-04 -7.732307E-05
  2.053330E+00     2     6 -2.164952E-05  2.894551E-06
  2.053330E+00     3     1 -6.751840E-04 -5.073127E-05
  2.053330E+00     3     2  4.375214E-05  4.345621E-05
  2.053330E+00     3     3  5.992042E+02  1.085627E+02
  2.053330E+00     3     4  3.588945E-04 -3.118417E-04
  2.053330E+00     3     5  1.035945E-03  1.930409E-04
  2.053330E+00     3     6  3.317968E-04 -5.545712E-04
  2.053330E+00     4     1 -5.077152E-04 -1.687991E-04
  2.053330E+00     4     2 -5.356638E+02 -2.887067E+02
  2.053330E+00     4     3 -8.852258E-04  7.500546E-05
  2.053330E+00     4     4  2.913463E+03  1.758683E+03
  2.053330E+00     4     5  2.340220E-03 -1.281637E-03
  2.053330E+00     4     6 -6.041359E-04  4.861543E-04
  2.053330E+00     5     1  5.358644E+02  2.886160E+02
  2.053330E+00     5     2 -1.030577E-03  2.148013E-04
  2.053330E+00     5     3 -1.814961E-04  1.026325E-03
  2.053330E+00     5     4  2.398059E-03  1.487168E-03
  2.053330E+00     5     5  2.914142E+03  1.758199E+03
  2.053330E+00     5     6  6.865324E-04  2.708984E-04
  2.053330E+00     6     1 -5.480649E-05 -1.040846E-05
  2.053330E+00     6     2 -3.251060E-04 -1.551248E-04
  2.053330E+00     6     3  9.380220E-03  1.132086E-03
  2.053330E+00     6     4  2.635837E-03  9.419023E-04
  2.053330E+00     6     5 -1.151248E-03 -2.039626E-03
  2.053330E+00     6     6  7.408372E+02  2.586980E+02
  2.039997E+00     1     1  1.503255E+02  4.948867E+01
  2.039997E+00     1     2  5.833809E-05  4.915209E-05
  2.039997E+00     1     3  3.154282E-04  2.849708E-04
  2.039997E+00     1     4 -1.890511E-03 -6.813050E-04
  2.039997E+00     1     5  5.361910E+02  2.846972E+02
  2.039997E+00     1     6 -5.147137E-05  1.180731E-04
  2.039997E+00     2     1 -2.083951E-04 -7.368698E-05
  2.039997E+00     2     2  1.502951E+02  4.950600E+01
  2.039997E+00     2     3  6.839450E-05  8.288118E-05
  2.039997E+00     2     4 -5.359426E+02 -2.848093E+02
  2.039997E+00     2     5 -1.870941E-03  2.241317E-04
  2.039997E+00     2     6 -9.672716E-05 -1.013652E-05
  2.039997E+00     3     1 -8.509373E-04  2.291665E-06
  2.039997E+00     3     2  9.876583E-05 -6.950600E-05
  2.039997E+00     3     3  6.000134E+02  1.068606E+02
  2.039997E+00     3     4 -9.706393E-04  1.906925E-04
  2.039997E+00     3     5  1.618844E-03 -5.070295E-05
  2.039997E+00     3     6 -3.164577E-04 -3.104715E-04
  2.039997E+00     4     1 -1.047842E-03 -3.241495E-04
  2.039997E+00     4     2 -5.359557E+02 -2.847346E+02
  2.039997E+00     4     3  7.873029E-05 -3.877203E-04
  2.039997E+00     4     4  2.912104E+03  1.736392E+03
  2.039997E+00     4     5  5.078688E-05 -3.417096E-03
  2.039997E+00     4     6 -4.669810E-04  2.483371E-04
  2.039997E+00     5     1  5.361586E+02  2.846444E+02
  2.039997E+00     5     2 -1.006415E-03 -3.079531E-04
  2.039997E+00     5     3  1.008585E-03  1.640105E-03
  2.039997E+00     5     4 -2.995864E-03 -1.639038E-03
  2.039997E+00     5     5  2.912810E+03  1.735851E+03
  2.039997E+00     5     6 -8.617295E-06  6.187934E-04
  2.039997E+00     6     1 -1.895392E-04 -1.452342E-04
  2.039997E+00     6     2 -1.810118E-04 -2.016425E-04
  2.039997E+00     6     3  9.881835E-03  1.007827E-03
  2.039997E+00     6     4  9.798699E-04  9.871423E-04
  2.039997E+00     6     5 -1.747608E-04  1.092419E-03
  2.039997E+00     6     6  7.356884E+02  2.557836E+02
  2.026835E+00     1     1  1.504297E+02  4.876038E+01
  2.026835E+00     1     2 -2.283363E-05  5.632763E-05
  2.026835E+00     1     3 -1.030970E-04  3.291665E-04
  2.026835E+00     1     4 -1.277862E-03 -7.232230E-04
  2.026835E+00     1     5  5.365040E+02  2.808035E+02
  2.026835E+00     1     6  5.803069E-05  5.546958E-05
  2.026835E+00     2     1 -2.861118E-04 -5.254466E-05
  2.026835E+00     2     2  1.503976E+02  4.877773E+01
  2.026835E+00     2     3 -1.082105E-04 -2.366678E-05
  2.026835E+00     2     4 -5.362550E+02 -2.809171E+02
  2.026835E+00     2     5 -1.803300E-03 -3.732871E-04
  2.026835E+00     2     6 -1.757667E-04  4.778058E-05
  2.026835E+00     3     1 -6.816601E-04 -4.399614E-05
  2.026835E+00     3     2  6.861053E-06  6.046880E-05
  2.026835E+00     3     3  6.008215E+02  1.051958E+02
  2.026835E+00     3     4 -3.157619E-03 -8.117417E-04
  2.026835E+00     3     5  9.516170E-04  5.366905E-04
  2.026835E+00     3     6 -1.320856E-04 -4.076803E-04
  2.026835E+00     4     1 -8.837320E-05 -2.135166E-04
  2.026835E+00     4     2 -5.362610E+02 -2.808389E+02
  2.026835E+00     4     3 -2.672672E-04  1.009316E-04
  2.026835E+00     4     4  2.910939E+03  1.714438E+03
  2.026835E+00     4     5  2.482723E-03 -6.413339E-04
  2.026835E+00     4     6  1.148558E-04  6.791763E-05
  2.026835E+00     5     1  5.364752E+02  2.807499E+02
  2.026835E+00     5     2 -1.605811E-03  4.003220E-05
  2.026835E+00     5     3  1.296684E-03  1.298209E-03
  2.026835E+00     5     4 -4.201382E-04 -1.453136E-03
  2.026835E+00     5     5  2.911655E+03  1.713909E+03
  2.026835E+00     5     6  2.320504E-04  1.818725E-05
  2.026835E+00     6     1  4.054610E-05  1.556352E-04
  2.026835E+00     6     2 -1.708194E-04 -1.104772E-04
  2.026835E+00     6     3  8.526238E-03  1.068364E-03
  2.026835E+00     6     4  2.447957E-04  9.773076E-04
  2.026835E+00     6     5 -1.002595E-03 -2.253503E-04
  2.026835E+00     6     6  7.308341E+02  2.527811E+02
  2.013843E+00     1     1  1.505377E+02  4.804713E+01
  2.013843E+00     1     2  2.746311E-05  5.641682E-05
  2.013843E+00     1     3 -3.739615E-04  2.903403E-04
  2.013843E+00     1     4 -1.423459E-03 -5.395897E-04
  2.013843E+00     1     5  5.368391E+02  2.769850E+02
  2.013843E+00     1     6 -5.602650E-05 -4.826673E-05
  2.013843E+00     2     1 -2.434235E-04 -7.002056E-05
  2.013843E+00     2     2  1.505035E+02  4.806459E+01
  2.013843E+00     2     3  2.121366E-04  2.029818E-05
  2.013843E+00     2     4 -5.365784E+02 -2.771009E+02
  2.013843E+00     2     5 -1.209619E-03 -3.512621E-04
  2.013843E+00     2     6  6.228126E-05 -1.313910E-05
  2.013843E+00     3     1 -9.438782E-04 -7.908189E-05
  2.013843E+00     3     2 -1.149764E-05 -6.030669E-05
  2.013843E+00     3     3  6.016252E+02  1.035685E+02
  2.013843E+00     3     4 -6.140396E-04 -6.002381E-04
  2.013843E+00     3     5 -8.140095E-04 -2.061338E-04
  2.013843E+00     3     6 -2.364632E-04  3.756228E-05
  2.013843E+00     4     1 -8.991119E-04 -1.389961E-04
  2.013843E+00     4     2 -5.365815E+02 -2.770206E+02
  2.013843E+00     4     3  3.492832E-04 -3.219284E-04
  2.013843E+00     4     4  2.909938E+03  1.692870E+03
  2.013843E+00     4     5 -3.203891E-03 -1.769506E-03
  2.013843E+00     4     6 -8.605421E-07  1.443251E-04
  2.013843E+00     5     1  5.368073E+02  2.769305E+02
  2.013843E+00     5     2 -1.130547E-03  3.439802E-04
  2.013843E+00     5     3  9.183325E-04  1.140831E-03
  2.013843E+00     5     4 -1.471639E-04 -1.428556E-03
  2.013843E+00     5     5  2.910692E+03  1.692329E+03
  2.013843E+00     5     6  1.214971E-04  3.828738E-05
  2.013843E+00     6     1 -1.481473E-04 -6.846710E-05
  2.013843E+00     6     2 -3.710315E-04 -2.476871E-04
  2.013843E+00     6     3  9.393613E-03  9.244315E-04
  2.013843E+00     6     4  1.290351E-03  1.508772E-03
  2.013843E+00     6     5  1.022488E-03  1.624525E-04
  2.013843E+00     6     6  7.262704E+02  2.497122E+02
  2.001016E+00     1     1  1.506483E+02  4.734821E+01
  2.001016E+00     1     2 -4.461591E-05  1.044958E-04
  2.001016E+00     1     3 -1.766512E-04  2.907583E-04
  2.001016E+00     1     4 -1.738540E-03 -3.840465E-04
  2.001016E+00     1     5  5.371824E+02  2.732384E+02
  2.001016E+00     1     6 -2.872381E-05 -7.554516E-05
  2.001016E+00     2     1 -2.341130E-04 -3.727931E-05
  2.001016E+00     2     2  1.506130E+02  4.736625E+01
  2.001016E+00     2     3 -8.341489E-05  3.575347E-05
  2.001016E+00     2     4 -5.369170E+02 -2.733560E+02
  2.001016E+00     2     5 -1.271539E-03  1.638563E-04
  2.001016E+00     2     6 -1.258664E-04 -1.771375E-05
  2.001016E+00     3     1 -7.255743E-04 -6.811658E-05
  2.001016E+00     3     2 -8.889427E-05  5.920825E-06
  2.001016E+00     3     3  6.024258E+02  1.019736E+02
  2.001016E+00     3     4 -4.616752E-04  1.023107E-04
  2.001016E+00     3     5  7.270137E-04  4.267931E-04
  2.001016E+00     3     6 -1.630099E-04 -1.229189E-04
  2.001016E+00     4     1 -5.800808E-04 -3.236383E-04
  2.001016E+00     4     2 -5.369243E+02 -2.732752E+02
  2.001016E+00     4     3  6.763637E-05 -2.435525E-04
  2.001016E+00     4     4  2.909073E+03  1.671661E+03
  2.001016E+00     4     5 -4.736222E-04 -3.143004E-03
  2.001016E+00     4     6  5.516973E-04 -8.226051E-05
  2.001016E+00     5     1  5.371526E+02  2.731821E+02
  2.001016E+00     5     2 -1.408093E-03  2.262929E-04
  2.001016E+00     5     3 -3.735758E-04  1.120322E-03
  2.001016E+00     5     4  2.156943E-03 -1.151719E-03
  2.001016E+00     5     5  2.909863E+03  1.671088E+03
  2.001016E+00     5     6 -3.661290E-04 -5.169199E-04
  2.001016E+00     6     1 -5.084649E-05 -4.322455E-05
  2.001016E+00     6     2 -2.203956E-04 -1.661666E-04
  2.001016E+00     6     3  8.836440E-03  8.484297E-04
  2.001016E+00     6     4  4.190203E-04  5.986989E-04
  2.001016E+00     6     5 -6.662306E-05 -2.408773E-04
  2.001016E+00     6     6  7.219873E+02  2.465916E+02
  1.988351E+00     1     1  1.507613E+02  4.666355E+01
  1.988351E+00     1     2  6.651280E-05  3.932138E-05
  1.988351E+00     1     3  2.777945E-04  2.709023E-04
  1.988351E+00     1     4 -1.140895E-03 -5.919586E-04
  1.988351E+00     1     5  5.375450E+02  2.695615E+02
  1.988351E+00     1     6 -9.575672E-05  8.712336E-05
  1.988351E+00     2     1 -1.031645E-04 -1.676880E-05
  1.988351E+00     2     2  1.507245E+02  4.668194E+01
  1.988351E+00     2     3  8.844397E-05  2.869777E-05
  1.988351E+00     2     4 -5.372722E+02 -2.696790E+02
  1.988351E+00     2     5 -1.467114E-03  2.447851E-04
  1.988351E+00     2     6 -2.387726E-05 -3.935769E-05
  1.988351E+00     3     1 -5.112041E-04 -5.421657E-05
  1.988351E+00     3     2 -1.578340E-04 -2.187450E-05
  1.988351E+00     3     3  6.032185E+02  1.004160E+02
  1.988351E+00     3     4 -2.461225E-03 -3.972738E-04
  1.988351E+00     3     5 -3.239885E-04 -1.477856E-03
  1.988351E+00     3     6  1.440296E-04 -4.085901E-04
  1.988351E+00     4     1 -1.071798E-03 -4.631070E-04
  1.988351E+00     4     2 -5.372798E+02 -2.695975E+02
  1.988351E+00     4     3 -4.505590E-04 -2.176538E-04
  1.988351E+00     4     4  2.908383E+03  1.650769E+03
  1.988351E+00     4     5  1.040544E-03 -3.730344E-03
  1.988351E+00     4     6  2.092454E-04  4.157382E-05
  1.988351E+00     5     1  5.375139E+02  2.695002E+02
  1.988351E+00     5     2 -4.273653E-04  1.665477E-04
  1.988351E+00     5     3  2.424829E-04  7.520786E-04
  1.988351E+00     5     4  1.038641E-03 -1.243888E-03
  1.988351E+00     5     5  2.909207E+03  1.650196E+03
  1.988351E+00     5     6 -2.440822E-04  4.816083E-04
  1.988351E+00     6     1 -2.537519E-04 -1.578592E-04
  1.988351E+00     6     2 -6.061121E-04 -6.054863E-04
  1.988351E+00     6     3  9.133604E-03  9.832785E-04
  1.988351E+00     6     4 -6.332400E-04 -1.257062E-04
  1.988351E+00     6     5 -1.420972E-04 -7.462204E-04
  1.988351E+00     6     6  7.179809E+02  2.434379E+02
  1.975846E+00     1     1  1.508758E+02  4.599252E+01
  1.975846E+00     1     2 -6.654238E-05  1.222763E-04
  1.975846E+00     1     3 -8.229096E-05  3.726870E-04
  1.975846E+00     1     4 -1.673136E-03 -5.685703E-04
  1.975846E+00     1     5  5.379150E+02  2.659479E+02
  1.975846E+00     1     6  5.811922E-05  7.070413E-05
  1.975846E+00     2     1 -2.809517E-04 -2.769403E-05
  1.975846E+00     2     2  1.508386E+02  4.601123E+01
  1.975846E+00     2     3  3.239144E-05  6.853606E-06
  1.975846E+00     2     4 -5.376387E+02 -2.660737E+02
  1.975846E+00     2     5 -1.549529E-03 -2.630311E-04
  1.975846E+00     2     6 -6.772205E-05  9.822101E-05
  1.975846E+00     3     1 -3.274232E-04  8.090035E-05
  1.975846E+00     3     2  1.969663E-04 -2.642808E-05
  1.975846E+00     3     3  6.040048E+02  9.888784E+01
  1.975846E+00     3     4 -5.559474E-04  2.880499E-04
  1.975846E+00     3     5  1.286790E-04 -9.427340E-04
  1.975846E+00     3     6  5.166163E-05 -3.281183E-05
  1.975846E+00     4     1 -6.977953E-04 -4.048697E-04
  1.975846E+00     4     2 -5.376466E+02 -2.659911E+02
  1.975846E+00     4     3 -4.594177E-04 -2.768771E-04
  1.975846E+00     4     4  2.907847E+03  1.630236E+03
  1.975846E+00     4     5 -1.167495E-03 -1.085590E-03
  1.975846E+00     4     6  2.572117E-04 -3.196218E-04
  1.975846E+00     5     1  5.378832E+02  2.658875E+02
  1.975846E+00     5     2 -1.494484E-03  4.097099E-04
  1.975846E+00     5     3  1.239192E-03  1.852887E-03
  1.975846E+00     5     4 -2.176799E-03 -2.580558E-03
  1.975846E+00     5     5  2.908705E+03  1.629636E+03
  1.975846E+00     5     6  3.849450E-04  3.686413E-04
  1.975846E+00     6     1  2.414358E-05  1.113936E-04
  1.975846E+00     6     2 -1.447573E-04 -1.773275E-04
  1.975846E+00     6     3  8.789844E-03  7.551018E-04
  1.975846E+00     6     4  1.594544E-03 -4.240873E-05
  1.975846E+00     6     5 -7.335544E-04 -8.670688E-04
  1.975846E+00     6     6  7.142415E+02  2.402713E+02
  1.963497E+00     1     1  1.509929E+02  4.533451E+01
  1.963497E+00     1     2  4.216172E-05  1.080348E-05
  1.963497E+00     1     3  3.446296E-04  3.787831E-04
  1.963497E+00     1     4 -7.942813E-04 -2.662729E-04
  1.963497E+00     1     5  5.383009E+02  2.624014E+02
  1.963497E+00     1     6  1.982497E-04  4.164316E-05
  1.963497E+00     2     1 -8.630230E-05 -3.622770E-05
  1.963497E+00     2     2  1.509546E+02  4.535340E+01
  1.963497E+00     2     3  4.970990E-04  6.430689E-05
  1.963497E+00     2     4 -5.380201E+02 -2.625300E+02
  1.963497E+00     2     5 -2.501502E-03 -1.862864E-04
  1.963497E+00     2     6  5.394406E-05 -1.102909E-04
  1.963497E+00     3     1 -5.349107E-04 -1.361969E-05
  1.963497E+00     3     2 -1.203455E-05 -5.144428E-05
  1.963497E+00     3     3  6.047813E+02  9.739434E+01
  1.963497E+00     3     4 -1.284767E-03 -3.355611E-04
  1.963497E+00     3     5  1.757817E-03  1.033098E-03
  1.963497E+00     3     6  6.710843E-05 -3.202822E-04
  1.963497E+00     4     1 -6.718729E-04 -2.212430E-04
  1.963497E+00     4     2 -5.380247E+02 -2.624449E+02
  1.963497E+00     4     3 -5.971119E-04 -7.974878E-04
  1.963497E+00     4     4  2.907477E+03  1.610021E+03
  1.963497E+00     4     5  5.291928E-03 -2.876182E-03
  1.963497E+00     4     6 -3.186567E-04  5.241704E-04
  1.963497E+00     5     1  5.382707E+02  2.623396E+02
  1.963497E+00     5     2 -9.273253E-04 -1.583538E-04
  1.963497E+00     5     3  1.561381E-04  1.964441E-03
  1.963497E+00     5     4  3.565840E-03  3.313301E-04
  1.963497E+00     5     5  2.908332E+03  1.609387E+03
  1.963497E+00     5     6  6.416247E-04  9.016700E-05
  1.963497E+00     6     1 -3.769245E-05 -1.025573E-05
  1.963497E+00     6     2 -5.631446E-04 -2.324320E-04
  1.963497E+00     6     3  9.292604E-03  1.081008E-03
  1.963497E+00     6     4  1.623303E-03  7.477402E-04
  1.963497E+00     6     5  1.290441E-03 -5.800277E-04
  1.963497E+00     6     6  7.107563E+02  2.371077E+02
  1.951301E+00     1     1  1.511114E+02  4.468936E+01
  1.951301E+00     1     2  9.637819E-05  6.626944E-05
  1.951301E+00     1     3  5.238548E-05  3.033672E-04
  1.951301E+00     1     4 -3.049197E-04 -6.619364E-04
  1.951301E+00     1     5  5.386984E+02  2.589157E+02
  1.951301E+00     1     6 -5.893688E-05  1.403130E-05
  1.951301E+00     2     1 -2.793497E-04 -9.640236E-05
  1.951301E+00     2     2  1.510719E+02  4.470867E+01
  1.951301E+00     2     3  3.531035E-04  1.805555E-05
  1.951301E+00     2     4 -5.384063E+02 -2.590455E+02
  1.951301E+00     2     5 -1.836185E-03 -2.805138E-04
  1.951301E+00     2     6  6.196834E-05  3.031641E-05
  1.951301E+00     3     1 -2.523686E-04 -8.468522E-05
  1.951301E+00     3     2 -9.526452E-05 -4.431128E-05
  1.951301E+00     3     3  6.055562E+02  9.593072E+01
  1.951301E+00     3     4 -2.547383E-03 -7.839161E-04
  1.951301E+00     3     5  4.016357E-04  3.438651E-04
  1.951301E+00     3     6  4.542917E-04  4.482454E-05
  1.951301E+00     4     1 -4.323162E-04  1.241320E-04
  1.951301E+00     4     2 -5.384142E+02 -2.589613E+02
  1.951301E+00     4     3  3.682077E-05  2.216729E-04
  1.951301E+00     4     4  2.907210E+03  1.590098E+03
  1.951301E+00     4     5 -1.086827E-03 -1.672179E-03
  1.951301E+00     4     6 -6.200117E-04 -2.381944E-04
  1.951301E+00     5     1  5.386670E+02  2.588552E+02
  1.951301E+00     5     2 -7.909052E-04  1.825509E-04
  1.951301E+00     5     3  5.126037E-04  1.841215E-03
  1.951301E+00     5     4  3.155425E-03 -2.825326E-03
  1.951301E+00     5     5  2.908122E+03  1.589452E+03
  1.951301E+00     5     6 -2.770007E-04  1.576478E-04
  1.951301E+00     6     1 -2.294742E-04 -1.865402E-04
  1.951301E+00     6     2 -2.231971E-04 -1.809858E-04
  1.951301E+00     6     3  8.057036E-03  8.645351E-04
  1.951301E+00     6     4 -8.524954E-04  1.600951E-03
  1.951301E+00     6     5  1.529426E-03  6.028116E-04
  1.951301E+00     6     6  7.075226E+02  2.339622E+02
  1.939256E+00     1     1  1.512327E+02  4.405642E+01
  1.939256E+00     1     2 -9.965659E-05  9.933399E-05
  1.939256E+00     1     3 -1.617158E-04  3.857123E-04
  1.939256E+00     1     4 -2.211328E-03 -7.899402E-04
  1.939256E+00     1     5  5.391104E+02  2.554921E+02
  1.939256E+00     1     6 -1.019072E-04  4.659966E-05
  1.939256E+00     2     1 -1.987525E-04 -4.692853E-05
  1.939256E+00     2     2  1.511911E+02  4.407608E+01
  1.939256E+00     2     3  1.763832E-04  3.403891E-05
  1.939256E+00     2     4 -5.388095E+02 -2.556232E+02
  1.939256E+00     2     5 -1.149762E-03 -5.920539E-04
  1.939256E+00     2     6  7.558613E-06 -4.887953E-05
  1.939256E+00     3     1  9.910041E-05 -6.629547E-05
  1.939256E+00     3     2 -6.002104E-04 -1.410040E-04
  1.939256E+00     3     3  6.063232E+02  9.449633E+01
  1.939256E+00     3     4 -4.422843E-03 -1.327678E-03
  1.939256E+00     3     5 -2.429165E-03 -1.116226E-03
  1.939256E+00     3     6  4.680373E-05 -5.297057E-05
  1.939256E+00     4     1 -7.113116E-04 -5.923666E-05
  1.939256E+00     4     2 -5.388164E+02 -2.555406E+02
  1.939256E+00     4     3 -8.812323E-04 -7.124725E-04
  1.939256E+00     4     4  2.907086E+03  1.570496E+03
  1.939256E+00     4     5 -3.023516E-03  3.884984E-04
  1.939256E+00     4     6 -4.571644E-04  3.625876E-04
  1.939256E+00     5     1  5.390795E+02  2.554312E+02
  1.939256E+00     5     2 -9.580702E-04  3.405807E-04
  1.939256E+00     5     3  1.900420E-04  2.623867E-03
  1.939256E+00     5     4 -3.323019E-03 -3.518515E-03
  1.939256E+00     5     5  2.908049E+03  1.569857E+03
  1.939256E+00     5     6 -2.245104E-04  3.547573E-04
  1.939256E+00     6     1 -2.004542E-04  7.800757E-05
  1.939256E+00     6     2 -5.379245E-04 -3.502257E-04
  1.939256E+00     6     3  8.407953E-03  1.106307E-03
  1.939256E+00     6     4  2.123177E-03  5.436838E-04
  1.939256E+00     6     5  1.976102E-03  5.576013E-05
  1.939256E+00     6     6  7.045203E+02  2.308522E+02
  1.927359E+00     1     1  1.513547E+02  4.343474E+01
  1.927359E+00     1     2 -8.990472E-06  1.050018E-04
  1.927359E+00     1     3 -9.399390E-05  4.456769E-04
  1.927359E+00     1     4 -1.061841E-03 -6.188988E-05
  1.927359E+00     1     5  5.395259E+02  2.521209E+02
  1.927359E+00     1     6  5.606655E-05  4.856099E-05
  1.927359E+00     2     1 -2.390423E-04 -4.069891E-05
  1.927359E+00     2     2  1.513115E+02  4.345506E+01
  1.927359E+00     2     3 -1.559370E-04  6.059929E-05
  1.927359E+00     2     4 -5.392170E+02 -2.522557E+02
  1.927359E+00     2     5 -1.122882E-03 -2.569515E-04
  1.927359E+00     2     6 -6.653371E-05 -7.320568E-05
  1.927359E+00     3     1 -2.333792E-04  4.928489E-05
  1.927359E+00     3     2 -4.136199E-04 -2.401861E-04
  1.927359E+00     3     3  6.070850E+02  9.309121E+01
  1.927359E+00     3     4 -1.590192E-03 -8.914252E-04
  1.927359E+00     3     5  2.605747E-05 -8.547674E-04
  1.927359E+00     3     6 -1.110813E-04 -4.798596E-05
  1.927359E+00     4     1 -4.959218E-04 -9.632797E-05
  1.927359E+00     4     2 -5.392262E+02 -2.521724E+02
  1.927359E+00     4     3 -4.068837E-04 -2.867561E-04
  1.927359E+00     4     4  2.907063E+03  1.551198E+03
  1.927359E+00     4     5 -5.129140E-03  2.194177E-04
  1.927359E+00     4     6  1.308275E-04  4.867486E-04
  1.927359E+00     5     1  5.394963E+02  2.520607E+02
  1.927359E+00     5     2 -1.044789E-03  3.851571E-04
  1.927359E+00     5     3 -4.372150E-04  2.501499E-03
  1.927359E+00     5     4 -3.780425E-05  2.202851E-03
  1.927359E+00     5     5  2.908074E+03  1.550511E+03
  1.927359E+00     5     6  7.567066E-05  3.610917E-04
  1.927359E+00     6     1 -4.051251E-04 -2.986454E-04
  1.927359E+00     6     2 -3.600717E-04 -1.867526E-04
  1.927359E+00     6     3  8.547870E-03  8.739933E-04
  1.927359E+00     6     4  9.639566E-04  1.485080E-03
  1.927359E+00     6     5 -6.619095E-04  6.112158E-04
  1.927359E+00     6     6  7.017494E+02  2.277920E+02
  1.915607E+00     1     1  1.514774E+02  4.282450E+01
  1.915607E+00     1     2  1.170850E-04  6.077929E-05
  1.915607E+00     1     3  3.308419E-04  4.149216E-04
  1.915607E+00     1     4 -1.023659E-03  1.295535E-05
  1.915607E+00     1     5  5.399561E+02  2.488065E+02
  1.915607E+00     1     6  1.591445E-05 -2.763979E-05
  1.915607E+00     2     1 -2.487282E-04 -5.976868E-05
  1.915607E+00     2     2  1.514325E+02  4.284486E+01
  1.915607E+00     2     3  8.513218E-05  7.065664E-05
  1.915607E+00     2     4 -5.396370E+02 -2.489453E+02
  1.915607E+00     2     5 -2.394797E-04 -3.986509E-04
  1.915607E+00     2     6  6.465241E-05 -1.038238E-04
  1.915607E+00     3     1 -5.169609E-05 -1.350833E-04
  1.915607E+00     3     2 -4.369998E-04 -1.336851E-04
  1.915607E+00     3     3  6.078394E+02  9.171389E+01
  1.915607E+00     3     4 -1.793727E-05 -3.094459E-04
  1.915607E+00     3     5 -1.428636E-03 -1.178092E-03
  1.915607E+00     3     6  1.786131E-04 -6.643469E-05
  1.915607E+00     4     1 -6.025434E-04  3.289466E-05
  1.915607E+00     4     2 -5.396487E+02 -2.488558E+02
  1.915607E+00     4     3  4.349798E-04  1.659538E-04
  1.915607E+00     4     4  2.907216E+03  1.532161E+03
  1.915607E+00     4     5 -2.804130E-03 -9.846133E-04
  1.915607E+00     4     6 -2.272604E-04  2.459536E-04
  1.915607E+00     5     1  5.399236E+02  2.487439E+02
  1.915607E+00     5     2 -9.841267E-04  2.561260E-04
  1.915607E+00     5     3  2.119727E-04  1.748019E-03
  1.915607E+00     5     4  1.693271E-03  3.433130E-04
  1.915607E+00     5     5  2.908249E+03  1.531465E+03
  1.915607E+00     5     6  2.628863E-04  4.802855E-05
  1.915607E+00     6     1 -2.824889E-05 -6.071851E-05
  1.915607E+00     6     2 -2.161415E-05 -8.021481E-05
  1.915607E+00     6     3  7.406832E-03  8.142500E-04
  1.915607E+00     6     4  3.721803E-03  2.109707E-03
  1.915607E+00     6     5 -1.776039E-03 -7.277131E-04
  1.915607E+00     6     6  6.991896E+02  2.247956E+02
  1.903997E+00     1     1  1.516015E+02  4.222502E+01
  1.903997E+00     1     2 -2.857614E-05  1.006990E-04
  1.903997E+00     1     3  4.480346E-04  6.266350E-04
  1.903997E+00     1     4 -9.218846E-04 -4.547034E-04
  1.903997E+00     1     5  5.403950E+02  2.455429E+02
  1.903997E+00     1     6 -1.553548E-04 -5.958229E-05
  1.903997E+00     2     1 -2.367993E-04 -4.529590E-05
  1.903997E+00     2     2  1.515550E+02  4.224589E+01
  1.903997E+00     2     3  5.004518E-04  6.236695E-05
  1.903997E+00     2     4 -5.400734E+02 -2.456862E+02
  1.903997E+00     2     5 -1.145723E-03  2.300040E-04
  1.903997E+00     2     6  4.468299E-05  1.952052E-05
  1.903997E+00     3     1  2.009990E-04 -6.389769E-05
  1.903997E+00     3     2 -3.831438E-04 -2.350769E-04
  1.903997E+00     3     3  6.085898E+02  9.036339E+01
  1.903997E+00     3     4  1.096264E-03  1.016435E-03
  1.903997E+00     3     5 -4.343688E-04 -5.103261E-04
  1.903997E+00     3     6  3.638363E-05 -8.641634E-05
  1.903997E+00     4     1 -4.662359E-04 -5.610136E-05
  1.903997E+00     4     2 -5.400789E+02 -2.455963E+02
  1.903997E+00     4     3 -4.293099E-04 -2.699979E-04
  1.903997E+00     4     4  2.907477E+03  1.513427E+03
  1.903997E+00     4     5 -1.238864E-03 -4.205605E-03
  1.903997E+00     4     6 -1.831148E-04 -2.107356E-04
  1.903997E+00     5     1  5.403630E+02  2.454805E+02
  1.903997E+00     5     2 -8.249022E-04  2.650442E-04
  1.903997E+00     5     3  1.833063E-03  3.490708E-03
  1.903997E+00     5     4  4.000172E-03 -1.020988E-03
  1.903997E+00     5     5  2.908523E+03  1.512699E+03
  1.903997E+00     5     6 -7.166979E-04 -1.908516E-04
  1.903997E+00     6     1  2.117903E-04  1.241975E-04
  1.903997E+00     6     2 -4.872382E-04 -1.470093E-04
  1.903997E+00     6     3  9.400930E-03  9.222098E-04
  1.903997E+00     6     4  4.099308E-04 -5.569756E-04
  1.903997E+00     6     5 -1.401186E-03 -5.873441E-04
  1.903997E+00     6     6  6.968287E+02  2.218742E+02
  1.892527E+00     1     1  1.517270E+02  4.163580E+01
  1.892527E+00     1     2  5.993175E-05  1.216620E-04
  1.892527E+00     1     3  4.421092E-04  6.509420E-04
  1.892527E+00     1     4 -6.569738E-04 -5.592912E-04
  1.892527E+00     1     5  5.408446E+02  2.423316E+02
  1.892527E+00     1     6  5.911105E-05  4.457305E-06
  1.892527E+00     2     1 -1.918333E-04 -8.510557E-06
  1.892527E+00     2     2  1.516793E+02  4.165676E+01
  1.892527E+00     2     3  1.690705E-04  8.023903E-05
  1.892527E+00     2     4 -5.405122E+02 -2.424753E+02
  1.892527E+00     2     5 -9.848976E-04 -2.280351E-04
  1.892527E+00     2     6  2.600439E-05 -5.631894E-05
  1.892527E+00     3     1  7.454772E-05  3.094174E-07
  1.892527E+00     3     2 -1.200661E-04  4.221121E-05
  1.892527E+00     3     3  6.093318E+02  8.903758E+01
  1.892527E+00     3     4 -1.472991E-03 -2.714603E-04
  1.892527E+00     3     5 -1.105946E-05 -9.008893E-04
  1.892527E+00     3     6  8.611614E-05 -2.854869E-04
  1.892527E+00     4     1 -4.588589E-04 -5.519598E-04
  1.892527E+00     4     2 -5.405169E+02 -2.423823E+02
  1.892527E+00     4     3 -4.582107E-04 -6.131176E-05
  1.892527E+00     4     4  2.907839E+03  1.494951E+03
  1.892527E+00     4     5 -3.231537E-03 -1.940289E-03
  1.892527E+00     4     6 -3.905906E-04  2.817413E-04
  1.892527E+00     5     1  5.408121E+02  2.422668E+02
  1.892527E+00     5     2 -9.173602E-04  6.767537E-04
  1.892527E+00     5     3  1.980070E-03  3.234068E-03
  1.892527E+00     5     4  4.608460E-03 -3.184272E-03
  1.892527E+00     5     5  2.908949E+03  1.494211E+03
  1.892527E+00     5     6 -2.345298E-04  5.251086E-05
  1.892527E+00     6     1  9.709223E-05  1.143925E-04
  1.892527E+00     6     2  8.184466E-05  3.182888E-05
  1.892527E+00     6     3  8.638355E-03  9.920476E-04
  1.892527E+00     6     4  3.257512E-03  6.867049E-04
  1.892527E+00     6     5  1.198680E-03  1.129806E-03
  1.892527E+00     6     6  6.946516E+02  2.190452E+02
  1.881195E+00     1     1  1.518533E+02  4.105653E+01
  1.881195E+00     1     2  1.102151E-04  1.576561E-04
  1.881195E+00     1     3  3.228031E-04  5.858769E-04
  1.881195E+00     1     4 -1.264136E-03 -5.513881E-04
  1.881195E+00     1     5  5.413015E+02  2.391682E+02
  1.881195E+00     1     6 -6.518695E-05  2.131052E-05
  1.881195E+00     2     1 -1.682657E-04 -4.241244E-05
  1.881195E+00     2     2  1.518035E+02  4.107841E+01
  1.881195E+00     2     3  9.248223E-05  5.686190E-05
  1.881195E+00     2     4 -5.409594E+02 -2.393166E+02
  1.881195E+00     2     5 -8.433367E-04 -3.420814E-04
  1.881195E+00     2     6 -2.164765E-05 -6.832182E-05
  1.881195E+00     3     1  3.531389E-05 -7.159382E-05
  1.881195E+00     3     2 -2.594935E-04 -1.717484E-04
  1.881195E+00     3     3  6.100675E+02  8.773756E+01
  1.881195E+00     3     4 -3.621280E-04 -1.825858E-05
  1.881195E+00     3     5 -1.725492E-03 -3.020485E-04
  1.881195E+00     3     6  2.959279E-04  1.156819E-04
  1.881195E+00     4     1 -7.372908E-04 -1.357489E-04
  1.881195E+00     4     2 -5.409680E+02 -2.392228E+02
  1.881195E+00     4     3  5.237088E-04  9.424146E-05
  1.881195E+00     4     4  2.908336E+03  1.476746E+03
  1.881195E+00     4     5 -6.084442E-03 -1.443158E-03
  1.881195E+00     4     6 -2.326397E-05  3.361682E-04
  1.881195E+00     5     1  5.412698E+02  2.391010E+02
  1.881195E+00     5     2 -4.974939E-04  8.296567E-04
  1.881195E+00     5     3  2.318896E-03  3.507437E-03
  1.881195E+00     5     4 -2.405003E-03 -9.701145E-04
  1.881195E+00     5     5  2.909466E+03  1.475989E+03
  1.881195E+00     5     6 -3.120396E-06  1.031217E-05
  1.881195E+00     6     1  1.963489E-04  2.579838E-04
  1.881195E+00     6     2  3.803522E-05 -6.146729E-05
  1.881195E+00     6     3  9.342845E-03  1.003398E-03
  1.881195E+00     6     4  1.701713E-03  1.773536E-04
  1.881195E+00     6     5  8.348227E-04  1.646876E-04
  1.881195E+00     6     6  6.926409E+02  2.163154E+02
  1.869997E+00     1     1  1.519812E+02  4.048720E+01
  1.869997E+00     1     2  5.710944E-06  5.426518E-05
  1.869997E+00     1     3  7.505174E-05  4.572170E-04
  1.869997E+00     1     4 -1.255780E-03 -6.806047E-04
  1.869997E+00     1     5  5.417740E+02  2.360543E+02
  1.869997E+00     1     6 -9.964967E-05 -8.668192E-05
  1.869997E+00     2     1 -9.127257E-05 -3.632821E-05
  1.869997E+00     2     2  1.519305E+02  4.050868E+01
  1.869997E+00     2     3  1.953841E-04  4.759151E-05
  1.869997E+00     2     4 -5.414227E+02 -2.362037E+02
  1.869997E+00     2     5 -1.530242E-03 -1.329884E-04
  1.869997E+00     2     6 -3.546104E-05 -1.976639E-05
  1.869997E+00     3     1  1.201222E-04 -1.588823E-04
  1.869997E+00     3     2 -2.450650E-04 -1.069198E-04
  1.869997E+00     3     3  6.107946E+02  8.646220E+01
  1.869997E+00     3     4  2.219995E-03  2.250604E-04
  1.869997E+00     3     5 -1.124506E-03 -2.216898E-04
  1.869997E+00     3     6 -1.888644E-04 -2.421335E-05
  1.869997E+00     4     1 -4.267432E-04  1.501335E-04
  1.869997E+00     4     2 -5.414315E+02 -2.361093E+02
  1.869997E+00     4     3 -3.390610E-04  1.316813E-04
  1.869997E+00     4     4  2.908973E+03  1.458812E+03
  1.869997E+00     4     5 -1.432948E-03 -2.922900E-04
  1.869997E+00     4     6 -3.466895E-05  1.604509E-04
  1.869997E+00     5     1  5.417437E+02  2.359867E+02
  1.869997E+00     5     2 -8.496419E-04  8.004927E-05
  1.869997E+00     5     3 -3.935993E-04  2.555051E-03
  1.869997E+00     5     4  3.048949E-03 -3.057265E-03
  1.869997E+00     5     5  2.910142E+03  1.458039E+03
  1.869997E+00     5     6 -3.345967E-04 -4.332979E-04
  1.869997E+00     6     1 -3.269687E-04 -1.139008E-04
  1.869997E+00     6     2 -1.231505E-04 -2.907962E-05
  1.869997E+00     6     3  8.629292E-03  6.644755E-04
  1.869997E+00     6     4  5.574822E-04  4.991889E-04
  1.869997E+00     6     5 -5.239253E-04  4.857780E-06
  1.869997E+00     6     6  6.907850E+02  2.136965E+02
  1.858932E+00     1     1  1.521095E+02  3.992656E+01
  1.858932E+00     1     2 -2.896366E-05  2.685651E-05
  1.858932E+00     1     3  5.518107E-04  6.021735E-04
  1.858932E+00     1     4  1.102699E-04 -4.735627E-04
  1.858932E+00     1     5  5.422558E+02  2.329849E+02
  1.858932E+00     1     6  1.194533E-04 -7.458219E-05
  1.858932E+00     2     1 -1.947261E-04 -3.653408E-05
  1.858932E+00     2     2  1.520576E+02  3.994878E+01
  1.858932E+00     2     3  3.499741E-04  1.391368E-04
  1.858932E+00     2     4 -5.418989E+02 -2.331385E+02
  1.858932E+00     2     5 -1.877281E-03 -6.662868E-04
  1.858932E+00     2     6  7.799638E-05  6.388128E-05
  1.858932E+00     3     1 -5.348388E-04 -7.260250E-05
  1.858932E+00     3     2 -3.496264E-04  2.900831E-05
  1.858932E+00     3     3  6.115146E+02  8.520862E+01
  1.858932E+00     3     4 -3.927574E-04  4.668541E-04
  1.858932E+00     3     5  1.145301E-03  1.042858E-04
  1.858932E+00     3     6  4.024986E-04 -2.613147E-05
  1.858932E+00     4     1 -2.538692E-04 -2.132847E-04
  1.858932E+00     4     2 -5.419019E+02 -2.330408E+02
  1.858932E+00     4     3 -1.195356E-03 -4.938401E-04
  1.858932E+00     4     4  2.909696E+03  1.441134E+03
  1.858932E+00     4     5  4.022099E-03  4.309639E-04
  1.858932E+00     4     6 -4.062625E-04 -2.490130E-04
  1.858932E+00     5     1  5.422228E+02  2.329155E+02
  1.858932E+00     5     2 -5.012043E-04  1.620104E-04
  1.858932E+00     5     3  2.625376E-03  2.865584E-03
  1.858932E+00     5     4  9.119004E-03 -2.776035E-03
  1.858932E+00     5     5  2.910921E+03  1.440340E+03
  1.858932E+00     5     6 -6.326893E-05 -4.770305E-04
  1.858932E+00     6     1 -8.590523E-05 -1.484565E-04
  1.858932E+00     6     2 -5.147159E-04 -1.462661E-04
  1.858932E+00     6     3  8.922817E-03  8.116618E-04
  1.858932E+00     6     4 -4.318357E-04 -1.020014E-03
  1.858932E+00     6     5 -9.378779E-05 -1.634956E-04
  1.858932E+00     6     6  6.890515E+02  2.111924E+02
  1.847997E+00     1     1  1.522398E+02  3.937476E+01
  1.847997E+00     1     2  2.130242E-04  1.108651E-04
  1.847997E+00     1     3  7.202276E-04  5.442924E-04
  1.847997E+00     1     4 -1.376687E-03 -7.592564E-04
  1.847997E+00     1     5  5.427476E+02  2.299592E+02
  1.847997E+00     1     6  1.342260E-04 -9.573993E-06
  1.847997E+00     2     1 -1.862838E-04 -3.468450E-05
  1.847997E+00     2     2  1.521849E+02  3.939760E+01
  1.847997E+00     2     3 -2.202803E-04 -1.125215E-04
  1.847997E+00     2     4 -5.423867E+02 -2.301157E+02
  1.847997E+00     2     5 -1.509809E-03 -4.336972E-04
  1.847997E+00     2     6 -1.021344E-04  3.048033E-05
  1.847997E+00     3     1 -3.352158E-04 -1.309657E-04
  1.847997E+00     3     2 -2.417108E-04 -1.169072E-04
  1.847997E+00     3     3  6.122337E+02  8.397863E+01
  1.847997E+00     3     4 -7.098168E-05 -3.794937E-04
  1.847997E+00     3     5 -7.946705E-04 -2.195369E-04
  1.847997E+00     3     6 -2.376707E-04 -1.206915E-04
  1.847997E+00     4     1 -5.064989E-04 -1.771159E-04
  1.847997E+00     4     2 -5.423873E+02 -2.300177E+02
  1.847997E+00     4     3 -1.058877E-04  2.145877E-04
  1.847997E+00     4     4  2.910538E+03  1.423708E+03
  1.847997E+00     4     5 -1.197718E-03 -8.362769E-04
  1.847997E+00     4     6  3.700107E-04  5.364188E-05
  1.847997E+00     5     1  5.427166E+02  2.298888E+02
  1.847997E+00     5     2 -5.759522E-04  6.319606E-04
  1.847997E+00     5     3  1.100156E-03  3.003187E-03
  1.847997E+00     5     4  2.146877E-03 -4.439037E-03
  1.847997E+00     5     5  2.911794E+03  1.422890E+03
  1.847997E+00     5     6  6.189139E-04 -1.153030E-04
  1.847997E+00     6     1  1.544320E-04  4.480034E-05
  1.847997E+00     6     2 -6.607845E-04 -2.320297E-04
  1.847997E+00     6     3  9.591727E-03  5.848925E-04
  1.847997E+00     6     4  2.727241E-03  1.317948E-03
  1.847997E+00     6     5  1.248270E-03  8.830430E-05
  1.847997E+00     6     6  6.874343E+02  2.088070E+02
  1.837190E+00     1     1  1.523710E+02  3.883187E+01
  1.837190E+00     1     2  1.448532E-04  8.150640E-05
  1.837190E+00     1     3  4.117854E-04  7.394862E-04
  1.837190E+00     1     4 -7.749286E-04 -6.303221E-04
  1.837190E+00     1     5  5.432534E+02  2.269815E+02
  1.837190E+00     1     6 -1.005922E-04 -2.065488E-05
  1.837190E+00     2     1 -1.207116E-04 -7.140917E-05
  1.837190E+00     2     2  1.523161E+02  3.885522E+01
  1.837190E+00     2     3  1.546033E-04 -7.524156E-06
  1.837190E+00     2     4 -5.428816E+02 -2.271414E+02
  1.837190E+00     2     5 -8.677718E-04 -1.863936E-04
  1.837190E+00     2     6 -9.074807E-06  2.381578E-05
  1.837190E+00     3     1 -7.522278E-04 -1.547949E-04
  1.837190E+00     3     2 -2.128482E-04  3.976488E-05
  1.837190E+00     3     3  6.129454E+02  8.276902E+01
  1.837190E+00     3     4  1.566265E-03  1.764561E-04
  1.837190E+00     3     5  1.420912E-03  1.795276E-04
  1.837190E+00     3     6  3.359693E-04  3.644519E-05
  1.837190E+00     4     1 -4.746923E-04  3.332918E-05
  1.837190E+00     4     2 -5.428875E+02 -2.270391E+02
  1.837190E+00     4     3  3.050789E-04  7.585855E-05
  1.837190E+00     4     4  2.911500E+03  1.406541E+03
  1.837190E+00     4     5 -4.326664E-03 -2.403629E-03
  1.837190E+00     4     6 -6.218068E-04 -1.465121E-04
  1.837190E+00     5     1  5.432186E+02  2.269059E+02
  1.837190E+00     5     2 -3.685430E-04  3.881215E-04
  1.837190E+00     5     3  3.223937E-03  3.718871E-03
  1.837190E+00     5     4  6.365858E-03 -3.106167E-03
  1.837190E+00     5     5  2.912807E+03  1.405722E+03
  1.837190E+00     5     6 -6.187244E-04 -8.245116E-05
  1.837190E+00     6     1  1.809373E-04  5.275011E-06
  1.837190E+00     6     2 -2.202317E-04 -1.955032E-05
  1.837190E+00     6     3  9.014081E-03  8.217796E-04
  1.837190E+00     6     4  2.106637E-03  6.381869E-04
  1.837190E+00     6     5 -9.356438E-04  8.283554E-05
  1.837190E+00     6     6  6.859083E+02  2.065456E+02
  1.826509E+00     1     1  1.525040E+02  3.829791E+01
  1.826509E+00     1     2 -2.151023E-04  2.979719E-05
  1.826509E+00     1     3  2.439119E-04  5.534815E-04
  1.826509E+00     1     4 -2.807338E-03 -5.856785E-04
  1.826509E+00     1     5  5.437698E+02  2.240452E+02
  1.826509E+00     1     6  8.551954E-05  2.091378E-05
  1.826509E+00     2     1  2.400075E-05 -2.078998E-05
  1.826509E+00     2     2  1.524476E+02  3.832135E+01
  1.826509E+00     2     3  2.396851E-04 -9.288266E-05
  1.826509E+00     2     4 -5.433917E+02 -2.242076E+02
  1.826509E+00     2     5 -1.955043E-03 -3.361288E-04
  1.826509E+00     2     6 -5.927869E-05  6.534159E-06
  1.826509E+00     3     1 -1.063570E-05 -9.955875E-05
  1.826509E+00     3     2 -4.513194E-04 -5.291949E-07
  1.826509E+00     3     3  6.136491E+02  8.158234E+01
  1.826509E+00     3     4 -2.827425E-03 -1.381881E-03
  1.826509E+00     3     5 -5.932888E-04 -1.624557E-04
  1.826509E+00     3     6  1.966150E-04 -1.340578E-04
  1.826509E+00     4     1 -1.825825E-03 -2.576369E-04
  1.826509E+00     4     2 -5.433953E+02 -2.241030E+02
  1.826509E+00     4     3 -3.059208E-05  4.296089E-04
  1.826509E+00     4     4  2.912591E+03  1.389638E+03
  1.826509E+00     4     5  3.184304E-04 -6.954544E-04
  1.826509E+00     4     6 -4.217261E-05 -2.036229E-04
  1.826509E+00     5     1  5.437332E+02  2.239681E+02
  1.826509E+00     5     2 -1.421154E-03  1.704317E-04
  1.826509E+00     5     3  2.741441E-05  2.871998E-03
  1.826509E+00     5     4 -2.402894E-03 -1.801596E-03
  1.826509E+00     5     5  2.913884E+03  1.388770E+03
  1.826509E+00     5     6  4.115738E-04  2.120154E-04
  1.826509E+00     6     1  2.710708E-04  9.660795E-05
  1.826509E+00     6     2 -2.404154E-04  1.294799E-04
  1.826509E+00     6     3  9.206619E-03  4.408298E-04
  1.826509E+00     6     4  1.070827E-03  6.828905E-04
  1.826509E+00     6     5  8.323786E-04 -4.558861E-04
  1.826509E+00     6     6  6.844556E+02  2.044047E+02
  1.815951E+00     1     1  1.526377E+02  3.777187E+01
  1.815951E+00     1     2  2.346853E-05  3.489147E-05
  1.815951E+00     1     3  5.496379E-04  5.496742E-04
  1.815951E+00     1     4 -1.657777E-03 -8.436749E-04
  1.815951E+00     1     5  5.442983E+02  2.211537E+02
  1.815951E+00     1     6 -1.236795E-05 -3.784522E-05
  1.815951E+00     2     1 -1.584828E-04 -9.859262E-05
  1.815951E+00     2     2  1.525795E+02  3.779560E+01
  1.815951E+00     2     3  2.162606E-04  3.898703E-05
  1.815951E+00     2     4 -5.439107E+02 -2.213167E+02
  1.815951E+00     2     5 -1.789273E-03 -3.472077E-04
  1.815951E+00     2     6  1.451615E-04  5.079433E-05
  1.815951E+00     3     1  2.845034E-04 -9.685649E-05
  1.815951E+00     3     2 -1.171385E-04  4.958644E-05
  1.815951E+00     3     3  6.143502E+02  8.041441E+01
  1.815951E+00     3     4 -1.974825E-03 -9.014874E-04
  1.815951E+00     3     5  8.291984E-04  1.529478E-04
  1.815951E+00     3     6 -1.733825E-04  2.065003E-04
  1.815951E+00     4     1 -5.897870E-04  8.713210E-05
  1.815951E+00     4     2 -5.439156E+02 -2.212098E+02
  1.815951E+00     4     3 -3.239289E-04 -2.245861E-05
  1.815951E+00     4     4  2.913725E+03  1.372949E+03
  1.815951E+00     4     5  3.903955E-04 -7.523391E-04
  1.815951E+00     4     6 -8.199583E-04 -4.525218E-04
  1.815951E+00     5     1  5.442621E+02  2.210719E+02
  1.815951E+00     5     2 -7.258635E-04  2.803612E-04
  1.815951E+00     5     3  2.627242E-03  2.741465E-03
  1.815951E+00     5     4 -2.045929E-04 -3.961978E-03
  1.815951E+00     5     5  2.915104E+03  1.372091E+03
  1.815951E+00     5     6  4.113116E-05 -1.726374E-04
  1.815951E+00     6     1 -2.520903E-04 -7.247179E-05
  1.815951E+00     6     2  3.471970E-06 -9.812418E-06
  1.815951E+00     6     3  8.736256E-03  9.186756E-04
  1.815951E+00     6     4  9.508731E-04  7.195771E-04
  1.815951E+00     6     5 -2.180398E-03 -3.961027E-04
  1.815951E+00     6     6  6.830551E+02  2.023805E+02
  1.805514E+00     1     1  1.527735E+02  3.725415E+01
  1.805514E+00     1     2  1.347579E-05  9.620040E-05
  1.805514E+00     1     3  6.374764E-04  5.883522E-04
  1.805514E+00     1     4 -1.756305E-03 -2.908574E-04
  1.805514E+00     1     5  5.448435E+02  2.183020E+02
  1.805514E+00     1     6 -1.915168E-05  2.960488E-05
  1.805514E+00     2     1 -2.487859E-04 -7.182542E-05
  1.805514E+00     2     2  1.527132E+02  3.727813E+01
  1.805514E+00     2     3  1.817642E-04  6.063701E-05
  1.805514E+00     2     4 -5.444435E+02 -2.184673E+02
  1.805514E+00     2     5 -1.145211E-03 -2.234995E-05
  1.805514E+00     2     6  1.408533E-05  1.737848E-05
  1.805514E+00     3     1  4.188155E-04 -3.853820E-05
  1.805514E+00     3     2 -4.571262E-04 -5.442600E-05
  1.805514E+00     3     3  6.150447E+02  7.926902E+01
  1.805514E+00     3     4 -2.165925E-03 -1.242109E-03
  1.805514E+00     3     5 -2.331909E-03 -3.850911E-04
  1.805514E+00     3     6 -2.469319E-04 -1.627867E-04
  1.805514E+00     4     1 -4.937276E-04 -5.509990E-05
  1.805514E+00     4     2 -5.444427E+02 -2.183585E+02
  1.805514E+00     4     3  2.161413E-04 -2.751010E-04
  1.805514E+00     4     4  2.914992E+03  1.356509E+03
  1.805514E+00     4     5 -3.476053E-03 -3.317117E-03
  1.805514E+00     4     6 -2.371157E-04 -1.011251E-04
  1.805514E+00     5     1  5.448026E+02  2.182196E+02
  1.805514E+00     5     2 -6.338507E-04  5.292988E-04
  1.805514E+00     5     3  3.364604E-03  3.263547E-03
  1.805514E+00     5     4  8.286983E-04 -2.126908E-04
  1.805514E+00     5     5  2.916405E+03  1.355626E+03
  1.805514E+00     5     6  1.594215E-04  2.180844E-04
  1.805514E+00     6     1  2.545418E-04  1.283027E-04
  1.805514E+00     6     2 -1.443400E-04 -7.408486E-05
  1.805514E+00     6     3  8.802522E-03  1.005817E-03
  1.805514E+00     6     4  2.574116E-03  8.328109E-04
  1.805514E+00     6     5 -8.692444E-04  2.007931E-04
  1.805514E+00     6     6  6.816901E+02  2.004661E+02
  1.795197E+00     1     1  1.529117E+02  3.674390E+01
  1.795197E+00     1     2  6.918839E-05  8.130258E-05
  1.795197E+00     1     3  6.826090E-04  6.070088E-04
  1.795197E+00     1     4 -1.949861E-04 -5.084587E-05
  1.795197E+00     1     5  5.453961E+02  2.154916E+02
  1.795197E+00     1     6  4.563445E-07  1.112372E-05
  1.795197E+00     2     1 -5.341462E-05 -5.522079E-05
  1.795197E+00     2     2  1.528496E+02  3.676872E+01
  1.795197E+00     2     3  6.588183E-06 -9.477977E-05
  1.795197E+00     2     4 -5.449841E+02 -2.156626E+02
  1.795197E+00     2     5 -1.671544E-04 -1.133363E-04
  1.795197E+00     2     6 -5.226769E-05 -4.556030E-05
  1.795197E+00     3     1 -6.639259E-05  1.828553E-04
  1.795197E+00     3     2 -1.331130E-04  7.433497E-06
  1.795197E+00     3     3  6.157336E+02  7.814052E+01
  1.795197E+00     3     4 -1.318824E-03 -7.798455E-04
  1.795197E+00     3     5 -1.950889E-03 -9.222016E-04
  1.795197E+00     3     6  1.647635E-04  1.887102E-05
  1.795197E+00     4     1 -7.762872E-04 -1.078233E-04
  1.795197E+00     4     2 -5.449932E+02 -2.155490E+02
  1.795197E+00     4     3  1.286894E-03  6.010456E-04
  1.795197E+00     4     4  2.916347E+03  1.340304E+03
  1.795197E+00     4     5 -6.141864E-03 -2.398218E-03
  1.795197E+00     4     6 -5.818331E-04 -2.046423E-04
  1.795197E+00     5     1  5.453535E+02  2.154055E+02
  1.795197E+00     5     2 -7.565022E-04  2.192209E-04
  1.795197E+00     5     3  2.979651E-03  3.441164E-03
  1.795197E+00     5     4  9.161137E-03  4.706085E-04
  1.795197E+00     5     5  2.917804E+03  1.339404E+03
  1.795197E+00     5     6 -9.069755E-05 -4.161119E-05
  1.795197E+00     6     1 -1.378730E-04 -2.164393E-05
  1.795197E+00     6     2 -1.744254E-04 -2.391264E-05
  1.795197E+00     6     3  9.220572E-03  6.917681E-04
  1.795197E+00     6     4  6.313027E-04 -4.409849E-04
  1.795197E+00     6     5  2.541247E-04  2.302125E-03
  1.795197E+00     6     6  6.803431E+02  1.986550E+02
  1.784997E+00     1     1  1.530512E+02  3.624211E+01
  1.784997E+00     1     2  1.739562E-04  4.876992E-05
  1.784997E+00     1     3  4.569346E-04  6.080478E-04
  1.784997E+00     1     4 -1.993955E-03 -1.222819E-03
  1.784997E+00     1     5  5.459612E+02  2.127226E+02
  1.784997E+00     1     6 -8.214638E-05 -6.093830E-05
  1.784997E+00     2     1 -1.632299E-04 -1.441917E-05
  1.784997E+00     2     2  1.529880E+02  3.626740E+01
  1.784997E+00     2     3 -3.454182E-04 -7.330673E-05
  1.784997E+00     2     4 -5.455444E+02 -2.128981E+02
  1.784997E+00     2     5 -1.151563E-03 -4.987409E-04
  1.784997E+00     2     6 -8.265116E-05  9.224191E-05
  1.784997E+00     3     1 -3.698189E-05  8.861910E-05
  1.784997E+00     3     2 -1.540375E-04  2.597619E-05
  1.784997E+00     3     3  6.164199E+02  7.703345E+01
  1.784997E+00     3     4 -1.361564E-03  4.549413E-04
  1.784997E+00     3     5  5.240692E-04 -1.936833E-04
  1.784997E+00     3     6 -1.447529E-04 -3.494817E-04
  1.784997E+00     4     1 -8.595493E-04 -3.464723E-04
  1.784997E+00     4     2 -5.455467E+02 -2.127823E+02
  1.784997E+00     4     3  1.531936E-03  9.847863E-04
  1.784997E+00     4     4  2.917798E+03  1.324332E+03
  1.784997E+00     4     5 -3.243312E-03 -6.423793E-04
  1.784997E+00     4     6  7.116795E-05 -6.078248E-04
  1.784997E+00     5     1  5.459216E+02  2.126341E+02
  1.784997E+00     5     2  5.586818E-04  2.299969E-04
  1.784997E+00     5     3  1.763355E-03  3.159522E-03
  1.784997E+00     5     4 -2.291240E-03 -5.891867E-03
  1.784997E+00     5     5  2.919302E+03  1.323423E+03
  1.784997E+00     5     6 -6.860439E-04 -4.521952E-04
  1.784997E+00     6     1 -2.394244E-05 -1.915544E-04
  1.784997E+00     6     2 -2.313257E-04 -2.055596E-04
  1.784997E+00     6     3  9.351173E-03  4.858623E-04
  1.784997E+00     6     4  2.524345E-03  1.145452E-04
  1.784997E+00     6     5  6.736516E-04 -1.530349E-05
  1.784997E+00     6     6  6.790073E+02  1.969318E+02
  1.774912E+00     1     1  1.531928E+02  3.574841E+01
  1.774912E+00     1     2 -7.663290E-05  2.671590E-05
  1.774912E+00     1     3  7.349321E-04  4.934598E-04
  1.774912E+00     1     4  5.122909E-05 -1.125000E-03
  1.774912E+00     1     5  5.465390E+02  2.099967E+02
  1.774912E+00     1     6  1.129601E-04 -8.340181E-05
  1.774912E+00     2     1 -8.199393E-05 -9.755856E-05
  1.774912E+00     2     2  1.531268E+02  3.577396E+01
  1.774912E+00     2     3 -9.378423E-05  4.375352E-06
  1.774912E+00     2     4 -5.461188E+02 -2.101721E+02
  1.774912E+00     2     5 -1.984384E-03 -6.998398E-04
  1.774912E+00     2     6 -4.160962E-05 -1.308322E-04
  1.774912E+00     3     1 -8.287071E-05  6.257018E-05
  1.774912E+00     3     2  2.378179E-05  5.094148E-05
  1.774912E+00     3     3  6.171069E+02  7.594466E+01
  1.774912E+00     3     4 -7.997751E-04 -2.206501E-04
  1.774912E+00     3     5  8.966476E-04 -8.397058E-04
  1.774912E+00     3     6  3.166012E-04 -2.641105E-04
  1.774912E+00     4     1 -3.784671E-04  1.370313E-05
  1.774912E+00     4     2 -5.461177E+02 -2.100537E+02
  1.774912E+00     4     3  5.494803E-05  3.397143E-04
  1.774912E+00     4     4  2.919350E+03  1.308588E+03
  1.774912E+00     4     5 -8.183718E-04  1.058234E-03
  1.774912E+00     4     6 -4.738914E-04  6.853062E-04
  1.774912E+00     5     1  5.465008E+02  2.099057E+02
  1.774912E+00     5     2 -8.336138E-04  1.441335E-04
  1.774912E+00     5     3  2.809867E-03  2.570709E-03
  1.774912E+00     5     4  9.746134E-03 -5.022005E-03
  1.774912E+00     5     5  2.920888E+03  1.307671E+03
  1.774912E+00     5     6  3.906910E-04 -4.719876E-04
  1.774912E+00     6     1  1.387298E-04  1.204014E-05
  1.774912E+00     6     2 -2.784282E-04 -3.441265E-04
  1.774912E+00     6     3  8.622107E-03  1.025971E-03
  1.774912E+00     6     4 -6.520746E-04 -5.771369E-04
  1.774912E+00     6     5 -1.092285E-03  2.322942E-04
  1.774912E+00     6     6  6.776615E+02  1.952897E+02
  1.764941E+00     1     1  1.533356E+02  3.526240E+01
  1.764941E+00     1     2  4.030666E-05  1.185177E-04
  1.764941E+00     1     3  4.919303E-04  4.863987E-04
  1.764941E+00     1     4 -7.636497E-04 -9.377330E-04
  1.764941E+00     1     5  5.471320E+02  2.073081E+02
  1.764941E+00     1     6  2.682208E-05  7.679686E-05
  1.764941E+00     2     1 -9.595953E-06 -2.060775E-05
  1.764941E+00     2     2  1.532677E+02  3.528783E+01
  1.764941E+00     2     3  7.632202E-05 -1.095841E-05
  1.764941E+00     2     4 -5.466984E+02 -2.074881E+02
  1.764941E+00     2     5 -1.736262E-03 -3.829831E-04
  1.764941E+00     2     6  4.261919E-05 -1.685322E-05
  1.764941E+00     3     1  1.968190E-04  1.810309E-05
  1.764941E+00     3     2  6.225612E-05  4.724355E-05
  1.764941E+00     3     3  6.177834E+02  7.487618E+01
  1.764941E+00     3     4  6.579645E-04  1.614965E-04
  1.764941E+00     3     5  1.018853E-03  1.651428E-04
  1.764941E+00     3     6  5.828737E-04 -1.444204E-05
  1.764941E+00     4     1 -1.041900E-03 -2.492256E-04
  1.764941E+00     4     2 -5.466978E+02 -2.073656E+02
  1.764941E+00     4     3  9.397566E-04  3.426934E-04
  1.764941E+00     4     4  2.920989E+03  1.293062E+03
  1.764941E+00     4     5 -4.079491E-04 -1.483514E-03
  1.764941E+00     4     6 -1.298678E-04 -9.296992E-05
  1.764941E+00     5     1  5.470961E+02  2.072176E+02
  1.764941E+00     5     2 -1.695957E-04  5.709837E-04
  1.764941E+00     5     3  2.396524E-03  2.509606E-03
  1.764941E+00     5     4  5.200282E-03 -3.601611E-03
  1.764941E+00     5     5  2.922581E+03  1.292133E+03
  1.764941E+00     5     6  1.442926E-04  3.603014E-04
  1.764941E+00     6     1 -1.650788E-04 -1.458451E-04
  1.764941E+00     6     2 -5.007312E-04 -7.838009E-06
  1.764941E+00     6     3  7.999296E-03  6.861761E-04
  1.764941E+00     6     4  1.007080E-03  1.226872E-03
  1.764941E+00     6     5 -2.063005E-03 -2.332836E-03
  1.764941E+00     6     6  6.763094E+02  1.937102E+02
  1.755081E+00     1     1  1.534801E+02  3.478427E+01
  1.755081E+00     1     2  7.646899E-05  5.945197E-05
  1.755081E+00     1     3  6.814940E-04  5.740087E-04
  1.755081E+00     1     4 -1.237806E-03 -1.528007E-03
  1.755081E+00     1     5  5.477358E+02  2.046616E+02
  1.755081E+00     1     6  1.632086E-04 -2.274663E-05
  1.755081E+00     2     1  8.910010E-05  3.364951E-06
  1.755081E+00     2     2  1.534110E+02  3.481002E+01
  1.755081E+00     2     3  2.790618E-05  2.525421E-05
  1.755081E+00     2     4 -5.472941E+02 -2.048433E+02
  1.755081E+00     2     5 -1.060803E-03 -1.077610E-04
  1.755081E+00     2     6 -5.145931E-05  2.017989E-05
  1.755081E+00     3     1 -3.444385E-04  2.417757E-05
  1.755081E+00     3     2  5.650846E-05 -2.814713E-05
  1.755081E+00     3     3  6.184570E+02  7.382500E+01
  1.755081E+00     3     4 -6.905496E-04 -5.140111E-04
  1.755081E+00     3     5  4.378353E-03  2.058450E-04
  1.755081E+00     3     6  3.597769E-05 -1.548825E-04
  1.755081E+00     4     1 -1.951222E-03 -3.658131E-04
  1.755081E+00     4     2 -5.472903E+02 -2.047222E+02
  1.755081E+00     4     3 -3.087819E-04  1.850622E-04
  1.755081E+00     4     4  2.922704E+03  1.277780E+03
  1.755081E+00     4     5 -9.235144E-04 -3.415549E-03
  1.755081E+00     4     6  3.625173E-06 -1.016796E-04
  1.755081E+00     5     1  5.477006E+02  2.045690E+02
  1.755081E+00     5     2  8.795410E-05  3.967622E-04
  1.755081E+00     5     3  2.822027E-03  2.989952E-03
  1.755081E+00     5     4  2.831653E-03 -7.523918E-03
  1.755081E+00     5     5  2.924330E+03  1.276823E+03
  1.755081E+00     5     6  2.823274E-04 -1.621995E-04
  1.755081E+00     6     1 -1.121684E-05 -8.478764E-06
  1.755081E+00     6     2 -1.096606E-03 -4.790956E-04
  1.755081E+00     6     3  7.626364E-03  4.531273E-04
  1.755081E+00     6     4  2.773672E-03  3.074557E-04
  1.755081E+00     6     5  1.042694E-03  8.379370E-04
  1.755081E+00     6     6  6.749370E+02  1.921841E+02
  1.745331E+00     1     1  1.536259E+02  3.431371E+01
  1.745331E+00     1     2 -1.082905E-04  2.985944E-05
  1.745331E+00     1     3  5.831551E-04  5.436237E-04
  1.745331E+00     1     4 -6.622869E-04 -3.977283E-04
  1.745331E+00     1     5  5.483516E+02  2.020564E+02
  1.745331E+00     1     6  8.788517E-05  3.904477E-05
  1.745331E+00     2     1 -1.205322E-04  7.602026E-06
  1.745331E+00     2     2  1.535549E+02  3.433971E+01
  1.745331E+00     2     3  4.942340E-05  1.417752E-05
  1.745331E+00     2     4 -5.478945E+02 -2.022406E+02
  1.745331E+00     2     5 -1.403215E-03 -1.196743E-04
  1.745331E+00     2     6  5.627051E-06  4.768372E-05
  1.745331E+00     3     1  6.657746E-05  1.837630E-04
  1.745331E+00     3     2 -3.728080E-04 -6.720173E-05
  1.745331E+00     3     3  6.191315E+02  7.279301E+01
  1.745331E+00     3     4  1.195114E-03  2.886830E-04
  1.745331E+00     3     5 -1.845201E-03 -2.005213E-04
  1.745331E+00     3     6  3.906868E-04 -2.307652E-05
  1.745331E+00     4     1 -1.232396E-03 -3.050317E-04
  1.745331E+00     4     2 -5.478987E+02 -2.021127E+02
  1.745331E+00     4     3 -9.093583E-04 -2.520888E-04
  1.745331E+00     4     4  2.924506E+03  1.262707E+03
  1.745331E+00     4     5 -1.007169E-03 -2.222899E-03
  1.745331E+00     4     6 -6.269431E-05 -8.710922E-05
  1.745331E+00     5     1  5.483127E+02  2.019589E+02
  1.745331E+00     5     2 -1.530237E-03  9.026926E-05
  1.745331E+00     5     3  2.960660E-03  2.622229E-03
  1.745331E+00     5     4  2.171598E-03 -2.298271E-05
  1.745331E+00     5     5  2.926174E+03  1.261735E+03
  1.745331E+00     5     6  5.060334E-04  3.890911E-04
  1.745331E+00     6     1 -1.945682E-04 -1.612902E-04
  1.745331E+00     6     2 -7.109865E-04 -7.165596E-05
  1.745331E+00     6     3  8.595248E-03  4.408426E-04
  1.745331E+00     6     4  1.302422E-03  1.610368E-03
  1.745331E+00     6     5 -4.241467E-04  9.548665E-04
  1.745331E+00     6     6  6.735443E+02  1.906949E+02
  1.735688E+00     1     1  1.537739E+02  3.385095E+01
  1.735688E+00     1     2  4.524016E-05  1.311528E-04
  1.735688E+00     1     3  7.771512E-04  4.845027E-04
  1.735688E+00     1     4 -1.612755E-04 -1.741150E-04
  1.735688E+00     1     5  5.489788E+02  1.994919E+02
  1.735688E+00     1     6 -1.696872E-06 -5.858018E-05
  1.735688E+00     2     1  3.052511E-05 -8.086143E-05
  1.735688E+00     2     2  1.537011E+02  3.387745E+01
  1.735688E+00     2     3 -2.202411E-04  2.895295E-05
  1.735688E+00     2     4 -5.485180E+02 -1.996788E+02
  1.735688E+00     2     5 -2.549812E-04 -2.889074E-04
  1.735688E+00     2     6 -8.245932E-06  6.851926E-05
  1.735688E+00     3     1 -8.756823E-04 -2.297857E-05
  1.735688E+00     3     2 -5.357759E-05  4.195888E-05
  1.735688E+00     3     3  6.197998E+02  7.177982E+01
  1.735688E+00     3     4 -9.766407E-04 -3.924901E-04
  1.735688E+00     3     5 -1.073408E-03 -2.976076E-04
  1.735688E+00     3     6  2.402148E-04  2.091281E-05
  1.735688E+00     4     1 -1.435345E-03  1.977416E-04
  1.735688E+00     4     2 -5.485184E+02 -1.995482E+02
  1.735688E+00     4     3 -6.882101E-04  1.750311E-04
  1.735688E+00     4     4  2.926394E+03  1.247852E+03
  1.735688E+00     4     5 -6.322749E-03 -1.148096E-03
  1.735688E+00     4     6 -1.704600E-05 -2.400852E-04
  1.735688E+00     5     1  5.489397E+02  1.993906E+02
  1.735688E+00     5     2 -1.522787E-04  5.192832E-04
  1.735688E+00     5     3  1.717355E-03  2.410749E-03
  1.735688E+00     5     4  4.807562E-03 -1.760717E-04
  1.735688E+00     5     5  2.928095E+03  1.246861E+03
  1.735688E+00     5     6 -2.960349E-05 -5.780770E-04
  1.735688E+00     6     1 -1.183898E-05  7.934123E-05
  1.735688E+00     6     2 -1.566634E-04 -2.808757E-04
  1.735688E+00     6     3  9.088576E-03  4.577952E-04
  1.735688E+00     6     4  2.546699E-03  1.068458E-03
  1.735688E+00     6     5 -2.566576E-04 -6.889403E-04
  1.735688E+00     6     6  6.721282E+02  1.892323E+02
  1.726151E+00     1     1  1.539232E+02  3.339604E+01
  1.726151E+00     1     2  1.709163E-04  2.892904E-05
  1.726151E+00     1     3  8.369359E-04  6.839037E-04
  1.726151E+00     1     4  7.512994E-04 -8.723334E-04
  1.726151E+00     1     5  5.496186E+02  1.969660E+02
  1.726151E+00     1     6 -7.618407E-05 -5.667656E-05
  1.726151E+00     2     1 -2.471592E-04  1.833788E-05
  1.726151E+00     2     2  1.538478E+02  3.342292E+01
  1.726151E+00     2     3 -2.709052E-04  1.642713E-05
  1.726151E+00     2     4 -5.491473E+02 -1.971578E+02
  1.726151E+00     2     5 -1.052726E-03 -1.163290E-04
  1.726151E+00     2     6 -1.982935E-04 -8.180365E-05
  1.726151E+00     3     1 -5.277044E-04 -1.833663E-04
  1.726151E+00     3     2 -4.888643E-04 -3.050824E-05
  1.726151E+00     3     3  6.204608E+02  7.078407E+01
  1.726151E+00     3     4  7.749163E-04 -6.357399E-04
  1.726151E+00     3     5 -8.144006E-04 -2.148799E-04
  1.726151E+00     3     6 -3.847203E-04  1.874746E-04
  1.726151E+00     4     1 -5.774898E-04 -4.416730E-04
  1.726151E+00     4     2 -5.491446E+02 -1.970226E+02
  1.726151E+00     4     3 -1.344904E-04 -1.684530E-06
  1.726151E+00     4     4  2.928369E+03  1.233218E+03
  1.726151E+00     4     5  2.894849E-04 -1.900777E-03
  1.726151E+00     4     6  6.476291E-04  2.469488E-04
  1.726151E+00     5     1  5.495806E+02  1.968635E+02
  1.726151E+00     5     2 -3.020819E-04 -2.252361E-04
  1.726151E+00     5     3  4.988819E-03  3.308765E-03
  1.726151E+00     5     4  6.267309E-03 -3.250104E-03
  1.726151E+00     5     5  2.930128E+03  1.232205E+03
  1.726151E+00     5     6 -3.921858E-04 -6.089769E-04
  1.726151E+00     6     1 -3.992763E-05  2.686680E-05
  1.726151E+00     6     2 -4.827752E-04 -3.628256E-04
  1.726151E+00     6     3  8.763076E-03  6.647095E-04
  1.726151E+00     6     4  2.625703E-03  1.820624E-04
  1.726151E+00     6     5 -9.594260E-04 -1.098827E-03
  1.726151E+00     6     6  6.706954E+02  1.877819E+02
  1.716719E+00     1     1  1.540743E+02  3.294894E+01
  1.716719E+00     1     2  7.033884E-05  6.026471E-05
  1.716719E+00     1     3  3.261083E-04  5.116139E-04
  1.716719E+00     1     4 -1.055570E-03 -1.082111E-03
  1.716719E+00     1     5  5.502655E+02  1.944792E+02
  1.716719E+00     1     6  4.887764E-05 -2.114325E-04
  1.716719E+00     2     1  7.221763E-05 -5.003197E-05
  1.716719E+00     2     2  1.539964E+02  3.297607E+01
  1.716719E+00     2     3 -2.195683E-05 -6.780960E-05
  1.716719E+00     2     4 -5.497899E+02 -1.946745E+02
  1.716719E+00     2     5 -1.567628E-03 -2.694654E-04
  1.716719E+00     2     6  4.593283E-05  1.959502E-06
  1.716719E+00     3     1  1.283572E-05 -1.795849E-05
  1.716719E+00     3     2 -4.700460E-04 -3.523854E-05
  1.716719E+00     3     3  6.211247E+02  6.980756E+01
  1.716719E+00     3     4 -4.146732E-04 -5.960115E-04
  1.716719E+00     3     5  1.984396E-03 -2.544967E-04
  1.716719E+00     3     6 -2.902863E-05 -7.366962E-05
  1.716719E+00     4     1 -1.483338E-03 -2.462792E-04
  1.716719E+00     4     2 -5.497838E+02 -1.945371E+02
  1.716719E+00     4     3 -6.511807E-04  1.763494E-04
  1.716719E+00     4     4  2.930420E+03  1.218787E+03
  1.716719E+00     4     5  1.270324E-04 -1.402905E-03
  1.716719E+00     4     6  4.592072E-04  1.319808E-04
  1.716719E+00     5     1  5.502298E+02  1.943748E+02
  1.716719E+00     5     2 -6.971695E-04  5.560077E-05
  1.716719E+00     5     3  1.381949E-03  2.646344E-03
  1.716719E+00     5     4  2.240762E-03 -5.723101E-03
  1.716719E+00     5     5  2.932198E+03  1.217749E+03
  1.716719E+00     5     6 -1.429091E-05 -1.293546E-03
  1.716719E+00     6     1 -2.305806E-04 -5.093589E-05
  1.716719E+00     6     2 -1.009435E-03 -5.234936E-04
  1.716719E+00     6     3  8.618692E-03  5.769865E-04
  1.716719E+00     6     4  4.121840E-03  6.142110E-04
  1.716719E+00     6     5 -9.953082E-04 -1.105219E-03
  1.716719E+00     6     6  6.692446E+02  1.863379E+02
  1.707389E+00     1     1  1.542267E+02  3.250924E+01
  1.707389E+00     1     2  6.620704E-05  9.328301E-05
  1.707389E+00     1     3  5.755459E-04  5.174101E-04
  1.707389E+00     1     4 -1.297753E-03 -7.363814E-04
  1.707389E+00     1     5  5.509265E+02  1.920337E+02
  1.707389E+00     1     6 -1.517888E-04 -8.859485E-05
  1.707389E+00     2     1 -1.369033E-04 -1.055976E-04
  1.707389E+00     2     2  1.541471E+02  3.253674E+01
  1.707389E+00     2     3 -2.324506E-04 -1.254864E-05
  1.707389E+00     2     4 -5.504358E+02 -1.922331E+02
  1.707389E+00     2     5 -2.152775E-03 -1.653238E-04
  1.707389E+00     2     6  3.185309E-05 -9.061024E-05
  1.707389E+00     3     1  1.700490E-04 -6.567712E-05
  1.707389E+00     3     2 -1.998083E-04 -2.720495E-05
  1.707389E+00     3     3  6.217812E+02  6.884824E+01
  1.707389E+00     3     4 -1.327619E-04 -1.700153E-05
  1.707389E+00     3     5  5.345279E-04  3.472449E-04
  1.707389E+00     3     6 -9.823183E-05 -4.170332E-05
  1.707389E+00     4     1 -7.664207E-04  3.371864E-04
  1.707389E+00     4     2 -5.504377E+02 -1.920920E+02
  1.707389E+00     4     3 -5.832165E-04  5.729985E-05
  1.707389E+00     4     4  2.932533E+03  1.204570E+03
  1.707389E+00     4     5  5.029067E-04 -1.939848E-03
  1.707389E+00     4     6 -2.890099E-04  5.369759E-04
  1.707389E+00     5     1  5.508909E+02  1.919257E+02
  1.707389E+00     5     2 -8.537527E-04  3.211441E-04
  1.707389E+00     5     3  2.696410E-03  2.715335E-03
  1.707389E+00     5     4 -9.293258E-04 -3.363637E-03
  1.707389E+00     5     5  2.934368E+03  1.203503E+03
  1.707389E+00     5     6 -4.577942E-04 -6.214087E-04
  1.707389E+00     6     1  3.886226E-05  9.859354E-05
  1.707389E+00     6     2 -1.865774E-04 -8.455571E-05
  1.707389E+00     6     3  1.022727E-02  2.430772E-04
  1.707389E+00     6     4  4.527241E-03  1.663938E-03
  1.707389E+00     6     5 -8.463884E-06 -3.229007E-04
  1.707389E+00     6     6  6.677813E+02  1.848883E+02
  1.698160E+00     1     1  1.543801E+02  3.207741E+01
  1.698160E+00     1     2 -1.090706E-04  1.152230E-04
  1.698160E+00     1     3  8.292436E-04  5.930108E-04
  1.698160E+00     1     4 -1.030946E-03 -9.932064E-04
  1.698160E+00     1     5  5.515973E+02  1.896280E+02
  1.698160E+00     1     6  2.022478E-04 -5.995482E-05
  1.698160E+00     2     1 -9.684300E-05 -5.272248E-05
  1.698160E+00     2     2  1.542986E+02  3.210524E+01
  1.698160E+00     2     3  3.199840E-05 -3.902800E-05
  1.698160E+00     2     4 -5.510975E+02 -1.898320E+02
  1.698160E+00     2     5 -1.679430E-05  2.945222E-04
  1.698160E+00     2     6  4.719945E-06  1.222268E-04
  1.698160E+00     3     1 -1.402050E-04 -1.066231E-04
  1.698160E+00     3     2 -3.688606E-04 -5.279767E-05
  1.698160E+00     3     3  6.224287E+02  6.790598E+01
  1.698160E+00     3     4 -1.270659E-04 -1.606280E-04
  1.698160E+00     3     5  2.179735E-03 -8.142390E-05
  1.698160E+00     3     6  4.014467E-04 -2.406326E-04
  1.698160E+00     4     1 -9.837337E-04 -5.748530E-06
  1.698160E+00     4     2 -5.510959E+02 -1.896870E+02
  1.698160E+00     4     3  1.245141E-03  1.542014E-04
  1.698160E+00     4     4  2.934731E+03  1.190566E+03
  1.698160E+00     4     5 -1.073663E-02 -4.899627E-03
  1.698160E+00     4     6  4.546638E-04 -6.184632E-04
  1.698160E+00     5     1  5.515640E+02  1.895194E+02
  1.698160E+00     5     2 -1.579961E-03  5.293706E-04
  1.698160E+00     5     3  5.305968E-03  3.561957E-03
  1.698160E+00     5     4  2.420619E-03 -3.797940E-03
  1.698160E+00     5     5  2.936619E+03  1.189492E+03
  1.698160E+00     5     6  4.064445E-04 -4.081386E-04
  1.698160E+00     6     1  1.052581E-04  3.220178E-04
  1.698160E+00     6     2 -6.854013E-04 -1.549888E-04
  1.698160E+00     6     3  9.030115E-03  1.002454E-03
  1.698160E+00     6     4  3.539473E-03  2.071723E-03
  1.698160E+00     6     5 -8.418860E-04 -1.322195E-03
  1.698160E+00     6     6  6.663130E+02  1.834254E+02
  1.689030E+00     1     1  1.545349E+02  3.165323E+01
  1.689030E+00     1     2  1.224112E-05  8.080664E-05
  1.689030E+00     1     3  7.441003E-04  6.736724E-04
  1.689030E+00     1     4 -7.885690E-04 -1.205986E-03
  1.689030E+00     1     5  5.522776E+02  1.872620E+02
  1.689030E+00     1     6 -8.819624E-05  4.122033E-05
  1.689030E+00     2     1 -2.434512E-04  6.364839E-06
  1.689030E+00     2     2  1.544516E+02  3.168159E+01
  1.689030E+00     2     3 -8.037129E-05  1.257611E-05
  1.689030E+00     2     4 -5.517689E+02 -1.874717E+02
  1.689030E+00     2     5 -2.354860E-03  7.034326E-04
  1.689030E+00     2     6 -6.376206E-05 -6.968156E-05
  1.689030E+00     3     1 -1.286173E-04 -6.246506E-05
  1.689030E+00     3     2  2.921559E-06 -1.645894E-04
  1.689030E+00     3     3  6.230801E+02  6.698194E+01
  1.689030E+00     3     4 -1.846869E-03 -9.672467E-04
  1.689030E+00     3     5 -4.086561E-03  2.486079E-04
  1.689030E+00     3     6  2.969550E-04  7.436647E-05
  1.689030E+00     4     1 -9.282641E-04 -4.259642E-04
  1.689030E+00     4     2 -5.517665E+02 -1.873234E+02
  1.689030E+00     4     3  3.597885E-05  5.261297E-05
  1.689030E+00     4     4  2.937027E+03  1.176765E+03
  1.689030E+00     4     5  6.006658E-04 -8.265613E-03
  1.689030E+00     4     6  2.986477E-04  1.146558E-04
  1.689030E+00     5     1  5.522432E+02  1.871496E+02
  1.689030E+00     5     2 -5.727429E-04  3.010104E-05
  1.689030E+00     5     3  2.082728E-03  3.169565E-03
  1.689030E+00     5     4  1.033343E-03 -4.272682E-03
  1.689030E+00     5     5  2.938930E+03  1.175653E+03
  1.689030E+00     5     6  1.445452E-04  2.970866E-04
  1.689030E+00     6     1  2.555549E-05  1.217574E-04
  1.689030E+00     6     2 -7.563159E-04 -4.154630E-04
  1.689030E+00     6     3  9.547289E-03  5.648612E-04
  1.689030E+00     6     4  5.743384E-03  1.519203E-03
  1.689030E+00     6     5 -9.633600E-04 -1.769975E-03
  1.689030E+00     6     6  6.648410E+02  1.819454E+02
  1.679997E+00     1     1  1.546896E+02  3.123643E+01
  1.679997E+00     1     2  1.142368E-04  2.492136E-05
  1.679997E+00     1     3  1.137395E-03  6.427456E-04
  1.679997E+00     1     4 -5.447692E-04 -6.881310E-04
  1.679997E+00     1     5  5.529665E+02  1.849360E+02
  1.679997E+00     1     6  1.404723E-04  1.437701E-04
  1.679997E+00     2     1 -1.927658E-04 -8.181326E-05
  1.679997E+00     2     2  1.546044E+02  3.126477E+01
  1.679997E+00     2     3  7.021239E-04  2.523232E-05
  1.679997E+00     2     4 -5.524477E+02 -1.851498E+02
  1.679997E+00     2     5 -1.383197E-03  3.970717E-04
  1.679997E+00     2     6 -6.111339E-05 -5.690008E-05
  1.679997E+00     3     1 -1.302874E-05 -1.612088E-04
  1.679997E+00     3     2 -9.206682E-05  2.573981E-05
  1.679997E+00     3     3  6.237253E+02  6.607422E+01
  1.679997E+00     3     4 -1.560602E-03  1.371573E-04
  1.679997E+00     3     5 -2.127105E-03 -2.159665E-04
  1.679997E+00     3     6 -2.461358E-05 -3.482549E-04
  1.679997E+00     4     1 -1.044708E-03  2.993430E-04
  1.679997E+00     4     2 -5.524404E+02 -1.849940E+02
  1.679997E+00     4     3 -1.547083E-03 -4.484295E-05
  1.679997E+00     4     4  2.939358E+03  1.163188E+03
  1.679997E+00     4     5 -4.568167E-03 -5.154765E-03
  1.679997E+00     4     6  6.808392E-04  3.347057E-04
  1.679997E+00     5     1  5.529279E+02  1.848225E+02
  1.679997E+00     5     2 -7.551853E-04 -3.029784E-05
  1.679997E+00     5     3  5.079318E-03  3.730439E-03
  1.679997E+00     5     4  6.249532E-03 -4.013207E-03
  1.679997E+00     5     5  2.941305E+03  1.162035E+03
  1.679997E+00     5     6  5.701471E-04  4.954232E-04
  1.679997E+00     6     1 -5.020203E-05  2.281368E-05
  1.679997E+00     6     2 -7.513464E-04 -4.239110E-04
  1.679997E+00     6     3  9.153959E-03  4.937544E-04
  1.679997E+00     6     4  1.001358E-04  8.494555E-04
  1.679997E+00     6     5 -5.026759E-04 -4.482642E-04
  1.679997E+00     6     6  6.633721E+02  1.804436E+02
  1.671061E+00     1     1  1.548459E+02  3.082706E+01
  1.671061E+00     1     2  3.613281E-05  5.785639E-05
  1.671061E+00     1     3  6.211150E-04  5.364511E-04
  1.671061E+00     1     4 -1.103330E-03 -1.067437E-03
  1.671061E+00     1     5  5.536578E+02  1.826478E+02
  1.671061E+00     1     6 -1.232075E-04  2.083927E-05
  1.671061E+00     2     1 -9.812677E-05 -6.038734E-05
  1.671061E+00     2     2  1.547589E+02  3.085614E+01
  1.671061E+00     2     3 -7.740764E-05 -5.044043E-05
  1.671061E+00     2     4 -5.531301E+02 -1.828662E+02
  1.671061E+00     2     5 -5.495650E-04 -4.195498E-04
  1.671061E+00     2     6  6.736442E-05 -2.515689E-05
  1.671061E+00     3     1  9.147287E-05 -3.934493E-05
  1.671061E+00     3     2  1.376844E-04 -2.484187E-06
  1.671061E+00     3     3  6.243666E+02  6.518430E+01
  1.671061E+00     3     4 -1.324512E-03 -7.254356E-04
  1.671061E+00     3     5 -1.357441E-03 -2.573505E-04
  1.671061E+00     3     6  3.429294E-04  1.013841E-04
  1.671061E+00     4     1 -1.172908E-03  3.790379E-04
  1.671061E+00     4     2 -5.531190E+02 -1.827089E+02
  1.671061E+00     4     3  7.821918E-04  1.891991E-04
  1.671061E+00     4     4  2.941750E+03  1.149790E+03
  1.671061E+00     4     5 -5.085655E-03  2.655815E-04
  1.671061E+00     4     6  4.505021E-04  1.933905E-04
  1.671061E+00     5     1  5.536202E+02  1.825318E+02
  1.671061E+00     5     2 -4.689954E-05  1.033362E-04
  1.671061E+00     5     3  4.782040E-03  3.144040E-03
  1.671061E+00     5     4  2.706029E-03 -3.996893E-03
  1.671061E+00     5     5  2.943738E+03  1.148605E+03
  1.671061E+00     5     6 -5.675214E-04 -7.147872E-05
  1.671061E+00     6     1  2.540947E-04  1.409911E-04
  1.671061E+00     6     2 -2.061129E-04 -5.357897E-06
  1.671061E+00     6     3  1.003307E-02  8.614695E-04
  1.671061E+00     6     4  3.876179E-03  2.102405E-03
  1.671061E+00     6     5 -1.331299E-03 -4.094168E-04
  1.671061E+00     6     6  6.619177E+02  1.789176E+02
  1.662220E+00     1     1  1.550027E+02  3.042513E+01
  1.662220E+00     1     2  7.511974E-05  2.639814E-06
  1.662220E+00     1     3  4.192113E-04  5.586919E-04
  1.662220E+00     1     4 -1.727309E-03 -1.190782E-03
  1.662220E+00     1     5  5.543601E+02  1.803985E+02
  1.662220E+00     1     6 -7.916521E-05 -2.009049E-05
  1.662220E+00     2     1  1.428859E-05 -1.389187E-05
  1.662220E+00     2     2  1.549138E+02  3.045452E+01
  1.662220E+00     2     3 -1.229686E-04  2.981583E-05
  1.662220E+00     2     4 -5.538221E+02 -1.806239E+02
  1.662220E+00     2     5 -1.262275E-03  4.269056E-04
  1.662220E+00     2     6  8.125976E-05  3.767759E-05
  1.662220E+00     3     1 -4.449056E-04 -4.423711E-05
  1.662220E+00     3     2  4.731673E-04  2.943954E-05
  1.662220E+00     3     3  6.249963E+02  6.431079E+01
  1.662220E+00     3     4 -3.360268E-03 -2.389825E-04
  1.662220E+00     3     5 -2.396675E-03  2.297804E-04
  1.662220E+00     3     6  1.222419E-05 -1.385237E-04
  1.662220E+00     4     1 -1.343980E-03 -1.409451E-04
  1.662220E+00     4     2 -5.538152E+02 -1.804633E+02
  1.662220E+00     4     3  5.039498E-04  9.395159E-05
  1.662220E+00     4     4  2.944197E+03  1.136604E+03
  1.662220E+00     4     5  8.054823E-05 -4.825172E-03
  1.662220E+00     4     6 -1.767990E-04 -1.533743E-05
  1.662220E+00     5     1  5.543248E+02  1.802802E+02
  1.662220E+00     5     2 -3.005713E-04 -1.596799E-04
  1.662220E+00     5     3  3.535219E-03  2.695634E-03
  1.662220E+00     5     4 -2.668336E-03 -6.500867E-03
  1.662220E+00     5     5  2.946277E+03  1.135407E+03
  1.662220E+00     5     6 -6.592970E-04 -2.785993E-04
  1.662220E+00     6     1  1.885556E-04  2.766289E-04
  1.662220E+00     6     2 -4.331692E-04 -1.311377E-04
  1.662220E+00     6     3  9.836238E-03  5.692958E-04
  1.662220E+00     6     4 -7.932485E-04 -8.523762E-04
  1.662220E+00     6     5 -2.949566E-03 -8.412153E-04
  1.662220E+00     6     6  6.604794E+02  1.773639E+02
  1.653471E+00     1     1  1.551612E+02  3.003028E+01
  1.653471E+00     1     2  1.294205E-04  7.188536E-05
  1.653471E+00     1     3  6.582837E-04  5.146713E-04
  1.653471E+00     1     4 -2.777421E-04 -1.099108E-03
  1.653471E+00     1     5  5.550646E+02  1.781876E+02
  1.653471E+00     1     6 -6.383655E-05 -1.296401E-04
  1.653471E+00     2     1 -7.163678E-07 -4.367293E-05
  1.653471E+00     2     2  1.550701E+02  3.006041E+01
  1.653471E+00     2     3 -2.062749E-04 -9.022513E-05
  1.653471E+00     2     4 -5.545219E+02 -1.784190E+02
  1.653471E+00     2     5 -1.532242E-03  1.003969E-03
  1.653471E+00     2     6 -1.303498E-04  5.386770E-05
  1.653471E+00     3     1 -5.963964E-04 -8.756710E-05
  1.653471E+00     3     2 -4.291022E-05 -6.627350E-05
  1.653471E+00     3     3  6.256246E+02  6.345288E+01
  1.653471E+00     3     4 -6.363876E-04  7.201917E-06
  1.653471E+00     3     5  2.287759E-03 -3.137515E-05
  1.653471E+00     3     6  2.073580E-04 -6.030541E-05
  1.653471E+00     4     1 -7.157223E-04  3.667962E-05
  1.653471E+00     4     2 -5.545132E+02 -1.782535E+02
  1.653471E+00     4     3 -2.888516E-04  7.489827E-04
  1.653471E+00     4     4  2.946748E+03  1.123629E+03
  1.653471E+00     4     5  5.532153E-03 -6.638394E-03
  1.653471E+00     4     6  6.979173E-04 -3.891439E-04
  1.653471E+00     5     1  5.550317E+02  1.780691E+02
  1.653471E+00     5     2  1.147389E-06  2.783783E-04
  1.653471E+00     5     3  3.205922E-03  2.661471E-03
  1.653471E+00     5     4  7.945620E-03 -3.217672E-03
  1.653471E+00     5     5  2.948825E+03  1.122387E+03
  1.653471E+00     5     6 -8.610892E-05 -9.518072E-04
  1.653471E+00     6     1 -4.063695E-04 -1.904964E-04
  1.653471E+00     6     2 -6.684585E-04 -3.365418E-04
  1.653471E+00     6     3  8.851582E-03  7.611241E-04
  1.653471E+00     6     4  2.621382E-03 -1.338691E-03
  1.653471E+00     6     5 -3.465712E-04 -1.428649E-04
  1.653471E+00     6     6  6.590653E+02  1.757853E+02
  1.644814E+00     1     1  1.553182E+02  2.964299E+01
  1.644814E+00     1     2  1.372518E-04  1.070223E-04
  1.644814E+00     1     3  1.048297E-03  6.432000E-04
  1.644814E+00     1     4 -1.604333E-03 -8.605429E-04
  1.644814E+00     1     5  5.557768E+02  1.760178E+02
  1.644814E+00     1     6  1.274450E-04 -7.184969E-05
  1.644814E+00     2     1  1.065643E-05 -9.198925E-05
  1.644814E+00     2     2  1.552258E+02  2.967330E+01
  1.644814E+00     2     3 -1.094156E-04 -6.113899E-05
  1.644814E+00     2     4 -5.552178E+02 -1.762509E+02
  1.644814E+00     2     5 -2.349945E-03  3.890864E-04
  1.644814E+00     2     6  4.755055E-05  3.675744E-05
  1.644814E+00     3     1  1.769559E-04 -3.475242E-05
  1.644814E+00     3     2  2.386793E-04 -1.812706E-05
  1.644814E+00     3     3  6.262557E+02  6.261169E+01
  1.644814E+00     3     4 -3.113948E-03 -8.284636E-04
  1.644814E+00     3     5  1.073943E-03 -1.280569E-09
  1.644814E+00     3     6 -3.563964E-04 -1.088172E-04
  1.644814E+00     4     1 -1.049162E-03  2.177506E-04
  1.644814E+00     4     2 -5.552206E+02 -1.760826E+02
  1.644814E+00     4     3  5.785525E-04  3.907247E-04
  1.644814E+00     4     4  2.949285E+03  1.110847E+03
  1.644814E+00     4     5  9.179838E-03 -4.328029E-03
  1.644814E+00     4     6 -7.180949E-04 -1.297895E-04
  1.644814E+00     5     1  5.557410E+02  1.758957E+02
  1.644814E+00     5     2  6.671436E-05  6.547010E-04
  1.644814E+00     5     3  5.637426E-03  3.438149E-03
  1.644814E+00     5     4 -1.185343E-03 -3.777041E-03
  1.644814E+00     5     5  2.951433E+03  1.109583E+03
  1.644814E+00     5     6  5.668828E-04 -5.707436E-04
  1.644814E+00     6     1  1.033098E-04  1.420155E-04
  1.644814E+00     6     2 -3.481432E-04 -2.049776E-04
  1.644814E+00     6     3  9.011057E-03  4.694841E-04
  1.644814E+00     6     4  4.217058E-03  5.513877E-04
  1.644814E+00     6     5  1.881271E-03 -5.830005E-04
  1.644814E+00     6     6  6.576840E+02  1.741784E+02
  1.636248E+00     1     1  1.554760E+02  2.926230E+01
  1.636248E+00     1     2  2.649381E-04  1.093979E-04
  1.636248E+00     1     3  8.257836E-04  4.904153E-04
  1.636248E+00     1     4 -1.186029E-03 -4.706742E-04
  1.636248E+00     1     5  5.564948E+02  1.738828E+02
  1.636248E+00     1     6  3.128502E-05 -1.177080E-04
  1.636248E+00     2     1 -5.792806E-05 -5.679103E-05
  1.636248E+00     2     2  1.553809E+02  2.929323E+01
  1.636248E+00     2     3  1.991354E-04 -8.455338E-05
  1.636248E+00     2     4 -5.559246E+02 -1.741215E+02
  1.636248E+00     2     5 -9.893090E-04  7.355268E-04
  1.636248E+00     2     6 -2.248679E-05 -6.554276E-05
  1.636248E+00     3     1 -7.210725E-04 -7.240198E-05
  1.636248E+00     3     2 -5.165534E-05 -9.107683E-05
  1.636248E+00     3     3  6.268746E+02  6.178654E+01
  1.636248E+00     3     4  8.746721E-04 -5.962066E-04
  1.636248E+00     3     5  4.143906E-03 -7.262850E-04
  1.636248E+00     3     6  3.061977E-04 -7.941484E-05
  1.636248E+00     4     1 -1.395201E-03  8.627475E-05
  1.636248E+00     4     2 -5.559186E+02 -1.739487E+02
  1.636248E+00     4     3 -5.451590E-04  4.315693E-04
  1.636248E+00     4     4  2.951903E+03  1.098256E+03
  1.636248E+00     4     5  9.414554E-05 -7.292763E-03
  1.636248E+00     4     6 -1.664315E-04  4.755689E-04
  1.636248E+00     5     1  5.564551E+02  1.737579E+02
  1.636248E+00     5     2  5.138107E-04  5.564763E-04
  1.636248E+00     5     3  5.320024E-03  2.934481E-03
  1.636248E+00     5     4  4.569277E-03 -5.551870E-04
  1.636248E+00     5     5  2.954094E+03  1.096972E+03
  1.636248E+00     5     6  1.898168E-04 -7.863487E-04
  1.636248E+00     6     1  1.075492E-04  7.518382E-05
  1.636248E+00     6     2 -1.033537E-03 -3.697434E-04
  1.636248E+00     6     3  8.171962E-03  9.154072E-04
  1.636248E+00     6     4  3.678024E-03  2.345338E-03
  1.636248E+00     6     5 -2.300620E-03 -6.663874E-04
  1.636248E+00     6     6  6.563292E+02  1.725459E+02
  1.627769E+00     1     1  1.556344E+02  2.888885E+01
  1.627769E+00     1     2  9.160757E-05  7.677374E-05
  1.627769E+00     1     3  6.063901E-04  4.703208E-04
  1.627769E+00     1     4 -8.408917E-04 -8.747957E-04
  1.627769E+00     1     5  5.572136E+02  1.717868E+02
  1.627769E+00     1     6  1.229542E-04  1.133233E-04
  1.627769E+00     2     1 -1.023986E-04 -1.424065E-04
  1.627769E+00     2     2  1.555374E+02  2.891990E+01
  1.627769E+00     2     3 -1.569838E-05  4.358776E-05
  1.627769E+00     2     4 -5.566251E+02 -1.720312E+02
  1.627769E+00     2     5 -1.805678E-03  5.930075E-04
  1.627769E+00     2     6  3.673137E-05  8.247793E-05
  1.627769E+00     3     1 -2.175213E-04 -1.692444E-04
  1.627769E+00     3     2  3.150152E-05  7.435092E-05
  1.627769E+00     3     3  6.274910E+02  6.097614E+01
  1.627769E+00     3     4 -3.766231E-04  1.451931E-04
  1.627769E+00     3     5 -1.000223E-03 -1.327261E-03
  1.627769E+00     3     6 -9.300909E-05 -3.774685E-04
  1.627769E+00     4     1 -1.207234E-03  5.660726E-04
  1.627769E+00     4     2 -5.566344E+02 -1.718502E+02
  1.627769E+00     4     3 -1.603737E-04 -1.958262E-04
  1.627769E+00     4     4  2.954533E+03  1.085876E+03
  1.627769E+00     4     5 -3.712550E-04 -4.347845E-03
  1.627769E+00     4     6  2.334742E-04 -1.794768E-04
  1.627769E+00     5     1  5.571766E+02  1.716593E+02
  1.627769E+00     5     2 -3.775209E-05  3.593572E-04
  1.627769E+00     5     3  2.066027E-03  2.561104E-03
  1.627769E+00     5     4  4.575260E-03 -5.429575E-03
  1.627769E+00     5     5  2.956810E+03  1.084561E+03
  1.627769E+00     5     6  2.173954E-04  5.503914E-04
  1.627769E+00     6     1  9.682411E-05  3.190450E-04
  1.627769E+00     6     2 -6.076471E-04 -2.022870E-04
  1.627769E+00     6     3  9.513609E-03  2.924610E-04
  1.627769E+00     6     4  1.480311E-03 -2.666116E-04
  1.627769E+00     6     5  1.766741E-03 -7.416010E-04
  1.627769E+00     6     6  6.550167E+02  1.708907E+02
  1.619379E+00     1     1  1.557919E+02  2.852210E+01
  1.619379E+00     1     2  1.840086E-04 -7.360680E-05
  1.619379E+00     1     3  8.812268E-04  5.899429E-04
  1.619379E+00     1     4 -4.810211E-04 -1.044959E-03
  1.619379E+00     1     5  5.579337E+02  1.697257E+02
  1.619379E+00     1     6  9.725006E-05  9.574000E-06
  1.619379E+00     2     1 -5.813809E-05  6.207068E-06
  1.619379E+00     2     2  1.556934E+02  2.855419E+01
  1.619379E+00     2     3 -3.854000E-04 -1.438474E-05
  1.619379E+00     2     4 -5.573384E+02 -1.699737E+02
  1.619379E+00     2     5 -1.327362E-03  1.209727E-04
  1.619379E+00     2     6  7.693379E-05  5.411357E-05
  1.619379E+00     3     1 -4.786917E-04 -1.494225E-04
  1.619379E+00     3     2 -3.355928E-05 -4.760103E-05
  1.619379E+00     3     3  6.281036E+02  6.018091E+01
  1.619379E+00     3     4 -1.197688E-03  1.108468E-03
  1.619379E+00     3     5  1.606876E-03  2.158800E-04
  1.619379E+00     3     6 -9.984127E-06  2.035267E-04
  1.619379E+00     4     1 -1.765396E-03 -1.808166E-04
  1.619379E+00     4     2 -5.573461E+02 -1.697945E+02
  1.619379E+00     4     3  1.140840E-03  1.535586E-04
  1.619379E+00     4     4  2.957234E+03  1.073668E+03
  1.619379E+00     4     5 -1.082331E-03 -2.502861E-03
  1.619379E+00     4     6 -3.322419E-04 -2.213456E-04
  1.619379E+00     5     1  5.578972E+02  1.695946E+02
  1.619379E+00     5     2  5.477834E-04 -5.698319E-04
  1.619379E+00     5     3  4.592318E-03  2.843053E-03
  1.619379E+00     5     4  4.752800E-03 -3.905318E-03
  1.619379E+00     5     5  2.959565E+03  1.072327E+03
  1.619379E+00     5     6 -2.542813E-05 -4.977279E-05
  1.619379E+00     6     1 -1.105890E-04  1.390800E-04
  1.619379E+00     6     2 -1.033395E-05 -3.188960E-04
  1.619379E+00     6     3  8.052373E-03  2.103704E-04
  1.619379E+00     6     4  3.521738E-04 -1.703143E-03
  1.619379E+00     6     5  3.820646E-05 -1.366951E-03
  1.619379E+00     6     6  6.537478E+02  1.692130E+02
  1.611074E+00     1     1  1.559512E+02  2.816191E+01
  1.611074E+00     1     2  1.496039E-04  1.855046E-04
  1.611074E+00     1     3  2.490848E-04  4.187473E-04
  1.611074E+00     1     4  5.352353E-04 -1.452764E-03
  1.611074E+00     1     5  5.586564E+02  1.677001E+02
  1.611074E+00     1     6  8.014502E-06 -2.221018E-05
  1.611074E+00     2     1  2.187844E-05  3.245484E-05
  1.611074E+00     2     2  1.558493E+02  2.819448E+01
  1.611074E+00     2     3 -7.767050E-05 -1.582191E-04
  1.611074E+00     2     4 -5.580446E+02 -1.679530E+02
  1.611074E+00     2     5 -8.826996E-04 -6.953288E-05
  1.611074E+00     2     6 -9.101255E-05 -8.575990E-05
  1.611074E+00     3     1  1.977172E-04 -3.187641E-06
  1.611074E+00     3     2  1.154803E-04  2.381782E-05
  1.611074E+00     3     3  6.287123E+02  5.940087E+01
  1.611074E+00     3     4 -1.653198E-03 -3.873095E-04
  1.611074E+00     3     5  4.410158E-03  6.078247E-04
  1.611074E+00     3     6 -6.373464E-04  3.434774E-04
  1.611074E+00     4     1 -2.029696E-03 -2.920049E-04
  1.611074E+00     4     2 -5.580570E+02 -1.677689E+02
  1.611074E+00     4     3  4.223138E-04  9.732861E-04
  1.611074E+00     4     4  2.959960E+03  1.061656E+03
  1.611074E+00     4     5  2.083376E-03 -1.208487E-03
  1.611074E+00     4     6  5.428470E-04  6.770291E-04
  1.611074E+00     5     1  5.586232E+02  1.675678E+02
  1.611074E+00     5     2  3.820658E-04  1.056099E-03
  1.611074E+00     5     3  2.098132E-03  1.977964E-03
  1.611074E+00     5     4  8.134462E-03 -5.535954E-03
  1.611074E+00     5     5  2.962334E+03  1.060292E+03
  1.611074E+00     5     6 -6.079208E-05 -4.046645E-04
  1.611074E+00     6     1 -4.682690E-05  4.731490E-05
  1.611074E+00     6     2 -3.857463E-04 -4.043984E-04
  1.611074E+00     6     3  8.221934E-03  3.626700E-04
  1.611074E+00     6     4  1.282454E-03 -6.276072E-04
  1.611074E+00     6     5  2.996029E-04 -7.735565E-04
  1.611074E+00     6     6  6.525253E+02  1.675171E+02
  1.602855E+00     1     1  1.561084E+02  2.780799E+01
  1.602855E+00     1     2  1.873581E-04  5.831810E-05
  1.602855E+00     1     3  5.647828E-04  3.847932E-04
  1.602855E+00     1     4 -1.799041E-03 -8.481957E-04
  1.602855E+00     1     5  5.593844E+02  1.657098E+02
  1.602855E+00     1     6  1.202202E-04 -2.169981E-05
  1.602855E+00     2     1 -1.012324E-04 -2.102896E-05
  1.602855E+00     2     2  1.560057E+02  2.784134E+01
  1.602855E+00     2     3 -3.447644E-04 -1.571160E-04
  1.602855E+00     2     4 -5.587578E+02 -1.659649E+02
  1.602855E+00     2     5 -4.006744E-04 -8.141457E-05
  1.602855E+00     2     6  9.532553E-05  4.641340E-05
  1.602855E+00     3     1 -1.767788E-04 -9.087150E-05
  1.602855E+00     3     2 -2.067043E-04  7.241039E-05
  1.602855E+00     3     3  6.293102E+02  5.863548E+01
  1.602855E+00     3     4  7.592887E-05  2.104754E-04
  1.602855E+00     3     5  5.479175E-03  1.195282E-03
  1.602855E+00     3     6  5.234584E-04  6.314606E-05
  1.602855E+00     4     1 -1.824527E-03 -9.058969E-05
  1.602855E+00     4     2 -5.587739E+02 -1.657792E+02
  1.602855E+00     4     3  9.864420E-04  7.688121E-04
  1.602855E+00     4     4  2.962728E+03  1.049828E+03
  1.602855E+00     4     5 -3.709115E-03 -3.429286E-04
  1.602855E+00     4     6 -1.074374E-03 -2.821604E-04
  1.602855E+00     5     1  5.593433E+02  1.655727E+02
  1.602855E+00     5     2 -1.458228E-04  5.156369E-04
  1.602855E+00     5     3  3.354892E-03  1.503617E-03
  1.602855E+00     5     4 -5.326293E-03 -2.858016E-03
  1.602855E+00     5     5  2.965178E+03  1.048429E+03
  1.602855E+00     5     6  3.412226E-04 -2.099568E-04
  1.602855E+00     6     1 -3.843761E-05  5.088001E-05
  1.602855E+00     6     2 -4.639254E-04 -1.847241E-04
  1.602855E+00     6     3  8.165482E-03  7.192953E-05
  1.602855E+00     6     4 -2.158581E-04  3.879815E-04
  1.602855E+00     6     5  1.273840E-03 -1.728713E-03
  1.602855E+00     6     6  6.513487E+02  1.658052E+02
  1.594718E+00     1     1  1.562660E+02  2.746044E+01
  1.594718E+00     1     2 -2.884841E-06  2.655861E-04
  1.594718E+00     1     3  2.982238E-04  4.359474E-04
  1.594718E+00     1     4 -1.989326E-03 -9.218778E-04
  1.594718E+00     1     5  5.601058E+02  1.637502E+02
  1.594718E+00     1     6 -1.060434E-04 -7.691233E-05
  1.594718E+00     2     1 -8.320894E-05 -9.367800E-05
  1.594718E+00     2     2  1.561616E+02  2.749450E+01
  1.594718E+00     2     3 -5.906593E-04 -8.603045E-05
  1.594718E+00     2     4 -5.594737E+02 -1.640131E+02
  1.594718E+00     2     5 -3.362050E-03 -2.848397E-04
  1.594718E+00     2     6  5.564000E-05  1.464598E-04
  1.594718E+00     3     1 -1.877733E-04  6.536720E-07
  1.594718E+00     3     2 -3.089183E-04 -1.656989E-05
  1.594718E+00     3     3  6.299055E+02  5.788369E+01
  1.594718E+00     3     4 -1.818761E-04 -1.461935E-04
  1.594718E+00     3     5  7.749507E-04  1.855757E-04
  1.594718E+00     3     6  2.807657E-04  5.580573E-05
  1.594718E+00     4     1 -1.793807E-03  5.770199E-04
  1.594718E+00     4     2 -5.594933E+02 -1.638224E+02
  1.594718E+00     4     3  1.398273E-03  5.165930E-04
  1.594718E+00     4     4  2.965533E+03  1.038193E+03
  1.594718E+00     4     5  1.171370E-02  6.388407E-05
  1.594718E+00     4     6 -7.610484E-04 -8.921115E-04
  1.594718E+00     5     1  5.600715E+02  1.636119E+02
  1.594718E+00     5     2 -1.199195E-03  1.243204E-03
  1.594718E+00     5     3  1.896307E-03  2.070936E-03
  1.594718E+00     5     4 -4.713498E-03 -3.593873E-03
  1.594718E+00     5     5  2.968029E+03  1.036747E+03
  1.594718E+00     5     6 -8.238773E-04 -5.836936E-04
  1.594718E+00     6     1 -1.817196E-05 -2.220273E-06
  1.594718E+00     6     2 -3.465042E-04 -1.078355E-04
  1.594718E+00     6     3  8.174022E-03  1.337292E-04
  1.594718E+00     6     4  3.420412E-04 -7.712991E-04
  1.594718E+00     6     5  7.516143E-04 -1.250371E-03
  1.594718E+00     6     6  6.502274E+02  1.640792E+02
  1.586664E+00     1     1  1.564233E+02  2.711912E+01
  1.586664E+00     1     2  1.481797E-04  2.297126E-04
  1.586664E+00     1     3  7.387081E-04  5.113634E-04
  1.586664E+00     1     4 -1.460644E-04 -1.250673E-03
  1.586664E+00     1     5  5.608335E+02  1.618248E+02
  1.586664E+00     1     6 -1.475006E-04 -8.037686E-05
  1.586664E+00     2     1  5.600304E-05 -4.854403E-05
  1.586664E+00     2     2  1.563157E+02  2.715379E+01
  1.586664E+00     2     3 -3.674013E-04 -3.787969E-05
  1.586664E+00     2     4 -5.601844E+02 -1.620972E+02
  1.586664E+00     2     5 -1.947741E-03 -6.658823E-04
  1.586664E+00     2     6  1.509320E-04 -1.098216E-04
  1.586664E+00     3     1 -3.461565E-04 -1.199236E-04
  1.586664E+00     3     2 -4.408141E-04 -5.706813E-05
  1.586664E+00     3     3  6.304961E+02  5.714626E+01
  1.586664E+00     3     4 -1.352020E-03 -3.118850E-04
  1.586664E+00     3     5  5.872578E-03  1.463600E-03
  1.586664E+00     3     6  1.995339E-04 -1.048252E-04
  1.586664E+00     4     1 -1.992158E-03  3.017762E-04
  1.586664E+00     4     2 -5.602022E+02 -1.618992E+02
  1.586664E+00     4     3  1.106307E-03  2.415245E-04
  1.586664E+00     4     4  2.968369E+03  1.026751E+03
  1.586664E+00     4     5 -6.185994E-04  2.853859E-03
  1.586664E+00     4     6 -8.683698E-05  7.516291E-04
  1.586664E+00     5     1  5.608036E+02  1.616848E+02
  1.586664E+00     5     2 -7.118657E-04  1.304384E-03
  1.586664E+00     5     3  2.581682E-03  2.457014E-03
  1.586664E+00     5     4  6.021008E-03 -4.586644E-03
  1.586664E+00     5     5  2.970904E+03  1.025249E+03
  1.586664E+00     5     6 -8.138821E-04 -5.746621E-04
  1.586664E+00     6     1 -1.734866E-05  1.150146E-04
  1.586664E+00     6     2 -3.630671E-04 -3.371714E-05
  1.586664E+00     6     3  6.846844E-03  5.020797E-04
  1.586664E+00     6     4  2.712965E-03  6.189644E-04
  1.586664E+00     6     5  4.413426E-04  1.234271E-03
  1.586664E+00     6     6  6.491553E+02  1.623468E+02
  1.578691E+00     1     1  1.565796E+02  2.678399E+01
  1.578691E+00     1     2 -6.350499E-05  2.278989E-04
  1.578691E+00     1     3  7.951235E-04  3.336711E-04
  1.578691E+00     1     4 -5.293858E-04 -1.403588E-03
  1.578691E+00     1     5  5.615556E+02  1.599317E+02
  1.578691E+00     1     6 -4.244631E-05 -3.844126E-05
  1.578691E+00     2     1 -1.101781E-04 -7.546889E-05
  1.578691E+00     2     2  1.564687E+02  2.681932E+01
  1.578691E+00     2     3 -7.230227E-05 -1.291884E-05
  1.578691E+00     2     4 -5.608928E+02 -1.602099E+02
  1.578691E+00     2     5 -4.937328E-04 -1.769198E-04
  1.578691E+00     2     6  2.617557E-04  1.299381E-05
  1.578691E+00     3     1 -5.119480E-04 -1.279195E-04
  1.578691E+00     3     2 -5.350579E-04 -9.104403E-05
  1.578691E+00     3     3  6.310792E+02  5.642117E+01
  1.578691E+00     3     4  8.937493E-04  4.900866E-04
  1.578691E+00     3     5  3.246405E-03  1.939521E-04
  1.578691E+00     3     6 -5.819006E-04  2.930136E-04
  1.578691E+00     4     1 -9.576790E-04  5.701789E-04
  1.578691E+00     4     2 -5.609138E+02 -1.600091E+02
  1.578691E+00     4     3  8.895546E-04  3.690030E-04
  1.578691E+00     4     4  2.971183E+03  1.015452E+03
  1.578691E+00     4     5 -6.806917E-03 -1.528685E-04
  1.578691E+00     4     6 -1.490737E-03 -1.492652E-04
  1.578691E+00     5     1  5.615254E+02  1.597897E+02
  1.578691E+00     5     2 -2.050156E-03  1.323340E-03
  1.578691E+00     5     3  3.456149E-03  1.775803E-03
  1.578691E+00     5     4  2.590552E-03 -4.661432E-03
  1.578691E+00     5     5  2.973777E+03  1.013909E+03
  1.578691E+00     5     6 -4.874666E-04 -2.828321E-04
  1.578691E+00     6     1  1.935290E-05  3.222860E-04
  1.578691E+00     6     2 -3.996418E-04 -2.298099E-04
  1.578691E+00     6     3  8.076161E-03  9.314833E-04
  1.578691E+00     6     4 -5.909819E-05 -7.825345E-04
  1.578691E+00     6     5 -1.024007E-03 -1.349397E-03
  1.578691E+00     6     6  6.481422E+02  1.606068E+02
  1.570798E+00     1     1  1.567348E+02  2.645475E+01
  1.570798E+00     1     2  3.216443E-04  2.370504E-04
  1.570798E+00     1     3  9.866464E-04  4.194910E-04
  1.570798E+00     1     4 -1.057093E-03 -9.054817E-04
  1.570798E+00     1     5  5.622809E+02  1.580679E+02
  1.570798E+00     1     6  6.723592E-05 -2.481415E-05
  1.570798E+00     2     1  9.613299E-05 -1.169374E-04
  1.570798E+00     2     2  1.566219E+02  2.649081E+01
  1.570798E+00     2     3 -2.004057E-04 -2.772640E-05
  1.570798E+00     2     4 -5.616022E+02 -1.583526E+02
  1.570798E+00     2     5 -7.790790E-04 -1.355457E-05
  1.570798E+00     2     6 -5.309702E-05 -2.763793E-05
  1.570798E+00     3     1  5.837786E-05  7.151248E-06
  1.570798E+00     3     2  1.214212E-04 -1.082864E-04
  1.570798E+00     3     3  6.316571E+02  5.570876E+01
  1.570798E+00     3     4 -4.192926E-04  7.338896E-04
  1.570798E+00     3     5  1.165903E-03  6.597762E-04
  1.570798E+00     3     6  7.152222E-04  4.886835E-05
  1.570798E+00     4     1 -2.082035E-03  6.176044E-04
  1.570798E+00     4     2 -5.616225E+02 -1.581528E+02
  1.570798E+00     4     3  2.086908E-05  7.046058E-04
  1.570798E+00     4     4  2.974056E+03  1.004315E+03
  1.570798E+00     4     5 -2.408214E-03 -2.024272E-03
  1.570798E+00     4     6 -5.164575E-04  2.655639E-04
  1.570798E+00     5     1  5.622453E+02  1.579269E+02
  1.570798E+00     5     2  7.419251E-04  1.275776E-03
  1.570798E+00     5     3  4.970744E-03  2.205782E-03
  1.570798E+00     5     4 -2.139181E-03 -3.945075E-03
  1.570798E+00     5     5  2.976707E+03  1.002735E+03
  1.570798E+00     5     6  1.071596E-04 -2.194985E-04
  1.570798E+00     6     1 -1.616589E-04  4.069135E-05
  1.570798E+00     6     2 -4.392266E-04 -4.937816E-04
  1.570798E+00     6     3  8.937578E-03 -6.880503E-05
  1.570798E+00     6     4  1.579106E-03 -1.889020E-04
  1.570798E+00     6     5 -9.765628E-04 -1.394361E-03
  1.570798E+00     6     6  6.471859E+02  1.588658E+02
