  3.141593E+02  0.000000E+00     1  6.740353E-01  8.998969E+01  1.213668E-04  6.740353E-01
  3.141593E+02  0.000000E+00     2  6.856758E-05 -1.787736E+02 -6.855187E-05 -1.467533E-06
  3.141593E+02  0.000000E+00     3  2.597070E+02  1.521372E-03  2.597070E+02  6.895988E-03
  3.141593E+02  0.000000E+00     4  4.101935E-05 -1.646834E+00  4.100241E-05 -1.178843E-06
  3.141593E+02  0.000000E+00     5  3.352180E+00  8.999612E+01  2.272017E-04  3.352180E+00
  3.141593E+02  0.000000E+00     6  2.365808E-03 -6.390880E-04  2.365808E-03 -2.638868E-08
  1.570796E+02  0.000000E+00     1  1.350287E+00  8.999928E+01  1.705292E-05  1.350287E+00
  1.570796E+02  0.000000E+00     2  1.934751E-05 -1.717449E+02 -1.914704E-05 -2.777933E-06
  1.570796E+02  0.000000E+00     3  2.594118E+02  6.129221E-03  2.594118E+02  2.775060E-02
  1.570796E+02  0.000000E+00     4  2.926810E-04 -6.443633E-01  2.926625E-04 -3.291498E-06
  1.570796E+02  0.000000E+00     5  6.715685E+00  9.000270E+01 -3.165752E-04  6.715685E+00
  1.570796E+02  0.000000E+00     6  2.334164E-03 -2.226981E-02  2.334163E-03 -9.072461E-07
  1.047198E+02  0.000000E+00     1  2.031012E+00  8.999931E+01  2.471592E-05  2.031012E+00
  1.047198E+02  0.000000E+00     2  1.084598E-04 -1.771819E+02 -1.083286E-04 -5.332523E-06
  1.047198E+02  0.000000E+00     3  2.589335E+02  1.395429E-02  2.589335E+02  6.306285E-02
  1.047198E+02  0.000000E+00     4  1.223499E-04  1.796689E+02 -1.223478E-04  7.069320E-07
  1.047198E+02  0.000000E+00     5  1.010200E+01  8.999901E+01  1.756269E-04  1.010200E+01
  1.047198E+02  0.000000E+00     6  2.512340E-03  1.582729E-02  2.512340E-03  6.940048E-07
  7.853982E+01  0.000000E+00     1  2.718498E+00  9.000002E+01 -1.064802E-06  2.718498E+00
  7.853982E+01  0.000000E+00     2  6.503920E-05 -1.747655E+02 -6.476796E-05 -5.933725E-06
  7.853982E+01  0.000000E+00     3  2.582746E+02  2.522222E-02  2.582746E+02  1.136952E-01
  7.853982E+01  0.000000E+00     4  9.104350E-05 -1.782573E+02 -9.100139E-05 -2.768735E-06
  7.853982E+01  0.000000E+00     5  1.352316E+01  9.000001E+01 -1.458451E-06  1.352316E+01
  7.853982E+01  0.000000E+00     6  2.293748E-03  3.062171E-02  2.293748E-03  1.225893E-06
  6.283186E+01  0.000000E+00     1  3.415174E+00  8.999792E+01  1.246323E-04  3.415174E+00
  6.283186E+01  0.000000E+00     2  1.341251E-04 -1.768923E+02 -1.339279E-04 -7.271249E-06
  6.283186E+01  0.000000E+00     3  2.574303E+02  4.026613E-02  2.574302E+02  1.809160E-01
  6.283186E+01  0.000000E+00     4  9.226352E-05 -1.783882E+02 -9.222701E-05 -2.595130E-06
  6.283186E+01  0.000000E+00     5  1.699136E+01  9.000365E+01 -1.085240E-03  1.699136E+01
  6.283186E+01  0.000000E+00     6  2.168601E-03  5.706301E-02  2.168600E-03  2.159790E-06
  5.235988E+01  0.000000E+00     1  4.123617E+00  9.000071E+01 -5.070111E-05  4.123617E+00
  5.235988E+01  0.000000E+00     2  7.400177E-06 -1.142933E+02 -3.044492E-06 -6.744901E-06
  5.235988E+01  0.000000E+00     3  2.564083E+02  5.953024E-02  2.564081E+02  2.664078E-01
  5.235988E+01  0.000000E+00     4  1.640523E-04 -1.788767E+02 -1.640208E-04 -3.216090E-06
  5.235988E+01  0.000000E+00     5  2.051942E+01  8.999932E+01  2.433453E-04  2.051942E+01
  5.235988E+01  0.000000E+00     6  2.211109E-03  3.062015E-02  2.211109E-03  1.181666E-06
  4.487990E+01  0.000000E+00     1  4.846546E+00  8.999802E+01  1.670812E-04  4.846546E+00
  4.487990E+01  0.000000E+00     2  1.740796E-05 -3.897149E+01  1.353397E-05 -1.094845E-05
  4.487990E+01  0.000000E+00     3  2.552015E+02  8.360367E-02  2.552012E+02  3.723795E-01
  4.487990E+01  0.000000E+00     4  9.929369E-05 -5.288190E+00  9.887107E-05 -9.151438E-06
  4.487990E+01  0.000000E+00     5  2.412210E+01  8.999670E+01  1.388790E-03  2.412210E+01
  4.487990E+01  0.000000E+00     6  2.357979E-03 -5.752133E-02  2.357978E-03 -2.367261E-06
  3.926991E+01  0.000000E+00     1  5.586939E+00  8.999766E+01  2.290209E-04  5.586939E+00
  3.926991E+01  0.000000E+00     2  3.982484E-05 -1.631608E+02 -3.811721E-05 -1.153673E-05
  3.926991E+01  0.000000E+00     3  2.538114E+02  1.132515E-01  2.538109E+02  5.016861E-01
  3.926991E+01  0.000000E+00     4  3.702655E-04 -1.623106E+00  3.701169E-04 -1.048768E-05
  3.926991E+01  0.000000E+00     5  2.781392E+01  8.999752E+01  1.206534E-03  2.781392E+01
  3.926991E+01  0.000000E+00     6  2.352093E-03  1.820125E-01  2.352081E-03  7.471922E-06
  3.490659E+01  0.000000E+00     1  6.348005E+00  8.999488E+01  5.676195E-04  6.348005E+00
  3.490659E+01  0.000000E+00     2  1.595938E-05 -1.112721E+02 -5.790030E-06 -1.487203E-05
  3.490659E+01  0.000000E+00     3  2.522325E+02  1.494110E-01  2.522317E+02  6.577497E-01
  3.490659E+01  0.000000E+00     4  4.369348E-04 -1.783475E+02 -4.367530E-04 -1.259992E-05
  3.490659E+01  0.000000E+00     5  3.161157E+01  8.999612E+01  2.137376E-03  3.161157E+01
  3.490659E+01  0.000000E+00     6  2.210449E-03  2.599038E-01  2.210426E-03  1.002696E-05
  3.141593E+01  0.000000E+00     1  7.133240E+00  8.999563E+01  5.447583E-04  7.133240E+00
  3.141593E+01  0.000000E+00     2  5.785553E-05 -1.629979E+01  5.553010E-05 -1.623792E-05
  3.141593E+01  0.000000E+00     3  2.504674E+02  1.932765E-01  2.504659E+02  8.449029E-01
  3.141593E+01  0.000000E+00     4  3.544464E-05 -1.508555E+02 -3.095716E-05 -1.726201E-05
  3.141593E+01  0.000000E+00     5  3.553271E+01  8.999516E+01  3.005488E-03  3.553271E+01
  3.141593E+01  0.000000E+00     6  2.571312E-03  3.055422E-01  2.571275E-03  1.371201E-05
  2.855994E+01  0.000000E+00     1  7.946529E+00  8.999385E+01  8.529669E-04  7.946529E+00
  2.855994E+01  0.000000E+00     2  1.049095E-04 -1.688621E+02 -1.029335E-04 -2.026556E-05
  2.855994E+01  0.000000E+00     3  2.485174E+02  2.463194E-01  2.485151E+02  1.068394E+00
  2.855994E+01  0.000000E+00     4  9.448070E-05 -1.703689E+02 -9.314902E-05 -1.580705E-05
  2.855994E+01  0.000000E+00     5  3.959756E+01  8.999435E+01  3.902871E-03  3.959756E+01
  2.855994E+01  0.000000E+00     6  2.345573E-03  2.074927E-01  2.345558E-03  8.494311E-06
  2.617994E+01  0.000000E+00     1  8.792095E+00  8.999174E+01  1.266307E-03  8.792095E+00
  2.617994E+01  0.000000E+00     2  2.380713E-05 -1.129169E+02 -9.270383E-06 -2.192805E-05
  2.617994E+01  0.000000E+00     3  2.463735E+02  3.103352E-01  2.463699E+02  1.334443E+00
  2.617994E+01  0.000000E+00     4  1.857167E-04 -1.753096E+02 -1.850948E-04 -1.518644E-05
  2.617994E+01  0.000000E+00     5  4.382770E+01  8.999244E+01  5.787663E-03  4.382770E+01
  2.617994E+01  0.000000E+00     6  2.259578E-03  3.126095E-01  2.259544E-03  1.232834E-05
  2.416610E+01  0.000000E+00     1  9.674491E+00  8.998992E+01  1.701908E-03  9.674491E+00
  2.416610E+01  0.000000E+00     2  5.658795E-05 -1.539002E+02 -5.081765E-05 -2.489504E-05
  2.416610E+01  0.000000E+00     3  2.440373E+02  3.875460E-01  2.440318E+02  1.650645E+00
  2.416610E+01  0.000000E+00     4  7.086745E-05 -1.659719E+02 -6.875396E-05 -1.717813E-05
  2.416610E+01  0.000000E+00     5  4.824652E+01  8.998995E+01  8.466048E-03  4.824652E+01
  2.416610E+01  0.000000E+00     6  2.265192E-03  4.771704E-01  2.265114E-03  1.886474E-05
  2.243995E+01  0.000000E+00     1  1.059885E+01  8.998727E+01  2.354659E-03  1.059885E+01
  2.243995E+01  0.000000E+00     2  8.399721E-05 -1.690060E+01  8.036942E-05 -2.441901E-05
  2.243995E+01  0.000000E+00     3  2.415128E+02  4.805740E-01  2.415043E+02  2.025689E+00
  2.243995E+01  0.000000E+00     4  1.713128E-04 -1.211344E+01  1.674984E-04 -3.594963E-05
  2.243995E+01  0.000000E+00     5  5.287965E+01  8.998722E+01  1.179364E-02  5.287965E+01
  2.243995E+01  0.000000E+00     6  2.133600E-03  6.186216E-01  2.133475E-03  2.303599E-05
  2.094395E+01  0.000000E+00     1  1.157032E+01  8.998433E+01  3.164803E-03  1.157032E+01
  2.094395E+01  0.000000E+00     2  3.563377E-05 -1.358257E+02 -2.555735E-05 -2.483117E-05
  2.094395E+01  0.000000E+00     3  2.387975E+02  5.925851E-01  2.387847E+02  2.469734E+00
  2.094395E+01  0.000000E+00     4  2.100284E-04 -3.959450E+00  2.095271E-04 -1.450256E-05
  2.094395E+01  0.000000E+00     5  5.775445E+01  8.998420E+01  1.593123E-02  5.775444E+01
  2.094395E+01  0.000000E+00     6  2.463003E-03  5.789247E-01  2.462877E-03  2.488611E-05
  1.963495E+01  0.000000E+00     1  1.259456E+01  8.998006E+01  4.384011E-03  1.259456E+01
  1.963495E+01  0.000000E+00     2  5.276877E-05 -3.794528E+01  4.161336E-05 -3.244797E-05
  1.963495E+01  0.000000E+00     3  2.358935E+02  7.272193E-01  2.358745E+02  2.993967E+00
  1.963495E+01  0.000000E+00     4  3.317049E-04 -1.737286E+02 -3.297199E-04 -3.623508E-05
  1.963495E+01  0.000000E+00     5  6.289951E+01  8.997885E+01  2.322155E-02  6.289951E+01
  1.963495E+01  0.000000E+00     6  2.421594E-03  5.030344E-01  2.421501E-03  2.126037E-05
  1.847996E+01  0.000000E+00     1  1.367727E+01  8.997295E+01  6.458377E-03  1.367727E+01
  1.847996E+01  0.000000E+00     2  6.702937E-05 -3.331002E+01  5.601720E-05 -3.681045E-05
  1.847996E+01  0.000000E+00     3  2.328090E+02  8.885998E-01  2.327810E+02  3.610488E+00
  1.847996E+01  0.000000E+00     4  7.101545E-05 -1.689243E+02 -6.969273E-05 -1.364248E-05
  1.847996E+01  0.000000E+00     5  6.834418E+01  8.997316E+01  3.201796E-02  6.834418E+01
  1.847996E+01  0.000000E+00     6  2.006070E-03  1.256344E+00  2.005588E-03  4.398426E-05
  1.745329E+01  0.000000E+00     1  1.482393E+01  8.996571E+01  8.872576E-03  1.482393E+01
  1.745329E+01  0.000000E+00     2  5.599224E-05 -2.999716E+01  4.849209E-05 -2.799372E-05
  1.745329E+01  0.000000E+00     3  2.295495E+02  1.081262E+00  2.295086E+02  4.331706E+00
  1.745329E+01  0.000000E+00     4  1.764297E-04 -8.320228E+00  1.745727E-04 -2.553035E-05
  1.745329E+01  0.000000E+00     5  7.411604E+01  8.996593E+01  4.406736E-02  7.411603E+01
  1.745329E+01  0.000000E+00     6  2.400578E-03  9.390686E-01  2.400256E-03  3.934333E-05
  1.653470E+01  0.000000E+00     1  1.603955E+01  8.995676E+01  1.210524E-02  1.603955E+01
  1.653470E+01  0.000000E+00     2  4.739563E-05 -5.287695E+01  2.860463E-05 -3.779049E-05
  1.653470E+01  0.000000E+00     3  2.261320E+02  1.309872E+00  2.260729E+02  5.169282E+00
  1.653470E+01  0.000000E+00     4  6.331071E-04 -1.788985E+02 -6.329902E-04 -1.217122E-05
  1.653470E+01  0.000000E+00     5  8.024387E+01  8.995599E+01  6.165130E-02  8.024385E+01
  1.653470E+01  0.000000E+00     6  2.321438E-03  1.280797E+00  2.320858E-03  5.188939E-05
  1.570796E+01  0.000000E+00     1  1.732819E+01  8.994414E+01  1.689406E-02  1.732818E+01
  1.570796E+01  0.000000E+00     2  4.672309E-05 -1.139783E+02 -1.898783E-05 -4.269086E-05
  1.570796E+01  0.000000E+00     3  2.225670E+02  1.579086E+00  2.224824E+02  6.133224E+00
  1.570796E+01  0.000000E+00     4  7.193018E-05 -1.560636E+02 -6.574392E-05 -2.918369E-05
  1.570796E+01  0.000000E+00     5  8.674710E+01  8.994417E+01  8.453808E-02  8.674706E+01
  1.570796E+01  0.000000E+00     6  1.984556E-03  1.894297E+00  1.983471E-03  6.560089E-05
  1.495996E+01  0.000000E+00     1  1.869281E+01  8.992870E+01  2.326415E-02  1.869279E+01
  1.495996E+01  0.000000E+00     2  7.147420E-05 -1.414674E+02 -5.591098E-05 -4.452554E-05
  1.495996E+01  0.000000E+00     3  2.188779E+02  1.893009E+00  2.187585E+02  7.230245E+00
  1.495996E+01  0.000000E+00     4  1.156118E-04 -1.821609E+01  1.098178E-04 -3.614044E-05
  1.495996E+01  0.000000E+00     5  9.364170E+01  8.992896E+01  1.161047E-01  9.364163E+01
  1.495996E+01  0.000000E+00     6  2.104503E-03  1.640990E+00  2.103640E-03  6.026615E-05
  1.427997E+01  0.000000E+00     1  2.013426E+01  8.991015E+01  3.157648E-02  2.013423E+01
  1.427997E+01  0.000000E+00     2  5.692071E-05 -5.372770E+01  3.367563E-05 -4.589029E-05
  1.427997E+01  0.000000E+00     3  2.150850E+02  2.255155E+00  2.149184E+02  8.463535E+00
  1.427997E+01  0.000000E+00     4  2.614856E-04  1.385043E+00  2.614092E-04  6.320421E-06
  1.427997E+01  0.000000E+00     5  1.009341E+02  8.991022E+01  1.581552E-01  1.009340E+02
  1.427997E+01  0.000000E+00     6  1.957687E-03  2.816435E+00  1.955323E-03  9.619347E-05
  1.365910E+01  0.000000E+00     1  2.165190E+01  8.988654E+01  4.287827E-02  2.165186E+01
  1.365910E+01  0.000000E+00     2  8.340484E-05 -1.444865E+02 -6.788980E-05 -4.844939E-05
  1.365910E+01  0.000000E+00     3  2.112140E+02  2.667811E+00  2.109850E+02  9.831008E+00
  1.365910E+01  0.000000E+00     4  6.597194E-05 -1.764123E+02 -6.584264E-05 -4.128320E-06
  1.365910E+01  0.000000E+00     5  1.086227E+02  8.988730E+01  2.136618E-01  1.086225E+02
  1.365910E+01  0.000000E+00     6  2.031295E-03  2.598838E+00  2.029206E-03  9.210446E-05
  1.308997E+01  0.000000E+00     1  2.324255E+01  8.985919E+01  5.711921E-02  2.324248E+01
  1.308997E+01  0.000000E+00     2  6.439371E-05 -1.027258E+02 -1.418499E-05 -6.281191E-05
  1.308997E+01  0.000000E+00     3  2.072803E+02  3.132396E+00  2.069706E+02  1.132650E+01
  1.308997E+01  0.000000E+00     4  1.701260E-04 -1.432352E+02 -1.362879E-04 -1.018257E-04
  1.308997E+01  0.000000E+00     5  1.166927E+02  8.985890E+01  2.873853E-01  1.166924E+02
  1.308997E+01  0.000000E+00     6  1.949792E-03  3.045285E+00  1.947039E-03  1.035832E-04
  1.256637E+01  0.000000E+00     1  2.490150E+01  8.982556E+01  7.581408E-02  2.490139E+01
  1.256637E+01  0.000000E+00     2  8.237960E-05 -1.275501E+02 -5.020669E-05 -6.531223E-05
  1.256637E+01  0.000000E+00     3  2.033115E+02  3.649244E+00  2.028992E+02  1.294042E+01
  1.256637E+01  0.000000E+00     4  1.494444E-04 -1.580972E+02 -1.386572E-04 -5.574781E-05
  1.256637E+01  0.000000E+00     5  1.251208E+02  8.982571E+01  3.805890E-01  1.251202E+02
  1.256637E+01  0.000000E+00     6  1.944821E-03  3.885676E+00  1.940350E-03  1.317924E-04
  1.208305E+01  0.000000E+00     1  2.662194E+01  8.978683E+01  9.904690E-02  2.662175E+01
  1.208305E+01  0.000000E+00     2  1.206790E-04 -1.316915E+02 -8.026604E-05 -9.011542E-05
  1.208305E+01  0.000000E+00     3  1.993153E+02  4.218218E+00  1.987754E+02  1.466070E+01
  1.208305E+01  0.000000E+00     4  2.134479E-04 -1.589016E+02 -1.991391E-04 -7.683504E-05
  1.208305E+01  0.000000E+00     5  1.338765E+02  8.978651E+01  4.988275E-01  1.338756E+02
  1.208305E+01  0.000000E+00     6  1.923172E-03  4.096918E+00  1.918257E-03  1.373987E-04
  1.163553E+01  0.000000E+00     1  2.839643E+01  8.974059E+01  1.285685E-01  2.839614E+01
  1.163553E+01  0.000000E+00     2  8.941625E-05 -1.262798E+02 -5.291023E-05 -7.208171E-05
  1.163553E+01  0.000000E+00     3  1.953102E+02  4.838682E+00  1.946141E+02  1.647452E+01
  1.163553E+01  0.000000E+00     4  5.957825E-05 -1.577633E+02 -5.514733E-05 -2.254639E-05
  1.163553E+01  0.000000E+00     5  1.429233E+02  8.974074E+01  6.467339E-01  1.429218E+02
  1.163553E+01  0.000000E+00     6  1.835478E-03  5.047424E+00  1.828361E-03  1.614859E-04
  1.121997E+01  0.000000E+00     1  3.021652E+01  8.968887E+01  1.640849E-01  3.021607E+01
  1.121997E+01  0.000000E+00     2  1.124571E-04 -1.468353E+02 -9.413803E-05 -6.151941E-05
  1.121997E+01  0.000000E+00     3  1.913017E+02  5.510228E+00  1.904177E+02  1.836944E+01
  1.121997E+01  0.000000E+00     4  2.864400E-05 -9.881288E+00  2.821907E-05 -4.915521E-06
  1.121997E+01  0.000000E+00     5  1.522186E+02  8.968865E+01  8.271606E-01  1.522164E+02
  1.121997E+01  0.000000E+00     6  1.759591E-03  6.427618E+00  1.748531E-03  1.969826E-04
  1.083308E+01  0.000000E+00     1  3.207331E+01  8.963007E+01  2.070806E-01  3.207264E+01
  1.083308E+01  0.000000E+00     2  8.485789E-05 -1.149042E+02 -3.573388E-05 -7.696721E-05
  1.083308E+01  0.000000E+00     3  1.872995E+02  6.232529E+00  1.861924E+02  2.033393E+01
  1.083308E+01  0.000000E+00     4  3.315239E-04  1.625387E+02 -3.162473E-04  9.947736E-05
  1.083308E+01  0.000000E+00     5  1.617195E+02  8.963001E+01  1.044297E+00  1.617162E+02
  1.083308E+01  0.000000E+00     6  1.915308E-03  7.095151E+00  1.900641E-03  2.365740E-04
  1.047198E+01  0.000000E+00     1  3.395816E+01  8.956434E+01  2.582063E-01  3.395718E+01
  1.047198E+01  0.000000E+00     2  1.082821E-04 -4.745237E+01  7.322065E-05 -7.977309E-05
  1.047198E+01  0.000000E+00     3  1.833097E+02  7.005640E+00  1.819411E+02  2.235774E+01
  1.047198E+01  0.000000E+00     4  2.394295E-04  5.134250E+00  2.384689E-04  2.142647E-05
  1.047198E+01  0.000000E+00     5  1.713856E+02  8.956442E+01  1.302914E+00  1.713807E+02
  1.047198E+01  0.000000E+00     6  1.734727E-03  7.326235E+00  1.720565E-03  2.212102E-04
  1.013417E+01  0.000000E+00     1  3.586214E+01  8.949237E+01  3.177280E-01  3.586074E+01
  1.013417E+01  0.000000E+00     2  9.764421E-05 -9.097115E+01 -1.654975E-06 -9.763018E-05
  1.013417E+01  0.000000E+00     3  1.793391E+02  7.829764E+00  1.776672E+02  2.443141E+01
  1.013417E+01  0.000000E+00     4  1.208750E-04 -2.794024E+01  1.067854E-04 -5.663605E-05
  1.013417E+01  0.000000E+00     5  1.811693E+02  8.949226E+01  1.605463E+00  1.811622E+02
  1.013417E+01  0.000000E+00     6  1.738645E-03  8.295530E+00  1.720454E-03  2.508500E-04
  9.817478E+00  0.000000E+00     1  3.777629E+01  8.941359E+01  3.866236E-01  3.777431E+01
  9.817478E+00  0.000000E+00     2  1.200170E-04 -3.310126E+01  1.005390E-04 -6.554371E-05
  9.817478E+00  0.000000E+00     3  1.753913E+02  8.705434E+00  1.733707E+02  2.654627E+01
  9.817478E+00  0.000000E+00     4  1.539632E-04 -1.634501E+02 -1.475848E-04 -4.385645E-05
  9.817478E+00  0.000000E+00     5  1.910288E+02  8.941382E+01  1.954349E+00  1.910188E+02
  9.817478E+00  0.000000E+00     6  1.803972E-03  7.784633E+00  1.787347E-03  2.443477E-04
  9.519979E+00  0.000000E+00     1  3.969165E+01  8.932982E+01  4.642584E-01  3.968894E+01
  9.519979E+00  0.000000E+00     2  1.086050E-04 -7.122733E+01  3.495062E-05 -1.028275E-04
  9.519979E+00  0.000000E+00     3  1.714751E+02  9.633047E+00  1.690572E+02  2.869420E+01
  9.519979E+00  0.000000E+00     4  3.862459E-04 -1.795235E+02 -3.862325E-04 -3.212132E-06
  9.519979E+00  0.000000E+00     5  2.009204E+02  8.932947E+01  2.351303E+00  2.009066E+02
  9.519979E+00  0.000000E+00     6  1.578834E-03  9.661546E+00  1.556440E-03  2.649722E-04
  9.239980E+00  0.000000E+00     1  4.159996E+01  8.924007E+01  5.517409E-01  4.159630E+01
  9.239980E+00  0.000000E+00     2  1.399562E-04 -4.214253E+01  1.037745E-04 -9.390744E-05
  9.239980E+00  0.000000E+00     3  1.675926E+02  1.061345E+01  1.647255E+02  3.086757E+01
  9.239980E+00  0.000000E+00     4  1.369372E-04 -1.474665E+02 -1.154486E-04 -7.364387E-05
  9.239980E+00  0.000000E+00     5  2.108004E+02  8.923995E+01  2.796244E+00  2.107819E+02
  9.239980E+00  0.000000E+00     6  1.617066E-03  1.144202E+01  1.584928E-03  3.207875E-04
  8.975981E+00  0.000000E+00     1  4.349165E+01  8.914677E+01  6.476402E-01  4.348682E+01
  8.975981E+00  0.000000E+00     2  1.268496E-04 -7.183861E+01  3.953836E-05 -1.205303E-04
  8.975981E+00  0.000000E+00     3  1.637531E+02  1.164679E+01  1.603815E+02  3.305812E+01
  8.975981E+00  0.000000E+00     4  1.148217E-04 -4.660269E+01  7.888861E-05 -8.343020E-05
  8.975981E+00  0.000000E+00     5  2.206226E+02  8.914688E+01  3.284904E+00  2.205981E+02
  8.975981E+00  0.000000E+00     6  1.493153E-03  1.160081E+01  1.462652E-03  3.002608E-04
  8.726648E+00  0.000000E+00     1  4.535775E+01  8.905103E+01  7.512139E-01  4.535153E+01
  8.726648E+00  0.000000E+00     2  1.234025E-04 -4.464681E+01  8.779494E-05 -8.671916E-05
  8.726648E+00  0.000000E+00     3  1.599584E+02  1.273383E+01  1.560242E+02  3.525838E+01
  8.726648E+00  0.000000E+00     4  2.655775E-04  1.748579E+02 -2.645086E-04  2.380274E-05
  8.726648E+00  0.000000E+00     5  2.303438E+02  8.905092E+01  3.815360E+00  2.303122E+02
  8.726648E+00  0.000000E+00     6  1.520134E-03  1.211677E+01  1.486268E-03  3.190833E-04
  8.490793E+00  0.000000E+00     1  4.718896E+01  8.895420E+01  8.612753E-01  4.718110E+01
  8.490793E+00  0.000000E+00     2  1.296822E-04 -5.236921E+01  7.918020E-05 -1.027034E-04
  8.490793E+00  0.000000E+00     3  1.562161E+02  1.387457E+01  1.516582E+02  3.746018E+01
  8.490793E+00  0.000000E+00     4  9.202411E-05 -1.385066E+02 -6.892905E-05 -6.096903E-05
  8.490793E+00  0.000000E+00     5  2.399137E+02  8.895420E+01  4.378814E+00  2.398738E+02
  8.490793E+00  0.000000E+00     6  1.486022E-03  1.307875E+01  1.447474E-03  3.362720E-04
  8.267351E+00  0.000000E+00     1  4.897621E+01  8.885889E+01  9.753555E-01  4.896650E+01
  8.267351E+00  0.000000E+00     2  1.112052E-04 -6.795820E+01  4.173341E-05 -1.030772E-04
  8.267351E+00  0.000000E+00     3  1.525294E+02  1.506943E+01  1.472841E+02  3.965603E+01
  8.267351E+00  0.000000E+00     4  1.078691E-04 -4.705372E+01  7.349253E-05 -7.895939E-05
  8.267351E+00  0.000000E+00     5  2.492856E+02  8.885870E+01  4.965319E+00  2.492361E+02
  8.267351E+00  0.000000E+00     6  1.436272E-03  1.632000E+01  1.378401E-03  4.035950E-04
  8.055368E+00  0.000000E+00     1  5.070947E+01  8.876685E+01  1.091313E+00  5.069773E+01
  8.055368E+00  0.000000E+00     2  1.340166E-04 -9.564680E+01 -1.318666E-05 -1.333663E-04
  8.055368E+00  0.000000E+00     3  1.489015E+02  1.631844E+01  1.429030E+02  4.183770E+01
  8.055368E+00  0.000000E+00     4  1.196841E-04 -1.397087E+02 -9.129103E-05 -7.739663E-05
  8.055368E+00  0.000000E+00     5  2.584109E+02  8.876678E+01  5.561544E+00  2.583511E+02
  8.055368E+00  0.000000E+00     6  1.331076E-03  1.703436E+01  1.272681E-03  3.899324E-04
  7.853984E+00  0.000000E+00     1  5.238017E+01  8.868180E+01  1.204999E+00  5.236630E+01
  7.853984E+00  0.000000E+00     2  1.559390E-04 -7.742580E+01  3.394849E-05 -1.521988E-04
  7.853984E+00  0.000000E+00     3  1.453361E+02  1.762159E+01  1.385164E+02  4.399744E+01
  7.853984E+00  0.000000E+00     4  2.127909E-04 -8.979061E+01  7.776543E-07 -2.127895E-04
  7.853984E+00  0.000000E+00     5  2.672445E+02  8.868169E+01  6.148438E+00  2.671737E+02
  7.853984E+00  0.000000E+00     6  1.320986E-03  2.010778E+01  1.240469E-03  4.541380E-04
  7.662424E+00  0.000000E+00     1  5.397818E+01  8.860645E+01  1.312727E+00  5.396222E+01
  7.662424E+00  0.000000E+00     2  1.053391E-04 -8.910035E+01  1.653955E-06 -1.053261E-04
  7.662424E+00  0.000000E+00     3  1.418368E+02  1.897890E+01  1.341263E+02  4.612814E+01
  7.662424E+00  0.000000E+00     4  2.649878E-04 -1.792475E+02 -2.649650E-04 -3.480352E-06
  7.662424E+00  0.000000E+00     5  2.757345E+02  8.860641E+01  6.705952E+00  2.756529E+02
  7.662424E+00  0.000000E+00     6  1.425783E-03  1.887226E+01  1.349135E-03  4.611827E-04
  7.479985E+00  0.000000E+00     1  5.549513E+01  8.854488E+01  1.409246E+00  5.547724E+01
  7.479985E+00  0.000000E+00     2  9.350519E-05 -1.022304E+02 -1.980838E-05 -9.138298E-05
  7.479985E+00  0.000000E+00     3  1.384037E+02  2.038992E+01  1.297317E+02  4.822082E+01
  7.479985E+00  0.000000E+00     4  3.175952E-04 -1.327184E+02 -2.154550E-04 -2.333364E-04
  7.479985E+00  0.000000E+00     5  2.838354E+02  8.854491E+01  7.207525E+00  2.837439E+02
  7.479985E+00  0.000000E+00     6  1.300638E-03  2.190636E+01  1.206725E-03  4.852562E-04
  7.306032E+00  0.000000E+00     1  5.692240E+01  8.850098E+01  1.489089E+00  5.690292E+01
  7.306032E+00  0.000000E+00     2  1.539168E-04 -8.280193E+01  1.928574E-05 -1.527038E-04
  7.306032E+00  0.000000E+00     3  1.350422E+02  2.185471E+01  1.253368E+02  5.027002E+01
  7.306032E+00  0.000000E+00     4  1.686952E-04 -1.045296E+01  1.658956E-04 -3.060605E-05
  7.306032E+00  0.000000E+00     5  2.915042E+02  8.850098E+01  7.625752E+00  2.914044E+02
  7.306032E+00  0.000000E+00     6  1.276141E-03  2.423788E+01  1.163648E-03  5.238889E-04
  7.139986E+00  0.000000E+00     1  5.825237E+01  8.847909E+01  1.546123E+00  5.823185E+01
  7.139986E+00  0.000000E+00     2  1.677332E-04 -6.581267E+01  6.872391E-05 -1.530081E-04
  7.139986E+00  0.000000E+00     3  1.317512E+02  2.337289E+01  1.209400E+02  5.226749E+01
  7.139986E+00  0.000000E+00     4  6.385231E-05 -1.204968E+02 -3.240444E-05 -5.501881E-05
  7.139986E+00  0.000000E+00     5  2.986997E+02  8.847915E+01  7.927680E+00  2.985945E+02
  7.139986E+00  0.000000E+00     6  1.248538E-03  2.688803E+01  1.113561E-03  5.646492E-04
  6.981320E+00  0.000000E+00     1  5.947789E+01  8.848379E+01  1.573774E+00  5.945707E+01
  6.981320E+00  0.000000E+00     2  1.794166E-04 -8.036428E+01  3.003137E-05 -1.768854E-04
  6.981320E+00  0.000000E+00     3  1.285320E+02  2.494429E+01  1.165423E+02  5.420666E+01
  6.981320E+00  0.000000E+00     4  2.612559E-04 -2.646668E+01  2.338747E-04 -1.164358E-04
  6.981320E+00  0.000000E+00     5  3.053841E+02  8.848392E+01  8.079681E+00  3.052772E+02
  6.981320E+00  0.000000E+00     6  1.305419E-03  2.573910E+01  1.175896E-03  5.669094E-04
  6.829552E+00  0.000000E+00     1  6.059257E+01  8.852032E+01  1.564649E+00  6.057236E+01
  6.829552E+00  0.000000E+00     2  1.829732E-04 -8.518975E+01  1.534341E-05 -1.823287E-04
  6.829552E+00  0.000000E+00     3  1.253855E+02  2.656868E+01  1.121447E+02  5.608121E+01
  6.829552E+00  0.000000E+00     4  7.592654E-05  1.684057E+02 -7.437728E-05  1.525972E-05
  6.829552E+00  0.000000E+00     5  3.115221E+02  8.852029E+01  8.044432E+00  3.114182E+02
  6.829552E+00  0.000000E+00     6  1.240705E-03  2.866496E+01  1.088643E-03  5.951500E-04
  6.684242E+00  0.000000E+00     1  6.159184E+01  8.859319E+01  1.512149E+00  6.157327E+01
  6.684242E+00  0.000000E+00     2  1.377942E-04 -9.046978E+01 -1.129783E-06 -1.377895E-04
  6.684242E+00  0.000000E+00     3  1.223124E+02  2.824536E+01  1.077486E+02  5.788415E+01
  6.684242E+00  0.000000E+00     4  2.394023E-04 -2.943765E+01  2.084933E-04 -1.176605E-04
  6.684242E+00  0.000000E+00     5  3.170868E+02  8.859323E+01  7.784572E+00  3.169912E+02
  6.684242E+00  0.000000E+00     6  1.154853E-03  2.866462E+01  1.013317E-03  5.539617E-04
  6.544988E+00  0.000000E+00     1  6.247146E+01  8.870789E+01  1.408703E+00  6.245558E+01
  6.544988E+00  0.000000E+00     2  9.744577E-05 -1.080934E+02 -3.026340E-05 -9.262724E-05
  6.544988E+00  0.000000E+00     3  1.193124E+02  2.997458E+01  1.033541E+02  5.961036E+01
  6.544988E+00  0.000000E+00     4  3.432523E-04 -2.199872E+01  3.182609E-04 -1.285775E-04
  6.544988E+00  0.000000E+00     5  3.220561E+02  8.870792E+01  7.262109E+00  3.219742E+02
  6.544988E+00  0.000000E+00     6  1.150130E-03  2.988968E+01  9.971469E-04  5.731459E-04
  6.411417E+00  0.000000E+00     1  6.322921E+01  8.886932E+01  1.247691E+00  6.321690E+01
  6.411417E+00  0.000000E+00     2  1.658337E-04 -9.462184E+01 -1.336270E-05 -1.652944E-04
  6.411417E+00  0.000000E+00     3  1.163849E+02  3.175559E+01  9.896219E+01  6.125302E+01
  6.411417E+00  0.000000E+00     4  1.044573E-04 -1.273374E+02 -6.335415E-05 -8.305162E-05
  6.411417E+00  0.000000E+00     5  3.264178E+02  8.886940E+01  6.440660E+00  3.263542E+02
  6.411417E+00  0.000000E+00     6  1.154438E-03  3.473132E+01  9.487551E-04  6.577168E-04
  6.283188E+00  0.000000E+00     1  6.386399E+01  8.908265E+01  1.022476E+00  6.385580E+01
  6.283188E+00  0.000000E+00     2  1.740238E-04 -1.248416E+02 -9.942156E-05 -1.428273E-04
  6.283188E+00  0.000000E+00     3  1.135295E+02  3.358822E+01  9.457403E+01  6.280680E+01
  6.283188E+00  0.000000E+00     4  1.282580E-04 -7.660401E+01  2.971478E-05 -1.247684E-04
  6.283188E+00  0.000000E+00     5  3.301576E+02  8.908269E+01  5.285621E+00  3.301153E+02
  6.283188E+00  0.000000E+00     6  1.100300E-03  3.287825E+01  9.240608E-04  5.973044E-04
  6.159988E+00  0.000000E+00     1  6.437547E+01  8.935268E+01  7.272844E-01  6.437136E+01
  6.159988E+00  0.000000E+00     2  1.464650E-04 -9.664601E+01 -1.695110E-05 -1.454807E-04
  6.159988E+00  0.000000E+00     3  1.107460E+02  3.547234E+01  9.019106E+01  6.426698E+01
  6.159988E+00  0.000000E+00     4  2.539305E-04 -7.519559E+00  2.517467E-04 -3.323052E-05
  6.159988E+00  0.000000E+00     5  3.332829E+02  8.935278E+01  3.764766E+00  3.332617E+02
  6.159988E+00  0.000000E+00     6  1.116881E-03  3.678516E+01  8.944951E-04  6.688064E-04
  6.041527E+00  0.000000E+00     1  6.476531E+01  8.968423E+01  3.569405E-01  6.476433E+01
  6.041527E+00  0.000000E+00     2  1.659410E-04 -1.034893E+02 -3.870815E-05 -1.613632E-04
  6.041527E+00  0.000000E+00     3  1.080340E+02  3.740705E+01  8.581576E+01  6.562783E+01
  6.041527E+00  0.000000E+00     4  1.115375E-04 -7.917048E+00  1.104744E-04 -1.536310E-05
  6.041527E+00  0.000000E+00     5  3.357863E+02  8.968423E+01  1.850578E+00  3.357812E+02
  6.041527E+00  0.000000E+00     6  1.106444E-03  3.716732E+01  8.816975E-04  6.684525E-04
  5.927536E+00  0.000000E+00     1  6.503592E+01  9.008162E+01 -9.264203E-02  6.503585E+01
  5.927536E+00  0.000000E+00     2  1.496225E-04 -7.889883E+01  2.880862E-05 -1.468229E-04
  5.927536E+00  0.000000E+00     3  1.053918E+02  3.939275E+01  8.144821E+01  6.688507E+01
  5.927536E+00  0.000000E+00     4  2.561992E-04 -3.205738E+01  2.171332E-04 -1.359824E-04
  5.927536E+00  0.000000E+00     5  3.376846E+02  9.008158E+01 -4.808202E-01  3.376842E+02
  5.927536E+00  0.000000E+00     6  9.064950E-04  4.531417E+01  6.374644E-04  6.444939E-04
  5.817767E+00  0.000000E+00     1  6.519051E+01  9.054896E+01 -6.245926E-01  6.518752E+01
  5.817767E+00  0.000000E+00     2  1.444900E-04 -1.058321E+02 -3.941957E-05 -1.390089E-04
  5.817767E+00  0.000000E+00     3  1.028187E+02  4.142858E+01  7.709155E+01  6.803371E+01
  5.817767E+00  0.000000E+00     4  4.051826E-04  1.328893E+01  3.943332E-04  9.313598E-05
  5.817767E+00  0.000000E+00     5  3.389912E+02  9.054886E+01 -3.247277E+00  3.389756E+02
  5.817767E+00  0.000000E+00     6  8.658308E-04  4.349096E+01  6.281455E-04  5.958995E-04
  5.711989E+00  0.000000E+00     1  6.523410E+01  9.109010E+01 -1.241048E+00  6.522230E+01
  5.711989E+00  0.000000E+00     2  1.406782E-04 -9.468039E+01 -1.147898E-05 -1.402091E-04
  5.711989E+00  0.000000E+00     3  1.003141E+02  4.351458E+01  7.274768E+01  6.907015E+01
  5.711989E+00  0.000000E+00     4  2.152231E-04 -8.610421E+01  1.462270E-05 -2.147257E-04
  5.711989E+00  0.000000E+00     5  3.397278E+02  9.108982E+01 -6.461548E+00  3.396664E+02
  5.711989E+00  0.000000E+00     6  9.421717E-04  4.771341E+01  6.339303E-04  6.970078E-04
  5.609989E+00  0.000000E+00     1  6.517207E+01  9.170829E+01 -1.942835E+00  6.514310E+01
  5.609989E+00  0.000000E+00     2  1.773647E-04 -9.035783E+01 -1.107706E-06 -1.773612E-04
  5.609989E+00  0.000000E+00     3  9.787583E+01  4.565027E+01  6.841875E+01  6.998966E+01
  5.609989E+00  0.000000E+00     4  1.047780E-04  1.005213E+01  1.031696E-04  1.828838E-05
  5.609989E+00  0.000000E+00     5  3.399225E+02  9.170776E+01 -1.013019E+01  3.397715E+02
  5.609989E+00  0.000000E+00     6  9.584264E-04  5.089059E+01  6.045786E-04  7.436841E-04
  5.511569E+00  0.000000E+00     1  6.500961E+01  9.240647E+01 -2.729657E+00  6.495228E+01
  5.511569E+00  0.000000E+00     2  1.828424E-04 -1.051836E+02 -4.788894E-05 -1.764596E-04
  5.511569E+00  0.000000E+00     3  9.550350E+01  4.783520E+01  6.410819E+01  7.078883E+01
  5.511569E+00  0.000000E+00     4  1.022181E-04 -6.053649E+01  5.027791E-05 -8.899812E-05
  5.511569E+00  0.000000E+00     5  3.396021E+02  9.240557E+01 -1.425401E+01  3.393029E+02
  5.511569E+00  0.000000E+00     6  9.235620E-04  4.996559E+01  5.940791E-04  7.071329E-04
  5.416542E+00  0.000000E+00     1  6.475443E+01  9.318722E+01 -3.600261E+00  6.465427E+01
  5.416542E+00  0.000000E+00     2  1.371459E-04 -8.929508E+01  1.687282E-06 -1.371355E-04
  5.416542E+00  0.000000E+00     3  9.319487E+01  5.006938E+01  5.981802E+01  7.146390E+01
  5.416542E+00  0.000000E+00     4  9.872018E-05  1.394214E+02 -7.497938E-05  6.421655E-05
  5.416542E+00  0.000000E+00     5  3.387990E+02  9.318581E+01 -1.882848E+01  3.382754E+02
  5.416542E+00  0.000000E+00     6  8.788308E-04  5.314275E+01  5.271434E-04  7.031810E-04
  5.324736E+00  0.000000E+00     1  6.441253E+01  9.405254E+01 -4.552108E+00  6.425147E+01
  5.324736E+00  0.000000E+00     2  1.559651E-04 -9.413853E+01 -1.125573E-05 -1.555584E-04
  5.324736E+00  0.000000E+00     3  9.094889E+01  5.235232E+01  5.555198E+01  7.201166E+01
  5.324736E+00  0.000000E+00     4  2.620021E-04 -1.048774E+02 -6.726943E-05 -2.532192E-04
  5.324736E+00  0.000000E+00     5  3.375436E+02  9.405046E+01 -2.384241E+01  3.367005E+02
  5.324736E+00  0.000000E+00     6  8.434603E-04  5.571219E+01  4.751636E-04  6.968821E-04
  5.235991E+00  0.000000E+00     1  6.399134E+01  9.500426E+01 -5.581949E+00  6.374742E+01
  5.235991E+00  0.000000E+00     2  1.747989E-04 -1.101725E+02 -6.027898E-05 -1.640765E-04
  5.235991E+00  0.000000E+00     3  8.876512E+01  5.468436E+01  5.131337E+01  7.243055E+01
  5.235991E+00  0.000000E+00     4  2.334467E-04 -7.798246E+01  4.860619E-05 -2.283305E-04
  5.235991E+00  0.000000E+00     5  3.358773E+02  9.500120E+01 -2.928064E+01  3.345985E+02
  5.235991E+00  0.000000E+00     6  8.494621E-04  5.971377E+01  4.284008E-04  7.335247E-04
  5.150155E+00  0.000000E+00     1  6.349794E+01  9.604359E+01 -6.685377E+00  6.314503E+01
  5.150155E+00  0.000000E+00     2  1.480830E-04 -9.229101E+01 -5.919602E-06 -1.479646E-04
  5.150155E+00  0.000000E+00     3  8.664098E+01  5.706480E+01  4.710585E+01  7.271656E+01
  5.150155E+00  0.000000E+00     4  5.565110E-05 -8.623574E+01  3.653578E-06 -5.553104E-05
  5.150155E+00  0.000000E+00     5  3.338300E+02  9.603931E+01 -3.512251E+01  3.319772E+02
  5.150155E+00  0.000000E+00     6  8.315548E-04  6.544848E+01  3.455205E-04  7.563723E-04
  5.067088E+00  0.000000E+00     1  6.293937E+01  9.717148E+01 -7.857306E+00  6.244699E+01
  5.067088E+00  0.000000E+00     2  1.474701E-04 -8.764521E+01  6.059146E-06 -1.473456E-04
  5.067088E+00  0.000000E+00     3  8.457500E+01  5.949306E+01  4.293388E+01  7.286708E+01
  5.067088E+00  0.000000E+00     4  1.542705E-04 -4.319432E+01  1.124688E-04 -1.055943E-04
  5.067088E+00  0.000000E+00     5  3.314411E+02  9.716560E+01 -4.134312E+01  3.288525E+02
  5.067088E+00  0.000000E+00     6  9.116491E-04  6.501176E+01  3.851101E-04  8.263137E-04
  4.986658E+00  0.000000E+00     1  6.232264E+01  9.838870E+01 -9.092126E+00  6.165586E+01
  4.986658E+00  0.000000E+00     2  1.243081E-04 -8.634901E+01  7.915785E-06 -1.240558E-04
  4.986658E+00  0.000000E+00     3  8.256640E+01  6.196959E+01  3.880127E+01  7.288122E+01
  4.986658E+00  0.000000E+00     4  3.673739E-04 -6.988564E+00  3.646445E-04 -4.469883E-05
  4.986658E+00  0.000000E+00     5  3.287417E+02  9.838058E+01 -4.791338E+01  3.252314E+02
  4.986658E+00  0.000000E+00     6  8.191316E-04  6.798463E+01  3.070557E-04  7.594033E-04
  4.908741E+00  0.000000E+00     1  6.165434E+01  9.969540E+01 -1.038321E+01  6.077373E+01
  4.908741E+00  0.000000E+00     2  1.352206E-04 -8.729740E+01  6.375889E-06 -1.350703E-04
  4.908741E+00  0.000000E+00     3  8.061307E+01  6.449361E+01  3.471295E+01  7.275629E+01
  4.908741E+00  0.000000E+00     4  2.169326E-04 -2.741498E+00  2.166843E-04 -1.037586E-05
  4.908741E+00  0.000000E+00     5  3.257711E+02  9.968456E+01 -5.480247E+01  3.211285E+02
  4.908741E+00  0.000000E+00     6  8.773798E-04  7.370258E+01  2.462134E-04  8.421249E-04
  4.833222E+00  0.000000E+00     1  6.094105E+01  1.010919E+02 -1.172399E+01  5.980267E+01
  4.833222E+00  0.000000E+00     2  1.099613E-04 -8.967237E+01  6.287783E-07 -1.099595E-04
  4.833222E+00  0.000000E+00     3  7.871453E+01  6.706527E+01  3.067365E+01  7.249210E+01
  4.833222E+00  0.000000E+00     4  6.113479E-05 -1.347572E+01  5.945168E-05 -1.424644E-05
  4.833222E+00  0.000000E+00     5  3.225563E+02  1.010775E+02 -6.197462E+01  3.165466E+02
  4.833222E+00  0.000000E+00     6  8.431011E-04  7.474236E+01  2.218703E-04  8.133837E-04
  4.759991E+00  0.000000E+00     1  6.018905E+01  1.025777E+02 -1.310698E+01  5.874461E+01
  4.759991E+00  0.000000E+00     2  7.471236E-05 -1.034507E+02 -1.737875E-05 -7.266302E-05
  4.759991E+00  0.000000E+00     3  7.686890E+01  6.968427E+01  2.668837E+01  7.208716E+01
  4.759991E+00  0.000000E+00     4  6.080281E-05 -7.005070E+01  2.074521E-05 -5.715434E-05
  4.759991E+00  0.000000E+00     5  3.191345E+02  1.025588E+02 -6.939330E+01  3.114987E+02
  4.759991E+00  0.000000E+00     6  7.304469E-04  7.984417E+01  1.287968E-04  7.190021E-04
  4.688947E+00  0.000000E+00     1  5.940381E+01  1.041528E+02 -1.452476E+01  5.760073E+01
  4.688947E+00  0.000000E+00     2  1.403029E-04 -8.321309E+01  1.658060E-05 -1.393197E-04
  4.688947E+00  0.000000E+00     3  7.507474E+01  7.235051E+01  2.276214E+01  7.154090E+01
  4.688947E+00  0.000000E+00     4  2.485872E-04 -2.112444E+01  2.318821E-04 -8.958951E-05
  4.688947E+00  0.000000E+00     5  3.155324E+02  1.041282E+02 -7.701887E+01  3.059882E+02
  4.688947E+00  0.000000E+00     6  7.893053E-04  7.926870E+01  1.469714E-04  7.755012E-04
  4.619992E+00  0.000000E+00     1  5.859098E+01  1.058165E+02 -1.596940E+01  5.637270E+01
  4.619992E+00  0.000000E+00     2  9.910179E-05 -7.434315E+01  2.674512E-05 -9.542464E-05
  4.619992E+00  0.000000E+00     3  7.332967E+01  7.506351E+01  1.890059E+01  7.085201E+01
  4.619992E+00  0.000000E+00     4  1.252426E-04 -1.911277E+01  1.183387E-04 -4.100800E-05
  4.619992E+00  0.000000E+00     5  3.117766E+02  1.057848E+02 -8.481087E+01  3.000197E+02
  4.619992E+00  0.000000E+00     6  7.432777E-04  8.663886E+01  4.357790E-05  7.419991E-04
  4.553035E+00  0.000000E+00     1  5.775530E+01  1.075683E+02 -1.743301E+01  5.506146E+01
  4.553035E+00  0.000000E+00     2  1.010420E-04 -7.142282E+01  3.219015E-05 -9.577724E-05
  4.553035E+00  0.000000E+00     3  7.163378E+01  7.782355E+01  1.510922E+01  7.002221E+01
  4.553035E+00  0.000000E+00     4  1.246819E-04 -1.138358E+01  1.222291E-04 -2.460927E-05
  4.553035E+00  0.000000E+00     5  3.078962E+02  1.075277E+02 -9.272818E+01  2.936010E+02
  4.553035E+00  0.000000E+00     6  6.866415E-04  8.379716E+01  7.419072E-05  6.826217E-04
  4.487992E+00  0.000000E+00     1  5.690153E+01  1.094075E+02 -1.890749E+01  5.366834E+01
  4.487992E+00  0.000000E+00     2  6.106286E-05 -4.718750E+01  4.149840E-05 -4.479459E-05
  4.487992E+00  0.000000E+00     3  6.998444E+01  8.063018E+01  1.139390E+01  6.905071E+01
  4.487992E+00  0.000000E+00     4  2.618248E-04 -8.931187E+01  3.144494E-06 -2.618060E-04
  4.487992E+00  0.000000E+00     5  3.039120E+02  1.093561E+02 -1.007282E+02  2.867339E+02
  4.487992E+00  0.000000E+00     6  7.730041E-04  8.984077E+01  2.148143E-06  7.730012E-04
  4.424781E+00  0.000000E+00     1  5.603402E+01  1.113331E+02 -2.038454E+01  5.219466E+01
  4.424781E+00  0.000000E+00     2  8.326033E-05 -6.844189E+01  3.059355E-05 -7.743589E-05
  4.424781E+00  0.000000E+00     3  6.838110E+01  8.348338E+01  7.760666E+00  6.793929E+01
  4.424781E+00  0.000000E+00     4  1.895270E-04 -1.467715E+01  1.833425E-04 -4.802085E-05
  4.424781E+00  0.000000E+00     5  2.998483E+02  1.112683E+02 -1.087657E+02  2.794262E+02
  4.424781E+00  0.000000E+00     6  7.233591E-04  9.390921E+01 -4.931542E-05  7.216761E-04
  4.363326E+00  0.000000E+00     1  5.515643E+01  1.133444E+02 -2.185610E+01  5.064131E+01
  4.363326E+00  0.000000E+00     2  1.167032E-04 -6.182219E+01  5.510832E-05 -1.028723E-04
  4.363326E+00  0.000000E+00     3  6.682238E+01  8.638306E+01  4.215538E+00  6.668928E+01
  4.363326E+00  0.000000E+00     4  2.938775E-05 -1.837856E+00  2.937263E-05 -9.424984E-07
  4.363326E+00  0.000000E+00     5  2.957205E+02  1.132637E+02 -1.167987E+02  2.716775E+02
  4.363326E+00  0.000000E+00     6  6.719143E-04  9.068761E+01 -8.063454E-06  6.718659E-04
  4.303554E+00  0.000000E+00     1  5.427252E+01  1.154406E+02 -2.331411E+01  4.900978E+01
  4.303554E+00  0.000000E+00     2  8.582950E-05 -5.904571E+01  4.414676E-05 -7.360548E-05
  4.303554E+00  0.000000E+00     3  6.530676E+01  8.932912E+01  7.646589E-01  6.530228E+01
  4.303554E+00  0.000000E+00     4  2.123596E-04 -3.493635E+01  1.740900E-04 -1.216112E-04
  4.303554E+00  0.000000E+00     5  2.915529E+02  1.153402E+02 -1.247826E+02  2.635003E+02
  4.303554E+00  0.000000E+00     6  7.449677E-04  9.681688E+01 -8.842505E-05  7.397012E-04
  4.245398E+00  0.000000E+00     1  5.338548E+01  1.176205E+02 -2.475022E+01  4.730155E+01
  4.245398E+00  0.000000E+00     2  5.982743E-05 -8.385743E+01  6.401708E-06 -5.948394E-05
  4.245398E+00  0.000000E+00     3  6.383276E+01  9.232156E+01 -2.585718E+00  6.378037E+01
  4.245398E+00  0.000000E+00     4  1.858282E-04 -4.391614E+01  1.338624E-04 -1.288913E-04
  4.245398E+00  0.000000E+00     5  2.873582E+02  1.174968E+02 -1.326732E+02  2.548972E+02
  4.245398E+00  0.000000E+00     6  6.725117E-04  1.014893E+02 -1.339538E-04  6.590359E-04
  4.188793E+00  0.000000E+00     1  5.249856E+01  1.198834E+02 -2.615668E+01  4.551842E+01
  4.188793E+00  0.000000E+00     2  6.425397E-05 -2.213429E+00  6.420603E-05 -2.481618E-06
  4.188793E+00  0.000000E+00     3  6.239982E+01  9.536021E+01 -5.829192E+00  6.212695E+01
  4.188793E+00  0.000000E+00     4  7.554123E-05 -2.729851E+01  6.712814E-05 -3.464520E-05
  4.188793E+00  0.000000E+00     5  2.831548E+02  1.197320E+02 -1.404287E+02  2.458789E+02
  4.188793E+00  0.000000E+00     6  6.707358E-04  9.763387E+01 -8.910213E-05  6.647912E-04
  4.133677E+00  0.000000E+00     1  5.161398E+01  1.222285E+02 -2.752557E+01  4.366172E+01
  4.133677E+00  0.000000E+00     2  9.034728E-05 -5.826974E+01  4.751552E-05 -7.684338E-05
  4.133677E+00  0.000000E+00     3  6.100592E+01  9.844510E+01 -8.959436E+00  6.034444E+01
  4.133677E+00  0.000000E+00     4  2.435164E-04 -4.453892E+01  1.735722E-04 -1.708008E-04
  4.133677E+00  0.000000E+00     5  2.789511E+02  1.220443E+02 -1.480045E+02  2.364496E+02
  4.133677E+00  0.000000E+00     6  6.209404E-04  1.102672E+02 -2.150932E-04  5.824962E-04
  4.079993E+00  0.000000E+00     1  5.073450E+01  1.246547E+02 -2.884911E+01  4.173390E+01
  4.079993E+00  0.000000E+00     2  8.788567E-05 -5.223230E+01  5.382660E-05 -6.947366E-05
  4.079993E+00  0.000000E+00     3  5.965012E+01  1.015763E+02 -1.197019E+01  5.843673E+01
  4.079993E+00  0.000000E+00     4  1.817638E-04 -1.067608E+01  1.786175E-04 -3.367290E-05
  4.079993E+00  0.000000E+00     5  2.747626E+02  1.244319E+02 -1.553580E+02  2.266239E+02
  4.079993E+00  0.000000E+00     6  6.501128E-04  1.108537E+02 -2.314294E-04  6.075254E-04
  4.027685E+00  0.000000E+00     1  4.986284E+01  1.271609E+02 -3.011996E+01  3.973778E+01
  4.027685E+00  0.000000E+00     2  8.213825E-05 -8.450468E+01  7.865924E-06 -8.176074E-05
  4.027685E+00  0.000000E+00     3  5.833196E+01  1.047539E+02 -1.485524E+01  5.640868E+01
  4.027685E+00  0.000000E+00     4  2.953212E-04 -1.056889E+01  2.903111E-04 -5.416712E-05
  4.027685E+00  0.000000E+00     5  2.705982E+02  1.268930E+02 -1.624462E+02  2.164131E+02
  4.027685E+00  0.000000E+00     6  5.855365E-04  1.183662E+02 -2.781916E-04  5.152304E-04
  3.976702E+00  0.000000E+00     1  4.900035E+01  1.297467E+02 -3.133055E+01  3.767533E+01
  3.976702E+00  0.000000E+00     2  7.309291E-05 -5.708988E+01  3.971304E-05 -6.136324E-05
  3.976702E+00  0.000000E+00     3  5.704942E+01  1.079779E+02 -1.760827E+01  5.426403E+01
  3.976702E+00  0.000000E+00     4  1.152269E-04 -6.433603E+01  4.990387E-05 -1.038597E-04
  3.976702E+00  0.000000E+00     5  2.664673E+02  1.294262E+02 -1.692290E+02  2.058309E+02
  3.976702E+00  0.000000E+00     6  6.784912E-04  1.179630E+02 -3.181456E-04  5.992776E-04
  3.926993E+00  0.000000E+00     1  4.814957E+01  1.324106E+02 -3.247396E+01  3.555029E+01
  3.926993E+00  0.000000E+00     2  8.929851E-05 -2.253489E+01  8.248024E-05 -3.422330E-05
  3.926993E+00  0.000000E+00     3  5.580143E+01  1.112486E+02 -2.022327E+01  5.200787E+01
  3.926993E+00  0.000000E+00     4  1.933368E-04 -1.653186E+01  1.853446E-04 -5.501369E-05
  3.926993E+00  0.000000E+00     5  2.623796E+02  1.320294E+02 -1.756665E+02  1.948958E+02
  3.926993E+00  0.000000E+00     6  6.379573E-04  1.274581E+02 -3.879934E-04  5.064095E-04
  3.878512E+00  0.000000E+00     1  4.731216E+01  1.351519E+02 -3.354332E+01  3.336595E+01
  3.878512E+00  0.000000E+00     2  1.186666E-04 -5.187347E+01  7.326477E-05 -9.334899E-05
  3.878512E+00  0.000000E+00     3  5.458817E+01  1.145658E+02 -2.269435E+01  4.964711E+01
  3.878512E+00  0.000000E+00     4  6.483523E-05 -1.991719E-01  6.483484E-05 -2.253801E-07
  3.878512E+00  0.000000E+00     5  2.583391E+02  1.347011E+02 -1.817180E+02  1.836237E+02
  3.878512E+00  0.000000E+00     6  5.935963E-04  1.292912E+02 -3.759017E-04  4.594066E-04
  3.831213E+00  0.000000E+00     1  4.648974E+01  1.379695E+02 -3.453207E+01  3.112608E+01
  3.831213E+00  0.000000E+00     2  9.874377E-05 -1.906037E+01  9.333014E-05 -3.224617E-05
  3.831213E+00  0.000000E+00     3  5.340746E+01  1.179304E+02 -2.501594E+01  4.718644E+01
  3.831213E+00  0.000000E+00     4  2.108239E-04 -2.595347E+01  1.895622E-04 -9.226520E-05
  3.831213E+00  0.000000E+00     5  2.543541E+02  1.374394E+02 -1.873476E+02  1.720375E+02
  3.831213E+00  0.000000E+00     6  5.924540E-04  1.360186E+02 -4.263092E-04  4.114150E-04
  3.785054E+00  0.000000E+00     1  4.568404E+01  1.408622E+02 -3.543391E+01  2.883522E+01
  3.785054E+00  0.000000E+00     2  8.027239E-05 -2.938049E+01  6.994783E-05 -3.938220E-05
  3.785054E+00  0.000000E+00     3  5.225861E+01  1.213420E+02 -2.718206E+01  4.463292E+01
  3.785054E+00  0.000000E+00     4  1.922950E-04  4.484813E+01  1.363331E-04  1.356122E-04
  3.785054E+00  0.000000E+00     5  2.504280E+02  1.402421E+02 -1.925175E+02  1.601599E+02
  3.785054E+00  0.000000E+00     6  5.596533E-04  1.303309E+02 -3.622086E-04  4.266342E-04
  3.739994E+00  0.000000E+00     1  4.489663E+01  1.438289E+02 -3.624316E+01  2.649795E+01
  3.739994E+00  0.000000E+00     2  8.021377E-05 -5.313086E+01  4.812741E-05 -6.417165E-05
  3.739994E+00  0.000000E+00     3  5.114140E+01  1.248012E+02 -2.918799E+01  4.199409E+01
  3.739994E+00  0.000000E+00     4  1.436245E-04 -4.486069E+01  1.018045E-04 -1.013107E-04
  3.739994E+00  0.000000E+00     5  2.465658E+02  1.431076E+02 -1.971944E+02  1.480170E+02
  3.739994E+00  0.000000E+00     6  6.135096E-04  1.336671E+02 -4.236085E-04  4.437903E-04
  3.695994E+00  0.000000E+00     1  4.412899E+01  1.468678E+02 -3.695413E+01  2.411970E+01
  3.695994E+00  0.000000E+00     2  1.177166E-04 -4.295751E+01  8.615195E-05 -8.021863E-05
  3.695994E+00  0.000000E+00     3  5.005531E+01  1.283080E+02 -3.102874E+01  3.927787E+01
  3.695994E+00  0.000000E+00     4  6.724108E-05 -7.877746E+01  1.308648E-05 -6.595533E-05
  3.695994E+00  0.000000E+00     5  2.427682E+02  1.460332E+02 -2.013426E+02  1.356377E+02
  3.695994E+00  0.000000E+00     6  5.895949E-04  1.347738E+02 -4.152574E-04  4.185492E-04
  3.653017E+00  0.000000E+00     1  4.338224E+01  1.499777E+02 -3.756169E+01  2.170573E+01
  3.653017E+00  0.000000E+00     2  1.068634E-04 -3.708433E+01  8.525015E-05 -6.443753E-05
  3.653017E+00  0.000000E+00     3  4.899891E+01  1.318635E+02 -3.269983E+01  3.649129E+01
  3.653017E+00  0.000000E+00     4  7.209281E-05 -3.895134E+01  5.606515E-05 -4.532188E-05
  3.653017E+00  0.000000E+00     5  2.390381E+02  1.490175E+02 -2.049333E+02  1.230510E+02
  3.653017E+00  0.000000E+00     6  5.370333E-04  1.446597E+02 -4.380746E-04  3.106370E-04
  3.611028E+00  0.000000E+00     1  4.265776E+01  1.531566E+02 -3.806113E+01  1.926225E+01
  3.611028E+00  0.000000E+00     2  8.557914E-05 -4.001479E+01  6.554323E-05 -5.502613E-05
  3.611028E+00  0.000000E+00     3  4.797170E+01  1.354678E+02 -3.419693E+01  3.364305E+01
  3.611028E+00  0.000000E+00     4  9.626352E-05 -2.297392E+01  8.862815E-05 -3.757281E-05
  3.611028E+00  0.000000E+00     5  2.353765E+02  1.520582E+02 -2.079372E+02  1.102916E+02
  3.611028E+00  0.000000E+00     6  5.698590E-04  1.454723E+02 -4.694796E-04  3.229988E-04
  3.569994E+00  0.000000E+00     1  4.195666E+01  1.564026E+02 -3.844828E+01  1.679557E+01
  3.569994E+00  0.000000E+00     2  6.004459E-05 -2.978832E+01  5.211070E-05 -2.982997E-05
  3.569994E+00  0.000000E+00     3  4.697377E+01  1.391211E+02 -3.551661E+01  3.074257E+01
  3.569994E+00  0.000000E+00     4  1.812571E-04  4.079927E+01  1.372122E-04  1.184354E-04
  3.569994E+00  0.000000E+00     5  2.317844E+02  1.551529E+02 -2.103286E+02  9.739552E+01
  3.569994E+00  0.000000E+00     6  5.595568E-04  1.522326E+02 -4.951217E-04  2.606882E-04
  3.529882E+00  0.000000E+00     1  4.127991E+01  1.597132E+02 -3.871927E+01  1.431255E+01
  3.529882E+00  0.000000E+00     2  6.492449E-05 -3.418166E+01  5.370947E-05 -3.647578E-05
  3.529882E+00  0.000000E+00     3  4.600444E+01  1.428241E+02 -3.665559E+01  2.779885E+01
  3.529882E+00  0.000000E+00     4  8.125829E-05 -9.668905E+01 -9.465031E-06 -8.070515E-05
  3.529882E+00  0.000000E+00     5  2.282595E+02  1.582994E+02 -2.120824E+02  8.440057E+01
  3.529882E+00  0.000000E+00     6  5.640616E-04  1.554073E+02 -5.128951E-04  2.347426E-04
  3.490661E+00  0.000000E+00     1  4.062848E+01  1.630858E+02 -3.887095E+01  1.182041E+01
  3.490661E+00  0.000000E+00     2  7.837160E-05 -3.497627E+01  6.421687E-05 -4.492551E-05
  3.490661E+00  0.000000E+00     3  4.506338E+01  1.465772E+02 -3.761121E+01  2.482146E+01
  3.490661E+00  0.000000E+00     4  1.052588E-04  6.302596E+01  4.774402E-05  9.380793E-05
  3.490661E+00  0.000000E+00     5  2.247999E+02  1.614957E+02 -2.131776E+02  7.134621E+01
  3.490661E+00  0.000000E+00     6  5.397466E-04  1.515052E+02 -4.743618E-04  2.575020E-04
  3.452302E+00  0.000000E+00     1  4.000291E+01  1.665173E+02 -3.890044E+01  9.326733E+00
  3.452302E+00  0.000000E+00     2  6.976524E-05 -2.871222E+01  6.118717E-05 -3.351596E-05
  3.452302E+00  0.000000E+00     3  4.415117E+01  1.503810E+02 -3.838198E+01  2.182085E+01
  3.452302E+00  0.000000E+00     4  5.905741E-05 -2.075875E+01  5.522347E-05 -2.093194E-05
  3.452302E+00  0.000000E+00     5  2.214027E+02  1.647395E+02 -2.135959E+02  5.827495E+01
  3.452302E+00  0.000000E+00     6  5.572687E-04  1.633097E+02 -5.337917E-04  1.600465E-04
  3.414777E+00  0.000000E+00     1  3.940366E+01  1.700043E+02 -3.880555E+01  6.839459E+00
  3.414777E+00  0.000000E+00     2  5.603677E-05 -1.706236E+01  5.357037E-05 -1.644188E-05
  3.414777E+00  0.000000E+00     3  4.326700E+01  1.542361E+02 -3.896594E+01  1.880662E+01
  3.414777E+00  0.000000E+00     4  1.086784E-04 -4.608677E+01  7.537589E-05 -7.829093E-05
  3.414777E+00  0.000000E+00     5  2.180636E+02  1.680284E+02 -2.133209E+02  4.523219E+01
  3.414777E+00  0.000000E+00     6  5.225865E-04  1.602815E+02 -4.919429E-04  1.763203E-04
  3.378059E+00  0.000000E+00     1  3.883105E+01  1.735431E+02 -3.858474E+01  4.366763E+00
  3.378059E+00  0.000000E+00     2  5.897896E-05 -4.418271E-01  5.897721E-05 -4.548022E-07
  3.378059E+00  0.000000E+00     3  4.241105E+01  1.581417E+02 -3.936202E+01  1.579015E+01
  3.378059E+00  0.000000E+00     4  1.233861E-04 -3.168501E+01  1.049952E-04 -6.480841E-05
  3.378059E+00  0.000000E+00     5  2.147790E+02  1.713607E+02 -2.123420E+02  3.226268E+01
  3.378059E+00  0.000000E+00     6  5.537027E-04  1.683425E+02 -5.422814E-04  1.118819E-04
  3.342122E+00  0.000000E+00     1  3.828504E+01  1.771297E+02 -3.823701E+01  1.917152E+00
  3.342122E+00  0.000000E+00     2  7.165638E-05 -2.425235E+01  6.533236E-05 -2.943330E-05
  3.342122E+00  0.000000E+00     3  4.158434E+01  1.620991E+02 -3.957122E+01  1.278185E+01
  3.342122E+00  0.000000E+00     4  7.101087E-05 -4.381606E+01  5.123904E-05 -4.916405E-05
  3.342122E+00  0.000000E+00     5  2.115424E+02  1.747342E+02 -2.106496E+02  1.941461E+01
  3.342122E+00  0.000000E+00     6  5.156611E-04  1.656006E+02 -4.994620E-04  1.282346E-04
  3.306942E+00  0.000000E+00     1  3.776524E+01 -1.792405E+02 -3.776192E+01 -5.005870E-01
  3.306942E+00  0.000000E+00     2  4.674963E-05 -2.396482E+01  4.271958E-05 -1.898856E-05
  3.306942E+00  0.000000E+00     3  4.078650E+01  1.661074E+02 -3.959340E+01  9.792935E+00
  3.306942E+00  0.000000E+00     4  3.387083E-05  8.160132E+01  4.947186E-06  3.350759E-05
  3.306942E+00  0.000000E+00     5  2.083463E+02  1.781471E+02 -2.082373E+02  6.736738E+00
  3.306942E+00  0.000000E+00     6  5.281713E-04  1.730478E+02 -5.242879E-04  6.393065E-05
  3.272495E+00  0.000000E+00     1  3.727092E+01 -1.755720E+02 -3.715968E+01 -2.877529E+00
  3.272495E+00  0.000000E+00     2  8.197768E-05  1.926907E+00  8.193132E-05  2.756461E-06
  3.272495E+00  0.000000E+00     3  4.001781E+01  1.701665E+02 -3.942987E+01  6.834483E+00
  3.272495E+00  0.000000E+00     4  9.815647E-05  2.571033E+01  8.843886E-05  4.258240E-05
  3.272495E+00  0.000000E+00     5  2.051851E+02 -1.784023E+02 -2.051053E+02 -5.720932E+00
  3.272495E+00  0.000000E+00     6  5.316139E-04 -1.737999E+02 -5.285045E-04 -5.741445E-05
  3.238758E+00  0.000000E+00     1  3.680116E+01 -1.718696E+02 -3.643126E+01 -5.204648E+00
  3.238758E+00  0.000000E+00     2  4.821669E-05  7.697707E+00  4.778219E-05  6.458459E-06
  3.238758E+00  0.000000E+00     3  3.927893E+01  1.742758E+02 -3.908307E+01  3.917712E+00
  3.238758E+00  0.000000E+00     4  1.326076E-04  1.620858E+01  1.273367E-04  3.701542E-05
  3.238758E+00  0.000000E+00     5  2.020492E+02 -1.749151E+02 -2.012541E+02 -1.790811E+01
  3.238758E+00  0.000000E+00     6  4.233572E-04 -1.752213E+02 -4.218856E-04 -3.526863E-05
  3.205709E+00  0.000000E+00     1  3.635431E+01 -1.681381E+02 -3.557800E+01 -7.472731E+00
  3.205709E+00  0.000000E+00     2  7.840047E-05  1.526952E+00  7.837264E-05  2.089152E-06
  3.205709E+00  0.000000E+00     3  3.857109E+01  1.784341E+02 -3.855669E+01  1.054030E+00
  3.205709E+00  0.000000E+00     4  1.059654E-04 -5.353217E+01  6.298278E-05 -8.521636E-05
  3.205709E+00  0.000000E+00     5  1.989310E+02 -1.713923E+02 -1.966903E+02 -2.977379E+01
  3.205709E+00  0.000000E+00     6  5.174980E-04 -1.696970E+02 -5.091536E-04 -9.255689E-05
  3.173328E+00  0.000000E+00     1  3.592881E+01 -1.643825E+02 -3.460233E+01 -9.672544E+00
  3.173328E+00  0.000000E+00     2  6.228827E-05  1.627614E+01  5.979189E-05  1.745735E-05
  3.173328E+00  0.000000E+00     3  3.789329E+01 -1.773599E+02 -3.785307E+01 -1.745437E+00
  3.173328E+00  0.000000E+00     4  7.331505E-05  1.803127E+01  6.971438E-05  2.269365E-05
  3.173328E+00  0.000000E+00     5  1.958222E+02 -1.678345E+02 -1.914246E+02 -4.126675E+01
  3.173328E+00  0.000000E+00     6  5.373702E-04 -1.656429E+02 -5.205877E-04 -1.332485E-04
  3.141595E+00  0.000000E+00     1  3.552229E+01 -1.606071E+02 -3.350688E+01 -1.179500E+01
  3.141595E+00  0.000000E+00     2  4.438021E-05  1.191954E+01  4.342332E-05  9.166193E-06
  3.141595E+00  0.000000E+00     3  3.724807E+01 -1.731084E+02 -3.697894E+01 -4.469471E+00
  3.141595E+00  0.000000E+00     4  1.557519E-04  3.347110E+00  1.554862E-04  9.093550E-06
  3.141595E+00  0.000000E+00     5  1.927120E+02 -1.642417E+02 -1.854691E+02 -5.233678E+01
  3.141595E+00  0.000000E+00     6  4.736465E-04 -1.583873E+02 -4.403469E-04 -1.744582E-04
  3.110490E+00  0.000000E+00     1  3.513227E+01 -1.568163E+02 -3.229525E+01 -1.383088E+01
  3.110490E+00  0.000000E+00     2  5.555837E-05 -8.864582E-01  5.555172E-05 -8.595434E-07
  3.110490E+00  0.000000E+00     3  3.663427E+01 -1.688139E+02 -3.593830E+01 -7.106950E+00
  3.110490E+00  0.000000E+00     4  7.018389E-05  6.753048E+01  2.682372E-05  6.485573E-05
  3.110490E+00  0.000000E+00     5  1.895947E+02 -1.606136E+02 -1.788450E+02 -6.293359E+01
  3.110490E+00  0.000000E+00     6  4.767430E-04 -1.562768E+02 -4.364581E-04 -1.918026E-04
  3.079995E+00  0.000000E+00     1  3.475601E+01 -1.530139E+02 -3.097165E+01 -1.577141E+01
  3.079995E+00  0.000000E+00     2  6.086417E-05  1.053876E+01  5.983748E-05  1.113210E-05
  3.079995E+00  0.000000E+00     3  3.605249E+01 -1.644793E+02 -3.473779E+01 -9.647149E+00
  3.079995E+00  0.000000E+00     4  2.480876E-04  1.876367E+01  2.349026E-04  7.980119E-05
  3.079995E+00  0.000000E+00     5  1.864608E+02 -1.569489E+02 -1.715730E+02 -7.300901E+01
  3.079995E+00  0.000000E+00     6  4.930790E-04 -1.672336E+02 -4.808896E-04 -1.089591E-04
  3.050092E+00  0.000000E+00     1  3.439030E+01 -1.492029E+02 -2.954078E+01 -1.760782E+01
  3.050092E+00  0.000000E+00     2  5.737200E-05  2.775871E+01  5.076945E-05  2.672095E-05
  3.050092E+00  0.000000E+00     3  3.550351E+01 -1.601091E+02 -3.338543E+01 -1.207939E+01
  3.050092E+00  0.000000E+00     4  5.888240E-05 -7.314782E+01  1.707021E-05 -5.635375E-05
  3.050092E+00  0.000000E+00     5  1.833024E+02 -1.532463E+02 -1.636798E+02 -8.251476E+01
  3.050092E+00  0.000000E+00     6  5.004260E-04 -1.568384E+02 -4.600913E-04 -1.968305E-04
  3.020764E+00  0.000000E+00     1  3.403206E+01 -1.453856E+02 -2.800818E+01 -1.933192E+01
  3.020764E+00  0.000000E+00     2  4.889884E-05  2.359000E+01  4.481249E-05  1.956878E-05
  3.020764E+00  0.000000E+00     3  3.498673E+01 -1.557070E+02 -3.188877E+01 -1.439367E+01
  3.020764E+00  0.000000E+00     4  1.240845E-04  3.584986E+01  1.005773E-04  7.267173E-05
  3.020764E+00  0.000000E+00     5  1.801145E+02 -1.495034E+02 -1.551973E+02 -9.140582E+01
  3.020764E+00  0.000000E+00     6  4.535529E-04 -1.503082E+02 -3.940023E-04 -2.246606E-04
  2.991995E+00  0.000000E+00     1  3.367787E+01 -1.415637E+02 -2.637987E+01 -2.093565E+01
  2.991995E+00  0.000000E+00     2  5.601384E-05  9.714978E+00  5.521057E-05  9.452171E-06
  2.991995E+00  0.000000E+00     3  3.450161E+01 -1.512782E+02 -3.025663E+01 -1.658003E+01
  2.991995E+00  0.000000E+00     4  8.779714E-05  4.421718E+01  6.292434E-05  6.122797E-05
  2.991995E+00  0.000000E+00     5  1.768922E+02 -1.457172E+02 -1.461602E+02 -9.963948E+01
  2.991995E+00  0.000000E+00     6  4.769794E-04 -1.451813E+02 -3.915822E-04 -2.723467E-04
  2.963768E+00  0.000000E+00     1  3.332463E+01 -1.377378E+02 -2.466273E+01 -2.241161E+01
  2.963768E+00  0.000000E+00     2  4.615435E-05  1.022538E+01  4.542128E-05  8.193352E-06
  2.963768E+00  0.000000E+00     3  3.404753E+01 -1.468287E+02 -2.849911E+01 -1.862889E+01
  2.963768E+00  0.000000E+00     4  1.837764E-04  6.086926E+01  8.946308E-05  1.605307E-04
  2.963768E+00  0.000000E+00     5  1.736331E+02 -1.418844E+02 -1.366089E+02 -1.071750E+02
  2.963768E+00  0.000000E+00     6  4.379799E-04 -1.420198E+02 -3.452260E-04 -2.695281E-04
  2.936070E+00  0.000000E+00     1  3.296916E+01 -1.339072E+02 -2.286388E+01 -2.375308E+01
  2.936070E+00  0.000000E+00     2  6.001979E-05  1.540133E+01  5.786443E-05  1.593997E-05
  2.936070E+00  0.000000E+00     3  3.362319E+01 -1.423640E+02 -2.662641E+01 -2.053177E+01
  2.936070E+00  0.000000E+00     4  3.705785E-05  4.874712E+01  2.443534E-05  2.786034E-05
  2.936070E+00  0.000000E+00     5  1.703382E+02 -1.380009E+02 -1.265877E+02 -1.139766E+02
  2.936070E+00  0.000000E+00     6  3.994668E-04 -1.426816E+02 -3.176875E-04 -2.421743E-04
  2.908884E+00  0.000000E+00     1  3.260881E+01 -1.300711E+02 -2.099150E+01 -2.495378E+01
  2.908884E+00  0.000000E+00     2  3.525898E-05  4.126496E+00  3.516757E-05  2.537190E-06
  2.908884E+00  0.000000E+00     3  3.322720E+01 -1.378907E+02 -2.465016E+01 -2.228041E+01
  2.908884E+00  0.000000E+00     4  1.623540E-04  1.420983E+02 -1.281081E-04  9.973539E-05
  2.908884E+00  0.000000E+00     5  1.670066E+02 -1.340620E+02 -1.161425E+02 -1.200088E+02
  2.908884E+00  0.000000E+00     6  4.371712E-04 -1.402013E+02 -3.358777E-04 -2.798300E-04
  2.882197E+00  0.000000E+00     1  3.224095E+01 -1.262268E+02 -1.905383E+01 -2.600827E+01
  2.882197E+00  0.000000E+00     2  4.004256E-05  5.425714E+01  2.339080E-05  3.250042E-05
  2.882197E+00  0.000000E+00     3  3.285699E+01 -1.334149E+02 -2.258185E+01 -2.386717E+01
  2.882197E+00  0.000000E+00     4  4.463501E-05 -1.580402E+02 -4.139659E-05 -1.669151E-05
  2.882197E+00  0.000000E+00     5  1.636463E+02 -1.300630E+02 -1.053277E+02 -1.252445E+02
  2.882197E+00  0.000000E+00     6  4.225979E-04 -1.376563E+02 -3.123497E-04 -2.846518E-04
  2.855995E+00  0.000000E+00     1  3.186375E+01 -1.223720E+02 -1.706032E+01 -2.691178E+01
  2.855995E+00  0.000000E+00     2  4.197573E-05  5.367956E+01  2.486226E-05  3.382056E-05
  2.855995E+00  0.000000E+00     3  3.251023E+01 -1.289430E+02 -2.043420E+01 -2.528555E+01
  2.855995E+00  0.000000E+00     4  1.080312E-04  5.911069E+01  5.546119E-05  9.270816E-05
  2.855995E+00  0.000000E+00     5  1.602628E+02 -1.259990E+02 -9.419777E+01 -1.296570E+02
  2.855995E+00  0.000000E+00     6  3.876923E-04 -1.416354E+02 -3.039808E-04 -2.406263E-04
  2.830266E+00  0.000000E+00     1  3.147562E+01 -1.185033E+02 -1.502047E+01 -2.766044E+01
  2.830266E+00  0.000000E+00     2  3.310872E-05  5.630759E+01  1.836654E-05  2.754737E-05
  2.830266E+00  0.000000E+00     3  3.218326E+01 -1.244815E+02 -1.822023E+01 -2.652895E+01
  2.830266E+00  0.000000E+00     4  9.564241E-06  1.445209E+02 -7.788418E-06  5.551148E-06
  2.830266E+00  0.000000E+00     5  1.568661E+02 -1.218644E+02 -8.281130E+01 -1.332263E+02
  2.830266E+00  0.000000E+00     6  5.043211E-04 -1.384726E+02 -3.775542E-04 -3.343541E-04
  2.804995E+00  0.000000E+00     1  3.107573E+01 -1.146167E+02 -1.294446E+01 -2.825140E+01
  2.804995E+00  0.000000E+00     2  3.691194E-05  2.927414E+01  3.219792E-05  1.804953E-05
  2.804995E+00  0.000000E+00     3  3.187284E+01 -1.200349E+02 -1.595321E+01 -2.759299E+01
  2.804995E+00  0.000000E+00     4  1.227568E-04  1.296948E+02 -7.840456E-05  9.445613E-05
  2.804995E+00  0.000000E+00     5  1.534667E+02 -1.176553E+02 -7.123182E+01 -1.359340E+02
  2.804995E+00  0.000000E+00     6  3.233948E-04 -1.240314E+02 -1.809868E-04 -2.680074E-04
  2.780172E+00  0.000000E+00     1  3.066367E+01 -1.107082E+02 -1.084293E+01 -2.868259E+01
  2.780172E+00  0.000000E+00     2  4.867329E-05  7.149247E+01  1.545033E-05  4.615600E-05
  2.780172E+00  0.000000E+00     3  3.157480E+01 -1.156086E+02 -1.364728E+01 -2.847314E+01
  2.780172E+00  0.000000E+00     4  5.557297E-05  1.791365E+02 -5.556666E-05  8.374918E-07
  2.780172E+00  0.000000E+00     5  1.500806E+02 -1.133666E+02 -5.952382E+01 -1.377719E+02
  2.780172E+00  0.000000E+00     6  4.292333E-04 -1.261006E+02 -2.529063E-04 -3.468136E-04
  2.755785E+00  0.000000E+00     1  3.023954E+01 -1.067740E+02 -8.727053E+00 -2.895287E+01
  2.755785E+00  0.000000E+00     2  4.179627E-05  7.200627E+01  1.291141E-05  3.975203E-05
  2.755785E+00  0.000000E+00     3  3.128470E+01 -1.112056E+02 -1.131618E+01 -2.916636E+01
  2.755785E+00  0.000000E+00     4  7.047773E-05  1.656682E+02 -6.828434E-05  1.744588E-05
  2.755785E+00  0.000000E+00     5  1.467220E+02 -1.089948E+02 -4.775548E+01 -1.387327E+02
  2.755785E+00  0.000000E+00     6  4.932504E-04 -1.202653E+02 -2.486008E-04 -4.260207E-04
  2.731822E+00  0.000000E+00     1  2.980395E+01 -1.028100E+02 -6.608095E+00 -2.906215E+01
  2.731822E+00  0.000000E+00     2  4.604509E-05  5.767705E+01  2.461990E-05  3.891030E-05
  2.731822E+00  0.000000E+00     3  3.099786E+01 -1.068293E+02 -8.974564E+00 -2.967027E+01
  2.731822E+00  0.000000E+00     4  1.461507E-04 -1.740197E+02 -1.453554E-04 -1.522689E-05
  2.731822E+00  0.000000E+00     5  1.434062E+02 -1.045369E+02 -3.599540E+01 -1.388153E+02
  2.731822E+00  0.000000E+00     6  4.522508E-04 -1.221524E+02 -2.406755E-04 -3.828917E-04
  2.708271E+00  0.000000E+00     1  2.935798E+01 -9.881300E+01 -4.497934E+00 -2.901136E+01
  2.708271E+00  0.000000E+00     2  3.883586E-05  5.018122E+01  2.486899E-05  2.982880E-05
  2.708271E+00  0.000000E+00     3  3.071007E+01 -1.024804E+02 -6.636641E+00 -2.998439E+01
  2.708271E+00  0.000000E+00     4  1.316355E-04 -1.575787E+02 -1.216844E-04 -5.020760E-05
  2.708271E+00  0.000000E+00     5  1.401516E+02 -9.999093E+01 -2.431523E+01 -1.380263E+02
  2.708271E+00  0.000000E+00     6  4.798831E-04 -1.084798E+02 -1.521090E-04 -4.551381E-04
  2.685124E+00  0.000000E+00     1  2.890293E+01 -9.478001E+01 -2.408486E+00 -2.880240E+01
  2.685124E+00  0.000000E+00     2  2.138052E-05  9.809763E+01 -3.011663E-06  2.116735E-05
  2.685124E+00  0.000000E+00     3  3.041670E+01 -9.815922E+01 -4.316871E+00 -3.010880E+01
  2.685124E+00  0.000000E+00     4  3.093170E-05  6.386960E+01  1.362280E-05  2.777029E-05
  2.685124E+00  0.000000E+00     5  1.369758E+02 -9.535634E+01 -1.278665E+01 -1.363777E+02
  2.685124E+00  0.000000E+00     6  2.995503E-04 -1.148563E+02 -1.259142E-04 -2.718014E-04
  2.662369E+00  0.000000E+00     1  2.844013E+01 -9.070883E+01 -3.518355E-01 -2.843796E+01
  2.662369E+00  0.000000E+00     2  1.112861E-05  1.175609E+02 -5.149104E-06  9.865727E-06
  2.662369E+00  0.000000E+00     3  3.011298E+01 -9.386436E+01 -2.029456E+00 -3.004452E+01
  2.662369E+00  0.000000E+00     4  8.679747E-05 -1.704580E+02 -8.559658E-05 -1.438847E-05
  2.662369E+00  0.000000E+00     5  1.338923E+02 -9.063407E+01 -1.481702E+00 -1.338841E+02
  2.662369E+00  0.000000E+00     6  3.291429E-04 -1.174966E+02 -1.519639E-04 -2.919623E-04
  2.639996E+00  0.000000E+00     1  2.797129E+01 -8.659785E+01  1.659925E+00 -2.792199E+01
  2.639996E+00  0.000000E+00     2  3.473085E-05  3.993816E+01  2.662945E-05  2.229583E-05
  2.639996E+00  0.000000E+00     3  2.979523E+01 -8.959326E+01  2.115153E-01 -2.979447E+01
  2.639996E+00  0.000000E+00     4  1.773533E-04  1.523675E+02 -1.571245E-04  8.225616E-05
  2.639996E+00  0.000000E+00     5  1.309159E+02 -8.582639E+01  9.527902E+00 -1.305688E+02
  2.639996E+00  0.000000E+00     6  2.720240E-04 -1.140754E+02 -1.109691E-04 -2.483605E-04
  2.617996E+00  0.000000E+00     1  2.749801E+01 -8.244640E+01  3.614712E+00 -2.725939E+01
  2.617996E+00  0.000000E+00     2  3.328180E-05  1.000706E+02 -5.819732E-06  3.276902E-05
  2.617996E+00  0.000000E+00     3  2.946024E+01 -8.534225E+01  2.392274E+00 -2.936295E+01
  2.617996E+00  0.000000E+00     4  1.055279E-04 -1.514163E+02 -9.266607E-05 -5.048898E-05
  2.617996E+00  0.000000E+00     5  1.280599E+02 -8.093727E+01  2.017145E+01 -1.264612E+02
  2.617996E+00  0.000000E+00     6  2.063767E-04 -1.115857E+02 -7.592436E-05 -1.919032E-04
  2.596359E+00  0.000000E+00     1  2.702163E+01 -7.825424E+01  5.500775E+00 -2.645581E+01
  2.596359E+00  0.000000E+00     2  2.830706E-05  1.010104E+02 -5.406260E-06  2.778601E-05
  2.596359E+00  0.000000E+00     3  2.910486E+01 -8.110654E+01  4.499539E+00 -2.875495E+01
  2.596359E+00  0.000000E+00     4  1.364354E-04 -1.410721E+02 -1.061382E-04 -8.572813E-05
  2.596359E+00  0.000000E+00     5  1.253339E+02 -7.597224E+01  3.037994E+01 -1.215963E+02
  2.596359E+00  0.000000E+00     6  3.174559E-04 -1.015247E+02 -6.342486E-05 -3.110556E-04
  2.575078E+00  0.000000E+00     1  2.654342E+01 -7.402224E+01  7.306455E+00 -2.551801E+01
  2.575078E+00  0.000000E+00     2  3.260965E-05  1.039716E+02 -7.873332E-06  3.164491E-05
  2.575078E+00  0.000000E+00     3  2.872691E+01 -7.688076E+01  6.520387E+00 -2.797713E+01
  2.575078E+00  0.000000E+00     4  1.120407E-04 -1.603179E+02 -1.054948E-04 -3.773544E-05
  2.575078E+00  0.000000E+00     5  1.227429E+02 -7.093863E+01  4.008548E+01 -1.160129E+02
  2.575078E+00  0.000000E+00     6  2.591187E-04 -1.040969E+02 -6.311140E-05 -2.513155E-04
  2.554142E+00  0.000000E+00     1  2.606433E+01 -6.975146E+01  9.020684E+00 -2.445356E+01
  2.554142E+00  0.000000E+00     2  8.666410E-06  1.434960E+02 -6.966196E-06  5.155461E-06
  2.554142E+00  0.000000E+00     3  2.832477E+01 -7.265862E+01  8.442606E+00 -2.703729E+01
  2.554142E+00  0.000000E+00     4  1.228690E-04 -1.697551E+02 -1.209100E-04 -2.185290E-05
  2.554142E+00  0.000000E+00     5  1.202908E+02 -6.584444E+01  4.922486E+01 -1.097579E+02
  2.554142E+00  0.000000E+00     6  2.552117E-04 -1.272036E+02 -1.543134E-04 -2.032741E-04
  2.533544E+00  0.000000E+00     1  2.558500E+01 -6.544339E+01  1.063292E+01 -2.327086E+01
  2.533544E+00  0.000000E+00     2  1.862145E-05  1.441265E+02 -1.508919E-05  1.091213E-05
  2.533544E+00  0.000000E+00     3  2.789759E+01 -6.843369E+01  1.025453E+01 -2.594456E+01
  2.533544E+00  0.000000E+00     4  1.778835E-04 -1.180954E+02 -8.377252E-05 -1.569226E-04
  2.533544E+00  0.000000E+00     5  1.179760E+02 -6.069849E+01  5.773809E+01 -1.028817E+02
  2.533544E+00  0.000000E+00     6  2.370095E-04 -1.046745E+02 -6.004101E-05 -2.292784E-04
  2.513276E+00  0.000000E+00     1  2.510583E+01 -6.110019E+01  1.213313E+01 -2.197931E+01
  2.513276E+00  0.000000E+00     2  3.730114E-05  9.146478E+01 -9.535054E-07  3.728895E-05
  2.513276E+00  0.000000E+00     3  2.744530E+01 -6.419917E+01  1.194541E+01 -2.470934E+01
  2.513276E+00  0.000000E+00     4  1.922707E-04 -1.285974E+02 -1.199469E-04 -1.502690E-04
  2.513276E+00  0.000000E+00     5  1.157940E+02 -5.551077E+01  6.556852E+01 -9.544120E+01
  2.513276E+00  0.000000E+00     6  2.242697E-04 -1.102198E+02 -7.751278E-05 -2.104487E-04
  2.493329E+00  0.000000E+00     1  2.462691E+01 -5.672362E+01  1.351225E+01 -2.058892E+01
  2.493329E+00  0.000000E+00     2  1.753610E-05  8.165653E+01  2.544609E-06  1.735049E-05
  2.493329E+00  0.000000E+00     3  2.696808E+01 -5.994762E+01  1.350539E+01 -2.334271E+01
  2.493329E+00  0.000000E+00     4  2.151237E-04 -1.441712E+02 -1.744157E-04 -1.259261E-04
  2.493329E+00  0.000000E+00     5  1.137371E+02 -5.029140E+01  7.266472E+01 -8.749835E+01
  2.493329E+00  0.000000E+00     6  1.303148E-04 -1.198520E+02 -6.486569E-05 -1.130238E-04
  2.473697E+00  0.000000E+00     1  2.414770E+01 -5.231523E+01  1.476189E+01 -1.911015E+01
  2.473697E+00  0.000000E+00     2  1.798988E-05  1.101802E+02 -6.206024E-06  1.688553E-05
  2.473697E+00  0.000000E+00     3  2.646715E+01 -5.567259E+01  1.492539E+01 -2.185733E+01
  2.473697E+00  0.000000E+00     4  1.105176E-04 -1.571260E+02 -1.018266E-04 -4.295888E-05
  2.473697E+00  0.000000E+00     5  1.117924E+02 -4.504960E+01  7.898072E+01 -7.911758E+01
  2.473697E+00  0.000000E+00     6  1.344295E-04 -1.061189E+02 -3.732182E-05 -1.291447E-04
  2.454371E+00  0.000000E+00     1  2.366805E+01 -4.787687E+01  1.587478E+01 -1.755472E+01
  2.454371E+00  0.000000E+00     2  3.311966E-05  7.725665E+01  7.305673E-06  3.230385E-05
  2.454371E+00  0.000000E+00     3  2.594395E+01 -5.136808E+01  1.619720E+01 -2.026671E+01
  2.454371E+00  0.000000E+00     4  2.142409E-04 -1.369471E+02 -1.565510E-04 -1.462565E-04
  2.454371E+00  0.000000E+00     5  1.099464E+02 -3.979385E+01  8.447758E+01 -7.036869E+01
  2.454371E+00  0.000000E+00     6  1.377947E-04 -1.020956E+02 -2.887394E-05 -1.347355E-04
  2.435345E+00  0.000000E+00     1  2.318732E+01 -4.340951E+01  1.684468E+01 -1.593452E+01
  2.435345E+00  0.000000E+00     2  7.645061E-06  1.577767E+01  7.357027E-06  2.078732E-06
  2.435345E+00  0.000000E+00     3  2.540022E+01 -4.702742E+01  1.731402E+01 -1.858484E+01
  2.435345E+00  0.000000E+00     4  2.954212E-04 -1.397416E+02 -2.254469E-04 -1.909119E-04
  2.435345E+00  0.000000E+00     5  1.081823E+02 -3.453171E+01  8.912196E+01 -6.132447E+01
  2.435345E+00  0.000000E+00     6  1.613102E-04 -1.016733E+02 -3.263797E-05 -1.579738E-04
  2.416611E+00  0.000000E+00     1  2.270465E+01 -3.891360E+01  1.766635E+01 -1.426187E+01
  2.416611E+00  0.000000E+00     2  6.161678E-06  2.560860E+01  5.556402E-06  2.663207E-06
  2.416611E+00  0.000000E+00     3  2.483838E+01 -4.264470E+01  1.827034E+01 -1.682676E+01
  2.416611E+00  0.000000E+00     4  2.587402E-04 -1.442942E+02 -2.101034E-04 -1.510069E-04
  2.416611E+00  0.000000E+00     5  1.064818E+02 -2.926936E+01  9.288734E+01 -5.206065E+01
  2.416611E+00  0.000000E+00     6  7.863829E-05 -1.103235E+02 -2.731263E-05 -7.374280E-05
  2.398164E+00  0.000000E+00     1  2.221947E+01 -3.438893E+01  1.833601E+01 -1.254973E+01
  2.398164E+00  0.000000E+00     2  1.757211E-05  4.852611E+01  1.163763E-05  1.316603E-05
  2.398164E+00  0.000000E+00     3  2.426061E+01 -3.821479E+01  1.906149E+01 -1.500789E+01
  2.398164E+00  0.000000E+00     4  2.077416E-04 -1.474884E+02 -1.751850E-04 -1.116549E-04
  2.398164E+00  0.000000E+00     5  1.048274E+02 -2.401078E+01  9.575660E+01 -4.265517E+01
  2.398164E+00  0.000000E+00     6  1.486380E-04 -1.158537E+02 -6.481728E-05 -1.337609E-04
  2.379996E+00  0.000000E+00     1  2.173129E+01 -2.983445E+01  1.885117E+01 -1.081122E+01
  2.379996E+00  0.000000E+00     2  4.584178E-06 -5.137137E+00  4.565764E-06 -4.104667E-07
  2.379996E+00  0.000000E+00     3  2.366951E+01 -3.373291E+01  1.968440E+01 -1.314421E+01
  2.379996E+00  0.000000E+00     4  2.544453E-04 -1.444941E+02 -2.071327E-04 -1.477783E-04
  2.379996E+00  0.000000E+00     5  1.031997E+02 -1.875887E+01  9.771779E+01 -3.318758E+01
  2.379996E+00  0.000000E+00     6  1.269833E-04 -1.058363E+02 -3.465254E-05 -1.221637E-04
  2.362101E+00  0.000000E+00     1  2.123949E+01 -2.524900E+01  1.921033E+01 -9.059768E+00
  2.362101E+00  0.000000E+00     2  2.628331E-05  6.517977E+01  1.103301E-05  2.385550E-05
  2.362101E+00  0.000000E+00     3  2.306779E+01 -2.919420E+01  2.013753E+01 -1.125181E+01
  2.362101E+00  0.000000E+00     4  2.221025E-04 -1.408453E+02 -1.722280E-04 -1.402393E-04
  2.362101E+00  0.000000E+00     5  1.015829E+02 -1.351392E+01  9.877042E+01 -2.373807E+01
  2.362101E+00  0.000000E+00     6  4.866775E-05  1.774066E+02 -4.861791E-05  2.202081E-06
  2.344474E+00  0.000000E+00     1  2.074400E+01 -2.063049E+01  1.941374E+01 -7.308936E+00
  2.344474E+00  0.000000E+00     2  9.179638E-06  1.000776E+02 -1.606273E-06  9.038011E-06
  2.344474E+00  0.000000E+00     3  2.245802E+01 -2.459575E+01  2.042034E+01 -9.347326E+00
  2.344474E+00  0.000000E+00     4  2.604419E-04 -1.379613E+02 -1.934283E-04 -1.744003E-04
  2.344474E+00  0.000000E+00     5  9.996136E+01 -8.275322E+00  9.892056E+01 -1.438744E+01
  2.344474E+00  0.000000E+00     6  9.837986E-05  1.131414E+02 -3.866345E-05  9.046400E-05
  2.327107E+00  0.000000E+00     1  2.024471E+01 -1.597639E+01  1.946276E+01 -5.572179E+00
  2.327107E+00  0.000000E+00     2  9.211743E-06 -1.910055E+01  8.704597E-06 -3.014331E-06
  2.327107E+00  0.000000E+00     3  2.184251E+01 -1.993351E+01  2.053390E+01 -7.446755E+00
  2.327107E+00  0.000000E+00     4  2.208846E-04 -1.506558E+02 -1.925433E-04 -1.082456E-04
  2.327107E+00  0.000000E+00     5  9.832050E+01 -3.040801E+00  9.818207E+01 -5.215615E+00
  2.327107E+00  0.000000E+00     6  1.196447E-04  1.055866E+02 -3.214784E-05  1.152449E-04
  2.309996E+00  0.000000E+00     1  1.974186E+01 -1.128376E+01  1.936025E+01 -3.862854E+00
  2.309996E+00  0.000000E+00     2  1.904713E-05 -8.221545E+01  2.579903E-06 -1.887160E-05
  2.309996E+00  0.000000E+00     3  2.122389E+01 -1.520537E+01  2.048088E+01 -5.566592E+00
  2.309996E+00  0.000000E+00     4  1.922503E-04 -1.537152E+02 -1.723724E-04 -8.513476E-05
  2.309996E+00  0.000000E+00     5  9.664999E+01  2.193168E+00  9.657919E+01  3.698664E+00
  2.309996E+00  0.000000E+00     6  6.988883E-05  1.706377E+02 -6.895788E-05  1.136926E-05
  2.293135E+00  0.000000E+00     1  1.923596E+01 -6.549624E+00  1.911041E+01 -2.194124E+00
  2.293135E+00  0.000000E+00     2  6.841851E-06  9.523792E+01 -6.246033E-07  6.813281E-06
  2.293135E+00  0.000000E+00     3  2.060443E+01 -1.040825E+01  2.026539E+01 -3.722413E+00
  2.293135E+00  0.000000E+00     4  2.397080E-04 -1.249810E+02 -1.374256E-04 -1.964030E-04
  2.293135E+00  0.000000E+00     5  9.494072E+01  7.431042E+00  9.414333E+01  1.227895E+01
  2.293135E+00  0.000000E+00     6  6.868162E-05  6.617076E+01  2.774821E-05  6.282676E-05
  2.276518E+00  0.000000E+00     1  1.872762E+01 -1.770973E+00  1.871867E+01 -5.787657E-01
  2.276518E+00  0.000000E+00     2  2.315752E-05  2.111301E+01  2.160300E-05  8.341537E-06
  2.276518E+00  0.000000E+00     3  1.998593E+01 -5.540840E+00  1.989255E+01 -1.929747E+00
  2.276518E+00  0.000000E+00     4  2.351588E-04 -1.458382E+02 -1.945832E-04 -1.320493E-04
  2.276518E+00  0.000000E+00     5  9.318750E+01  1.267771E+01  9.091559E+01  2.045155E+01
  2.276518E+00  0.000000E+00     6  7.268225E-05 -1.636570E+02 -6.974547E-05 -2.045190E-05
  2.260140E+00  0.000000E+00     1  1.821780E+01  3.055223E+00  1.819191E+01  9.709801E-01
  2.260140E+00  0.000000E+00     2  3.256907E-05  2.259648E+01  3.006887E-05  1.251429E-05
  2.260140E+00  0.000000E+00     3  1.937088E+01 -6.008360E-01  1.936981E+01 -2.031303E-01
  2.260140E+00  0.000000E+00     4  2.945774E-04 -1.342211E+02 -2.054470E-04 -2.111099E-04
  2.260140E+00  0.000000E+00     5  9.138624E+01  1.793864E+01  8.694367E+01  2.814680E+01
  2.260140E+00  0.000000E+00     6  1.496096E-04  1.664491E+02 -1.454448E-04  3.505477E-05
  2.243996E+00  0.000000E+00     1  1.770751E+01  7.931842E+00  1.753810E+01  2.443548E+00
  2.243996E+00  0.000000E+00     2  2.302240E-05 -2.706037E+01  2.050209E-05 -1.047356E-05
  2.243996E+00  0.000000E+00     3  1.876075E+01  4.412800E+00  1.870514E+01  1.443485E+00
  2.243996E+00  0.000000E+00     4  2.073377E-04 -1.432804E+02 -1.661958E-04 -1.239672E-04
  2.243996E+00  0.000000E+00     5  8.953480E+01  2.321921E+01  8.228277E+01  3.529910E+01
  2.243996E+00  0.000000E+00     6  3.333603E-05 -1.541758E+02 -3.000690E-05 -1.452158E-05
  2.228081E+00  0.000000E+00     1  1.719773E+01  1.286106E+01  1.676628E+01  3.828000E+00
  2.228081E+00  0.000000E+00     2  4.110555E-05 -2.936132E+01  3.582533E-05 -2.015469E-05
  2.228081E+00  0.000000E+00     3  1.815730E+01  9.500957E+00  1.790823E+01  2.997118E+00
  2.228081E+00  0.000000E+00     4  2.281252E-04 -1.602832E+02 -2.147506E-04 -7.696284E-05
  2.228081E+00  0.000000E+00     5  8.763412E+01  2.852535E+01  7.699586E+01  4.184946E+01
  2.228081E+00  0.000000E+00     6  1.357169E-04  1.622629E+02 -1.292656E-04  4.134612E-05
  2.212391E+00  0.000000E+00     1  1.668980E+01  1.784472E+01  1.588686E+01  5.114394E+00
  2.212391E+00  0.000000E+00     2  4.591063E-05  7.891302E+01  8.828568E-06  4.505377E-05
  2.212391E+00  0.000000E+00     3  1.756229E+01  1.466392E+01  1.699024E+01  4.445873E+00
  2.212391E+00  0.000000E+00     4  3.385528E-04 -1.012642E+02 -6.613042E-05 -3.320313E-04
  2.212391E+00  0.000000E+00     5  8.568472E+01  3.386150E+01  7.115147E+01  4.774243E+01
  2.212391E+00  0.000000E+00     6  4.286147E-05 -1.330015E+02 -2.923228E-05 -3.134612E-05
  2.196919E+00  0.000000E+00     1  1.618470E+01  2.288517E+01  1.491074E+01  6.293995E+00
  2.196919E+00  0.000000E+00     2  2.034020E-05  6.126825E+01  9.777727E-06  1.783591E-05
  2.196919E+00  0.000000E+00     3  1.697672E+01  1.990288E+01  1.596272E+01  5.779332E+00
  2.196919E+00  0.000000E+00     4  2.825903E-04 -1.104160E+02 -9.857689E-05 -2.648394E-04
  2.196919E+00  0.000000E+00     5  8.369041E+01  3.923409E+01  6.482394E+01  5.293336E+01
  2.196919E+00  0.000000E+00     6  8.496526E-05 -1.678415E+02 -8.305939E-05 -1.789508E-05
  2.181663E+00  0.000000E+00     1  1.568367E+01  2.798245E+01  1.385011E+01  7.358794E+00
  2.181663E+00  0.000000E+00     2  1.549773E-05  3.844359E+01  1.213814E-05  9.635620E-06
  2.181663E+00  0.000000E+00     3  1.640179E+01  2.521671E+01  1.483875E+01  6.987872E+00
  2.181663E+00  0.000000E+00     4  2.219370E-04 -1.013904E+02 -4.383095E-05 -2.175658E-04
  2.181663E+00  0.000000E+00     5  8.165432E+01  4.464631E+01  5.809365E+01  5.738080E+01
  2.181663E+00  0.000000E+00     6  2.045785E-04 -1.688815E+02 -2.007386E-04 -3.945084E-05
  2.166617E+00  0.000000E+00     1  1.518766E+01  3.313685E+01  1.271765E+01  8.302195E+00
  2.166617E+00  0.000000E+00     2  3.146441E-05  4.635272E+00  3.136150E-05  2.542719E-06
  2.166617E+00  0.000000E+00     3  1.583847E+01  3.060585E+01  1.363201E+01  8.063828E+00
  2.166617E+00  0.000000E+00     4  2.512922E-04 -1.305406E+02 -1.633366E-04 -1.909683E-04
  2.166617E+00  0.000000E+00     5  7.958047E+01  5.010342E+01  5.104322E+01  6.105441E+01
  2.166617E+00  0.000000E+00     6  1.745181E-04  1.628709E+02 -1.667771E-04  5.140007E-05
  2.151777E+00  0.000000E+00     1  1.469763E+01  3.834875E+01  1.152659E+01  9.119090E+00
  2.151777E+00  0.000000E+00     2  4.211342E-05  3.565816E+01  3.421755E-05  2.454994E-05
  2.151777E+00  0.000000E+00     3  1.528771E+01  3.606862E+01  1.235724E+01  9.000693E+00
  2.151777E+00  0.000000E+00     4  2.626757E-04 -1.000654E+02 -4.590850E-05 -2.586328E-04
  2.151777E+00  0.000000E+00     5  7.747326E+01  5.560969E+01  4.375902E+01  6.393163E+01
  2.151777E+00  0.000000E+00     6  1.322048E-04  1.451836E+02 -1.085383E-04  7.548209E-05
  2.137139E+00  0.000000E+00     1  1.421426E+01  4.361671E+01  1.029071E+01  9.805435E+00
  2.137139E+00  0.000000E+00     2  3.064090E-05  7.078418E+01  1.008476E-05  2.893376E-05
  2.137139E+00  0.000000E+00     3  1.475016E+01  4.160478E+01  1.102932E+01  9.793939E+00
  2.137139E+00  0.000000E+00     4  3.077893E-04 -1.006622E+02 -5.694665E-05 -3.024753E-04
  2.137139E+00  0.000000E+00     5  7.533730E+01  6.116905E+01  3.632967E+01  6.599896E+01
  2.137139E+00  0.000000E+00     6  1.609373E-04  1.781953E+02 -1.608575E-04  5.068409E-06
  2.122699E+00  0.000000E+00     1  1.373831E+01  4.893934E+01  9.024113E+00  1.035889E+01
  2.122699E+00  0.000000E+00     2  4.353383E-05  2.759193E+01  3.858268E-05  2.016362E-05
  2.122699E+00  0.000000E+00     3  1.422647E+01  4.721125E+01  9.663999E+00  1.044028E+01
  2.122699E+00  0.000000E+00     4  2.806158E-04 -1.203900E+02 -1.419588E-04 -2.420598E-04
  2.122699E+00  0.000000E+00     5  7.317679E+01  6.678536E+01  2.884458E+01  6.725201E+01
  2.122699E+00  0.000000E+00     6  9.252117E-05 -1.794899E+02 -9.251750E-05 -8.236640E-07
  2.108453E+00  0.000000E+00     1  1.327009E+01  5.431475E+01  7.740868E+00  1.077841E+01
  2.108453E+00  0.000000E+00     2  3.327009E-05  4.778456E+01  2.235485E-05  2.464061E-05
  2.108453E+00  0.000000E+00     3  1.371715E+01  5.288692E+01  8.276793E+00  1.093869E+01
  2.108453E+00  0.000000E+00     4  3.028641E-04 -8.612730E+01  2.045539E-05 -3.021726E-04
  2.108453E+00  0.000000E+00     5  7.099702E+01  7.246288E+01  2.139309E+01  6.769722E+01
  2.108453E+00  0.000000E+00     6  9.693672E-05  1.610477E+02 -9.168173E-05  3.148315E-05
  2.094397E+00  0.000000E+00     1  1.280989E+01  5.974070E+01  6.455084E+00  1.106459E+01
  2.094397E+00  0.000000E+00     2  5.726559E-05  3.677756E+01  4.586779E-05  3.428548E-05
  2.094397E+00  0.000000E+00     3  1.322234E+01  5.862843E+01  6.883367E+00  1.128936E+01
  2.094397E+00  0.000000E+00     4  3.021463E-04 -1.207146E+02 -1.543247E-04 -2.597620E-04
  2.094397E+00  0.000000E+00     5  6.880000E+01  7.820538E+01  1.406300E+01  6.734740E+01
  2.094397E+00  0.000000E+00     6  2.102361E-04  1.743150E+02 -2.092021E-04  2.082573E-05
  2.080527E+00  0.000000E+00     1  1.235782E+01  6.521430E+01  5.180715E+00  1.121945E+01
  2.080527E+00  0.000000E+00     2  5.048126E-05  2.329861E+01  4.636482E-05  1.996651E-05
  2.080527E+00  0.000000E+00     3  1.274203E+01  6.443181E+01  5.499269E+00  1.149423E+01
  2.080527E+00  0.000000E+00     4  2.426453E-04 -1.138571E+02 -9.813946E-05 -2.219130E-04
  2.080527E+00  0.000000E+00     5  6.659154E+01  8.401730E+01  6.940708E+00  6.622884E+01
  2.080527E+00  0.000000E+00     6  7.829342E-05 -1.611581E+02 -7.409792E-05 -2.528554E-05
  2.066839E+00  0.000000E+00     1  1.191366E+01  7.073251E+01  3.931255E+00  1.124636E+01
  2.066839E+00  0.000000E+00     2  4.859364E-05  4.072235E+01  3.682814E-05  3.170221E-05
  2.066839E+00  0.000000E+00     3  1.227626E+01  7.029311E+01  4.139660E+00  1.155724E+01
  2.066839E+00  0.000000E+00     4  2.427088E-04 -9.691035E+01 -2.920179E-05 -2.409457E-04
  2.066839E+00  0.000000E+00     5  6.437511E+01  8.990405E+01  1.078112E-01  6.437502E+01
  2.066839E+00  0.000000E+00     6  2.020574E-04 -1.637910E+02 -1.940256E-04 -5.640258E-05
  2.053330E+00  0.000000E+00     1  1.147735E+01  7.629253E+01  2.719729E+00  1.115045E+01
  2.053330E+00  0.000000E+00     2  6.812217E-05  2.772999E+01  6.029835E-05  3.169761E-05
  2.053330E+00  0.000000E+00     3  1.182477E+01  7.620731E+01  2.819139E+00  1.148380E+01
  2.053330E+00  0.000000E+00     4  2.833945E-04 -1.169493E+02 -1.284349E-04 -2.526201E-04
  2.053330E+00  0.000000E+00     5  6.215574E+01  9.587082E+01 -6.357653E+00  6.182973E+01
  2.053330E+00  0.000000E+00     6  2.424215E-04 -1.551148E+02 -2.199133E-04 -1.020115E-04
  2.039997E+00  0.000000E+00     1  1.104831E+01  8.189130E+01  1.558380E+00  1.093785E+01
  2.039997E+00  0.000000E+00     2  4.364267E-05  3.914608E+01  3.384659E-05  2.755161E-05
  2.039997E+00  0.000000E+00     3  1.138708E+01  8.216933E+01  1.551443E+00  1.128090E+01
  2.039997E+00  0.000000E+00     4  2.666673E-04 -1.096442E+02 -8.964783E-05 -2.511468E-04
  2.039997E+00  0.000000E+00     5  5.993668E+01  1.019239E+02 -1.238362E+01  5.864343E+01
  2.039997E+00  0.000000E+00     6  1.300197E-04 -1.483605E+02 -1.106943E-04 -6.820482E-05
  2.026835E+00  0.000000E+00     1  1.062622E+01  8.752658E+01  4.585846E-01  1.061632E+01
  2.026835E+00  0.000000E+00     2  4.956913E-05  5.822523E+01  2.610219E-05  4.213994E-05
  2.026835E+00  0.000000E+00     3  1.096269E+01  8.817244E+01  3.496183E-01  1.095711E+01
  2.026835E+00  0.000000E+00     4  2.536157E-04 -8.790055E+01  9.290990E-06 -2.534455E-04
  2.026835E+00  0.000000E+00     5  5.772348E+01  1.080706E+02 -1.790513E+01  5.487628E+01
  2.026835E+00  0.000000E+00     6  1.183583E-04 -1.185213E+02 -5.651444E-05 -1.039943E-04
  2.013843E+00  0.000000E+00     1  1.021044E+01  9.319555E+01 -5.691694E-01  1.019456E+01
  2.013843E+00  0.000000E+00     2  4.962918E-05  4.034927E+01  3.782299E-05  3.213218E-05
  2.013843E+00  0.000000E+00     3  1.055074E+01  9.421008E+01 -7.745671E-01  1.052227E+01
  2.013843E+00  0.000000E+00     4  2.768269E-04 -1.053442E+02 -7.325335E-05 -2.669590E-04
  2.013843E+00  0.000000E+00     5  5.552050E+01  1.143186E+02 -2.286387E+01  5.059417E+01
  2.013843E+00  0.000000E+00     6  2.007650E-04 -1.184925E+02 -9.577369E-05 -1.764482E-04
  2.001016E+00  0.000000E+00     1  9.800467E+00  9.889721E+01 -1.515762E+00  9.682542E+00
  2.001016E+00  0.000000E+00     2  5.904405E-05  5.774539E+01  3.151078E-05  4.993266E-05
  2.001016E+00  0.000000E+00     3  1.015013E+01  1.002754E+02 -1.810584E+00  9.987336E+00
  2.001016E+00  0.000000E+00     4  3.131081E-04 -9.979467E+01 -5.326528E-05 -3.085442E-04
  2.001016E+00  0.000000E+00     5  5.333466E+01  1.206773E+02 -2.721144E+01  4.587072E+01
  2.001016E+00  0.000000E+00     6  2.350943E-04 -1.133453E+02 -9.316102E-05 -2.158480E-04
  1.988351E+00  0.000000E+00     1  9.395634E+00  1.046300E+02 -2.373110E+00  9.091001E+00
  1.988351E+00  0.000000E+00     2  5.015931E-05  6.334397E+01  2.250314E-05  4.482817E-05
  1.988351E+00  0.000000E+00     3  9.759734E+00  1.063609E+02 -2.749186E+00  9.364529E+00
  1.988351E+00  0.000000E+00     4  3.355287E-04 -9.019197E+01 -1.124194E-06 -3.355268E-04
  1.988351E+00  0.000000E+00     5  5.117221E+01  1.271553E+02 -3.090684E+01  4.078433E+01
  1.988351E+00  0.000000E+00     6  2.293589E-04 -1.232956E+02 -1.259086E-04 -1.917095E-04
  1.975846E+00  0.000000E+00     1  8.995458E+00  1.103945E+02 -3.134754E+00  8.431581E+00
  1.975846E+00  0.000000E+00     2  5.857634E-05  7.238880E+01  1.772264E-05  5.583096E-05
  1.975846E+00  0.000000E+00     3  9.378211E+00  1.124593E+02 -3.582735E+00  8.666883E+00
  1.975846E+00  0.000000E+00     4  2.851452E-04 -9.881370E+01 -4.369057E-05 -2.817782E-04
  1.975846E+00  0.000000E+00     5  4.904067E+01  1.337634E+02 -3.392055E+01  3.541729E+01
  1.975846E+00  0.000000E+00     6  2.417813E-04 -1.049595E+02 -6.241267E-05 -2.335869E-04
  1.963497E+00  0.000000E+00     1  8.599469E+00  1.161915E+02 -3.795573E+00  7.716508E+00
  1.963497E+00  0.000000E+00     2  5.552204E-05  8.046009E+01  9.201923E-06  5.475419E-05
  1.963497E+00  0.000000E+00     3  9.004068E+00  1.185642E+02 -4.305239E+00  7.908108E+00
  1.963497E+00  0.000000E+00     4  2.413998E-04 -8.825260E+01  7.361050E-06 -2.412875E-04
  1.963497E+00  0.000000E+00     5  4.694810E+01  1.405118E+02 -3.623247E+01  2.985519E+01
  1.963497E+00  0.000000E+00     6  1.845707E-04 -9.235646E+01 -7.588874E-06 -1.844146E-04
  1.951301E+00  0.000000E+00     1  8.207360E+00  1.220230E+02 -4.352031E+00  6.958491E+00
  1.951301E+00  0.000000E+00     2  4.948041E-05  6.165892E+01  2.348931E-05  4.354955E-05
  1.951301E+00  0.000000E+00     3  8.635834E+00  1.246697E+02 -4.912449E+00  7.102497E+00
  1.951301E+00  0.000000E+00     4  1.990026E-04 -1.011029E+02 -3.832239E-05 -1.952778E-04
  1.951301E+00  0.000000E+00     5  4.490391E+01  1.474103E+02 -3.783377E+01  2.418608E+01
  1.951301E+00  0.000000E+00     6  2.458075E-04 -9.881051E+01 -3.764962E-05 -2.429070E-04
  1.939256E+00  0.000000E+00     1  7.818938E+00  1.278915E+02 -4.802138E+00  6.170515E+00
  1.939256E+00  0.000000E+00     2  6.351698E-05  6.861672E+01  2.315861E-05  5.914461E-05
  1.939256E+00  0.000000E+00     3  8.271810E+00  1.307709E+02 -5.401788E+00  6.264465E+00
  1.939256E+00  0.000000E+00     4  3.035270E-04 -1.000420E+02 -5.292607E-05 -2.988771E-04
  1.939256E+00  0.000000E+00     5  4.291692E+01  1.544678E+02 -3.872580E+01  1.849795E+01
  1.939256E+00  0.000000E+00     6  2.177482E-04 -7.557169E+01  5.425599E-05 -2.108805E-04
  1.927359E+00  0.000000E+00     1  7.434137E+00  1.338014E+02 -5.145615E+00  5.365542E+00
  1.927359E+00  0.000000E+00     2  6.039904E-05  7.673735E+01  1.385646E-05  5.878812E-05
  1.927359E+00  0.000000E+00     3  7.910380E+00  1.368642E+02 -5.772485E+00  5.408560E+00
  1.927359E+00  0.000000E+00     4  2.691254E-04 -9.940907E+01 -4.399716E-05 -2.655046E-04
  1.927359E+00  0.000000E+00     5  4.099675E+01  1.616929E+02 -3.892178E+01  1.287747E+01
  1.927359E+00  0.000000E+00     6  1.782858E-04 -7.951277E+01  3.245091E-05 -1.753076E-04
  1.915607E+00  0.000000E+00     1  7.053069E+00  1.397562E+02 -5.383624E+00  4.556575E+00
  1.915607E+00  0.000000E+00     2  5.880220E-05  8.608835E+01  4.011381E-06  5.866521E-05
  1.915607E+00  0.000000E+00     3  7.550092E+00  1.429474E+02 -6.025602E+00  4.549287E+00
  1.915607E+00  0.000000E+00     4  2.388184E-04 -5.856793E+01  1.245408E-04 -2.037740E-04
  1.915607E+00  0.000000E+00     5  3.915207E+01  1.690895E+02 -3.844436E+01  7.410507E+00
  1.915607E+00  0.000000E+00     6  2.603706E-04 -7.787483E+01  5.469032E-05 -2.545619E-04
  1.903997E+00  0.000000E+00     1  6.675999E+00  1.457616E+02 -5.519072E+00  3.756169E+00
  1.903997E+00  0.000000E+00     2  5.880512E-05  9.524214E+01 -5.372727E-06  5.855916E-05
  1.903997E+00  0.000000E+00     3  7.189503E+00  1.490217E+02 -6.164006E+00  3.700539E+00
  1.903997E+00  0.000000E+00     4  2.065405E-04 -7.015292E+01  7.012278E-05 -1.942724E-04
  1.903997E+00  0.000000E+00     5  3.739138E+01  1.766604E+02 -3.732788E+01  2.178211E+00
  1.903997E+00  0.000000E+00     6  3.205572E-04 -8.079858E+01  5.125890E-05 -3.164324E-04
  1.892527E+00  0.000000E+00     1  6.303202E+00  1.518227E+02 -5.556212E+00  2.976385E+00
  1.892527E+00  0.000000E+00     2  6.301239E-05  8.791298E+01  2.294743E-06  6.297059E-05
  1.892527E+00  0.000000E+00     3  6.827401E+00  1.550900E+02 -6.192253E+00  2.875658E+00
  1.892527E+00  0.000000E+00     4  1.985601E-04 -7.970186E+01  3.549665E-05 -1.953615E-04
  1.892527E+00  0.000000E+00     5  3.572069E+01 -1.755966E+02 -3.561525E+01 -2.742558E+00
  1.892527E+00  0.000000E+00     6  2.202490E-04 -6.726646E+01  8.511435E-05 -2.031383E-04
  1.881195E+00  0.000000E+00     1  5.935092E+00  1.579450E+02 -5.500783E+00  2.228610E+00
  1.881195E+00  0.000000E+00     2  6.282065E-05  9.995692E+01 -1.086217E-05  6.187445E-05
  1.881195E+00  0.000000E+00     3  6.462758E+00  1.611579E+02 -6.116434E+00  2.087219E+00
  1.881195E+00  0.000000E+00     4  1.838451E-04 -5.926127E+01  9.396764E-05 -1.580161E-04
  1.881195E+00  0.000000E+00     5  3.414446E+01 -1.676870E+02 -3.335904E+01 -7.281394E+00
  1.881195E+00  0.000000E+00     6  2.472578E-04 -6.062867E+01  1.212720E-04 -2.154752E-04
  1.869997E+00  0.000000E+00     1  5.572214E+00  1.641337E+02 -5.359925E+00  1.523408E+00
  1.869997E+00  0.000000E+00     2  5.120403E-05  1.008776E+02 -9.662769E-06  5.028403E-05
  1.869997E+00  0.000000E+00     3  6.095097E+00  1.672350E+02 -5.944452E+00  1.346734E+00
  1.869997E+00  0.000000E+00     4  1.312546E-04 -6.810198E+01  4.895216E-05 -1.217845E-04
  1.869997E+00  0.000000E+00     5  3.266507E+01 -1.596208E+02 -3.062051E+01 -1.137503E+01
  1.869997E+00  0.000000E+00     6  2.518779E-04 -6.366275E+01  1.117466E-04 -2.257325E-04
  1.858932E+00  0.000000E+00     1  5.214883E+00  1.703952E+02 -5.141781E+00  8.701135E-01
  1.858932E+00  0.000000E+00     2  5.515401E-05  1.259213E+02 -3.235738E-05  4.466502E-05
  1.858932E+00  0.000000E+00     3  5.724059E+00  1.733336E+02 -5.685359E+00  6.644922E-01
  1.858932E+00  0.000000E+00     4  2.205004E-04 -4.749076E+01  1.489941E-04 -1.625459E-04
  1.858932E+00  0.000000E+00     5  3.128158E+01 -1.514107E+02 -2.746749E+01 -1.496910E+01
  1.858932E+00  0.000000E+00     6  3.239925E-04 -4.209768E+01  2.404034E-04 -2.172035E-04
  1.847997E+00  0.000000E+00     1  4.863518E+00  1.767351E+02 -4.855624E+00  2.769887E-01
  1.847997E+00  0.000000E+00     2  6.032220E-05  1.213094E+02 -3.134698E-05  5.153770E-05
  1.847997E+00  0.000000E+00     3  5.349674E+00  1.794712E+02 -5.349446E+00  4.937755E-02
  1.847997E+00  0.000000E+00     4  2.268347E-04 -3.691852E+01  1.813522E-04 -1.362547E-04
  1.847997E+00  0.000000E+00     5  2.999012E+01 -1.430719E+02 -2.397380E+01 -1.801844E+01
  1.847997E+00  0.000000E+00     6  3.669474E-04 -4.750626E+01  2.478765E-04 -2.705691E-04
  1.837190E+00  0.000000E+00     1  4.518525E+00 -1.768398E+02 -4.511653E+00 -2.491007E-01
  1.837190E+00  0.000000E+00     2  5.945126E-05  1.252945E+02 -3.434966E-05  4.852373E-05
  1.837190E+00  0.000000E+00     3  4.972453E+00 -1.743305E+02 -4.948129E+00 -4.912311E-01
  1.837190E+00  0.000000E+00     4  1.507395E-04 -4.022688E+01  1.150885E-04 -9.734996E-05
  1.837190E+00  0.000000E+00     5  2.878495E+01 -1.346205E+02 -2.021879E+01 -2.048839E+01
  1.837190E+00  0.000000E+00     6  2.803298E-04 -3.524958E+01  2.289302E-04 -1.617893E-04
  1.826509E+00  0.000000E+00     1  4.180055E+00 -1.703222E+02 -4.120567E+00 -7.026986E-01
  1.826509E+00  0.000000E+00     2  6.451098E-05  1.387818E+02 -4.852551E-05  4.250814E-05
  1.826509E+00  0.000000E+00     3  4.593236E+00 -1.680443E+02 -4.493600E+00 -9.515127E-01
  1.826509E+00  0.000000E+00     4  2.722639E-04 -3.607794E+01  2.200483E-04 -1.603322E-04
  1.826509E+00  0.000000E+00     5  2.765679E+01 -1.260714E+02 -1.628413E+01 -2.235454E+01
  1.826509E+00  0.000000E+00     6  3.470798E-04 -2.472791E+01  3.152542E-04 -1.451868E-04
  1.815951E+00  0.000000E+00     1  3.848343E+00 -1.637013E+02 -3.693685E+00 -1.080016E+00
  1.815951E+00  0.000000E+00     2  6.438515E-05  1.353297E+02 -4.578843E-05  4.526442E-05
  1.815951E+00  0.000000E+00     3  4.213269E+00 -1.616355E+02 -3.998694E+00 -1.327434E+00
  1.815951E+00  0.000000E+00     4  2.536866E-04 -4.772676E+01  1.706466E-04 -1.877142E-04
  1.815951E+00  0.000000E+00     5  2.659673E+01 -1.174357E+02 -1.225453E+01 -2.360534E+01
  1.815951E+00  0.000000E+00     6  3.642097E-04 -2.398381E+01  3.327639E-04 -1.480434E-04
  1.805514E+00  0.000000E+00     1  3.523399E+00 -1.569647E+02 -3.242457E+00 -1.378699E+00
  1.805514E+00  0.000000E+00     2  6.507480E-05  1.364555E+02 -4.716882E-05  4.483115E-05
  1.805514E+00  0.000000E+00     3  3.834026E+00 -1.550597E+02 -3.476493E+00 -1.616709E+00
  1.805514E+00  0.000000E+00     4  2.661157E-04 -4.801576E+01  1.780118E-04 -1.978115E-04
  1.805514E+00  0.000000E+00     5  2.559336E+01 -1.087201E+02 -8.214060E+00 -2.423942E+01
  1.805514E+00  0.000000E+00     6  3.559061E-04 -2.918918E+01  3.107111E-04 -1.735736E-04
  1.795197E+00  0.000000E+00     1  3.205321E+00 -1.500924E+02 -2.778471E+00 -1.598180E+00
  1.795197E+00  0.000000E+00     2  5.226658E-05  1.322934E+02 -3.517163E-05  3.866202E-05
  1.795197E+00  0.000000E+00     3  3.457344E+00 -1.482582E+02 -2.940221E+00 -1.818881E+00
  1.795197E+00  0.000000E+00     4  1.594759E-04 -4.539133E+01  1.119937E-04 -1.135341E-04
  1.795197E+00  0.000000E+00     5  2.463707E+01 -9.992456E+01 -4.246232E+00 -2.426838E+01
  1.795197E+00  0.000000E+00     6  3.641121E-04 -8.590348E+00  3.600273E-04 -5.438698E-05
  1.784997E+00  0.000000E+00     1  2.894154E+00 -1.430580E+02 -2.313135E+00 -1.739405E+00
  1.784997E+00  0.000000E+00     2  5.384604E-05  1.435082E+02 -4.328910E-05  3.202264E-05
  1.784997E+00  0.000000E+00     3  3.085386E+00 -1.411538E+02 -2.403000E+00 -1.935251E+00
  1.784997E+00  0.000000E+00     4  1.874354E-04 -3.114507E+01  1.604185E-04 -9.694285E-05
  1.784997E+00  0.000000E+00     5  2.371823E+01 -9.104281E+01 -4.316582E-01 -2.371430E+01
  1.784997E+00  0.000000E+00     6  3.684206E-04 -1.607883E+00  3.682756E-04 -1.033758E-05
  1.774912E+00  0.000000E+00     1  2.589988E+00 -1.358185E+02 -1.857372E+00 -1.805051E+00
  1.774912E+00  0.000000E+00     2  4.622525E-05  1.509208E+02 -4.039850E-05  2.246630E-05
  1.774912E+00  0.000000E+00     3  2.720518E+00 -1.336385E+02 -1.877446E+00 -1.968860E+00
  1.774912E+00  0.000000E+00     4  1.652596E-04 -2.685806E+01  1.474328E-04 -7.466129E-05
  1.774912E+00  0.000000E+00     5  2.283048E+01 -8.206017E+01  3.153646E+00 -2.261162E+01
  1.774912E+00  0.000000E+00     6  3.830606E-04  1.143441E+00  3.829843E-04  7.644159E-06
  1.764941E+00  0.000000E+00     1  2.293060E+00 -1.283130E+02 -1.421601E+00 -1.799216E+00
  1.764941E+00  0.000000E+00     2  5.968514E-05  1.416813E+02 -4.682741E-05  3.700688E-05
  1.764941E+00  0.000000E+00     3  2.365483E+00 -1.255580E+02 -1.375591E+00 -1.924385E+00
  1.764941E+00  0.000000E+00     4  2.060292E-04 -4.936545E+01  1.341728E-04 -1.563512E-04
  1.764941E+00  0.000000E+00     5  2.196920E+01 -7.295683E+01  6.439000E+00 -2.100440E+01
  1.764941E+00  0.000000E+00     6  3.619539E-04 -2.119304E+00  3.617063E-04 -1.338520E-05
  1.755081E+00  0.000000E+00     1  2.003734E+00 -1.204488E+02 -1.015429E+00 -1.727383E+00
  1.755081E+00  0.000000E+00     2  5.099113E-05  1.679333E+02 -4.986448E-05  1.065972E-05
  1.755081E+00  0.000000E+00     3  2.023521E+00 -1.166746E+02 -9.084064E-01 -1.808158E+00
  1.755081E+00  0.000000E+00     4  1.874810E-04 -1.708249E+01  1.792098E-04 -5.507220E-05
  1.755081E+00  0.000000E+00     5  2.113278E+01 -6.370652E+01  9.361170E+00 -1.894632E+01
  1.755081E+00  0.000000E+00     6  3.507497E-04  1.762469E+01  3.342856E-04  1.062003E-04
  1.745331E+00  0.000000E+00     1  1.722764E+00 -1.120737E+02 -6.474115E-01 -1.596488E+00
  1.745331E+00  0.000000E+00     2  4.124821E-05  1.537186E+02 -3.698438E-05  1.826391E-05
  1.745331E+00  0.000000E+00     3  1.698824E+00 -1.066190E+02 -4.858745E-01 -1.627861E+00
  1.745331E+00  0.000000E+00     4  1.176718E-04 -4.737041E+01  7.969396E-05 -8.657677E-05
  1.745331E+00  0.000000E+00     5  2.032355E+01 -5.428062E+01  1.186521E+01 -1.650041E+01
  1.745331E+00  0.000000E+00     6  3.304819E-04 -4.195995E+00  3.295960E-04 -2.418086E-05
  1.735688E+00  0.000000E+00     1  1.451338E+00 -1.029395E+02 -3.249868E-01 -1.414484E+00
  1.735688E+00  0.000000E+00     2  4.636788E-05 -1.596602E+02 -4.347673E-05 -1.611690E-05
  1.735688E+00  0.000000E+00     3  1.397335E+00 -9.478399E+01 -1.165369E-01 -1.392467E+00
  1.735688E+00  0.000000E+00     4  1.489714E-04  2.237699E+01  1.377537E-04  5.671328E-05
  1.735688E+00  0.000000E+00     5  1.954656E+01 -4.464815E+01  1.390612E+01 -1.373637E+01
  1.735688E+00  0.000000E+00     6  3.610165E-04  1.757796E+01  3.441595E-04  1.090282E-04
  1.726151E+00  0.000000E+00     1  1.191569E+00 -9.261337E+01 -5.433076E-02 -1.190329E+00
  1.726151E+00  0.000000E+00     2  4.269876E-05 -1.750694E+02 -4.254075E-05 -3.669891E-06
  1.726151E+00  0.000000E+00     3  1.128486E+00 -8.017933E+01  1.924801E-01 -1.111950E+00
  1.726151E+00  0.000000E+00     4  1.757247E-04  5.816863E+00  1.748199E-04  1.780954E-05
  1.726151E+00  0.000000E+00     5  1.880923E+01 -3.478257E+01  1.544845E+01 -1.072998E+01
  1.726151E+00  0.000000E+00     6  3.395953E-04  2.728222E+01  3.018185E-04  1.556616E-04
  1.716719E+00  0.000000E+00     1  9.472570E-01 -8.028690E+01  1.598162E-01 -9.336780E-01
  1.716719E+00  0.000000E+00     2  4.936860E-05 -1.644826E+02 -4.756907E-05 -1.320767E-05
  1.716719E+00  0.000000E+00     3  9.084647E-01 -6.133423E+01  4.357899E-01 -7.971168E-01
  1.716719E+00  0.000000E+00     4  1.497248E-04 -2.937624E+00  1.495280E-04 -7.673207E-06
  1.716719E+00  0.000000E+00     5  1.812159E+01 -2.466046E+01  1.646883E+01 -7.561052E+00
  1.716719E+00  0.000000E+00     6  3.258217E-04  3.395339E+01  2.702666E-04  1.819774E-04
  1.707389E+00  0.000000E+00     1  7.262955E-01 -6.435248E+01  3.143651E-01 -6.547365E-01
  1.707389E+00  0.000000E+00     2  5.117585E-05 -1.452238E+02 -4.203516E-05 -2.918926E-05
  1.707389E+00  0.000000E+00     3  7.634094E-01 -3.699849E+01  6.096980E-01 -4.594151E-01
  1.707389E+00  0.000000E+00     4  1.299553E-04  2.913983E+01  1.135074E-04  6.328076E-05
  1.707389E+00  0.000000E+00     5  1.749564E+01 -1.426838E+01  1.695593E+01 -4.312049E+00
  1.707389E+00  0.000000E+00     6  3.261619E-04  3.162661E+01  2.777214E-04  1.710332E-04
  1.698160E+00  0.000000E+00     1  5.465015E-01 -4.176596E+01  4.076200E-01 -3.640189E-01
  1.698160E+00  0.000000E+00     2  3.916861E-05 -1.451446E+02 -3.214164E-05 -2.238515E-05
  1.698160E+00  0.000000E+00     3  7.209270E-01 -8.815140E+00  7.124113E-01 -1.104799E-01
  1.698160E+00  0.000000E+00     4  1.299902E-04  2.724171E+01  1.155721E-04  5.950240E-05
  1.698160E+00  0.000000E+00     5  1.694320E+01 -3.608694E+00  1.690961E+01 -1.066438E+00
  1.698160E+00  0.000000E+00     6  2.653883E-04  4.921413E+01  1.733606E-04  2.009403E-04
  1.689030E+00  0.000000E+00     1  4.454197E-01 -9.306321E+00  4.395570E-01 -7.203002E-02
  1.689030E+00  0.000000E+00     2  5.373496E-05 -1.470596E+02 -4.509634E-05 -2.921928E-05
  1.689030E+00  0.000000E+00     3  7.809007E-01  1.772675E+01  7.438231E-01  2.377670E-01
  1.689030E+00  0.000000E+00     4  1.866618E-04  1.722635E+01  1.782886E-04  5.527940E-05
  1.689030E+00  0.000000E+00     5  1.647576E+01  7.300687E+00  1.634219E+01  2.093682E+00
  1.689030E+00  0.000000E+00     6  2.957470E-04  4.568714E+01  2.066017E-04  2.116176E-04
  1.679997E+00  0.000000E+00     1  4.627288E-01  2.712427E+01  4.118378E-01  2.109682E-01
  1.679997E+00  0.000000E+00     2  3.049837E-05 -1.383246E+02 -2.277996E-05 -2.027867E-05
  1.679997E+00  0.000000E+00     3  9.097149E-01  3.910935E+01  7.058873E-01  5.738504E-01
  1.679997E+00  0.000000E+00     4  8.689317E-05  1.861409E+01  8.234779E-05  2.773564E-05
  1.679997E+00  0.000000E+00     5  1.610354E+01  1.842377E+01  1.527815E+01  5.089406E+00
  1.679997E+00  0.000000E+00     6  2.636369E-04  5.250353E+01  1.604791E-04  2.091671E-04
  1.671061E+00  0.000000E+00     1  5.770843E-01  5.540898E+01  3.276193E-01  4.750704E-01
  1.671061E+00  0.000000E+00     2  3.429747E-05 -1.360816E+02 -2.470546E-05 -2.378985E-05
  1.671061E+00  0.000000E+00     3  1.071907E+00  5.581436E+01  6.022788E-01  8.867042E-01
  1.671061E+00  0.000000E+00     4  1.661694E-04  2.474289E+01  1.509142E-04  6.954970E-05
  1.671061E+00  0.000000E+00     5  1.583375E+01  2.970354E+01  1.375321E+01  7.845816E+00
  1.671061E+00  0.000000E+00     6  2.455361E-04  5.797486E+01  1.302056E-04  2.081693E-04
  1.662220E+00  0.000000E+00     1  7.364671E-01  7.493092E+01  1.914691E-01  7.111422E-01
  1.662220E+00  0.000000E+00     2  3.998028E-05 -1.233575E+02 -2.198363E-05 -3.339376E-05
  1.662220E+00  0.000000E+00     3  1.245575E+00  6.939844E+01  4.382769E-01  1.165920E+00
  1.662220E+00  0.000000E+00     4  1.186857E-04  3.220645E+01  1.004239E-04  6.325612E-05
  1.662220E+00  0.000000E+00     5  1.567003E+01  4.107127E+01  1.181353E+01  1.029517E+01
  1.662220E+00  0.000000E+00     6  3.362277E-04  4.585017E+01  2.341951E-04  2.412504E-04
  1.653471E+00  0.000000E+00     1  9.109734E-01  8.940998E+01  9.380864E-03  9.109251E-01
  1.653471E+00  0.000000E+00     2  4.608294E-05 -1.133046E+02 -1.823129E-05 -4.232325E-05
  1.653471E+00  0.000000E+00     3  1.419506E+00  8.105169E+01  2.207947E-01  1.402229E+00
  1.653471E+00  0.000000E+00     4  1.569905E-04  5.881264E+01  8.129569E-05  1.343020E-04
  1.653471E+00  0.000000E+00     5  1.561158E+01  5.244851E+01  9.514857E+00  1.237696E+01
  1.653471E+00  0.000000E+00     6  2.718380E-04  6.566635E+01  1.120107E-04  2.476883E-04
  1.644814E+00  0.000000E+00     1  1.088021E+00  1.012044E+02 -2.114126E-01  1.067283E+00
  1.644814E+00  0.000000E+00     2  3.759417E-05 -9.197777E+01 -1.297440E-06 -3.757178E-05
  1.644814E+00  0.000000E+00     3  1.588159E+00  9.151122E+01 -4.188399E-02  1.587606E+00
  1.644814E+00  0.000000E+00     4  1.006953E-04  9.725596E+01 -1.271803E-05  9.988892E-05
  1.644814E+00  0.000000E+00     5  1.565436E+01  6.375764E+01  6.921875E+00  1.404089E+01
  1.644814E+00  0.000000E+00     6  2.506321E-04  6.305399E+01  1.135741E-04  2.234220E-04
  1.636248E+00  0.000000E+00     1  1.262262E+00  1.115033E+02 -4.626884E-01  1.174404E+00
  1.636248E+00  0.000000E+00     2  3.347159E-05 -1.044657E+02 -8.361206E-06 -3.241045E-05
  1.636248E+00  0.000000E+00     3  1.748759E+00  1.012212E+02 -3.403024E-01  1.715329E+00
  1.636248E+00  0.000000E+00     4  8.046679E-05  5.044061E+01  5.124750E-05  6.203706E-05
  1.636248E+00  0.000000E+00     5  1.579032E+01  7.492848E+01  4.105871E+00  1.524716E+01
  1.636248E+00  0.000000E+00     6  2.315572E-04  6.620522E+01  9.342450E-05  2.118740E-04
  1.627769E+00  0.000000E+00     1  1.431260E+00  1.209176E+02 -7.353874E-01  1.227888E+00
  1.627769E+00  0.000000E+00     2  4.271511E-05 -8.098520E+01  6.693013E-06 -4.218749E-05
  1.627769E+00  0.000000E+00     3  1.900203E+00  1.104538E+02 -6.640316E-01  1.780403E+00
  1.627769E+00  0.000000E+00     4  1.940194E-04  1.053464E+02 -5.134788E-05  1.871014E-04
  1.627769E+00  0.000000E+00     5  1.600816E+01  8.590481E+01  1.143203E+00  1.596729E+01
  1.627769E+00  0.000000E+00     6  2.176705E-04  9.370277E+01 -1.405729E-05  2.172161E-04
  1.619379E+00  0.000000E+00     1  1.593880E+00  1.297831E+02 -1.019897E+00  1.224853E+00
  1.619379E+00  0.000000E+00     2  4.002286E-05 -8.835288E+01  1.150402E-06 -4.000632E-05
  1.619379E+00  0.000000E+00     3  2.042242E+00  1.193845E+02 -1.002062E+00  1.779501E+00
  1.619379E+00  0.000000E+00     4  1.796251E-04  7.411963E+01  4.915077E-05  1.727697E-04
  1.619379E+00  0.000000E+00     5  1.629485E+01  9.664694E+01 -1.886145E+00  1.618532E+01
  1.619379E+00  0.000000E+00     6  1.183674E-04  1.175050E+02 -5.466515E-05  1.049884E-04
  1.611074E+00  0.000000E+00     1  1.749738E+00  1.382900E+02 -1.306218E+00  1.164207E+00
  1.611074E+00  0.000000E+00     2  4.038819E-05 -8.341627E+01  4.630715E-06 -4.012185E-05
  1.611074E+00  0.000000E+00     3  2.175298E+00  1.281223E+02 -1.342904E+00  1.711295E+00
  1.611074E+00  0.000000E+00     4  9.158150E-05  7.759077E+01  1.968020E-05  8.944194E-05
  1.611074E+00  0.000000E+00     5  1.663666E+01  1.071311E+02 -4.900490E+00  1.589854E+01
  1.611074E+00  0.000000E+00     6  2.391130E-04  9.531364E+01 -2.214371E-05  2.380854E-04
  1.602855E+00  0.000000E+00     1  1.898578E+00  1.465569E+02 -1.584237E+00  1.046322E+00
  1.602855E+00  0.000000E+00     2  4.296470E-05 -7.338368E+01  1.228624E-05 -4.117055E-05
  1.602855E+00  0.000000E+00     3  2.299913E+00  1.367425E+02 -1.674984E+00  1.576080E+00
  1.602855E+00  0.000000E+00     4  1.806297E-04  7.994287E+01  3.154336E-05  1.778541E-04
  1.602855E+00  0.000000E+00     5  1.701871E+01  1.173491E+02 -7.818584E+00  1.511642E+01
  1.602855E+00  0.000000E+00     6  1.469967E-04  1.189377E+02 -7.112555E-05  1.286436E-04
  1.594718E+00  0.000000E+00     1  2.040460E+00  1.546589E+02 -1.844118E+00  8.733303E-01
  1.594718E+00  0.000000E+00     2  3.763961E-05 -6.517485E+01  1.580301E-05 -3.416145E-05
  1.594718E+00  0.000000E+00     3  2.417101E+00  1.452929E+02 -1.987034E+00  1.376253E+00
  1.594718E+00  0.000000E+00     4  1.183736E-04  6.885816E+01  4.269474E-05  1.104059E-04
  1.594718E+00  0.000000E+00     5  1.742718E+01  1.273049E+02 -1.056186E+01  1.386195E+01
  1.594718E+00  0.000000E+00     6  1.438066E-04  1.196011E+02 -7.103449E-05  1.250378E-04
  1.586664E+00  0.000000E+00     1  2.175492E+00  1.626414E+02 -2.076411E+00  6.490613E-01
  1.586664E+00  0.000000E+00     2  2.442865E-05 -4.551226E+01  1.711854E-05 -1.742741E-05
  1.586664E+00  0.000000E+00     3  2.527778E+00  1.538019E+02 -2.268107E+00  1.115952E+00
  1.586664E+00  0.000000E+00     4  6.084637E-05  6.580547E+01  2.493704E-05  5.550158E-05
  1.586664E+00  0.000000E+00     5  1.784872E+01  1.370114E+02 -1.305616E+01  1.217019E+01
  1.586664E+00  0.000000E+00     6  1.307913E-04  1.233296E+02 -7.186385E-05  1.092792E-04
  1.578691E+00  0.000000E+00     1  2.303743E+00  1.705364E+02 -2.272390E+00  3.787823E-01
  1.578691E+00  0.000000E+00     2  2.795541E-05 -5.233889E+01  1.708047E-05 -2.213057E-05
  1.578691E+00  0.000000E+00     3  2.633210E+00  1.622867E+02 -2.508372E+00  8.011659E-01
  1.578691E+00  0.000000E+00     4  1.045884E-04  9.289339E+01 -5.279377E-06  1.044550E-04
  1.578691E+00  0.000000E+00     5  1.827060E+01  1.464879E+02 -1.523346E+01  1.008744E+01
  1.578691E+00  0.000000E+00     6  1.592204E-04  1.544196E+02 -1.436137E-04  6.874780E-05
  1.570798E+00  0.000000E+00     1  2.425272E+00  1.783658E+02 -2.424285E+00  6.916361E-02
  1.570798E+00  0.000000E+00     2  2.888351E-05 -6.108983E+01  1.396338E-05 -2.528401E-05
  1.570798E+00  0.000000E+00     3  2.734255E+00  1.707550E+02 -2.698738E+00  4.392767E-01
  1.570798E+00  0.000000E+00     4  1.236070E-04  6.337841E+01  5.538781E-05  1.105029E-04
  1.570798E+00  0.000000E+00     5  1.868136E+01  1.557578E+02 -1.703400E+01  7.670475E+00
  1.570798E+00  0.000000E+00     6  2.073711E-04  1.695420E+02 -2.039263E-04  3.764105E-05
