# 5MW, generated from ROSCO via CCBlade; lateral coefficients added synthetically (C_Fy=-0.08 C_Fx, C_Fz=0.05 C_Fx, C_My=0.06 C_Mx, C_Mz=-0.04 C_Mx) so the mirror sign factors on the lateral components are exercised. Not a physical rotor.
TSR,  RtSpd ,   VRel,  Skew ,   Pitch ,  C_Fx  ,   C_Fy   ,  C_Fz   ,  C_Mx   ,  C_My  ,   C_Mz
(-),  (rpm) ,   (m/s)  ,  (deg) ,   (deg) ,  (-)  ,   (-)   ,  (-)   ,  (-)   ,  (-)  ,   (-)
    3.0000,     1.0000,     2.1991,     0.0000,    -1.0000,     0.2347,    -0.0188,     0.0117,     0.0306,     0.0018,    -0.0012
    3.0000,     1.0000,     2.1991,     0.0000,    -0.7500,     0.2349,    -0.0188,     0.0117,     0.0314,     0.0019,    -0.0013
    3.0000,     1.0000,     2.1991,     0.0000,    -0.5000,     0.2350,    -0.0188,     0.0118,     0.0322,     0.0019,    -0.0013
    3.0000,     1.0000,     2.1991,     0.0000,    -0.2500,     0.2351,    -0.0188,     0.0118,     0.0330,     0.0020,    -0.0013
    3.0000,     1.0000,     2.1991,     0.0000,     0.0000,     0.2352,    -0.0188,     0.0118,     0.0338,     0.0020,    -0.0014
    3.0000,     1.0000,     2.1991,     0.0000,     0.2500,     0.2352,    -0.0188,     0.0118,     0.0346,     0.0021,    -0.0014
    3.0000,     1.0000,     2.1991,     0.0000,     0.5000,     0.2351,    -0.0188,     0.0118,     0.0353,     0.0021,    -0.0014
    3.0000,     1.0000,     2.1991,     0.0000,     0.7500,     0.2350,    -0.0188,     0.0118,     0.0361,     0.0022,    -0.0014
    3.0000,     1.0000,     2.1991,     0.0000,     1.0000,     0.2349,    -0.0188,     0.0117,     0.0368,     0.0022,    -0.0015
    3.0000,     1.0000,     2.1991,     0.0000,     1.2500,     0.2347,    -0.0188,     0.0117,     0.0375,     0.0022,    -0.0015
    3.0000,     1.0000,     2.1991,     0.0000,     1.5000,     0.2345,    -0.0188,     0.0117,     0.0382,     0.0023,    -0.0015
    3.0000,     1.0000,     2.1991,     0.0000,     1.7500,     0.2342,    -0.0187,     0.0117,     0.0389,     0.0023,    -0.0016
    3.0000,     1.0000,     2.1991,     0.0000,     2.0000,     0.2338,    -0.0187,     0.0117,     0.0395,     0.0024,    -0.0016
    3.0000,     1.0000,     2.1991,     0.0000,     2.2500,     0.2335,    -0.0187,     0.0117,     0.0402,     0.0024,    -0.0016
    3.0000,     1.0000,     2.1991,     0.0000,     2.5000,     0.2330,    -0.0186,     0.0117,     0.0408,     0.0024,    -0.0016
    3.0000,     1.0000,     2.1991,     0.0000,     2.7500,     0.2325,    -0.0186,     0.0116,     0.0414,     0.0025,    -0.0017
    3.0000,     1.0000,     2.1991,     0.0000,     3.0000,     0.2320,    -0.0186,     0.0116,     0.0420,     0.0025,    -0.0017
    3.0000,     1.0000,     2.1991,     0.0000,     3.2500,     0.2314,    -0.0185,     0.0116,     0.0426,     0.0026,    -0.0017
    3.0000,     1.0000,     2.1991,     0.0000,     3.5000,     0.2308,    -0.0185,     0.0115,     0.0432,     0.0026,    -0.0017
    3.0000,     1.0000,     2.1991,     0.0000,     3.7500,     0.2302,    -0.0184,     0.0115,     0.0437,     0.0026,    -0.0017
    3.0000,     1.0000,     2.1991,     0.0000,     4.0000,     0.2295,    -0.0184,     0.0115,     0.0442,     0.0027,    -0.0018
    3.0000,     1.0000,     2.1991,     0.0000,     4.2500,     0.2287,    -0.0183,     0.0114,     0.0447,     0.0027,    -0.0018
    3.0000,     1.0000,     2.1991,     0.0000,     4.5000,     0.2279,    -0.0182,     0.0114,     0.0452,     0.0027,    -0.0018
    3.0000,     1.0000,     2.1991,     0.0000,     4.7500,     0.2271,    -0.0182,     0.0114,     0.0457,     0.0027,    -0.0018
    3.0000,     1.0000,     2.1991,     0.0000,     5.0000,     0.2262,    -0.0181,     0.0113,     0.0461,     0.0028,    -0.0018
    3.0000,     1.0000,     2.1991,     0.0000,     5.2500,     0.2253,    -0.0180,     0.0113,     0.0465,     0.0028,    -0.0019
    3.0000,     1.0000,     2.1991,     0.0000,     5.5000,     0.2244,    -0.0180,     0.0112,     0.0469,     0.0028,    -0.0019
    3.0000,     1.0000,     2.1991,     0.0000,     5.7500,     0.2234,    -0.0179,     0.0112,     0.0473,     0.0028,    -0.0019
    3.0000,     1.0000,     2.1991,     0.0000,     6.0000,     0.2224,    -0.0178,     0.0111,     0.0476,     0.0029,    -0.0019
    3.0000,     1.0000,     2.1991,     0.0000,     6.2500,     0.2213,    -0.0177,     0.0111,     0.0480,     0.0029,    -0.0019
    3.0000,     1.0000,     2.1991,     0.0000,     6.5000,     0.2203,    -0.0176,     0.0110,     0.0483,     0.0029,    -0.0019
    3.0000,     1.0000,     2.1991,     0.0000,     6.7500,     0.2192,    -0.0175,     0.0110,     0.0486,     0.0029,    -0.0019
    3.0000,     1.0000,     2.1991,     0.0000,     7.0000,     0.2180,    -0.0174,     0.0109,     0.0488,     0.0029,    -0.0020
    3.0000,     1.0000,     2.1991,     0.0000,     7.2500,     0.2169,    -0.0174,     0.0108,     0.0491,     0.0029,    -0.0020
    3.0000,     1.0000,     2.1991,     0.0000,     7.5000,     0.2157,    -0.0173,     0.0108,     0.0493,     0.0030,    -0.0020
    3.0000,     1.0000,     2.1991,     0.0000,     7.7500,     0.2145,    -0.0172,     0.0107,     0.0495,     0.0030,    -0.0020
    3.0000,     1.0000,     2.1991,     0.0000,     8.0000,     0.2133,    -0.0171,     0.0107,     0.0496,     0.0030,    -0.0020
    3.0000,     1.0000,     2.1991,     0.0000,     8.2500,     0.2121,    -0.0170,     0.0106,     0.0498,     0.0030,    -0.0020
    3.0000,     1.0000,     2.1991,     0.0000,     8.5000,     0.2109,    -0.0169,     0.0105,     0.0499,     0.0030,    -0.0020
    3.0000,     1.0000,     2.1991,     0.0000,     8.7500,     0.2096,    -0.0168,     0.0105,     0.0500,     0.0030,    -0.0020
    3.0000,     1.0000,     2.1991,     0.0000,     9.0000,     0.2084,    -0.0167,     0.0104,     0.0501,     0.0030,    -0.0020
    3.0000,     1.0000,     2.1991,     0.0000,     9.2500,     0.2071,    -0.0166,     0.0104,     0.0502,     0.0030,    -0.0020
    3.0000,     1.0000,     2.1991,     0.0000,     9.5000,     0.2058,    -0.0165,     0.0103,     0.0502,     0.0030,    -0.0020
    3.0000,     1.0000,     2.1991,     0.0000,     9.7500,     0.2045,    -0.0164,     0.0102,     0.0502,     0.0030,    -0.0020
    3.0000,     1.0000,     2.1991,     0.0000,    10.0000,     0.2031,    -0.0162,     0.0102,     0.0502,     0.0030,    -0.0020
    3.0000,     1.0000,     2.1991,     0.0000,    10.2500,     0.2018,    -0.0161,     0.0101,     0.0502,     0.0030,    -0.0020
    3.0000,     1.0000,     2.1991,     0.0000,    10.5000,     0.2004,    -0.0160,     0.0100,     0.0502,     0.0030,    -0.0020
    3.0000,     1.0000,     2.1991,     0.0000,    10.7500,     0.1990,    -0.0159,     0.0100,     0.0501,     0.0030,    -0.0020
    3.0000,     1.0000,     2.1991,     0.0000,    11.0000,     0.1975,    -0.0158,     0.0099,     0.0500,     0.0030,    -0.0020
    3.0000,     1.0000,     2.1991,     0.0000,    11.2500,     0.1961,    -0.0157,     0.0098,     0.0499,     0.0030,    -0.0020
    3.0000,     1.0000,     2.1991,     0.0000,    11.5000,     0.1946,    -0.0156,     0.0097,     0.0498,     0.0030,    -0.0020
    3.0000,     1.0000,     2.1991,     0.0000,    11.7500,     0.1931,    -0.0154,     0.0097,     0.0497,     0.0030,    -0.0020
    3.0000,     1.0000,     2.1991,     0.0000,    12.0000,     0.1915,    -0.0153,     0.0096,     0.0495,     0.0030,    -0.0020
    3.0000,     1.0000,     2.1991,     0.0000,    12.2500,     0.1899,    -0.0152,     0.0095,     0.0493,     0.0030,    -0.0020
    3.0000,     1.0000,     2.1991,     0.0000,    12.5000,     0.1883,    -0.0151,     0.0094,     0.0491,     0.0029,    -0.0020
    3.0000,     1.0000,     2.1991,     0.0000,    12.7500,     0.1866,    -0.0149,     0.0093,     0.0489,     0.0029,    -0.0020
    3.0000,     1.0000,     2.1991,     0.0000,    13.0000,     0.1849,    -0.0148,     0.0092,     0.0486,     0.0029,    -0.0019
    3.0000,     1.0000,     2.1991,     0.0000,    13.2500,     0.1831,    -0.0146,     0.0092,     0.0484,     0.0029,    -0.0019
    3.0000,     1.0000,     2.1991,     0.0000,    13.5000,     0.1813,    -0.0145,     0.0091,     0.0481,     0.0029,    -0.0019
    3.0000,     1.0000,     2.1991,     0.0000,    13.7500,     0.1794,    -0.0144,     0.0090,     0.0478,     0.0029,    -0.0019
    3.0000,     1.0000,     2.1991,     0.0000,    14.0000,     0.1775,    -0.0142,     0.0089,     0.0474,     0.0028,    -0.0019
    3.0000,     1.0000,     2.1991,     0.0000,    14.2500,     0.1755,    -0.0140,     0.0088,     0.0471,     0.0028,    -0.0019
    3.0000,     1.0000,     2.1991,     0.0000,    14.5000,     0.1735,    -0.0139,     0.0087,     0.0467,     0.0028,    -0.0019
    3.0000,     1.0000,     2.1991,     0.0000,    14.7500,     0.1713,    -0.0137,     0.0086,     0.0463,     0.0028,    -0.0019
    3.0000,     1.0000,     2.1991,     0.0000,    15.0000,     0.1692,    -0.0135,     0.0085,     0.0459,     0.0028,    -0.0018
    3.0000,     1.0000,     2.1991,     0.0000,    15.2500,     0.1669,    -0.0134,     0.0083,     0.0454,     0.0027,    -0.0018
    3.0000,     1.0000,     2.1991,     0.0000,    15.5000,     0.1646,    -0.0132,     0.0082,     0.0449,     0.0027,    -0.0018
    3.0000,     1.0000,     2.1991,     0.0000,    15.7500,     0.1622,    -0.0130,     0.0081,     0.0444,     0.0027,    -0.0018
    3.0000,     1.0000,     2.1991,     0.0000,    16.0000,     0.1597,    -0.0128,     0.0080,     0.0438,     0.0026,    -0.0018
    3.0000,     1.0000,     2.1991,     0.0000,    16.2500,     0.1572,    -0.0126,     0.0079,     0.0433,     0.0026,    -0.0017
    3.0000,     1.0000,     2.1991,     0.0000,    16.5000,     0.1546,    -0.0124,     0.0077,     0.0427,     0.0026,    -0.0017
    3.0000,     1.0000,     2.1991,     0.0000,    16.7500,     0.1519,    -0.0122,     0.0076,     0.0420,     0.0025,    -0.0017
    3.0000,     1.0000,     2.1991,     0.0000,    17.0000,     0.1492,    -0.0119,     0.0075,     0.0414,     0.0025,    -0.0017
    3.0000,     1.0000,     2.1991,     0.0000,    17.2500,     0.1465,    -0.0117,     0.0073,     0.0407,     0.0024,    -0.0016
    3.0000,     1.0000,     2.1991,     0.0000,    17.5000,     0.1436,    -0.0115,     0.0072,     0.0400,     0.0024,    -0.0016
    3.0000,     1.0000,     2.1991,     0.0000,    17.7500,     0.1408,    -0.0113,     0.0070,     0.0393,     0.0024,    -0.0016
    3.0000,     1.0000,     2.1991,     0.0000,    18.0000,     0.1378,    -0.0110,     0.0069,     0.0386,     0.0023,    -0.0015
    3.0000,     1.0000,     2.1991,     0.0000,    18.2500,     0.1348,    -0.0108,     0.0067,     0.0378,     0.0023,    -0.0015
    3.0000,     1.0000,     2.1991,     0.0000,    18.5000,     0.1318,    -0.0105,     0.0066,     0.0370,     0.0022,    -0.0015
    3.0000,     1.0000,     2.1991,     0.0000,    18.7500,     0.1287,    -0.0103,     0.0064,     0.0362,     0.0022,    -0.0014
    3.0000,     1.0000,     2.1991,     0.0000,    19.0000,     0.1256,    -0.0100,     0.0063,     0.0354,     0.0021,    -0.0014
    3.0000,     1.0000,     2.1991,     0.0000,    19.2500,     0.1225,    -0.0098,     0.0061,     0.0345,     0.0021,    -0.0014
    3.0000,     1.0000,     2.1991,     0.0000,    19.5000,     0.1193,    -0.0095,     0.0060,     0.0336,     0.0020,    -0.0013
    3.0000,     1.0000,     2.1991,     0.0000,    19.7500,     0.1160,    -0.0093,     0.0058,     0.0327,     0.0020,    -0.0013
    3.0000,     1.0000,     2.1991,     0.0000,    20.0000,     0.1127,    -0.0090,     0.0056,     0.0318,     0.0019,    -0.0013
    3.0000,     1.0000,     2.1991,     0.0000,    20.2500,     0.1094,    -0.0088,     0.0055,     0.0309,     0.0019,    -0.0012
    3.0000,     1.0000,     2.1991,     0.0000,    20.5000,     0.1060,    -0.0085,     0.0053,     0.0299,     0.0018,    -0.0012
    3.0000,     1.0000,     2.1991,     0.0000,    20.7500,     0.1026,    -0.0082,     0.0051,     0.0290,     0.0017,    -0.0012
    3.0000,     1.0000,     2.1991,     0.0000,    21.0000,     0.0992,    -0.0079,     0.0050,     0.0280,     0.0017,    -0.0011
    3.0000,     1.0000,     2.1991,     0.0000,    21.2500,     0.0958,    -0.0077,     0.0048,     0.0270,     0.0016,    -0.0011
    3.0000,     1.0000,     2.1991,     0.0000,    21.5000,     0.0923,    -0.0074,     0.0046,     0.0260,     0.0016,    -0.0010
    3.0000,     1.0000,     2.1991,     0.0000,    21.7500,     0.0888,    -0.0071,     0.0044,     0.0249,     0.0015,    -0.0010
    3.0000,     1.0000,     2.1991,     0.0000,    22.0000,     0.0853,    -0.0068,     0.0043,     0.0239,     0.0014,    -0.0010
    3.0000,     1.0000,     2.1991,     0.0000,    22.2500,     0.0817,    -0.0065,     0.0041,     0.0229,     0.0014,    -0.0009
    3.0000,     1.0000,     2.1991,     0.0000,    22.5000,     0.0782,    -0.0063,     0.0039,     0.0218,     0.0013,    -0.0009
    3.0000,     1.0000,     2.1991,     0.0000,    22.7500,     0.0746,    -0.0060,     0.0037,     0.0207,     0.0012,    -0.0008
    3.0000,     1.0000,     2.1991,     0.0000,    23.0000,     0.0710,    -0.0057,     0.0035,     0.0196,     0.0012,    -0.0008
    3.0000,     1.0000,     2.1991,     0.0000,    23.2500,     0.0674,    -0.0054,     0.0034,     0.0185,     0.0011,    -0.0007
    3.0000,     1.0000,     2.1991,     0.0000,    23.5000,     0.0638,    -0.0051,     0.0032,     0.0174,     0.0010,    -0.0007
    3.0000,     1.0000,     2.1991,     0.0000,    23.7500,     0.0602,    -0.0048,     0.0030,     0.0163,     0.0010,    -0.0007
    3.0000,     1.0000,     2.1991,     0.0000,    24.0000,     0.0565,    -0.0045,     0.0028,     0.0152,     0.0009,    -0.0006
    3.0000,     1.0000,     2.1991,     0.0000,    24.2500,     0.0529,    -0.0042,     0.0026,     0.0141,     0.0008,    -0.0006
    3.0000,     1.0000,     2.1991,     0.0000,    24.5000,     0.0492,    -0.0039,     0.0025,     0.0129,     0.0008,    -0.0005
    3.0000,     1.0000,     2.1991,     0.0000,    24.7500,     0.0456,    -0.0036,     0.0023,     0.0118,     0.0007,    -0.0005
    3.2500,     1.0000,     2.0300,     0.0000,    -1.0000,     0.2676,    -0.0214,     0.0134,     0.0360,     0.0022,    -0.0014
    3.2500,     1.0000,     2.0300,     0.0000,    -0.7500,     0.2675,    -0.0214,     0.0134,     0.0368,     0.0022,    -0.0015
    3.2500,     1.0000,     2.0300,     0.0000,    -0.5000,     0.2673,    -0.0214,     0.0134,     0.0377,     0.0023,    -0.0015
    3.2500,     1.0000,     2.0300,     0.0000,    -0.2500,     0.2671,    -0.0214,     0.0134,     0.0384,     0.0023,    -0.0015
    3.2500,     1.0000,     2.0300,     0.0000,     0.0000,     0.2668,    -0.0213,     0.0133,     0.0392,     0.0024,    -0.0016
    3.2500,     1.0000,     2.0300,     0.0000,     0.2500,     0.2665,    -0.0213,     0.0133,     0.0400,     0.0024,    -0.0016
    3.2500,     1.0000,     2.0300,     0.0000,     0.5000,     0.2661,    -0.0213,     0.0133,     0.0407,     0.0024,    -0.0016
    3.2500,     1.0000,     2.0300,     0.0000,     0.7500,     0.2657,    -0.0213,     0.0133,     0.0414,     0.0025,    -0.0017
    3.2500,     1.0000,     2.0300,     0.0000,     1.0000,     0.2651,    -0.0212,     0.0133,     0.0422,     0.0025,    -0.0017
    3.2500,     1.0000,     2.0300,     0.0000,     1.2500,     0.2646,    -0.0212,     0.0132,     0.0428,     0.0026,    -0.0017
    3.2500,     1.0000,     2.0300,     0.0000,     1.5000,     0.2639,    -0.0211,     0.0132,     0.0435,     0.0026,    -0.0017
    3.2500,     1.0000,     2.0300,     0.0000,     1.7500,     0.2633,    -0.0211,     0.0132,     0.0442,     0.0027,    -0.0018
    3.2500,     1.0000,     2.0300,     0.0000,     2.0000,     0.2625,    -0.0210,     0.0131,     0.0448,     0.0027,    -0.0018
    3.2500,     1.0000,     2.0300,     0.0000,     2.2500,     0.2617,    -0.0209,     0.0131,     0.0454,     0.0027,    -0.0018
    3.2500,     1.0000,     2.0300,     0.0000,     2.5000,     0.2609,    -0.0209,     0.0130,     0.0460,     0.0028,    -0.0018
    3.2500,     1.0000,     2.0300,     0.0000,     2.7500,     0.2600,    -0.0208,     0.0130,     0.0465,     0.0028,    -0.0019
    3.2500,     1.0000,     2.0300,     0.0000,     3.0000,     0.2591,    -0.0207,     0.0130,     0.0471,     0.0028,    -0.0019
    3.2500,     1.0000,     2.0300,     0.0000,     3.2500,     0.2581,    -0.0206,     0.0129,     0.0476,     0.0029,    -0.0019
    3.2500,     1.0000,     2.0300,     0.0000,     3.5000,     0.2570,    -0.0206,     0.0129,     0.0481,     0.0029,    -0.0019
    3.2500,     1.0000,     2.0300,     0.0000,     3.7500,     0.2560,    -0.0205,     0.0128,     0.0486,     0.0029,    -0.0019
    3.2500,     1.0000,     2.0300,     0.0000,     4.0000,     0.2549,    -0.0204,     0.0127,     0.0490,     0.0029,    -0.0020
    3.2500,     1.0000,     2.0300,     0.0000,     4.2500,     0.2537,    -0.0203,     0.0127,     0.0494,     0.0030,    -0.0020
    3.2500,     1.0000,     2.0300,     0.0000,     4.5000,     0.2525,    -0.0202,     0.0126,     0.0498,     0.0030,    -0.0020
    3.2500,     1.0000,     2.0300,     0.0000,     4.7500,     0.2513,    -0.0201,     0.0126,     0.0502,     0.0030,    -0.0020
    3.2500,     1.0000,     2.0300,     0.0000,     5.0000,     0.2501,    -0.0200,     0.0125,     0.0505,     0.0030,    -0.0020
    3.2500,     1.0000,     2.0300,     0.0000,     5.2500,     0.2488,    -0.0199,     0.0124,     0.0509,     0.0031,    -0.0020
    3.2500,     1.0000,     2.0300,     0.0000,     5.5000,     0.2475,    -0.0198,     0.0124,     0.0512,     0.0031,    -0.0020
    3.2500,     1.0000,     2.0300,     0.0000,     5.7500,     0.2462,    -0.0197,     0.0123,     0.0514,     0.0031,    -0.0021
    3.2500,     1.0000,     2.0300,     0.0000,     6.0000,     0.2449,    -0.0196,     0.0122,     0.0517,     0.0031,    -0.0021
    3.2500,     1.0000,     2.0300,     0.0000,     6.2500,     0.2435,    -0.0195,     0.0122,     0.0519,     0.0031,    -0.0021
    3.2500,     1.0000,     2.0300,     0.0000,     6.5000,     0.2422,    -0.0194,     0.0121,     0.0521,     0.0031,    -0.0021
    3.2500,     1.0000,     2.0300,     0.0000,     6.7500,     0.2408,    -0.0193,     0.0120,     0.0523,     0.0031,    -0.0021
    3.2500,     1.0000,     2.0300,     0.0000,     7.0000,     0.2394,    -0.0192,     0.0120,     0.0525,     0.0031,    -0.0021
    3.2500,     1.0000,     2.0300,     0.0000,     7.2500,     0.2380,    -0.0190,     0.0119,     0.0526,     0.0032,    -0.0021
    3.2500,     1.0000,     2.0300,     0.0000,     7.5000,     0.2366,    -0.0189,     0.0118,     0.0527,     0.0032,    -0.0021
    3.2500,     1.0000,     2.0300,     0.0000,     7.7500,     0.2352,    -0.0188,     0.0118,     0.0528,     0.0032,    -0.0021
    3.2500,     1.0000,     2.0300,     0.0000,     8.0000,     0.2337,    -0.0187,     0.0117,     0.0529,     0.0032,    -0.0021
    3.2500,     1.0000,     2.0300,     0.0000,     8.2500,     0.2323,    -0.0186,     0.0116,     0.0529,     0.0032,    -0.0021
    3.2500,     1.0000,     2.0300,     0.0000,     8.5000,     0.2308,    -0.0185,     0.0115,     0.0529,     0.0032,    -0.0021
    3.2500,     1.0000,     2.0300,     0.0000,     8.7500,     0.2292,    -0.0183,     0.0115,     0.0529,     0.0032,    -0.0021
    3.2500,     1.0000,     2.0300,     0.0000,     9.0000,     0.2277,    -0.0182,     0.0114,     0.0529,     0.0032,    -0.0021
    3.2500,     1.0000,     2.0300,     0.0000,     9.2500,     0.2261,    -0.0181,     0.0113,     0.0528,     0.0032,    -0.0021
    3.2500,     1.0000,     2.0300,     0.0000,     9.5000,     0.2245,    -0.0180,     0.0112,     0.0528,     0.0032,    -0.0021
    3.2500,     1.0000,     2.0300,     0.0000,     9.7500,     0.2228,    -0.0178,     0.0111,     0.0527,     0.0032,    -0.0021
    3.2500,     1.0000,     2.0300,     0.0000,    10.0000,     0.2211,    -0.0177,     0.0111,     0.0525,     0.0031,    -0.0021
    3.2500,     1.0000,     2.0300,     0.0000,    10.2500,     0.2194,    -0.0176,     0.0110,     0.0524,     0.0031,    -0.0021
    3.2500,     1.0000,     2.0300,     0.0000,    10.5000,     0.2176,    -0.0174,     0.0109,     0.0522,     0.0031,    -0.0021
    3.2500,     1.0000,     2.0300,     0.0000,    10.7500,     0.2158,    -0.0173,     0.0108,     0.0520,     0.0031,    -0.0021
    3.2500,     1.0000,     2.0300,     0.0000,    11.0000,     0.2139,    -0.0171,     0.0107,     0.0518,     0.0031,    -0.0021
    3.2500,     1.0000,     2.0300,     0.0000,    11.2500,     0.2119,    -0.0170,     0.0106,     0.0516,     0.0031,    -0.0021
    3.2500,     1.0000,     2.0300,     0.0000,    11.5000,     0.2099,    -0.0168,     0.0105,     0.0513,     0.0031,    -0.0021
    3.2500,     1.0000,     2.0300,     0.0000,    11.7500,     0.2079,    -0.0166,     0.0104,     0.0510,     0.0031,    -0.0020
    3.2500,     1.0000,     2.0300,     0.0000,    12.0000,     0.2057,    -0.0165,     0.0103,     0.0507,     0.0030,    -0.0020
    3.2500,     1.0000,     2.0300,     0.0000,    12.2500,     0.2035,    -0.0163,     0.0102,     0.0503,     0.0030,    -0.0020
    3.2500,     1.0000,     2.0300,     0.0000,    12.5000,     0.2012,    -0.0161,     0.0101,     0.0500,     0.0030,    -0.0020
    3.2500,     1.0000,     2.0300,     0.0000,    12.7500,     0.1988,    -0.0159,     0.0099,     0.0495,     0.0030,    -0.0020
    3.2500,     1.0000,     2.0300,     0.0000,    13.0000,     0.1963,    -0.0157,     0.0098,     0.0491,     0.0029,    -0.0020
    3.2500,     1.0000,     2.0300,     0.0000,    13.2500,     0.1937,    -0.0155,     0.0097,     0.0486,     0.0029,    -0.0019
    3.2500,     1.0000,     2.0300,     0.0000,    13.5000,     0.1911,    -0.0153,     0.0096,     0.0481,     0.0029,    -0.0019
    3.2500,     1.0000,     2.0300,     0.0000,    13.7500,     0.1884,    -0.0151,     0.0094,     0.0476,     0.0029,    -0.0019
    3.2500,     1.0000,     2.0300,     0.0000,    14.0000,     0.1856,    -0.0148,     0.0093,     0.0470,     0.0028,    -0.0019
    3.2500,     1.0000,     2.0300,     0.0000,    14.2500,     0.1827,    -0.0146,     0.0091,     0.0465,     0.0028,    -0.0019
    3.2500,     1.0000,     2.0300,     0.0000,    14.5000,     0.1797,    -0.0144,     0.0090,     0.0458,     0.0027,    -0.0018
    3.2500,     1.0000,     2.0300,     0.0000,    14.7500,     0.1767,    -0.0141,     0.0088,     0.0452,     0.0027,    -0.0018
    3.2500,     1.0000,     2.0300,     0.0000,    15.0000,     0.1736,    -0.0139,     0.0087,     0.0445,     0.0027,    -0.0018
    3.2500,     1.0000,     2.0300,     0.0000,    15.2500,     0.1704,    -0.0136,     0.0085,     0.0438,     0.0026,    -0.0018
    3.2500,     1.0000,     2.0300,     0.0000,    15.5000,     0.1672,    -0.0134,     0.0084,     0.0431,     0.0026,    -0.0017
    3.2500,     1.0000,     2.0300,     0.0000,    15.7500,     0.1639,    -0.0131,     0.0082,     0.0424,     0.0025,    -0.0017
    3.2500,     1.0000,     2.0300,     0.0000,    16.0000,     0.1606,    -0.0128,     0.0080,     0.0416,     0.0025,    -0.0017
    3.2500,     1.0000,     2.0300,     0.0000,    16.2500,     0.1572,    -0.0126,     0.0079,     0.0408,     0.0024,    -0.0016
    3.2500,     1.0000,     2.0300,     0.0000,    16.5000,     0.1537,    -0.0123,     0.0077,     0.0400,     0.0024,    -0.0016
    3.2500,     1.0000,     2.0300,     0.0000,    16.7500,     0.1501,    -0.0120,     0.0075,     0.0391,     0.0023,    -0.0016
    3.2500,     1.0000,     2.0300,     0.0000,    17.0000,     0.1466,    -0.0117,     0.0073,     0.0382,     0.0023,    -0.0015
    3.2500,     1.0000,     2.0300,     0.0000,    17.2500,     0.1429,    -0.0114,     0.0071,     0.0373,     0.0022,    -0.0015
    3.2500,     1.0000,     2.0300,     0.0000,    17.5000,     0.1392,    -0.0111,     0.0070,     0.0364,     0.0022,    -0.0015
    3.2500,     1.0000,     2.0300,     0.0000,    17.7500,     0.1355,    -0.0108,     0.0068,     0.0355,     0.0021,    -0.0014
    3.2500,     1.0000,     2.0300,     0.0000,    18.0000,     0.1317,    -0.0105,     0.0066,     0.0345,     0.0021,    -0.0014
    3.2500,     1.0000,     2.0300,     0.0000,    18.2500,     0.1279,    -0.0102,     0.0064,     0.0335,     0.0020,    -0.0013
    3.2500,     1.0000,     2.0300,     0.0000,    18.5000,     0.1240,    -0.0099,     0.0062,     0.0325,     0.0019,    -0.0013
    3.2500,     1.0000,     2.0300,     0.0000,    18.7500,     0.1201,    -0.0096,     0.0060,     0.0315,     0.0019,    -0.0013
    3.2500,     1.0000,     2.0300,     0.0000,    19.0000,     0.1162,    -0.0093,     0.0058,     0.0305,     0.0018,    -0.0012
    3.2500,     1.0000,     2.0300,     0.0000,    19.2500,     0.1122,    -0.0090,     0.0056,     0.0294,     0.0018,    -0.0012
    3.2500,     1.0000,     2.0300,     0.0000,    19.5000,     0.1082,    -0.0087,     0.0054,     0.0283,     0.0017,    -0.0011
    3.2500,     1.0000,     2.0300,     0.0000,    19.7500,     0.1042,    -0.0083,     0.0052,     0.0272,     0.0016,    -0.0011
    3.2500,     1.0000,     2.0300,     0.0000,    20.0000,     0.1002,    -0.0080,     0.0050,     0.0261,     0.0016,    -0.0010
    3.2500,     1.0000,     2.0300,     0.0000,    20.2500,     0.0961,    -0.0077,     0.0048,     0.0250,     0.0015,    -0.0010
    3.2500,     1.0000,     2.0300,     0.0000,    20.5000,     0.0920,    -0.0074,     0.0046,     0.0239,     0.0014,    -0.0010
    3.2500,     1.0000,     2.0300,     0.0000,    20.7500,     0.0879,    -0.0070,     0.0044,     0.0228,     0.0014,    -0.0009
    3.2500,     1.0000,     2.0300,     0.0000,    21.0000,     0.0838,    -0.0067,     0.0042,     0.0216,     0.0013,    -0.0009
    3.2500,     1.0000,     2.0300,     0.0000,    21.2500,     0.0797,    -0.0064,     0.0040,     0.0205,     0.0012,    -0.0008
    3.2500,     1.0000,     2.0300,     0.0000,    21.5000,     0.0755,    -0.0060,     0.0038,     0.0193,     0.0012,    -0.0008
    3.2500,     1.0000,     2.0300,     0.0000,    21.7500,     0.0713,    -0.0057,     0.0036,     0.0181,     0.0011,    -0.0007
    3.2500,     1.0000,     2.0300,     0.0000,    22.0000,     0.0672,    -0.0054,     0.0034,     0.0169,     0.0010,    -0.0007
    3.2500,     1.0000,     2.0300,     0.0000,    22.2500,     0.0630,    -0.0050,     0.0032,     0.0157,     0.0009,    -0.0006
    3.2500,     1.0000,     2.0300,     0.0000,    22.5000,     0.0588,    -0.0047,     0.0029,     0.0145,     0.0009,    -0.0006
    3.2500,     1.0000,     2.0300,     0.0000,    22.7500,     0.0546,    -0.0044,     0.0027,     0.0133,     0.0008,    -0.0005
    3.2500,     1.0000,     2.0300,     0.0000,    23.0000,     0.0504,    -0.0040,     0.0025,     0.0121,     0.0007,    -0.0005
    3.2500,     1.0000,     2.0300,     0.0000,    23.2500,     0.0462,    -0.0037,     0.0023,     0.0109,     0.0007,    -0.0004
    3.2500,     1.0000,     2.0300,     0.0000,    23.5000,     0.0419,    -0.0034,     0.0021,     0.0097,     0.0006,    -0.0004
    3.2500,     1.0000,     2.0300,     0.0000,    23.7500,     0.0377,    -0.0030,     0.0019,     0.0084,     0.0005,    -0.0003
    3.2500,     1.0000,     2.0300,     0.0000,    24.0000,     0.0335,    -0.0027,     0.0017,     0.0072,     0.0004,    -0.0003
    3.2500,     1.0000,     2.0300,     0.0000,    24.2500,     0.0293,    -0.0023,     0.0015,     0.0059,     0.0004,    -0.0002
    3.2500,     1.0000,     2.0300,     0.0000,    24.5000,     0.0250,    -0.0020,     0.0013,     0.0047,     0.0003,    -0.0002
    3.2500,     1.0000,     2.0300,     0.0000,    24.7500,     0.0208,    -0.0017,     0.0010,     0.0034,     0.0002,    -0.0001
    3.5000,     1.0000,     1.8850,     0.0000,    -1.0000,     0.3011,    -0.0241,     0.0151,     0.0411,     0.0025,    -0.0016
    3.5000,     1.0000,     1.8850,     0.0000,    -0.7500,     0.3006,    -0.0240,     0.0150,     0.0420,     0.0025,    -0.0017
    3.5000,     1.0000,     1.8850,     0.0000,    -0.5000,     0.3001,    -0.0240,     0.0150,     0.0428,     0.0026,    -0.0017
    3.5000,     1.0000,     1.8850,     0.0000,    -0.2500,     0.2994,    -0.0240,     0.0150,     0.0435,     0.0026,    -0.0017
    3.5000,     1.0000,     1.8850,     0.0000,     0.0000,     0.2987,    -0.0239,     0.0149,     0.0443,     0.0027,    -0.0018
    3.5000,     1.0000,     1.8850,     0.0000,     0.2500,     0.2980,    -0.0238,     0.0149,     0.0450,     0.0027,    -0.0018
    3.5000,     1.0000,     1.8850,     0.0000,     0.5000,     0.2972,    -0.0238,     0.0149,     0.0457,     0.0027,    -0.0018
    3.5000,     1.0000,     1.8850,     0.0000,     0.7500,     0.2963,    -0.0237,     0.0148,     0.0464,     0.0028,    -0.0019
    3.5000,     1.0000,     1.8850,     0.0000,     1.0000,     0.2953,    -0.0236,     0.0148,     0.0471,     0.0028,    -0.0019
    3.5000,     1.0000,     1.8850,     0.0000,     1.2500,     0.2943,    -0.0235,     0.0147,     0.0477,     0.0029,    -0.0019
    3.5000,     1.0000,     1.8850,     0.0000,     1.5000,     0.2933,    -0.0235,     0.0147,     0.0484,     0.0029,    -0.0019
    3.5000,     1.0000,     1.8850,     0.0000,     1.7500,     0.2921,    -0.0234,     0.0146,     0.0489,     0.0029,    -0.0020
    3.5000,     1.0000,     1.8850,     0.0000,     2.0000,     0.2910,    -0.0233,     0.0146,     0.0495,     0.0030,    -0.0020
    3.5000,     1.0000,     1.8850,     0.0000,     2.2500,     0.2898,    -0.0232,     0.0145,     0.0501,     0.0030,    -0.0020
    3.5000,     1.0000,     1.8850,     0.0000,     2.5000,     0.2885,    -0.0231,     0.0144,     0.0506,     0.0030,    -0.0020
    3.5000,     1.0000,     1.8850,     0.0000,     2.7500,     0.2872,    -0.0230,     0.0144,     0.0511,     0.0031,    -0.0020
    3.5000,     1.0000,     1.8850,     0.0000,     3.0000,     0.2859,    -0.0229,     0.0143,     0.0515,     0.0031,    -0.0021
    3.5000,     1.0000,     1.8850,     0.0000,     3.2500,     0.2845,    -0.0228,     0.0142,     0.0520,     0.0031,    -0.0021
    3.5000,     1.0000,     1.8850,     0.0000,     3.5000,     0.2831,    -0.0226,     0.0142,     0.0524,     0.0031,    -0.0021
    3.5000,     1.0000,     1.8850,     0.0000,     3.7500,     0.2817,    -0.0225,     0.0141,     0.0528,     0.0032,    -0.0021
    3.5000,     1.0000,     1.8850,     0.0000,     4.0000,     0.2802,    -0.0224,     0.0140,     0.0532,     0.0032,    -0.0021
    3.5000,     1.0000,     1.8850,     0.0000,     4.2500,     0.2788,    -0.0223,     0.0139,     0.0535,     0.0032,    -0.0021
    3.5000,     1.0000,     1.8850,     0.0000,     4.5000,     0.2773,    -0.0222,     0.0139,     0.0538,     0.0032,    -0.0022
    3.5000,     1.0000,     1.8850,     0.0000,     4.7500,     0.2759,    -0.0221,     0.0138,     0.0541,     0.0032,    -0.0022
    3.5000,     1.0000,     1.8850,     0.0000,     5.0000,     0.2744,    -0.0220,     0.0137,     0.0544,     0.0033,    -0.0022
    3.5000,     1.0000,     1.8850,     0.0000,     5.2500,     0.2729,    -0.0218,     0.0136,     0.0546,     0.0033,    -0.0022
    3.5000,     1.0000,     1.8850,     0.0000,     5.5000,     0.2713,    -0.0217,     0.0136,     0.0549,     0.0033,    -0.0022
    3.5000,     1.0000,     1.8850,     0.0000,     5.7500,     0.2698,    -0.0216,     0.0135,     0.0551,     0.0033,    -0.0022
    3.5000,     1.0000,     1.8850,     0.0000,     6.0000,     0.2683,    -0.0215,     0.0134,     0.0552,     0.0033,    -0.0022
    3.5000,     1.0000,     1.8850,     0.0000,     6.2500,     0.2667,    -0.0213,     0.0133,     0.0554,     0.0033,    -0.0022
    3.5000,     1.0000,     1.8850,     0.0000,     6.5000,     0.2651,    -0.0212,     0.0133,     0.0555,     0.0033,    -0.0022
    3.5000,     1.0000,     1.8850,     0.0000,     6.7500,     0.2635,    -0.0211,     0.0132,     0.0556,     0.0033,    -0.0022
    3.5000,     1.0000,     1.8850,     0.0000,     7.0000,     0.2618,    -0.0209,     0.0131,     0.0556,     0.0033,    -0.0022
    3.5000,     1.0000,     1.8850,     0.0000,     7.2500,     0.2602,    -0.0208,     0.0130,     0.0556,     0.0033,    -0.0022
    3.5000,     1.0000,     1.8850,     0.0000,     7.5000,     0.2585,    -0.0207,     0.0129,     0.0556,     0.0033,    -0.0022
    3.5000,     1.0000,     1.8850,     0.0000,     7.7500,     0.2567,    -0.0205,     0.0128,     0.0556,     0.0033,    -0.0022
    3.5000,     1.0000,     1.8850,     0.0000,     8.0000,     0.2549,    -0.0204,     0.0127,     0.0556,     0.0033,    -0.0022
    3.5000,     1.0000,     1.8850,     0.0000,     8.2500,     0.2531,    -0.0202,     0.0127,     0.0555,     0.0033,    -0.0022
    3.5000,     1.0000,     1.8850,     0.0000,     8.5000,     0.2512,    -0.0201,     0.0126,     0.0554,     0.0033,    -0.0022
    3.5000,     1.0000,     1.8850,     0.0000,     8.7500,     0.2493,    -0.0199,     0.0125,     0.0553,     0.0033,    -0.0022
    3.5000,     1.0000,     1.8850,     0.0000,     9.0000,     0.2473,    -0.0198,     0.0124,     0.0551,     0.0033,    -0.0022
    3.5000,     1.0000,     1.8850,     0.0000,     9.2500,     0.2453,    -0.0196,     0.0123,     0.0549,     0.0033,    -0.0022
    3.5000,     1.0000,     1.8850,     0.0000,     9.5000,     0.2431,    -0.0194,     0.0122,     0.0547,     0.0033,    -0.0022
    3.5000,     1.0000,     1.8850,     0.0000,     9.7500,     0.2409,    -0.0193,     0.0120,     0.0544,     0.0033,    -0.0022
    3.5000,     1.0000,     1.8850,     0.0000,    10.0000,     0.2386,    -0.0191,     0.0119,     0.0542,     0.0033,    -0.0022
    3.5000,     1.0000,     1.8850,     0.0000,    10.2500,     0.2362,    -0.0189,     0.0118,     0.0538,     0.0032,    -0.0022
    3.5000,     1.0000,     1.8850,     0.0000,    10.5000,     0.2337,    -0.0187,     0.0117,     0.0535,     0.0032,    -0.0021
    3.5000,     1.0000,     1.8850,     0.0000,    10.7500,     0.2311,    -0.0185,     0.0116,     0.0531,     0.0032,    -0.0021
    3.5000,     1.0000,     1.8850,     0.0000,    11.0000,     0.2284,    -0.0183,     0.0114,     0.0527,     0.0032,    -0.0021
    3.5000,     1.0000,     1.8850,     0.0000,    11.2500,     0.2256,    -0.0180,     0.0113,     0.0522,     0.0031,    -0.0021
    3.5000,     1.0000,     1.8850,     0.0000,    11.5000,     0.2227,    -0.0178,     0.0111,     0.0518,     0.0031,    -0.0021
    3.5000,     1.0000,     1.8850,     0.0000,    11.7500,     0.2197,    -0.0176,     0.0110,     0.0513,     0.0031,    -0.0021
    3.5000,     1.0000,     1.8850,     0.0000,    12.0000,     0.2166,    -0.0173,     0.0108,     0.0507,     0.0030,    -0.0020
    3.5000,     1.0000,     1.8850,     0.0000,    12.2500,     0.2134,    -0.0171,     0.0107,     0.0501,     0.0030,    -0.0020
    3.5000,     1.0000,     1.8850,     0.0000,    12.5000,     0.2101,    -0.0168,     0.0105,     0.0495,     0.0030,    -0.0020
    3.5000,     1.0000,     1.8850,     0.0000,    12.7500,     0.2067,    -0.0165,     0.0103,     0.0489,     0.0029,    -0.0020
    3.5000,     1.0000,     1.8850,     0.0000,    13.0000,     0.2033,    -0.0163,     0.0102,     0.0482,     0.0029,    -0.0019
    3.5000,     1.0000,     1.8850,     0.0000,    13.2500,     0.1997,    -0.0160,     0.0100,     0.0475,     0.0029,    -0.0019
    3.5000,     1.0000,     1.8850,     0.0000,    13.5000,     0.1961,    -0.0157,     0.0098,     0.0468,     0.0028,    -0.0019
    3.5000,     1.0000,     1.8850,     0.0000,    13.7500,     0.1924,    -0.0154,     0.0096,     0.0461,     0.0028,    -0.0018
    3.5000,     1.0000,     1.8850,     0.0000,    14.0000,     0.1887,    -0.0151,     0.0094,     0.0453,     0.0027,    -0.0018
    3.5000,     1.0000,     1.8850,     0.0000,    14.2500,     0.1848,    -0.0148,     0.0092,     0.0445,     0.0027,    -0.0018
    3.5000,     1.0000,     1.8850,     0.0000,    14.5000,     0.1809,    -0.0145,     0.0090,     0.0436,     0.0026,    -0.0017
    3.5000,     1.0000,     1.8850,     0.0000,    14.7500,     0.1770,    -0.0142,     0.0089,     0.0428,     0.0026,    -0.0017
    3.5000,     1.0000,     1.8850,     0.0000,    15.0000,     0.1729,    -0.0138,     0.0086,     0.0419,     0.0025,    -0.0017
    3.5000,     1.0000,     1.8850,     0.0000,    15.2500,     0.1688,    -0.0135,     0.0084,     0.0409,     0.0025,    -0.0016
    3.5000,     1.0000,     1.8850,     0.0000,    15.5000,     0.1647,    -0.0132,     0.0082,     0.0400,     0.0024,    -0.0016
    3.5000,     1.0000,     1.8850,     0.0000,    15.7500,     0.1604,    -0.0128,     0.0080,     0.0390,     0.0023,    -0.0016
    3.5000,     1.0000,     1.8850,     0.0000,    16.0000,     0.1562,    -0.0125,     0.0078,     0.0380,     0.0023,    -0.0015
    3.5000,     1.0000,     1.8850,     0.0000,    16.2500,     0.1518,    -0.0121,     0.0076,     0.0370,     0.0022,    -0.0015
    3.5000,     1.0000,     1.8850,     0.0000,    16.5000,     0.1475,    -0.0118,     0.0074,     0.0360,     0.0022,    -0.0014
    3.5000,     1.0000,     1.8850,     0.0000,    16.7500,     0.1431,    -0.0114,     0.0072,     0.0349,     0.0021,    -0.0014
    3.5000,     1.0000,     1.8850,     0.0000,    17.0000,     0.1386,    -0.0111,     0.0069,     0.0339,     0.0020,    -0.0014
    3.5000,     1.0000,     1.8850,     0.0000,    17.2500,     0.1342,    -0.0107,     0.0067,     0.0328,     0.0020,    -0.0013
    3.5000,     1.0000,     1.8850,     0.0000,    17.5000,     0.1297,    -0.0104,     0.0065,     0.0317,     0.0019,    -0.0013
    3.5000,     1.0000,     1.8850,     0.0000,    17.7500,     0.1251,    -0.0100,     0.0063,     0.0306,     0.0018,    -0.0012
    3.5000,     1.0000,     1.8850,     0.0000,    18.0000,     0.1205,    -0.0096,     0.0060,     0.0294,     0.0018,    -0.0012
    3.5000,     1.0000,     1.8850,     0.0000,    18.2500,     0.1159,    -0.0093,     0.0058,     0.0283,     0.0017,    -0.0011
    3.5000,     1.0000,     1.8850,     0.0000,    18.5000,     0.1113,    -0.0089,     0.0056,     0.0271,     0.0016,    -0.0011
    3.5000,     1.0000,     1.8850,     0.0000,    18.7500,     0.1067,    -0.0085,     0.0053,     0.0259,     0.0016,    -0.0010
    3.5000,     1.0000,     1.8850,     0.0000,    19.0000,     0.1020,    -0.0082,     0.0051,     0.0247,     0.0015,    -0.0010
    3.5000,     1.0000,     1.8850,     0.0000,    19.2500,     0.0973,    -0.0078,     0.0049,     0.0235,     0.0014,    -0.0009
    3.5000,     1.0000,     1.8850,     0.0000,    19.5000,     0.0926,    -0.0074,     0.0046,     0.0223,     0.0013,    -0.0009
    3.5000,     1.0000,     1.8850,     0.0000,    19.7500,     0.0879,    -0.0070,     0.0044,     0.0211,     0.0013,    -0.0008
    3.5000,     1.0000,     1.8850,     0.0000,    20.0000,     0.0832,    -0.0067,     0.0042,     0.0198,     0.0012,    -0.0008
    3.5000,     1.0000,     1.8850,     0.0000,    20.2500,     0.0784,    -0.0063,     0.0039,     0.0186,     0.0011,    -0.0007
    3.5000,     1.0000,     1.8850,     0.0000,    20.5000,     0.0736,    -0.0059,     0.0037,     0.0173,     0.0010,    -0.0007
    3.5000,     1.0000,     1.8850,     0.0000,    20.7500,     0.0689,    -0.0055,     0.0034,     0.0161,     0.0010,    -0.0006
    3.5000,     1.0000,     1.8850,     0.0000,    21.0000,     0.0641,    -0.0051,     0.0032,     0.0148,     0.0009,    -0.0006
    3.5000,     1.0000,     1.8850,     0.0000,    21.2500,     0.0593,    -0.0047,     0.0030,     0.0135,     0.0008,    -0.0005
    3.5000,     1.0000,     1.8850,     0.0000,    21.5000,     0.0545,    -0.0044,     0.0027,     0.0122,     0.0007,    -0.0005
    3.5000,     1.0000,     1.8850,     0.0000,    21.7500,     0.0497,    -0.0040,     0.0025,     0.0109,     0.0007,    -0.0004
    3.5000,     1.0000,     1.8850,     0.0000,    22.0000,     0.0449,    -0.0036,     0.0022,     0.0096,     0.0006,    -0.0004
    3.5000,     1.0000,     1.8850,     0.0000,    22.2500,     0.0400,    -0.0032,     0.0020,     0.0083,     0.0005,    -0.0003
    3.5000,     1.0000,     1.8850,     0.0000,    22.5000,     0.0352,    -0.0028,     0.0018,     0.0069,     0.0004,    -0.0003
    3.5000,     1.0000,     1.8850,     0.0000,    22.7500,     0.0304,    -0.0024,     0.0015,     0.0056,     0.0003,    -0.0002
    3.5000,     1.0000,     1.8850,     0.0000,    23.0000,     0.0256,    -0.0020,     0.0013,     0.0043,     0.0003,    -0.0002
    3.5000,     1.0000,     1.8850,     0.0000,    23.2500,     0.0208,    -0.0017,     0.0010,     0.0029,     0.0002,    -0.0001
    3.5000,     1.0000,     1.8850,     0.0000,    23.5000,     0.0159,    -0.0013,     0.0008,     0.0016,     0.0001,    -0.0001
    3.5000,     1.0000,     1.8850,     0.0000,    23.7500,     0.0111,    -0.0009,     0.0006,     0.0002,     0.0000,    -0.0000
    3.5000,     1.0000,     1.8850,     0.0000,    24.0000,     0.0063,    -0.0005,     0.0003,    -0.0011,    -0.0001,     0.0000
    3.5000,     1.0000,     1.8850,     0.0000,    24.2500,     0.0015,    -0.0001,     0.0001,    -0.0025,    -0.0001,     0.0001
    3.5000,     1.0000,     1.8850,     0.0000,    24.5000,    -0.0033,     0.0003,    -0.0002,    -0.0039,    -0.0002,     0.0002
    3.5000,     1.0000,     1.8850,     0.0000,    24.7500,    -0.0081,     0.0006,    -0.0004,    -0.0053,    -0.0003,     0.0002
    3.7500,     1.0000,     1.7593,     0.0000,    -1.0000,     0.3347,    -0.0268,     0.0167,     0.0459,     0.0028,    -0.0018
    3.7500,     1.0000,     1.7593,     0.0000,    -0.7500,     0.3338,    -0.0267,     0.0167,     0.0467,     0.0028,    -0.0019
    3.7500,     1.0000,     1.7593,     0.0000,    -0.5000,     0.3328,    -0.0266,     0.0166,     0.0475,     0.0029,    -0.0019
    3.7500,     1.0000,     1.7593,     0.0000,    -0.2500,     0.3317,    -0.0265,     0.0166,     0.0482,     0.0029,    -0.0019
    3.7500,     1.0000,     1.7593,     0.0000,     0.0000,     0.3306,    -0.0264,     0.0165,     0.0489,     0.0029,    -0.0020
    3.7500,     1.0000,     1.7593,     0.0000,     0.2500,     0.3293,    -0.0263,     0.0165,     0.0496,     0.0030,    -0.0020
    3.7500,     1.0000,     1.7593,     0.0000,     0.5000,     0.3281,    -0.0262,     0.0164,     0.0503,     0.0030,    -0.0020
    3.7500,     1.0000,     1.7593,     0.0000,     0.7500,     0.3267,    -0.0261,     0.0163,     0.0509,     0.0031,    -0.0020
    3.7500,     1.0000,     1.7593,     0.0000,     1.0000,     0.3254,    -0.0260,     0.0163,     0.0516,     0.0031,    -0.0021
    3.7500,     1.0000,     1.7593,     0.0000,     1.2500,     0.3239,    -0.0259,     0.0162,     0.0522,     0.0031,    -0.0021
    3.7500,     1.0000,     1.7593,     0.0000,     1.5000,     0.3225,    -0.0258,     0.0161,     0.0527,     0.0032,    -0.0021
    3.7500,     1.0000,     1.7593,     0.0000,     1.7500,     0.3210,    -0.0257,     0.0161,     0.0533,     0.0032,    -0.0021
    3.7500,     1.0000,     1.7593,     0.0000,     2.0000,     0.3195,    -0.0256,     0.0160,     0.0538,     0.0032,    -0.0022
    3.7500,     1.0000,     1.7593,     0.0000,     2.2500,     0.3179,    -0.0254,     0.0159,     0.0543,     0.0033,    -0.0022
    3.7500,     1.0000,     1.7593,     0.0000,     2.5000,     0.3164,    -0.0253,     0.0158,     0.0547,     0.0033,    -0.0022
    3.7500,     1.0000,     1.7593,     0.0000,     2.7500,     0.3148,    -0.0252,     0.0157,     0.0552,     0.0033,    -0.0022
    3.7500,     1.0000,     1.7593,     0.0000,     3.0000,     0.3132,    -0.0251,     0.0157,     0.0556,     0.0033,    -0.0022
    3.7500,     1.0000,     1.7593,     0.0000,     3.2500,     0.3116,    -0.0249,     0.0156,     0.0560,     0.0034,    -0.0022
    3.7500,     1.0000,     1.7593,     0.0000,     3.5000,     0.3100,    -0.0248,     0.0155,     0.0563,     0.0034,    -0.0023
    3.7500,     1.0000,     1.7593,     0.0000,     3.7500,     0.3084,    -0.0247,     0.0154,     0.0567,     0.0034,    -0.0023
    3.7500,     1.0000,     1.7593,     0.0000,     4.0000,     0.3067,    -0.0245,     0.0153,     0.0570,     0.0034,    -0.0023
    3.7500,     1.0000,     1.7593,     0.0000,     4.2500,     0.3051,    -0.0244,     0.0153,     0.0572,     0.0034,    -0.0023
    3.7500,     1.0000,     1.7593,     0.0000,     4.5000,     0.3034,    -0.0243,     0.0152,     0.0575,     0.0034,    -0.0023
    3.7500,     1.0000,     1.7593,     0.0000,     4.7500,     0.3018,    -0.0241,     0.0151,     0.0577,     0.0035,    -0.0023
    3.7500,     1.0000,     1.7593,     0.0000,     5.0000,     0.3001,    -0.0240,     0.0150,     0.0579,     0.0035,    -0.0023
    3.7500,     1.0000,     1.7593,     0.0000,     5.2500,     0.2983,    -0.0239,     0.0149,     0.0580,     0.0035,    -0.0023
    3.7500,     1.0000,     1.7593,     0.0000,     5.5000,     0.2966,    -0.0237,     0.0148,     0.0582,     0.0035,    -0.0023
    3.7500,     1.0000,     1.7593,     0.0000,     5.7500,     0.2948,    -0.0236,     0.0147,     0.0583,     0.0035,    -0.0023
    3.7500,     1.0000,     1.7593,     0.0000,     6.0000,     0.2929,    -0.0234,     0.0146,     0.0583,     0.0035,    -0.0023
    3.7500,     1.0000,     1.7593,     0.0000,     6.2500,     0.2911,    -0.0233,     0.0146,     0.0584,     0.0035,    -0.0023
    3.7500,     1.0000,     1.7593,     0.0000,     6.5000,     0.2892,    -0.0231,     0.0145,     0.0584,     0.0035,    -0.0023
    3.7500,     1.0000,     1.7593,     0.0000,     6.7500,     0.2872,    -0.0230,     0.0144,     0.0583,     0.0035,    -0.0023
    3.7500,     1.0000,     1.7593,     0.0000,     7.0000,     0.2852,    -0.0228,     0.0143,     0.0583,     0.0035,    -0.0023
    3.7500,     1.0000,     1.7593,     0.0000,     7.2500,     0.2831,    -0.0226,     0.0142,     0.0582,     0.0035,    -0.0023
    3.7500,     1.0000,     1.7593,     0.0000,     7.5000,     0.2809,    -0.0225,     0.0140,     0.0580,     0.0035,    -0.0023
    3.7500,     1.0000,     1.7593,     0.0000,     7.7500,     0.2786,    -0.0223,     0.0139,     0.0579,     0.0035,    -0.0023
    3.7500,     1.0000,     1.7593,     0.0000,     8.0000,     0.2762,    -0.0221,     0.0138,     0.0577,     0.0035,    -0.0023
    3.7500,     1.0000,     1.7593,     0.0000,     8.2500,     0.2738,    -0.0219,     0.0137,     0.0574,     0.0034,    -0.0023
    3.7500,     1.0000,     1.7593,     0.0000,     8.5000,     0.2712,    -0.0217,     0.0136,     0.0571,     0.0034,    -0.0023
    3.7500,     1.0000,     1.7593,     0.0000,     8.7500,     0.2685,    -0.0215,     0.0134,     0.0568,     0.0034,    -0.0023
    3.7500,     1.0000,     1.7593,     0.0000,     9.0000,     0.2656,    -0.0212,     0.0133,     0.0565,     0.0034,    -0.0023
    3.7500,     1.0000,     1.7593,     0.0000,     9.2500,     0.2627,    -0.0210,     0.0131,     0.0561,     0.0034,    -0.0022
    3.7500,     1.0000,     1.7593,     0.0000,     9.5000,     0.2596,    -0.0208,     0.0130,     0.0557,     0.0033,    -0.0022
    3.7500,     1.0000,     1.7593,     0.0000,     9.7500,     0.2564,    -0.0205,     0.0128,     0.0552,     0.0033,    -0.0022
    3.7500,     1.0000,     1.7593,     0.0000,    10.0000,     0.2531,    -0.0202,     0.0127,     0.0547,     0.0033,    -0.0022
    3.7500,     1.0000,     1.7593,     0.0000,    10.2500,     0.2497,    -0.0200,     0.0125,     0.0542,     0.0033,    -0.0022
    3.7500,     1.0000,     1.7593,     0.0000,    10.5000,     0.2461,    -0.0197,     0.0123,     0.0536,     0.0032,    -0.0021
    3.7500,     1.0000,     1.7593,     0.0000,    10.7500,     0.2425,    -0.0194,     0.0121,     0.0530,     0.0032,    -0.0021
    3.7500,     1.0000,     1.7593,     0.0000,    11.0000,     0.2387,    -0.0191,     0.0119,     0.0524,     0.0031,    -0.0021
    3.7500,     1.0000,     1.7593,     0.0000,    11.2500,     0.2349,    -0.0188,     0.0117,     0.0517,     0.0031,    -0.0021
    3.7500,     1.0000,     1.7593,     0.0000,    11.5000,     0.2309,    -0.0185,     0.0115,     0.0510,     0.0031,    -0.0020
    3.7500,     1.0000,     1.7593,     0.0000,    11.7500,     0.2269,    -0.0182,     0.0113,     0.0503,     0.0030,    -0.0020
    3.7500,     1.0000,     1.7593,     0.0000,    12.0000,     0.2227,    -0.0178,     0.0111,     0.0495,     0.0030,    -0.0020
    3.7500,     1.0000,     1.7593,     0.0000,    12.2500,     0.2185,    -0.0175,     0.0109,     0.0487,     0.0029,    -0.0019
    3.7500,     1.0000,     1.7593,     0.0000,    12.5000,     0.2142,    -0.0171,     0.0107,     0.0479,     0.0029,    -0.0019
    3.7500,     1.0000,     1.7593,     0.0000,    12.7500,     0.2098,    -0.0168,     0.0105,     0.0470,     0.0028,    -0.0019
    3.7500,     1.0000,     1.7593,     0.0000,    13.0000,     0.2054,    -0.0164,     0.0103,     0.0461,     0.0028,    -0.0018
    3.7500,     1.0000,     1.7593,     0.0000,    13.2500,     0.2008,    -0.0161,     0.0100,     0.0452,     0.0027,    -0.0018
    3.7500,     1.0000,     1.7593,     0.0000,    13.5000,     0.1962,    -0.0157,     0.0098,     0.0443,     0.0027,    -0.0018
    3.7500,     1.0000,     1.7593,     0.0000,    13.7500,     0.1915,    -0.0153,     0.0096,     0.0433,     0.0026,    -0.0017
    3.7500,     1.0000,     1.7593,     0.0000,    14.0000,     0.1868,    -0.0149,     0.0093,     0.0423,     0.0025,    -0.0017
    3.7500,     1.0000,     1.7593,     0.0000,    14.2500,     0.1820,    -0.0146,     0.0091,     0.0413,     0.0025,    -0.0017
    3.7500,     1.0000,     1.7593,     0.0000,    14.5000,     0.1772,    -0.0142,     0.0089,     0.0403,     0.0024,    -0.0016
    3.7500,     1.0000,     1.7593,     0.0000,    14.7500,     0.1723,    -0.0138,     0.0086,     0.0392,     0.0024,    -0.0016
    3.7500,     1.0000,     1.7593,     0.0000,    15.0000,     0.1673,    -0.0134,     0.0084,     0.0381,     0.0023,    -0.0015
    3.7500,     1.0000,     1.7593,     0.0000,    15.2500,     0.1624,    -0.0130,     0.0081,     0.0370,     0.0022,    -0.0015
    3.7500,     1.0000,     1.7593,     0.0000,    15.5000,     0.1573,    -0.0126,     0.0079,     0.0359,     0.0022,    -0.0014
    3.7500,     1.0000,     1.7593,     0.0000,    15.7500,     0.1523,    -0.0122,     0.0076,     0.0348,     0.0021,    -0.0014
    3.7500,     1.0000,     1.7593,     0.0000,    16.0000,     0.1472,    -0.0118,     0.0074,     0.0336,     0.0020,    -0.0013
    3.7500,     1.0000,     1.7593,     0.0000,    16.2500,     0.1421,    -0.0114,     0.0071,     0.0325,     0.0019,    -0.0013
    3.7500,     1.0000,     1.7593,     0.0000,    16.5000,     0.1369,    -0.0110,     0.0068,     0.0313,     0.0019,    -0.0013
    3.7500,     1.0000,     1.7593,     0.0000,    16.7500,     0.1317,    -0.0105,     0.0066,     0.0301,     0.0018,    -0.0012
    3.7500,     1.0000,     1.7593,     0.0000,    17.0000,     0.1265,    -0.0101,     0.0063,     0.0289,     0.0017,    -0.0012
    3.7500,     1.0000,     1.7593,     0.0000,    17.2500,     0.1212,    -0.0097,     0.0061,     0.0276,     0.0017,    -0.0011
    3.7500,     1.0000,     1.7593,     0.0000,    17.5000,     0.1160,    -0.0093,     0.0058,     0.0264,     0.0016,    -0.0011
    3.7500,     1.0000,     1.7593,     0.0000,    17.7500,     0.1107,    -0.0089,     0.0055,     0.0251,     0.0015,    -0.0010
    3.7500,     1.0000,     1.7593,     0.0000,    18.0000,     0.1054,    -0.0084,     0.0053,     0.0238,     0.0014,    -0.0010
    3.7500,     1.0000,     1.7593,     0.0000,    18.2500,     0.1000,    -0.0080,     0.0050,     0.0225,     0.0013,    -0.0009
    3.7500,     1.0000,     1.7593,     0.0000,    18.5000,     0.0947,    -0.0076,     0.0047,     0.0212,     0.0013,    -0.0008
    3.7500,     1.0000,     1.7593,     0.0000,    18.7500,     0.0893,    -0.0071,     0.0045,     0.0199,     0.0012,    -0.0008
    3.7500,     1.0000,     1.7593,     0.0000,    19.0000,     0.0839,    -0.0067,     0.0042,     0.0186,     0.0011,    -0.0007
    3.7500,     1.0000,     1.7593,     0.0000,    19.2500,     0.0785,    -0.0063,     0.0039,     0.0173,     0.0010,    -0.0007
    3.7500,     1.0000,     1.7593,     0.0000,    19.5000,     0.0731,    -0.0058,     0.0037,     0.0159,     0.0010,    -0.0006
    3.7500,     1.0000,     1.7593,     0.0000,    19.7500,     0.0677,    -0.0054,     0.0034,     0.0146,     0.0009,    -0.0006
    3.7500,     1.0000,     1.7593,     0.0000,    20.0000,     0.0623,    -0.0050,     0.0031,     0.0132,     0.0008,    -0.0005
    3.7500,     1.0000,     1.7593,     0.0000,    20.2500,     0.0569,    -0.0046,     0.0028,     0.0118,     0.0007,    -0.0005
    3.7500,     1.0000,     1.7593,     0.0000,    20.5000,     0.0514,    -0.0041,     0.0026,     0.0104,     0.0006,    -0.0004
    3.7500,     1.0000,     1.7593,     0.0000,    20.7500,     0.0460,    -0.0037,     0.0023,     0.0091,     0.0005,    -0.0004
    3.7500,     1.0000,     1.7593,     0.0000,    21.0000,     0.0405,    -0.0032,     0.0020,     0.0077,     0.0005,    -0.0003
    3.7500,     1.0000,     1.7593,     0.0000,    21.2500,     0.0351,    -0.0028,     0.0018,     0.0063,     0.0004,    -0.0003
    3.7500,     1.0000,     1.7593,     0.0000,    21.5000,     0.0296,    -0.0024,     0.0015,     0.0048,     0.0003,    -0.0002
    3.7500,     1.0000,     1.7593,     0.0000,    21.7500,     0.0242,    -0.0019,     0.0012,     0.0034,     0.0002,    -0.0001
    3.7500,     1.0000,     1.7593,     0.0000,    22.0000,     0.0187,    -0.0015,     0.0009,     0.0020,     0.0001,    -0.0001
    3.7500,     1.0000,     1.7593,     0.0000,    22.2500,     0.0132,    -0.0011,     0.0007,     0.0006,     0.0000,    -0.0000
    3.7500,     1.0000,     1.7593,     0.0000,    22.5000,     0.0078,    -0.0006,     0.0004,    -0.0009,    -0.0001,     0.0000
    3.7500,     1.0000,     1.7593,     0.0000,    22.7500,     0.0023,    -0.0002,     0.0001,    -0.0023,    -0.0001,     0.0001
    3.7500,     1.0000,     1.7593,     0.0000,    23.0000,    -0.0031,     0.0002,    -0.0002,    -0.0038,    -0.0002,     0.0002
    3.7500,     1.0000,     1.7593,     0.0000,    23.2500,    -0.0086,     0.0007,    -0.0004,    -0.0053,    -0.0003,     0.0002
    3.7500,     1.0000,     1.7593,     0.0000,    23.5000,    -0.0140,     0.0011,    -0.0007,    -0.0067,    -0.0004,     0.0003
    3.7500,     1.0000,     1.7593,     0.0000,    23.7500,    -0.0194,     0.0016,    -0.0010,    -0.0082,    -0.0005,     0.0003
    3.7500,     1.0000,     1.7593,     0.0000,    24.0000,    -0.0248,     0.0020,    -0.0012,    -0.0097,    -0.0006,     0.0004
    3.7500,     1.0000,     1.7593,     0.0000,    24.2500,    -0.0303,     0.0024,    -0.0015,    -0.0112,    -0.0007,     0.0004
    3.7500,     1.0000,     1.7593,     0.0000,    24.5000,    -0.0357,     0.0029,    -0.0018,    -0.0126,    -0.0008,     0.0005
    3.7500,     1.0000,     1.7593,     0.0000,    24.7500,    -0.0410,     0.0033,    -0.0021,    -0.0141,    -0.0008,     0.0006
    4.0000,     1.0000,     1.6493,     0.0000,    -1.0000,     0.3683,    -0.0295,     0.0184,     0.0503,     0.0030,    -0.0020
    4.0000,     1.0000,     1.6493,     0.0000,    -0.7500,     0.3669,    -0.0294,     0.0183,     0.0510,     0.0031,    -0.0020
    4.0000,     1.0000,     1.6493,     0.0000,    -0.5000,     0.3654,    -0.0292,     0.0183,     0.0518,     0.0031,    -0.0021
    4.0000,     1.0000,     1.6493,     0.0000,    -0.2500,     0.3639,    -0.0291,     0.0182,     0.0525,     0.0031,    -0.0021
    4.0000,     1.0000,     1.6493,     0.0000,     0.0000,     0.3624,    -0.0290,     0.0181,     0.0532,     0.0032,    -0.0021
    4.0000,     1.0000,     1.6493,     0.0000,     0.2500,     0.3608,    -0.0289,     0.0180,     0.0538,     0.0032,    -0.0022
    4.0000,     1.0000,     1.6493,     0.0000,     0.5000,     0.3592,    -0.0287,     0.0180,     0.0545,     0.0033,    -0.0022
    4.0000,     1.0000,     1.6493,     0.0000,     0.7500,     0.3575,    -0.0286,     0.0179,     0.0551,     0.0033,    -0.0022
    4.0000,     1.0000,     1.6493,     0.0000,     1.0000,     0.3559,    -0.0285,     0.0178,     0.0557,     0.0033,    -0.0022
    4.0000,     1.0000,     1.6493,     0.0000,     1.2500,     0.3542,    -0.0283,     0.0177,     0.0562,     0.0034,    -0.0022
    4.0000,     1.0000,     1.6493,     0.0000,     1.5000,     0.3525,    -0.0282,     0.0176,     0.0568,     0.0034,    -0.0023
    4.0000,     1.0000,     1.6493,     0.0000,     1.7500,     0.3508,    -0.0281,     0.0175,     0.0573,     0.0034,    -0.0023
    4.0000,     1.0000,     1.6493,     0.0000,     2.0000,     0.3491,    -0.0279,     0.0175,     0.0578,     0.0035,    -0.0023
    4.0000,     1.0000,     1.6493,     0.0000,     2.2500,     0.3474,    -0.0278,     0.0174,     0.0582,     0.0035,    -0.0023
    4.0000,     1.0000,     1.6493,     0.0000,     2.5000,     0.3457,    -0.0277,     0.0173,     0.0586,     0.0035,    -0.0023
    4.0000,     1.0000,     1.6493,     0.0000,     2.7500,     0.3439,    -0.0275,     0.0172,     0.0590,     0.0035,    -0.0024
    4.0000,     1.0000,     1.6493,     0.0000,     3.0000,     0.3422,    -0.0274,     0.0171,     0.0594,     0.0036,    -0.0024
    4.0000,     1.0000,     1.6493,     0.0000,     3.2500,     0.3404,    -0.0272,     0.0170,     0.0597,     0.0036,    -0.0024
    4.0000,     1.0000,     1.6493,     0.0000,     3.5000,     0.3387,    -0.0271,     0.0169,     0.0600,     0.0036,    -0.0024
    4.0000,     1.0000,     1.6493,     0.0000,     3.7500,     0.3368,    -0.0269,     0.0168,     0.0602,     0.0036,    -0.0024
    4.0000,     1.0000,     1.6493,     0.0000,     4.0000,     0.3350,    -0.0268,     0.0168,     0.0605,     0.0036,    -0.0024
    4.0000,     1.0000,     1.6493,     0.0000,     4.2500,     0.3331,    -0.0266,     0.0167,     0.0607,     0.0036,    -0.0024
    4.0000,     1.0000,     1.6493,     0.0000,     4.5000,     0.3312,    -0.0265,     0.0166,     0.0608,     0.0036,    -0.0024
    4.0000,     1.0000,     1.6493,     0.0000,     4.7500,     0.3293,    -0.0263,     0.0165,     0.0609,     0.0037,    -0.0024
    4.0000,     1.0000,     1.6493,     0.0000,     5.0000,     0.3272,    -0.0262,     0.0164,     0.0610,     0.0037,    -0.0024
    4.0000,     1.0000,     1.6493,     0.0000,     5.2500,     0.3252,    -0.0260,     0.0163,     0.0611,     0.0037,    -0.0024
    4.0000,     1.0000,     1.6493,     0.0000,     5.5000,     0.3230,    -0.0258,     0.0162,     0.0611,     0.0037,    -0.0024
    4.0000,     1.0000,     1.6493,     0.0000,     5.7500,     0.3208,    -0.0257,     0.0160,     0.0610,     0.0037,    -0.0024
    4.0000,     1.0000,     1.6493,     0.0000,     6.0000,     0.3185,    -0.0255,     0.0159,     0.0609,     0.0037,    -0.0024
    4.0000,     1.0000,     1.6493,     0.0000,     6.2500,     0.3160,    -0.0253,     0.0158,     0.0608,     0.0036,    -0.0024
    4.0000,     1.0000,     1.6493,     0.0000,     6.5000,     0.3134,    -0.0251,     0.0157,     0.0607,     0.0036,    -0.0024
    4.0000,     1.0000,     1.6493,     0.0000,     6.7500,     0.3107,    -0.0249,     0.0155,     0.0604,     0.0036,    -0.0024
    4.0000,     1.0000,     1.6493,     0.0000,     7.0000,     0.3079,    -0.0246,     0.0154,     0.0602,     0.0036,    -0.0024
    4.0000,     1.0000,     1.6493,     0.0000,     7.2500,     0.3049,    -0.0244,     0.0152,     0.0599,     0.0036,    -0.0024
    4.0000,     1.0000,     1.6493,     0.0000,     7.5000,     0.3018,    -0.0241,     0.0151,     0.0596,     0.0036,    -0.0024
    4.0000,     1.0000,     1.6493,     0.0000,     7.7500,     0.2986,    -0.0239,     0.0149,     0.0592,     0.0036,    -0.0024
    4.0000,     1.0000,     1.6493,     0.0000,     8.0000,     0.2952,    -0.0236,     0.0148,     0.0588,     0.0035,    -0.0024
    4.0000,     1.0000,     1.6493,     0.0000,     8.2500,     0.2916,    -0.0233,     0.0146,     0.0583,     0.0035,    -0.0023
    4.0000,     1.0000,     1.6493,     0.0000,     8.5000,     0.2879,    -0.0230,     0.0144,     0.0578,     0.0035,    -0.0023
    4.0000,     1.0000,     1.6493,     0.0000,     8.7500,     0.2841,    -0.0227,     0.0142,     0.0573,     0.0034,    -0.0023
    4.0000,     1.0000,     1.6493,     0.0000,     9.0000,     0.2801,    -0.0224,     0.0140,     0.0567,     0.0034,    -0.0023
    4.0000,     1.0000,     1.6493,     0.0000,     9.2500,     0.2761,    -0.0221,     0.0138,     0.0561,     0.0034,    -0.0022
    4.0000,     1.0000,     1.6493,     0.0000,     9.5000,     0.2719,    -0.0218,     0.0136,     0.0555,     0.0033,    -0.0022
    4.0000,     1.0000,     1.6493,     0.0000,     9.7500,     0.2676,    -0.0214,     0.0134,     0.0548,     0.0033,    -0.0022
    4.0000,     1.0000,     1.6493,     0.0000,    10.0000,     0.2632,    -0.0211,     0.0132,     0.0541,     0.0032,    -0.0022
    4.0000,     1.0000,     1.6493,     0.0000,    10.2500,     0.2586,    -0.0207,     0.0129,     0.0533,     0.0032,    -0.0021
    4.0000,     1.0000,     1.6493,     0.0000,    10.5000,     0.2540,    -0.0203,     0.0127,     0.0526,     0.0032,    -0.0021
    4.0000,     1.0000,     1.6493,     0.0000,    10.7500,     0.2492,    -0.0199,     0.0125,     0.0517,     0.0031,    -0.0021
    4.0000,     1.0000,     1.6493,     0.0000,    11.0000,     0.2444,    -0.0196,     0.0122,     0.0509,     0.0031,    -0.0020
    4.0000,     1.0000,     1.6493,     0.0000,    11.2500,     0.2394,    -0.0192,     0.0120,     0.0500,     0.0030,    -0.0020
    4.0000,     1.0000,     1.6493,     0.0000,    11.5000,     0.2344,    -0.0188,     0.0117,     0.0491,     0.0029,    -0.0020
    4.0000,     1.0000,     1.6493,     0.0000,    11.7500,     0.2293,    -0.0183,     0.0115,     0.0482,     0.0029,    -0.0019
    4.0000,     1.0000,     1.6493,     0.0000,    12.0000,     0.2241,    -0.0179,     0.0112,     0.0472,     0.0028,    -0.0019
    4.0000,     1.0000,     1.6493,     0.0000,    12.2500,     0.2189,    -0.0175,     0.0109,     0.0462,     0.0028,    -0.0018
    4.0000,     1.0000,     1.6493,     0.0000,    12.5000,     0.2136,    -0.0171,     0.0107,     0.0452,     0.0027,    -0.0018
    4.0000,     1.0000,     1.6493,     0.0000,    12.7500,     0.2083,    -0.0167,     0.0104,     0.0442,     0.0027,    -0.0018
    4.0000,     1.0000,     1.6493,     0.0000,    13.0000,     0.2029,    -0.0162,     0.0101,     0.0431,     0.0026,    -0.0017
    4.0000,     1.0000,     1.6493,     0.0000,    13.2500,     0.1974,    -0.0158,     0.0099,     0.0420,     0.0025,    -0.0017
    4.0000,     1.0000,     1.6493,     0.0000,    13.5000,     0.1919,    -0.0154,     0.0096,     0.0409,     0.0025,    -0.0016
    4.0000,     1.0000,     1.6493,     0.0000,    13.7500,     0.1863,    -0.0149,     0.0093,     0.0398,     0.0024,    -0.0016
    4.0000,     1.0000,     1.6493,     0.0000,    14.0000,     0.1807,    -0.0145,     0.0090,     0.0386,     0.0023,    -0.0015
    4.0000,     1.0000,     1.6493,     0.0000,    14.2500,     0.1751,    -0.0140,     0.0088,     0.0375,     0.0022,    -0.0015
    4.0000,     1.0000,     1.6493,     0.0000,    14.5000,     0.1694,    -0.0136,     0.0085,     0.0363,     0.0022,    -0.0015
    4.0000,     1.0000,     1.6493,     0.0000,    14.7500,     0.1637,    -0.0131,     0.0082,     0.0351,     0.0021,    -0.0014
    4.0000,     1.0000,     1.6493,     0.0000,    15.0000,     0.1579,    -0.0126,     0.0079,     0.0339,     0.0020,    -0.0014
    4.0000,     1.0000,     1.6493,     0.0000,    15.2500,     0.1521,    -0.0122,     0.0076,     0.0326,     0.0020,    -0.0013
    4.0000,     1.0000,     1.6493,     0.0000,    15.5000,     0.1463,    -0.0117,     0.0073,     0.0314,     0.0019,    -0.0013
    4.0000,     1.0000,     1.6493,     0.0000,    15.7500,     0.1404,    -0.0112,     0.0070,     0.0301,     0.0018,    -0.0012
    4.0000,     1.0000,     1.6493,     0.0000,    16.0000,     0.1345,    -0.0108,     0.0067,     0.0288,     0.0017,    -0.0012
    4.0000,     1.0000,     1.6493,     0.0000,    16.2500,     0.1286,    -0.0103,     0.0064,     0.0275,     0.0016,    -0.0011
    4.0000,     1.0000,     1.6493,     0.0000,    16.5000,     0.1227,    -0.0098,     0.0061,     0.0262,     0.0016,    -0.0010
    4.0000,     1.0000,     1.6493,     0.0000,    16.7500,     0.1167,    -0.0093,     0.0058,     0.0248,     0.0015,    -0.0010
    4.0000,     1.0000,     1.6493,     0.0000,    17.0000,     0.1108,    -0.0089,     0.0055,     0.0235,     0.0014,    -0.0009
    4.0000,     1.0000,     1.6493,     0.0000,    17.2500,     0.1048,    -0.0084,     0.0052,     0.0221,     0.0013,    -0.0009
    4.0000,     1.0000,     1.6493,     0.0000,    17.5000,     0.0987,    -0.0079,     0.0049,     0.0207,     0.0012,    -0.0008
    4.0000,     1.0000,     1.6493,     0.0000,    17.7500,     0.0927,    -0.0074,     0.0046,     0.0193,     0.0012,    -0.0008
    4.0000,     1.0000,     1.6493,     0.0000,    18.0000,     0.0866,    -0.0069,     0.0043,     0.0179,     0.0011,    -0.0007
    4.0000,     1.0000,     1.6493,     0.0000,    18.2500,     0.0806,    -0.0064,     0.0040,     0.0165,     0.0010,    -0.0007
    4.0000,     1.0000,     1.6493,     0.0000,    18.5000,     0.0745,    -0.0060,     0.0037,     0.0151,     0.0009,    -0.0006
    4.0000,     1.0000,     1.6493,     0.0000,    18.7500,     0.0684,    -0.0055,     0.0034,     0.0137,     0.0008,    -0.0005
    4.0000,     1.0000,     1.6493,     0.0000,    19.0000,     0.0623,    -0.0050,     0.0031,     0.0122,     0.0007,    -0.0005
    4.0000,     1.0000,     1.6493,     0.0000,    19.2500,     0.0562,    -0.0045,     0.0028,     0.0108,     0.0006,    -0.0004
    4.0000,     1.0000,     1.6493,     0.0000,    19.5000,     0.0501,    -0.0040,     0.0025,     0.0093,     0.0006,    -0.0004
    4.0000,     1.0000,     1.6493,     0.0000,    19.7500,     0.0440,    -0.0035,     0.0022,     0.0078,     0.0005,    -0.0003
    4.0000,     1.0000,     1.6493,     0.0000,    20.0000,     0.0379,    -0.0030,     0.0019,     0.0063,     0.0004,    -0.0003
    4.0000,     1.0000,     1.6493,     0.0000,    20.2500,     0.0317,    -0.0025,     0.0016,     0.0049,     0.0003,    -0.0002
    4.0000,     1.0000,     1.6493,     0.0000,    20.5000,     0.0256,    -0.0020,     0.0013,     0.0034,     0.0002,    -0.0001
    4.0000,     1.0000,     1.6493,     0.0000,    20.7500,     0.0195,    -0.0016,     0.0010,     0.0019,     0.0001,    -0.0001
    4.0000,     1.0000,     1.6493,     0.0000,    21.0000,     0.0134,    -0.0011,     0.0007,     0.0003,     0.0000,    -0.0000
    4.0000,     1.0000,     1.6493,     0.0000,    21.2500,     0.0072,    -0.0006,     0.0004,    -0.0012,    -0.0001,     0.0000
    4.0000,     1.0000,     1.6493,     0.0000,    21.5000,     0.0011,    -0.0001,     0.0001,    -0.0027,    -0.0002,     0.0001
    4.0000,     1.0000,     1.6493,     0.0000,    21.7500,    -0.0050,     0.0004,    -0.0003,    -0.0042,    -0.0003,     0.0002
    4.0000,     1.0000,     1.6493,     0.0000,    22.0000,    -0.0111,     0.0009,    -0.0006,    -0.0058,    -0.0003,     0.0002
    4.0000,     1.0000,     1.6493,     0.0000,    22.2500,    -0.0172,     0.0014,    -0.0009,    -0.0073,    -0.0004,     0.0003
    4.0000,     1.0000,     1.6493,     0.0000,    22.5000,    -0.0233,     0.0019,    -0.0012,    -0.0089,    -0.0005,     0.0004
    4.0000,     1.0000,     1.6493,     0.0000,    22.7500,    -0.0294,     0.0024,    -0.0015,    -0.0105,    -0.0006,     0.0004
    4.0000,     1.0000,     1.6493,     0.0000,    23.0000,    -0.0355,     0.0028,    -0.0018,    -0.0120,    -0.0007,     0.0005
    4.0000,     1.0000,     1.6493,     0.0000,    23.2500,    -0.0416,     0.0033,    -0.0021,    -0.0136,    -0.0008,     0.0005
    4.0000,     1.0000,     1.6493,     0.0000,    23.5000,    -0.0476,     0.0038,    -0.0024,    -0.0152,    -0.0009,     0.0006
    4.0000,     1.0000,     1.6493,     0.0000,    23.7500,    -0.0536,     0.0043,    -0.0027,    -0.0168,    -0.0010,     0.0007
    4.0000,     1.0000,     1.6493,     0.0000,    24.0000,    -0.0597,     0.0048,    -0.0030,    -0.0184,    -0.0011,     0.0007
    4.0000,     1.0000,     1.6493,     0.0000,    24.2500,    -0.0657,     0.0053,    -0.0033,    -0.0200,    -0.0012,     0.0008
    4.0000,     1.0000,     1.6493,     0.0000,    24.5000,    -0.0716,     0.0057,    -0.0036,    -0.0215,    -0.0013,     0.0009
    4.0000,     1.0000,     1.6493,     0.0000,    24.7500,    -0.0775,     0.0062,    -0.0039,    -0.0231,    -0.0014,     0.0009
    4.2500,     1.0000,     1.5523,     0.0000,    -1.0000,     0.4021,    -0.0322,     0.0201,     0.0543,     0.0033,    -0.0022
    4.2500,     1.0000,     1.5523,     0.0000,    -0.7500,     0.4004,    -0.0320,     0.0200,     0.0551,     0.0033,    -0.0022
    4.2500,     1.0000,     1.5523,     0.0000,    -0.5000,     0.3987,    -0.0319,     0.0199,     0.0558,     0.0033,    -0.0022
    4.2500,     1.0000,     1.5523,     0.0000,    -0.2500,     0.3970,    -0.0318,     0.0199,     0.0565,     0.0034,    -0.0023
    4.2500,     1.0000,     1.5523,     0.0000,     0.0000,     0.3952,    -0.0316,     0.0198,     0.0572,     0.0034,    -0.0023
    4.2500,     1.0000,     1.5523,     0.0000,     0.2500,     0.3934,    -0.0315,     0.0197,     0.0578,     0.0035,    -0.0023
    4.2500,     1.0000,     1.5523,     0.0000,     0.5000,     0.3916,    -0.0313,     0.0196,     0.0585,     0.0035,    -0.0023
    4.2500,     1.0000,     1.5523,     0.0000,     0.7500,     0.3899,    -0.0312,     0.0195,     0.0591,     0.0035,    -0.0024
    4.2500,     1.0000,     1.5523,     0.0000,     1.0000,     0.3881,    -0.0310,     0.0194,     0.0596,     0.0036,    -0.0024
    4.2500,     1.0000,     1.5523,     0.0000,     1.2500,     0.3863,    -0.0309,     0.0193,     0.0602,     0.0036,    -0.0024
    4.2500,     1.0000,     1.5523,     0.0000,     1.5000,     0.3845,    -0.0308,     0.0192,     0.0607,     0.0036,    -0.0024
    4.2500,     1.0000,     1.5523,     0.0000,     1.7500,     0.3827,    -0.0306,     0.0191,     0.0611,     0.0037,    -0.0024
    4.2500,     1.0000,     1.5523,     0.0000,     2.0000,     0.3809,    -0.0305,     0.0190,     0.0616,     0.0037,    -0.0025
    4.2500,     1.0000,     1.5523,     0.0000,     2.2500,     0.3790,    -0.0303,     0.0190,     0.0620,     0.0037,    -0.0025
    4.2500,     1.0000,     1.5523,     0.0000,     2.5000,     0.3771,    -0.0302,     0.0189,     0.0623,     0.0037,    -0.0025
    4.2500,     1.0000,     1.5523,     0.0000,     2.7500,     0.3752,    -0.0300,     0.0188,     0.0626,     0.0038,    -0.0025
    4.2500,     1.0000,     1.5523,     0.0000,     3.0000,     0.3733,    -0.0299,     0.0187,     0.0629,     0.0038,    -0.0025
    4.2500,     1.0000,     1.5523,     0.0000,     3.2500,     0.3713,    -0.0297,     0.0186,     0.0632,     0.0038,    -0.0025
    4.2500,     1.0000,     1.5523,     0.0000,     3.5000,     0.3692,    -0.0295,     0.0185,     0.0633,     0.0038,    -0.0025
    4.2500,     1.0000,     1.5523,     0.0000,     3.7500,     0.3671,    -0.0294,     0.0184,     0.0635,     0.0038,    -0.0025
    4.2500,     1.0000,     1.5523,     0.0000,     4.0000,     0.3648,    -0.0292,     0.0182,     0.0636,     0.0038,    -0.0025
    4.2500,     1.0000,     1.5523,     0.0000,     4.2500,     0.3625,    -0.0290,     0.0181,     0.0637,     0.0038,    -0.0025
    4.2500,     1.0000,     1.5523,     0.0000,     4.5000,     0.3601,    -0.0288,     0.0180,     0.0637,     0.0038,    -0.0025
    4.2500,     1.0000,     1.5523,     0.0000,     4.7500,     0.3575,    -0.0286,     0.0179,     0.0636,     0.0038,    -0.0025
    4.2500,     1.0000,     1.5523,     0.0000,     5.0000,     0.3548,    -0.0284,     0.0177,     0.0635,     0.0038,    -0.0025
    4.2500,     1.0000,     1.5523,     0.0000,     5.2500,     0.3520,    -0.0282,     0.0176,     0.0634,     0.0038,    -0.0025
    4.2500,     1.0000,     1.5523,     0.0000,     5.5000,     0.3490,    -0.0279,     0.0175,     0.0632,     0.0038,    -0.0025
    4.2500,     1.0000,     1.5523,     0.0000,     5.7500,     0.3458,    -0.0277,     0.0173,     0.0629,     0.0038,    -0.0025
    4.2500,     1.0000,     1.5523,     0.0000,     6.0000,     0.3425,    -0.0274,     0.0171,     0.0627,     0.0038,    -0.0025
    4.2500,     1.0000,     1.5523,     0.0000,     6.2500,     0.3390,    -0.0271,     0.0170,     0.0623,     0.0037,    -0.0025
    4.2500,     1.0000,     1.5523,     0.0000,     6.5000,     0.3353,    -0.0268,     0.0168,     0.0619,     0.0037,    -0.0025
    4.2500,     1.0000,     1.5523,     0.0000,     6.7500,     0.3315,    -0.0265,     0.0166,     0.0615,     0.0037,    -0.0025
    4.2500,     1.0000,     1.5523,     0.0000,     7.0000,     0.3275,    -0.0262,     0.0164,     0.0611,     0.0037,    -0.0024
    4.2500,     1.0000,     1.5523,     0.0000,     7.2500,     0.3233,    -0.0259,     0.0162,     0.0606,     0.0036,    -0.0024
    4.2500,     1.0000,     1.5523,     0.0000,     7.5000,     0.3190,    -0.0255,     0.0160,     0.0600,     0.0036,    -0.0024
    4.2500,     1.0000,     1.5523,     0.0000,     7.7500,     0.3146,    -0.0252,     0.0157,     0.0594,     0.0036,    -0.0024
    4.2500,     1.0000,     1.5523,     0.0000,     8.0000,     0.3100,    -0.0248,     0.0155,     0.0588,     0.0035,    -0.0024
    4.2500,     1.0000,     1.5523,     0.0000,     8.2500,     0.3053,    -0.0244,     0.0153,     0.0581,     0.0035,    -0.0023
    4.2500,     1.0000,     1.5523,     0.0000,     8.5000,     0.3004,    -0.0240,     0.0150,     0.0574,     0.0034,    -0.0023
    4.2500,     1.0000,     1.5523,     0.0000,     8.7500,     0.2954,    -0.0236,     0.0148,     0.0567,     0.0034,    -0.0023
    4.2500,     1.0000,     1.5523,     0.0000,     9.0000,     0.2902,    -0.0232,     0.0145,     0.0559,     0.0034,    -0.0022
    4.2500,     1.0000,     1.5523,     0.0000,     9.2500,     0.2850,    -0.0228,     0.0142,     0.0551,     0.0033,    -0.0022
    4.2500,     1.0000,     1.5523,     0.0000,     9.5000,     0.2796,    -0.0224,     0.0140,     0.0542,     0.0033,    -0.0022
    4.2500,     1.0000,     1.5523,     0.0000,     9.7500,     0.2742,    -0.0219,     0.0137,     0.0534,     0.0032,    -0.0021
    4.2500,     1.0000,     1.5523,     0.0000,    10.0000,     0.2686,    -0.0215,     0.0134,     0.0524,     0.0031,    -0.0021
    4.2500,     1.0000,     1.5523,     0.0000,    10.2500,     0.2630,    -0.0210,     0.0132,     0.0515,     0.0031,    -0.0021
    4.2500,     1.0000,     1.5523,     0.0000,    10.5000,     0.2573,    -0.0206,     0.0129,     0.0505,     0.0030,    -0.0020
    4.2500,     1.0000,     1.5523,     0.0000,    10.7500,     0.2515,    -0.0201,     0.0126,     0.0496,     0.0030,    -0.0020
    4.2500,     1.0000,     1.5523,     0.0000,    11.0000,     0.2457,    -0.0197,     0.0123,     0.0485,     0.0029,    -0.0019
    4.2500,     1.0000,     1.5523,     0.0000,    11.2500,     0.2397,    -0.0192,     0.0120,     0.0475,     0.0029,    -0.0019
    4.2500,     1.0000,     1.5523,     0.0000,    11.5000,     0.2338,    -0.0187,     0.0117,     0.0464,     0.0028,    -0.0019
    4.2500,     1.0000,     1.5523,     0.0000,    11.7500,     0.2277,    -0.0182,     0.0114,     0.0453,     0.0027,    -0.0018
    4.2500,     1.0000,     1.5523,     0.0000,    12.0000,     0.2217,    -0.0177,     0.0111,     0.0442,     0.0027,    -0.0018
    4.2500,     1.0000,     1.5523,     0.0000,    12.2500,     0.2155,    -0.0172,     0.0108,     0.0431,     0.0026,    -0.0017
    4.2500,     1.0000,     1.5523,     0.0000,    12.5000,     0.2093,    -0.0167,     0.0105,     0.0419,     0.0025,    -0.0017
    4.2500,     1.0000,     1.5523,     0.0000,    12.7500,     0.2031,    -0.0162,     0.0102,     0.0408,     0.0024,    -0.0016
    4.2500,     1.0000,     1.5523,     0.0000,    13.0000,     0.1968,    -0.0157,     0.0098,     0.0396,     0.0024,    -0.0016
    4.2500,     1.0000,     1.5523,     0.0000,    13.2500,     0.1905,    -0.0152,     0.0095,     0.0383,     0.0023,    -0.0015
    4.2500,     1.0000,     1.5523,     0.0000,    13.5000,     0.1842,    -0.0147,     0.0092,     0.0371,     0.0022,    -0.0015
    4.2500,     1.0000,     1.5523,     0.0000,    13.7500,     0.1777,    -0.0142,     0.0089,     0.0358,     0.0021,    -0.0014
    4.2500,     1.0000,     1.5523,     0.0000,    14.0000,     0.1713,    -0.0137,     0.0086,     0.0346,     0.0021,    -0.0014
    4.2500,     1.0000,     1.5523,     0.0000,    14.2500,     0.1648,    -0.0132,     0.0082,     0.0333,     0.0020,    -0.0013
    4.2500,     1.0000,     1.5523,     0.0000,    14.5000,     0.1583,    -0.0127,     0.0079,     0.0319,     0.0019,    -0.0013
    4.2500,     1.0000,     1.5523,     0.0000,    14.7500,     0.1518,    -0.0121,     0.0076,     0.0306,     0.0018,    -0.0012
    4.2500,     1.0000,     1.5523,     0.0000,    15.0000,     0.1452,    -0.0116,     0.0073,     0.0292,     0.0018,    -0.0012
    4.2500,     1.0000,     1.5523,     0.0000,    15.2500,     0.1386,    -0.0111,     0.0069,     0.0279,     0.0017,    -0.0011
    4.2500,     1.0000,     1.5523,     0.0000,    15.5000,     0.1320,    -0.0106,     0.0066,     0.0265,     0.0016,    -0.0011
    4.2500,     1.0000,     1.5523,     0.0000,    15.7500,     0.1253,    -0.0100,     0.0063,     0.0251,     0.0015,    -0.0010
    4.2500,     1.0000,     1.5523,     0.0000,    16.0000,     0.1187,    -0.0095,     0.0059,     0.0237,     0.0014,    -0.0009
    4.2500,     1.0000,     1.5523,     0.0000,    16.2500,     0.1120,    -0.0090,     0.0056,     0.0222,     0.0013,    -0.0009
    4.2500,     1.0000,     1.5523,     0.0000,    16.5000,     0.1052,    -0.0084,     0.0053,     0.0208,     0.0012,    -0.0008
    4.2500,     1.0000,     1.5523,     0.0000,    16.7500,     0.0985,    -0.0079,     0.0049,     0.0193,     0.0012,    -0.0008
    4.2500,     1.0000,     1.5523,     0.0000,    17.0000,     0.0918,    -0.0073,     0.0046,     0.0178,     0.0011,    -0.0007
    4.2500,     1.0000,     1.5523,     0.0000,    17.2500,     0.0850,    -0.0068,     0.0043,     0.0164,     0.0010,    -0.0007
    4.2500,     1.0000,     1.5523,     0.0000,    17.5000,     0.0782,    -0.0063,     0.0039,     0.0149,     0.0009,    -0.0006
    4.2500,     1.0000,     1.5523,     0.0000,    17.7500,     0.0714,    -0.0057,     0.0036,     0.0133,     0.0008,    -0.0005
    4.2500,     1.0000,     1.5523,     0.0000,    18.0000,     0.0646,    -0.0052,     0.0032,     0.0118,     0.0007,    -0.0005
    4.2500,     1.0000,     1.5523,     0.0000,    18.2500,     0.0578,    -0.0046,     0.0029,     0.0103,     0.0006,    -0.0004
    4.2500,     1.0000,     1.5523,     0.0000,    18.5000,     0.0510,    -0.0041,     0.0026,     0.0088,     0.0005,    -0.0004
    4.2500,     1.0000,     1.5523,     0.0000,    18.7500,     0.0442,    -0.0035,     0.0022,     0.0072,     0.0004,    -0.0003
    4.2500,     1.0000,     1.5523,     0.0000,    19.0000,     0.0374,    -0.0030,     0.0019,     0.0057,     0.0003,    -0.0002
    4.2500,     1.0000,     1.5523,     0.0000,    19.2500,     0.0306,    -0.0024,     0.0015,     0.0041,     0.0002,    -0.0002
    4.2500,     1.0000,     1.5523,     0.0000,    19.5000,     0.0237,    -0.0019,     0.0012,     0.0025,     0.0001,    -0.0001
    4.2500,     1.0000,     1.5523,     0.0000,    19.7500,     0.0169,    -0.0014,     0.0008,     0.0009,     0.0001,    -0.0000
    4.2500,     1.0000,     1.5523,     0.0000,    20.0000,     0.0101,    -0.0008,     0.0005,    -0.0007,    -0.0000,     0.0000
    4.2500,     1.0000,     1.5523,     0.0000,    20.2500,     0.0033,    -0.0003,     0.0002,    -0.0023,    -0.0001,     0.0001
    4.2500,     1.0000,     1.5523,     0.0000,    20.5000,    -0.0036,     0.0003,    -0.0002,    -0.0039,    -0.0002,     0.0002
    4.2500,     1.0000,     1.5523,     0.0000,    20.7500,    -0.0104,     0.0008,    -0.0005,    -0.0055,    -0.0003,     0.0002
    4.2500,     1.0000,     1.5523,     0.0000,    21.0000,    -0.0172,     0.0014,    -0.0009,    -0.0071,    -0.0004,     0.0003
    4.2500,     1.0000,     1.5523,     0.0000,    21.2500,    -0.0240,     0.0019,    -0.0012,    -0.0088,    -0.0005,     0.0004
    4.2500,     1.0000,     1.5523,     0.0000,    21.5000,    -0.0308,     0.0025,    -0.0015,    -0.0104,    -0.0006,     0.0004
    4.2500,     1.0000,     1.5523,     0.0000,    21.7500,    -0.0376,     0.0030,    -0.0019,    -0.0121,    -0.0007,     0.0005
    4.2500,     1.0000,     1.5523,     0.0000,    22.0000,    -0.0444,     0.0036,    -0.0022,    -0.0138,    -0.0008,     0.0006
    4.2500,     1.0000,     1.5523,     0.0000,    22.2500,    -0.0512,     0.0041,    -0.0026,    -0.0154,    -0.0009,     0.0006
    4.2500,     1.0000,     1.5523,     0.0000,    22.5000,    -0.0579,     0.0046,    -0.0029,    -0.0171,    -0.0010,     0.0007
    4.2500,     1.0000,     1.5523,     0.0000,    22.7500,    -0.0646,     0.0052,    -0.0032,    -0.0188,    -0.0011,     0.0008
    4.2500,     1.0000,     1.5523,     0.0000,    23.0000,    -0.0713,     0.0057,    -0.0036,    -0.0205,    -0.0012,     0.0008
    4.2500,     1.0000,     1.5523,     0.0000,    23.2500,    -0.0780,     0.0062,    -0.0039,    -0.0222,    -0.0013,     0.0009
    4.2500,     1.0000,     1.5523,     0.0000,    23.5000,    -0.0847,     0.0068,    -0.0042,    -0.0238,    -0.0014,     0.0010
    4.2500,     1.0000,     1.5523,     0.0000,    23.7500,    -0.0913,     0.0073,    -0.0046,    -0.0255,    -0.0015,     0.0010
    4.2500,     1.0000,     1.5523,     0.0000,    24.0000,    -0.0979,     0.0078,    -0.0049,    -0.0272,    -0.0016,     0.0011
    4.2500,     1.0000,     1.5523,     0.0000,    24.2500,    -0.1044,     0.0084,    -0.0052,    -0.0289,    -0.0017,     0.0012
    4.2500,     1.0000,     1.5523,     0.0000,    24.5000,    -0.1109,     0.0089,    -0.0055,    -0.0306,    -0.0018,     0.0012
    4.2500,     1.0000,     1.5523,     0.0000,    24.7500,    -0.1173,     0.0094,    -0.0059,    -0.0322,    -0.0019,     0.0013
    4.5000,     1.0000,     1.4661,     0.0000,    -1.0000,     0.4374,    -0.0350,     0.0219,     0.0582,     0.0035,    -0.0023
    4.5000,     1.0000,     1.4661,     0.0000,    -0.7500,     0.4356,    -0.0348,     0.0218,     0.0590,     0.0035,    -0.0024
    4.5000,     1.0000,     1.4661,     0.0000,    -0.5000,     0.4338,    -0.0347,     0.0217,     0.0597,     0.0036,    -0.0024
    4.5000,     1.0000,     1.4661,     0.0000,    -0.2500,     0.4320,    -0.0346,     0.0216,     0.0604,     0.0036,    -0.0024
    4.5000,     1.0000,     1.4661,     0.0000,     0.0000,     0.4302,    -0.0344,     0.0215,     0.0611,     0.0037,    -0.0024
    4.5000,     1.0000,     1.4661,     0.0000,     0.2500,     0.4283,    -0.0343,     0.0214,     0.0618,     0.0037,    -0.0025
    4.5000,     1.0000,     1.4661,     0.0000,     0.5000,     0.4265,    -0.0341,     0.0213,     0.0624,     0.0037,    -0.0025
    4.5000,     1.0000,     1.4661,     0.0000,     0.7500,     0.4247,    -0.0340,     0.0212,     0.0629,     0.0038,    -0.0025
    4.5000,     1.0000,     1.4661,     0.0000,     1.0000,     0.4228,    -0.0338,     0.0211,     0.0635,     0.0038,    -0.0025
    4.5000,     1.0000,     1.4661,     0.0000,     1.2500,     0.4209,    -0.0337,     0.0210,     0.0639,     0.0038,    -0.0026
    4.5000,     1.0000,     1.4661,     0.0000,     1.5000,     0.4189,    -0.0335,     0.0209,     0.0644,     0.0039,    -0.0026
    4.5000,     1.0000,     1.4661,     0.0000,     1.7500,     0.4169,    -0.0334,     0.0208,     0.0648,     0.0039,    -0.0026
    4.5000,     1.0000,     1.4661,     0.0000,     2.0000,     0.4149,    -0.0332,     0.0207,     0.0651,     0.0039,    -0.0026
    4.5000,     1.0000,     1.4661,     0.0000,     2.2500,     0.4127,    -0.0330,     0.0206,     0.0654,     0.0039,    -0.0026
    4.5000,     1.0000,     1.4661,     0.0000,     2.5000,     0.4105,    -0.0328,     0.0205,     0.0657,     0.0039,    -0.0026
    4.5000,     1.0000,     1.4661,     0.0000,     2.7500,     0.4082,    -0.0327,     0.0204,     0.0659,     0.0040,    -0.0026
    4.5000,     1.0000,     1.4661,     0.0000,     3.0000,     0.4057,    -0.0325,     0.0203,     0.0660,     0.0040,    -0.0026
    4.5000,     1.0000,     1.4661,     0.0000,     3.2500,     0.4031,    -0.0322,     0.0202,     0.0661,     0.0040,    -0.0026
    4.5000,     1.0000,     1.4661,     0.0000,     3.5000,     0.4004,    -0.0320,     0.0200,     0.0661,     0.0040,    -0.0026
    4.5000,     1.0000,     1.4661,     0.0000,     3.7500,     0.3975,    -0.0318,     0.0199,     0.0661,     0.0040,    -0.0026
    4.5000,     1.0000,     1.4661,     0.0000,     4.0000,     0.3944,    -0.0316,     0.0197,     0.0660,     0.0040,    -0.0026
    4.5000,     1.0000,     1.4661,     0.0000,     4.2500,     0.3911,    -0.0313,     0.0196,     0.0658,     0.0039,    -0.0026
    4.5000,     1.0000,     1.4661,     0.0000,     4.5000,     0.3877,    -0.0310,     0.0194,     0.0656,     0.0039,    -0.0026
    4.5000,     1.0000,     1.4661,     0.0000,     4.7500,     0.3840,    -0.0307,     0.0192,     0.0653,     0.0039,    -0.0026
    4.5000,     1.0000,     1.4661,     0.0000,     5.0000,     0.3802,    -0.0304,     0.0190,     0.0650,     0.0039,    -0.0026
    4.5000,     1.0000,     1.4661,     0.0000,     5.2500,     0.3761,    -0.0301,     0.0188,     0.0647,     0.0039,    -0.0026
    4.5000,     1.0000,     1.4661,     0.0000,     5.5000,     0.3719,    -0.0298,     0.0186,     0.0643,     0.0039,    -0.0026
    4.5000,     1.0000,     1.4661,     0.0000,     5.7500,     0.3675,    -0.0294,     0.0184,     0.0638,     0.0038,    -0.0026
    4.5000,     1.0000,     1.4661,     0.0000,     6.0000,     0.3629,    -0.0290,     0.0181,     0.0633,     0.0038,    -0.0025
    4.5000,     1.0000,     1.4661,     0.0000,     6.2500,     0.3582,    -0.0287,     0.0179,     0.0628,     0.0038,    -0.0025
    4.5000,     1.0000,     1.4661,     0.0000,     6.5000,     0.3532,    -0.0283,     0.0177,     0.0622,     0.0037,    -0.0025
    4.5000,     1.0000,     1.4661,     0.0000,     6.7500,     0.3481,    -0.0278,     0.0174,     0.0615,     0.0037,    -0.0025
    4.5000,     1.0000,     1.4661,     0.0000,     7.0000,     0.3429,    -0.0274,     0.0171,     0.0609,     0.0037,    -0.0024
    4.5000,     1.0000,     1.4661,     0.0000,     7.2500,     0.3375,    -0.0270,     0.0169,     0.0602,     0.0036,    -0.0024
    4.5000,     1.0000,     1.4661,     0.0000,     7.5000,     0.3319,    -0.0266,     0.0166,     0.0594,     0.0036,    -0.0024
    4.5000,     1.0000,     1.4661,     0.0000,     7.7500,     0.3262,    -0.0261,     0.0163,     0.0586,     0.0035,    -0.0023
    4.5000,     1.0000,     1.4661,     0.0000,     8.0000,     0.3204,    -0.0256,     0.0160,     0.0578,     0.0035,    -0.0023
    4.5000,     1.0000,     1.4661,     0.0000,     8.2500,     0.3145,    -0.0252,     0.0157,     0.0570,     0.0034,    -0.0023
    4.5000,     1.0000,     1.4661,     0.0000,     8.5000,     0.3084,    -0.0247,     0.0154,     0.0561,     0.0034,    -0.0022
    4.5000,     1.0000,     1.4661,     0.0000,     8.7500,     0.3023,    -0.0242,     0.0151,     0.0552,     0.0033,    -0.0022
    4.5000,     1.0000,     1.4661,     0.0000,     9.0000,     0.2961,    -0.0237,     0.0148,     0.0542,     0.0033,    -0.0022
    4.5000,     1.0000,     1.4661,     0.0000,     9.2500,     0.2898,    -0.0232,     0.0145,     0.0532,     0.0032,    -0.0021
    4.5000,     1.0000,     1.4661,     0.0000,     9.5000,     0.2834,    -0.0227,     0.0142,     0.0522,     0.0031,    -0.0021
    4.5000,     1.0000,     1.4661,     0.0000,     9.7500,     0.2769,    -0.0222,     0.0138,     0.0512,     0.0031,    -0.0020
    4.5000,     1.0000,     1.4661,     0.0000,    10.0000,     0.2704,    -0.0216,     0.0135,     0.0502,     0.0030,    -0.0020
    4.5000,     1.0000,     1.4661,     0.0000,    10.2500,     0.2638,    -0.0211,     0.0132,     0.0491,     0.0029,    -0.0020
    4.5000,     1.0000,     1.4661,     0.0000,    10.5000,     0.2571,    -0.0206,     0.0129,     0.0480,     0.0029,    -0.0019
    4.5000,     1.0000,     1.4661,     0.0000,    10.7500,     0.2504,    -0.0200,     0.0125,     0.0469,     0.0028,    -0.0019
    4.5000,     1.0000,     1.4661,     0.0000,    11.0000,     0.2437,    -0.0195,     0.0122,     0.0457,     0.0027,    -0.0018
    4.5000,     1.0000,     1.4661,     0.0000,    11.2500,     0.2368,    -0.0189,     0.0118,     0.0445,     0.0027,    -0.0018
    4.5000,     1.0000,     1.4661,     0.0000,    11.5000,     0.2300,    -0.0184,     0.0115,     0.0433,     0.0026,    -0.0017
    4.5000,     1.0000,     1.4661,     0.0000,    11.7500,     0.2231,    -0.0178,     0.0112,     0.0421,     0.0025,    -0.0017
    4.5000,     1.0000,     1.4661,     0.0000,    12.0000,     0.2161,    -0.0173,     0.0108,     0.0409,     0.0025,    -0.0016
    4.5000,     1.0000,     1.4661,     0.0000,    12.2500,     0.2091,    -0.0167,     0.0105,     0.0396,     0.0024,    -0.0016
    4.5000,     1.0000,     1.4661,     0.0000,    12.5000,     0.2020,    -0.0162,     0.0101,     0.0383,     0.0023,    -0.0015
    4.5000,     1.0000,     1.4661,     0.0000,    12.7500,     0.1950,    -0.0156,     0.0098,     0.0370,     0.0022,    -0.0015
    4.5000,     1.0000,     1.4661,     0.0000,    13.0000,     0.1878,    -0.0150,     0.0094,     0.0357,     0.0021,    -0.0014
    4.5000,     1.0000,     1.4661,     0.0000,    13.2500,     0.1807,    -0.0145,     0.0090,     0.0344,     0.0021,    -0.0014
    4.5000,     1.0000,     1.4661,     0.0000,    13.5000,     0.1734,    -0.0139,     0.0087,     0.0330,     0.0020,    -0.0013
    4.5000,     1.0000,     1.4661,     0.0000,    13.7500,     0.1662,    -0.0133,     0.0083,     0.0316,     0.0019,    -0.0013
    4.5000,     1.0000,     1.4661,     0.0000,    14.0000,     0.1589,    -0.0127,     0.0079,     0.0302,     0.0018,    -0.0012
    4.5000,     1.0000,     1.4661,     0.0000,    14.2500,     0.1516,    -0.0121,     0.0076,     0.0288,     0.0017,    -0.0012
    4.5000,     1.0000,     1.4661,     0.0000,    14.5000,     0.1443,    -0.0115,     0.0072,     0.0273,     0.0016,    -0.0011
    4.5000,     1.0000,     1.4661,     0.0000,    14.7500,     0.1369,    -0.0110,     0.0068,     0.0259,     0.0016,    -0.0010
    4.5000,     1.0000,     1.4661,     0.0000,    15.0000,     0.1295,    -0.0104,     0.0065,     0.0244,     0.0015,    -0.0010
    4.5000,     1.0000,     1.4661,     0.0000,    15.2500,     0.1221,    -0.0098,     0.0061,     0.0229,     0.0014,    -0.0009
    4.5000,     1.0000,     1.4661,     0.0000,    15.5000,     0.1147,    -0.0092,     0.0057,     0.0214,     0.0013,    -0.0009
    4.5000,     1.0000,     1.4661,     0.0000,    15.7500,     0.1072,    -0.0086,     0.0054,     0.0199,     0.0012,    -0.0008
    4.5000,     1.0000,     1.4661,     0.0000,    16.0000,     0.0998,    -0.0080,     0.0050,     0.0183,     0.0011,    -0.0007
    4.5000,     1.0000,     1.4661,     0.0000,    16.2500,     0.0923,    -0.0074,     0.0046,     0.0168,     0.0010,    -0.0007
    4.5000,     1.0000,     1.4661,     0.0000,    16.5000,     0.0848,    -0.0068,     0.0042,     0.0152,     0.0009,    -0.0006
    4.5000,     1.0000,     1.4661,     0.0000,    16.7500,     0.0773,    -0.0062,     0.0039,     0.0136,     0.0008,    -0.0005
    4.5000,     1.0000,     1.4661,     0.0000,    17.0000,     0.0697,    -0.0056,     0.0035,     0.0121,     0.0007,    -0.0005
    4.5000,     1.0000,     1.4661,     0.0000,    17.2500,     0.0622,    -0.0050,     0.0031,     0.0105,     0.0006,    -0.0004
    4.5000,     1.0000,     1.4661,     0.0000,    17.5000,     0.0547,    -0.0044,     0.0027,     0.0089,     0.0005,    -0.0004
    4.5000,     1.0000,     1.4661,     0.0000,    17.7500,     0.0471,    -0.0038,     0.0024,     0.0072,     0.0004,    -0.0003
    4.5000,     1.0000,     1.4661,     0.0000,    18.0000,     0.0396,    -0.0032,     0.0020,     0.0056,     0.0003,    -0.0002
    4.5000,     1.0000,     1.4661,     0.0000,    18.2500,     0.0320,    -0.0026,     0.0016,     0.0040,     0.0002,    -0.0002
    4.5000,     1.0000,     1.4661,     0.0000,    18.5000,     0.0244,    -0.0020,     0.0012,     0.0023,     0.0001,    -0.0001
    4.5000,     1.0000,     1.4661,     0.0000,    18.7500,     0.0169,    -0.0014,     0.0008,     0.0007,     0.0000,    -0.0000
    4.5000,     1.0000,     1.4661,     0.0000,    19.0000,     0.0093,    -0.0007,     0.0005,    -0.0010,    -0.0001,     0.0000
    4.5000,     1.0000,     1.4661,     0.0000,    19.2500,     0.0018,    -0.0001,     0.0001,    -0.0027,    -0.0002,     0.0001
    4.5000,     1.0000,     1.4661,     0.0000,    19.5000,    -0.0058,     0.0005,    -0.0003,    -0.0044,    -0.0003,     0.0002
    4.5000,     1.0000,     1.4661,     0.0000,    19.7500,    -0.0133,     0.0011,    -0.0007,    -0.0061,    -0.0004,     0.0002
    4.5000,     1.0000,     1.4661,     0.0000,    20.0000,    -0.0209,     0.0017,    -0.0010,    -0.0078,    -0.0005,     0.0003
    4.5000,     1.0000,     1.4661,     0.0000,    20.2500,    -0.0284,     0.0023,    -0.0014,    -0.0095,    -0.0006,     0.0004
    4.5000,     1.0000,     1.4661,     0.0000,    20.5000,    -0.0360,     0.0029,    -0.0018,    -0.0113,    -0.0007,     0.0005
    4.5000,     1.0000,     1.4661,     0.0000,    20.7500,    -0.0435,     0.0035,    -0.0022,    -0.0130,    -0.0008,     0.0005
    4.5000,     1.0000,     1.4661,     0.0000,    21.0000,    -0.0510,     0.0041,    -0.0026,    -0.0148,    -0.0009,     0.0006
    4.5000,     1.0000,     1.4661,     0.0000,    21.2500,    -0.0585,     0.0047,    -0.0029,    -0.0165,    -0.0010,     0.0007
    4.5000,     1.0000,     1.4661,     0.0000,    21.5000,    -0.0660,     0.0053,    -0.0033,    -0.0183,    -0.0011,     0.0007
    4.5000,     1.0000,     1.4661,     0.0000,    21.7500,    -0.0735,     0.0059,    -0.0037,    -0.0201,    -0.0012,     0.0008
    4.5000,     1.0000,     1.4661,     0.0000,    22.0000,    -0.0810,     0.0065,    -0.0041,    -0.0219,    -0.0013,     0.0009
    4.5000,     1.0000,     1.4661,     0.0000,    22.2500,    -0.0884,     0.0071,    -0.0044,    -0.0237,    -0.0014,     0.0009
    4.5000,     1.0000,     1.4661,     0.0000,    22.5000,    -0.0958,     0.0077,    -0.0048,    -0.0254,    -0.0015,     0.0010
    4.5000,     1.0000,     1.4661,     0.0000,    22.7500,    -0.1031,     0.0082,    -0.0052,    -0.0272,    -0.0016,     0.0011
    4.5000,     1.0000,     1.4661,     0.0000,    23.0000,    -0.1104,     0.0088,    -0.0055,    -0.0290,    -0.0017,     0.0012
    4.5000,     1.0000,     1.4661,     0.0000,    23.2500,    -0.1177,     0.0094,    -0.0059,    -0.0308,    -0.0018,     0.0012
    4.5000,     1.0000,     1.4661,     0.0000,    23.5000,    -0.1249,     0.0100,    -0.0062,    -0.0326,    -0.0020,     0.0013
    4.5000,     1.0000,     1.4661,     0.0000,    23.7500,    -0.1320,     0.0106,    -0.0066,    -0.0343,    -0.0021,     0.0014
    4.5000,     1.0000,     1.4661,     0.0000,    24.0000,    -0.1391,     0.0111,    -0.0070,    -0.0361,    -0.0022,     0.0014
    4.5000,     1.0000,     1.4661,     0.0000,    24.2500,    -0.1461,     0.0117,    -0.0073,    -0.0378,    -0.0023,     0.0015
    4.5000,     1.0000,     1.4661,     0.0000,    24.5000,    -0.1530,     0.0122,    -0.0077,    -0.0396,    -0.0024,     0.0016
    4.5000,     1.0000,     1.4661,     0.0000,    24.7500,    -0.1598,     0.0128,    -0.0080,    -0.0413,    -0.0025,     0.0017
    4.7500,     1.0000,     1.3889,     0.0000,    -1.0000,     0.4753,    -0.0380,     0.0238,     0.0621,     0.0037,    -0.0025
    4.7500,     1.0000,     1.3889,     0.0000,    -0.7500,     0.4735,    -0.0379,     0.0237,     0.0629,     0.0038,    -0.0025
    4.7500,     1.0000,     1.3889,     0.0000,    -0.5000,     0.4716,    -0.0377,     0.0236,     0.0636,     0.0038,    -0.0025
    4.7500,     1.0000,     1.3889,     0.0000,    -0.2500,     0.4698,    -0.0376,     0.0235,     0.0643,     0.0039,    -0.0026
    4.7500,     1.0000,     1.3889,     0.0000,     0.0000,     0.4679,    -0.0374,     0.0234,     0.0650,     0.0039,    -0.0026
    4.7500,     1.0000,     1.3889,     0.0000,     0.2500,     0.4660,    -0.0373,     0.0233,     0.0656,     0.0039,    -0.0026
    4.7500,     1.0000,     1.3889,     0.0000,     0.5000,     0.4640,    -0.0371,     0.0232,     0.0661,     0.0040,    -0.0026
    4.7500,     1.0000,     1.3889,     0.0000,     0.7500,     0.4619,    -0.0370,     0.0231,     0.0666,     0.0040,    -0.0027
    4.7500,     1.0000,     1.3889,     0.0000,     1.0000,     0.4598,    -0.0368,     0.0230,     0.0670,     0.0040,    -0.0027
    4.7500,     1.0000,     1.3889,     0.0000,     1.2500,     0.4575,    -0.0366,     0.0229,     0.0674,     0.0040,    -0.0027
    4.7500,     1.0000,     1.3889,     0.0000,     1.5000,     0.4551,    -0.0364,     0.0228,     0.0677,     0.0041,    -0.0027
    4.7500,     1.0000,     1.3889,     0.0000,     1.7500,     0.4526,    -0.0362,     0.0226,     0.0679,     0.0041,    -0.0027
    4.7500,     1.0000,     1.3889,     0.0000,     2.0000,     0.4499,    -0.0360,     0.0225,     0.0681,     0.0041,    -0.0027
    4.7500,     1.0000,     1.3889,     0.0000,     2.2500,     0.4470,    -0.0358,     0.0224,     0.0682,     0.0041,    -0.0027
    4.7500,     1.0000,     1.3889,     0.0000,     2.5000,     0.4439,    -0.0355,     0.0222,     0.0683,     0.0041,    -0.0027
    4.7500,     1.0000,     1.3889,     0.0000,     2.7500,     0.4407,    -0.0353,     0.0220,     0.0683,     0.0041,    -0.0027
    4.7500,     1.0000,     1.3889,     0.0000,     3.0000,     0.4372,    -0.0350,     0.0219,     0.0682,     0.0041,    -0.0027
    4.7500,     1.0000,     1.3889,     0.0000,     3.2500,     0.4335,    -0.0347,     0.0217,     0.0680,     0.0041,    -0.0027
    4.7500,     1.0000,     1.3889,     0.0000,     3.5000,     0.4296,    -0.0344,     0.0215,     0.0678,     0.0041,    -0.0027
    4.7500,     1.0000,     1.3889,     0.0000,     3.7500,     0.4255,    -0.0340,     0.0213,     0.0676,     0.0041,    -0.0027
    4.7500,     1.0000,     1.3889,     0.0000,     4.0000,     0.4212,    -0.0337,     0.0211,     0.0673,     0.0040,    -0.0027
    4.7500,     1.0000,     1.3889,     0.0000,     4.2500,     0.4166,    -0.0333,     0.0208,     0.0669,     0.0040,    -0.0027
    4.7500,     1.0000,     1.3889,     0.0000,     4.5000,     0.4118,    -0.0329,     0.0206,     0.0665,     0.0040,    -0.0027
    4.7500,     1.0000,     1.3889,     0.0000,     4.7500,     0.4069,    -0.0326,     0.0203,     0.0660,     0.0040,    -0.0026
    4.7500,     1.0000,     1.3889,     0.0000,     5.0000,     0.4017,    -0.0321,     0.0201,     0.0655,     0.0039,    -0.0026
    4.7500,     1.0000,     1.3889,     0.0000,     5.2500,     0.3963,    -0.0317,     0.0198,     0.0649,     0.0039,    -0.0026
    4.7500,     1.0000,     1.3889,     0.0000,     5.5000,     0.3908,    -0.0313,     0.0195,     0.0643,     0.0039,    -0.0026
    4.7500,     1.0000,     1.3889,     0.0000,     5.7500,     0.3850,    -0.0308,     0.0193,     0.0636,     0.0038,    -0.0025
    4.7500,     1.0000,     1.3889,     0.0000,     6.0000,     0.3791,    -0.0303,     0.0190,     0.0629,     0.0038,    -0.0025
    4.7500,     1.0000,     1.3889,     0.0000,     6.2500,     0.3730,    -0.0298,     0.0186,     0.0622,     0.0037,    -0.0025
    4.7500,     1.0000,     1.3889,     0.0000,     6.5000,     0.3668,    -0.0293,     0.0183,     0.0614,     0.0037,    -0.0025
    4.7500,     1.0000,     1.3889,     0.0000,     6.7500,     0.3605,    -0.0288,     0.0180,     0.0606,     0.0036,    -0.0024
    4.7500,     1.0000,     1.3889,     0.0000,     7.0000,     0.3540,    -0.0283,     0.0177,     0.0598,     0.0036,    -0.0024
    4.7500,     1.0000,     1.3889,     0.0000,     7.2500,     0.3475,    -0.0278,     0.0174,     0.0589,     0.0035,    -0.0024
    4.7500,     1.0000,     1.3889,     0.0000,     7.5000,     0.3408,    -0.0273,     0.0170,     0.0580,     0.0035,    -0.0023
    4.7500,     1.0000,     1.3889,     0.0000,     7.7500,     0.3340,    -0.0267,     0.0167,     0.0571,     0.0034,    -0.0023
    4.7500,     1.0000,     1.3889,     0.0000,     8.0000,     0.3271,    -0.0262,     0.0164,     0.0562,     0.0034,    -0.0022
    4.7500,     1.0000,     1.3889,     0.0000,     8.2500,     0.3201,    -0.0256,     0.0160,     0.0552,     0.0033,    -0.0022
    4.7500,     1.0000,     1.3889,     0.0000,     8.5000,     0.3131,    -0.0250,     0.0157,     0.0542,     0.0033,    -0.0022
    4.7500,     1.0000,     1.3889,     0.0000,     8.7500,     0.3060,    -0.0245,     0.0153,     0.0531,     0.0032,    -0.0021
    4.7500,     1.0000,     1.3889,     0.0000,     9.0000,     0.2987,    -0.0239,     0.0149,     0.0521,     0.0031,    -0.0021
    4.7500,     1.0000,     1.3889,     0.0000,     9.2500,     0.2915,    -0.0233,     0.0146,     0.0510,     0.0031,    -0.0020
    4.7500,     1.0000,     1.3889,     0.0000,     9.5000,     0.2841,    -0.0227,     0.0142,     0.0498,     0.0030,    -0.0020
    4.7500,     1.0000,     1.3889,     0.0000,     9.7500,     0.2767,    -0.0221,     0.0138,     0.0487,     0.0029,    -0.0019
    4.7500,     1.0000,     1.3889,     0.0000,    10.0000,     0.2693,    -0.0215,     0.0135,     0.0475,     0.0029,    -0.0019
    4.7500,     1.0000,     1.3889,     0.0000,    10.2500,     0.2618,    -0.0209,     0.0131,     0.0463,     0.0028,    -0.0019
    4.7500,     1.0000,     1.3889,     0.0000,    10.5000,     0.2542,    -0.0203,     0.0127,     0.0451,     0.0027,    -0.0018
    4.7500,     1.0000,     1.3889,     0.0000,    10.7500,     0.2466,    -0.0197,     0.0123,     0.0439,     0.0026,    -0.0018
    4.7500,     1.0000,     1.3889,     0.0000,    11.0000,     0.2389,    -0.0191,     0.0119,     0.0426,     0.0026,    -0.0017
    4.7500,     1.0000,     1.3889,     0.0000,    11.2500,     0.2312,    -0.0185,     0.0116,     0.0413,     0.0025,    -0.0017
    4.7500,     1.0000,     1.3889,     0.0000,    11.5000,     0.2235,    -0.0179,     0.0112,     0.0400,     0.0024,    -0.0016
    4.7500,     1.0000,     1.3889,     0.0000,    11.7500,     0.2157,    -0.0173,     0.0108,     0.0387,     0.0023,    -0.0015
    4.7500,     1.0000,     1.3889,     0.0000,    12.0000,     0.2079,    -0.0166,     0.0104,     0.0373,     0.0022,    -0.0015
    4.7500,     1.0000,     1.3889,     0.0000,    12.2500,     0.2000,    -0.0160,     0.0100,     0.0359,     0.0022,    -0.0014
    4.7500,     1.0000,     1.3889,     0.0000,    12.5000,     0.1921,    -0.0154,     0.0096,     0.0345,     0.0021,    -0.0014
    4.7500,     1.0000,     1.3889,     0.0000,    12.7500,     0.1841,    -0.0147,     0.0092,     0.0331,     0.0020,    -0.0013
    4.7500,     1.0000,     1.3889,     0.0000,    13.0000,     0.1761,    -0.0141,     0.0088,     0.0317,     0.0019,    -0.0013
    4.7500,     1.0000,     1.3889,     0.0000,    13.2500,     0.1681,    -0.0134,     0.0084,     0.0302,     0.0018,    -0.0012
    4.7500,     1.0000,     1.3889,     0.0000,    13.5000,     0.1600,    -0.0128,     0.0080,     0.0287,     0.0017,    -0.0011
    4.7500,     1.0000,     1.3889,     0.0000,    13.7500,     0.1519,    -0.0122,     0.0076,     0.0272,     0.0016,    -0.0011
    4.7500,     1.0000,     1.3889,     0.0000,    14.0000,     0.1438,    -0.0115,     0.0072,     0.0257,     0.0015,    -0.0010
    4.7500,     1.0000,     1.3889,     0.0000,    14.2500,     0.1357,    -0.0109,     0.0068,     0.0241,     0.0014,    -0.0010
    4.7500,     1.0000,     1.3889,     0.0000,    14.5000,     0.1275,    -0.0102,     0.0064,     0.0226,     0.0014,    -0.0009
    4.7500,     1.0000,     1.3889,     0.0000,    14.7500,     0.1193,    -0.0095,     0.0060,     0.0210,     0.0013,    -0.0008
    4.7500,     1.0000,     1.3889,     0.0000,    15.0000,     0.1111,    -0.0089,     0.0056,     0.0194,     0.0012,    -0.0008
    4.7500,     1.0000,     1.3889,     0.0000,    15.2500,     0.1029,    -0.0082,     0.0051,     0.0178,     0.0011,    -0.0007
    4.7500,     1.0000,     1.3889,     0.0000,    15.5000,     0.0946,    -0.0076,     0.0047,     0.0162,     0.0010,    -0.0006
    4.7500,     1.0000,     1.3889,     0.0000,    15.7500,     0.0864,    -0.0069,     0.0043,     0.0145,     0.0009,    -0.0006
    4.7500,     1.0000,     1.3889,     0.0000,    16.0000,     0.0781,    -0.0062,     0.0039,     0.0129,     0.0008,    -0.0005
    4.7500,     1.0000,     1.3889,     0.0000,    16.2500,     0.0698,    -0.0056,     0.0035,     0.0112,     0.0007,    -0.0004
    4.7500,     1.0000,     1.3889,     0.0000,    16.5000,     0.0615,    -0.0049,     0.0031,     0.0096,     0.0006,    -0.0004
    4.7500,     1.0000,     1.3889,     0.0000,    16.7500,     0.0532,    -0.0043,     0.0027,     0.0079,     0.0005,    -0.0003
    4.7500,     1.0000,     1.3889,     0.0000,    17.0000,     0.0449,    -0.0036,     0.0022,     0.0062,     0.0004,    -0.0002
    4.7500,     1.0000,     1.3889,     0.0000,    17.2500,     0.0366,    -0.0029,     0.0018,     0.0045,     0.0003,    -0.0002
    4.7500,     1.0000,     1.3889,     0.0000,    17.5000,     0.0283,    -0.0023,     0.0014,     0.0028,     0.0002,    -0.0001
    4.7500,     1.0000,     1.3889,     0.0000,    17.7500,     0.0199,    -0.0016,     0.0010,     0.0010,     0.0001,    -0.0000
    4.7500,     1.0000,     1.3889,     0.0000,    18.0000,     0.0116,    -0.0009,     0.0006,    -0.0007,    -0.0000,     0.0000
    4.7500,     1.0000,     1.3889,     0.0000,    18.2500,     0.0033,    -0.0003,     0.0002,    -0.0025,    -0.0001,     0.0001
    4.7500,     1.0000,     1.3889,     0.0000,    18.5000,    -0.0050,     0.0004,    -0.0003,    -0.0042,    -0.0003,     0.0002
    4.7500,     1.0000,     1.3889,     0.0000,    18.7500,    -0.0134,     0.0011,    -0.0007,    -0.0060,    -0.0004,     0.0002
    4.7500,     1.0000,     1.3889,     0.0000,    19.0000,    -0.0217,     0.0017,    -0.0011,    -0.0078,    -0.0005,     0.0003
    4.7500,     1.0000,     1.3889,     0.0000,    19.2500,    -0.0300,     0.0024,    -0.0015,    -0.0096,    -0.0006,     0.0004
    4.7500,     1.0000,     1.3889,     0.0000,    19.5000,    -0.0383,     0.0031,    -0.0019,    -0.0114,    -0.0007,     0.0005
    4.7500,     1.0000,     1.3889,     0.0000,    19.7500,    -0.0466,     0.0037,    -0.0023,    -0.0133,    -0.0008,     0.0005
    4.7500,     1.0000,     1.3889,     0.0000,    20.0000,    -0.0549,     0.0044,    -0.0027,    -0.0151,    -0.0009,     0.0006
    4.7500,     1.0000,     1.3889,     0.0000,    20.2500,    -0.0632,     0.0051,    -0.0032,    -0.0169,    -0.0010,     0.0007
    4.7500,     1.0000,     1.3889,     0.0000,    20.5000,    -0.0715,     0.0057,    -0.0036,    -0.0188,    -0.0011,     0.0008
    4.7500,     1.0000,     1.3889,     0.0000,    20.7500,    -0.0798,     0.0064,    -0.0040,    -0.0207,    -0.0012,     0.0008
    4.7500,     1.0000,     1.3889,     0.0000,    21.0000,    -0.0880,     0.0070,    -0.0044,    -0.0226,    -0.0014,     0.0009
    4.7500,     1.0000,     1.3889,     0.0000,    21.2500,    -0.0962,     0.0077,    -0.0048,    -0.0245,    -0.0015,     0.0010
    4.7500,     1.0000,     1.3889,     0.0000,    21.5000,    -0.1044,     0.0084,    -0.0052,    -0.0263,    -0.0016,     0.0011
    4.7500,     1.0000,     1.3889,     0.0000,    21.7500,    -0.1125,     0.0090,    -0.0056,    -0.0282,    -0.0017,     0.0011
    4.7500,     1.0000,     1.3889,     0.0000,    22.0000,    -0.1206,     0.0096,    -0.0060,    -0.0301,    -0.0018,     0.0012
    4.7500,     1.0000,     1.3889,     0.0000,    22.2500,    -0.1287,     0.0103,    -0.0064,    -0.0320,    -0.0019,     0.0013
    4.7500,     1.0000,     1.3889,     0.0000,    22.5000,    -0.1367,     0.0109,    -0.0068,    -0.0339,    -0.0020,     0.0014
    4.7500,     1.0000,     1.3889,     0.0000,    22.7500,    -0.1446,     0.0116,    -0.0072,    -0.0358,    -0.0021,     0.0014
    4.7500,     1.0000,     1.3889,     0.0000,    23.0000,    -0.1524,     0.0122,    -0.0076,    -0.0376,    -0.0023,     0.0015
    4.7500,     1.0000,     1.3889,     0.0000,    23.2500,    -0.1602,     0.0128,    -0.0080,    -0.0395,    -0.0024,     0.0016
    4.7500,     1.0000,     1.3889,     0.0000,    23.5000,    -0.1679,     0.0134,    -0.0084,    -0.0413,    -0.0025,     0.0017
    4.7500,     1.0000,     1.3889,     0.0000,    23.7500,    -0.1754,     0.0140,    -0.0088,    -0.0432,    -0.0026,     0.0017
    4.7500,     1.0000,     1.3889,     0.0000,    24.0000,    -0.1829,     0.0146,    -0.0091,    -0.0450,    -0.0027,     0.0018
    4.7500,     1.0000,     1.3889,     0.0000,    24.2500,    -0.1903,     0.0152,    -0.0095,    -0.0468,    -0.0028,     0.0019
    4.7500,     1.0000,     1.3889,     0.0000,    24.5000,    -0.1975,     0.0158,    -0.0099,    -0.0486,    -0.0029,     0.0019
    4.7500,     1.0000,     1.3889,     0.0000,    24.7500,    -0.2046,     0.0164,    -0.0102,    -0.0503,    -0.0030,     0.0020
    5.0000,     1.0000,     1.3195,     0.0000,    -1.0000,     0.5161,    -0.0413,     0.0258,     0.0659,     0.0040,    -0.0026
    5.0000,     1.0000,     1.3195,     0.0000,    -0.7500,     0.5142,    -0.0411,     0.0257,     0.0666,     0.0040,    -0.0027
    5.0000,     1.0000,     1.3195,     0.0000,    -0.5000,     0.5122,    -0.0410,     0.0256,     0.0673,     0.0040,    -0.0027
    5.0000,     1.0000,     1.3195,     0.0000,    -0.2500,     0.5100,    -0.0408,     0.0255,     0.0679,     0.0041,    -0.0027
    5.0000,     1.0000,     1.3195,     0.0000,     0.0000,     0.5078,    -0.0406,     0.0254,     0.0684,     0.0041,    -0.0027
    5.0000,     1.0000,     1.3195,     0.0000,     0.2500,     0.5054,    -0.0404,     0.0253,     0.0689,     0.0041,    -0.0028
    5.0000,     1.0000,     1.3195,     0.0000,     0.5000,     0.5028,    -0.0402,     0.0251,     0.0693,     0.0042,    -0.0028
    5.0000,     1.0000,     1.3195,     0.0000,     0.7500,     0.5001,    -0.0400,     0.0250,     0.0696,     0.0042,    -0.0028
    5.0000,     1.0000,     1.3195,     0.0000,     1.0000,     0.4972,    -0.0398,     0.0249,     0.0699,     0.0042,    -0.0028
    5.0000,     1.0000,     1.3195,     0.0000,     1.2500,     0.4941,    -0.0395,     0.0247,     0.0701,     0.0042,    -0.0028
    5.0000,     1.0000,     1.3195,     0.0000,     1.5000,     0.4907,    -0.0393,     0.0245,     0.0702,     0.0042,    -0.0028
    5.0000,     1.0000,     1.3195,     0.0000,     1.7500,     0.4872,    -0.0390,     0.0244,     0.0702,     0.0042,    -0.0028
    5.0000,     1.0000,     1.3195,     0.0000,     2.0000,     0.4834,    -0.0387,     0.0242,     0.0701,     0.0042,    -0.0028
    5.0000,     1.0000,     1.3195,     0.0000,     2.2500,     0.4793,    -0.0383,     0.0240,     0.0700,     0.0042,    -0.0028
    5.0000,     1.0000,     1.3195,     0.0000,     2.5000,     0.4750,    -0.0380,     0.0238,     0.0698,     0.0042,    -0.0028
    5.0000,     1.0000,     1.3195,     0.0000,     2.7500,     0.4704,    -0.0376,     0.0235,     0.0696,     0.0042,    -0.0028
    5.0000,     1.0000,     1.3195,     0.0000,     3.0000,     0.4656,    -0.0372,     0.0233,     0.0693,     0.0042,    -0.0028
    5.0000,     1.0000,     1.3195,     0.0000,     3.2500,     0.4606,    -0.0368,     0.0230,     0.0689,     0.0041,    -0.0028
    5.0000,     1.0000,     1.3195,     0.0000,     3.5000,     0.4553,    -0.0364,     0.0228,     0.0685,     0.0041,    -0.0027
    5.0000,     1.0000,     1.3195,     0.0000,     3.7500,     0.4497,    -0.0360,     0.0225,     0.0680,     0.0041,    -0.0027
    5.0000,     1.0000,     1.3195,     0.0000,     4.0000,     0.4440,    -0.0355,     0.0222,     0.0675,     0.0040,    -0.0027
    5.0000,     1.0000,     1.3195,     0.0000,     4.2500,     0.4380,    -0.0350,     0.0219,     0.0669,     0.0040,    -0.0027
    5.0000,     1.0000,     1.3195,     0.0000,     4.5000,     0.4318,    -0.0345,     0.0216,     0.0663,     0.0040,    -0.0027
    5.0000,     1.0000,     1.3195,     0.0000,     4.7500,     0.4255,    -0.0340,     0.0213,     0.0657,     0.0039,    -0.0026
    5.0000,     1.0000,     1.3195,     0.0000,     5.0000,     0.4190,    -0.0335,     0.0209,     0.0650,     0.0039,    -0.0026
    5.0000,     1.0000,     1.3195,     0.0000,     5.2500,     0.4123,    -0.0330,     0.0206,     0.0643,     0.0039,    -0.0026
    5.0000,     1.0000,     1.3195,     0.0000,     5.5000,     0.4055,    -0.0324,     0.0203,     0.0635,     0.0038,    -0.0025
    5.0000,     1.0000,     1.3195,     0.0000,     5.7500,     0.3986,    -0.0319,     0.0199,     0.0627,     0.0038,    -0.0025
    5.0000,     1.0000,     1.3195,     0.0000,     6.0000,     0.3915,    -0.0313,     0.0196,     0.0619,     0.0037,    -0.0025
    5.0000,     1.0000,     1.3195,     0.0000,     6.2500,     0.3843,    -0.0307,     0.0192,     0.0610,     0.0037,    -0.0024
    5.0000,     1.0000,     1.3195,     0.0000,     6.5000,     0.3770,    -0.0302,     0.0189,     0.0601,     0.0036,    -0.0024
    5.0000,     1.0000,     1.3195,     0.0000,     6.7500,     0.3695,    -0.0296,     0.0185,     0.0592,     0.0036,    -0.0024
    5.0000,     1.0000,     1.3195,     0.0000,     7.0000,     0.3620,    -0.0290,     0.0181,     0.0583,     0.0035,    -0.0023
    5.0000,     1.0000,     1.3195,     0.0000,     7.2500,     0.3544,    -0.0284,     0.0177,     0.0573,     0.0034,    -0.0023
    5.0000,     1.0000,     1.3195,     0.0000,     7.5000,     0.3467,    -0.0277,     0.0173,     0.0563,     0.0034,    -0.0023
    5.0000,     1.0000,     1.3195,     0.0000,     7.7500,     0.3389,    -0.0271,     0.0169,     0.0552,     0.0033,    -0.0022
    5.0000,     1.0000,     1.3195,     0.0000,     8.0000,     0.3311,    -0.0265,     0.0166,     0.0542,     0.0033,    -0.0022
    5.0000,     1.0000,     1.3195,     0.0000,     8.2500,     0.3231,    -0.0258,     0.0162,     0.0531,     0.0032,    -0.0021
    5.0000,     1.0000,     1.3195,     0.0000,     8.5000,     0.3151,    -0.0252,     0.0158,     0.0520,     0.0031,    -0.0021
    5.0000,     1.0000,     1.3195,     0.0000,     8.7500,     0.3070,    -0.0246,     0.0154,     0.0508,     0.0030,    -0.0020
    5.0000,     1.0000,     1.3195,     0.0000,     9.0000,     0.2989,    -0.0239,     0.0149,     0.0496,     0.0030,    -0.0020
    5.0000,     1.0000,     1.3195,     0.0000,     9.2500,     0.2907,    -0.0233,     0.0145,     0.0484,     0.0029,    -0.0019
    5.0000,     1.0000,     1.3195,     0.0000,     9.5000,     0.2824,    -0.0226,     0.0141,     0.0472,     0.0028,    -0.0019
    5.0000,     1.0000,     1.3195,     0.0000,     9.7500,     0.2741,    -0.0219,     0.0137,     0.0460,     0.0028,    -0.0018
    5.0000,     1.0000,     1.3195,     0.0000,    10.0000,     0.2657,    -0.0213,     0.0133,     0.0447,     0.0027,    -0.0018
    5.0000,     1.0000,     1.3195,     0.0000,    10.2500,     0.2573,    -0.0206,     0.0129,     0.0434,     0.0026,    -0.0017
    5.0000,     1.0000,     1.3195,     0.0000,    10.5000,     0.2488,    -0.0199,     0.0124,     0.0421,     0.0025,    -0.0017
    5.0000,     1.0000,     1.3195,     0.0000,    10.7500,     0.2403,    -0.0192,     0.0120,     0.0407,     0.0024,    -0.0016
    5.0000,     1.0000,     1.3195,     0.0000,    11.0000,     0.2318,    -0.0185,     0.0116,     0.0393,     0.0024,    -0.0016
    5.0000,     1.0000,     1.3195,     0.0000,    11.2500,     0.2232,    -0.0179,     0.0112,     0.0379,     0.0023,    -0.0015
    5.0000,     1.0000,     1.3195,     0.0000,    11.5000,     0.2146,    -0.0172,     0.0107,     0.0365,     0.0022,    -0.0015
    5.0000,     1.0000,     1.3195,     0.0000,    11.7500,     0.2059,    -0.0165,     0.0103,     0.0351,     0.0021,    -0.0014
    5.0000,     1.0000,     1.3195,     0.0000,    12.0000,     0.1972,    -0.0158,     0.0099,     0.0336,     0.0020,    -0.0013
    5.0000,     1.0000,     1.3195,     0.0000,    12.2500,     0.1884,    -0.0151,     0.0094,     0.0321,     0.0019,    -0.0013
    5.0000,     1.0000,     1.3195,     0.0000,    12.5000,     0.1796,    -0.0144,     0.0090,     0.0306,     0.0018,    -0.0012
    5.0000,     1.0000,     1.3195,     0.0000,    12.7500,     0.1708,    -0.0137,     0.0085,     0.0290,     0.0017,    -0.0012
    5.0000,     1.0000,     1.3195,     0.0000,    13.0000,     0.1619,    -0.0130,     0.0081,     0.0275,     0.0016,    -0.0011
    5.0000,     1.0000,     1.3195,     0.0000,    13.2500,     0.1530,    -0.0122,     0.0077,     0.0259,     0.0016,    -0.0010
    5.0000,     1.0000,     1.3195,     0.0000,    13.5000,     0.1441,    -0.0115,     0.0072,     0.0243,     0.0015,    -0.0010
    5.0000,     1.0000,     1.3195,     0.0000,    13.7500,     0.1352,    -0.0108,     0.0068,     0.0227,     0.0014,    -0.0009
    5.0000,     1.0000,     1.3195,     0.0000,    14.0000,     0.1262,    -0.0101,     0.0063,     0.0210,     0.0013,    -0.0008
    5.0000,     1.0000,     1.3195,     0.0000,    14.2500,     0.1172,    -0.0094,     0.0059,     0.0194,     0.0012,    -0.0008
    5.0000,     1.0000,     1.3195,     0.0000,    14.5000,     0.1082,    -0.0087,     0.0054,     0.0177,     0.0011,    -0.0007
    5.0000,     1.0000,     1.3195,     0.0000,    14.7500,     0.0992,    -0.0079,     0.0050,     0.0160,     0.0010,    -0.0006
    5.0000,     1.0000,     1.3195,     0.0000,    15.0000,     0.0901,    -0.0072,     0.0045,     0.0143,     0.0009,    -0.0006
    5.0000,     1.0000,     1.3195,     0.0000,    15.2500,     0.0810,    -0.0065,     0.0041,     0.0126,     0.0008,    -0.0005
    5.0000,     1.0000,     1.3195,     0.0000,    15.5000,     0.0720,    -0.0058,     0.0036,     0.0109,     0.0007,    -0.0004
    5.0000,     1.0000,     1.3195,     0.0000,    15.7500,     0.0629,    -0.0050,     0.0031,     0.0091,     0.0005,    -0.0004
    5.0000,     1.0000,     1.3195,     0.0000,    16.0000,     0.0538,    -0.0043,     0.0027,     0.0074,     0.0004,    -0.0003
    5.0000,     1.0000,     1.3195,     0.0000,    16.2500,     0.0447,    -0.0036,     0.0022,     0.0056,     0.0003,    -0.0002
    5.0000,     1.0000,     1.3195,     0.0000,    16.5000,     0.0356,    -0.0028,     0.0018,     0.0038,     0.0002,    -0.0002
    5.0000,     1.0000,     1.3195,     0.0000,    16.7500,     0.0265,    -0.0021,     0.0013,     0.0020,     0.0001,    -0.0001
    5.0000,     1.0000,     1.3195,     0.0000,    17.0000,     0.0174,    -0.0014,     0.0009,     0.0002,     0.0000,    -0.0000
    5.0000,     1.0000,     1.3195,     0.0000,    17.2500,     0.0082,    -0.0007,     0.0004,    -0.0016,    -0.0001,     0.0001
    5.0000,     1.0000,     1.3195,     0.0000,    17.5000,    -0.0009,     0.0001,    -0.0000,    -0.0034,    -0.0002,     0.0001
    5.0000,     1.0000,     1.3195,     0.0000,    17.7500,    -0.0100,     0.0008,    -0.0005,    -0.0053,    -0.0003,     0.0002
    5.0000,     1.0000,     1.3195,     0.0000,    18.0000,    -0.0191,     0.0015,    -0.0010,    -0.0071,    -0.0004,     0.0003
    5.0000,     1.0000,     1.3195,     0.0000,    18.2500,    -0.0283,     0.0023,    -0.0014,    -0.0090,    -0.0005,     0.0004
    5.0000,     1.0000,     1.3195,     0.0000,    18.5000,    -0.0374,     0.0030,    -0.0019,    -0.0109,    -0.0007,     0.0004
    5.0000,     1.0000,     1.3195,     0.0000,    18.7500,    -0.0465,     0.0037,    -0.0023,    -0.0128,    -0.0008,     0.0005
    5.0000,     1.0000,     1.3195,     0.0000,    19.0000,    -0.0556,     0.0044,    -0.0028,    -0.0147,    -0.0009,     0.0006
    5.0000,     1.0000,     1.3195,     0.0000,    19.2500,    -0.0647,     0.0052,    -0.0032,    -0.0167,    -0.0010,     0.0007
    5.0000,     1.0000,     1.3195,     0.0000,    19.5000,    -0.0738,     0.0059,    -0.0037,    -0.0186,    -0.0011,     0.0007
    5.0000,     1.0000,     1.3195,     0.0000,    19.7500,    -0.0829,     0.0066,    -0.0041,    -0.0206,    -0.0012,     0.0008
    5.0000,     1.0000,     1.3195,     0.0000,    20.0000,    -0.0920,     0.0074,    -0.0046,    -0.0225,    -0.0013,     0.0009
    5.0000,     1.0000,     1.3195,     0.0000,    20.2500,    -0.1010,     0.0081,    -0.0051,    -0.0245,    -0.0015,     0.0010
    5.0000,     1.0000,     1.3195,     0.0000,    20.5000,    -0.1100,     0.0088,    -0.0055,    -0.0265,    -0.0016,     0.0011
    5.0000,     1.0000,     1.3195,     0.0000,    20.7500,    -0.1190,     0.0095,    -0.0060,    -0.0285,    -0.0017,     0.0011
    5.0000,     1.0000,     1.3195,     0.0000,    21.0000,    -0.1279,     0.0102,    -0.0064,    -0.0305,    -0.0018,     0.0012
    5.0000,     1.0000,     1.3195,     0.0000,    21.2500,    -0.1368,     0.0109,    -0.0068,    -0.0325,    -0.0019,     0.0013
    5.0000,     1.0000,     1.3195,     0.0000,    21.5000,    -0.1457,     0.0117,    -0.0073,    -0.0345,    -0.0021,     0.0014
    5.0000,     1.0000,     1.3195,     0.0000,    21.7500,    -0.1544,     0.0124,    -0.0077,    -0.0365,    -0.0022,     0.0015
    5.0000,     1.0000,     1.3195,     0.0000,    22.0000,    -0.1631,     0.0130,    -0.0082,    -0.0385,    -0.0023,     0.0015
    5.0000,     1.0000,     1.3195,     0.0000,    22.2500,    -0.1717,     0.0137,    -0.0086,    -0.0404,    -0.0024,     0.0016
    5.0000,     1.0000,     1.3195,     0.0000,    22.5000,    -0.1802,     0.0144,    -0.0090,    -0.0424,    -0.0025,     0.0017
    5.0000,     1.0000,     1.3195,     0.0000,    22.7500,    -0.1886,     0.0151,    -0.0094,    -0.0443,    -0.0027,     0.0018
    5.0000,     1.0000,     1.3195,     0.0000,    23.0000,    -0.1969,     0.0158,    -0.0098,    -0.0463,    -0.0028,     0.0019
    5.0000,     1.0000,     1.3195,     0.0000,    23.2500,    -0.2051,     0.0164,    -0.0103,    -0.0482,    -0.0029,     0.0019
    5.0000,     1.0000,     1.3195,     0.0000,    23.5000,    -0.2132,     0.0171,    -0.0107,    -0.0500,    -0.0030,     0.0020
    5.0000,     1.0000,     1.3195,     0.0000,    23.7500,    -0.2211,     0.0177,    -0.0111,    -0.0519,    -0.0031,     0.0021
    5.0000,     1.0000,     1.3195,     0.0000,    24.0000,    -0.2289,     0.0183,    -0.0114,    -0.0538,    -0.0032,     0.0022
    5.0000,     1.0000,     1.3195,     0.0000,    24.2500,    -0.2365,     0.0189,    -0.0118,    -0.0556,    -0.0033,     0.0022
    5.0000,     1.0000,     1.3195,     0.0000,    24.5000,    -0.2440,     0.0195,    -0.0122,    -0.0574,    -0.0034,     0.0023
    5.0000,     1.0000,     1.3195,     0.0000,    24.7500,    -0.2512,     0.0201,    -0.0126,    -0.0593,    -0.0036,     0.0024
    5.2500,     1.0000,     1.2566,     0.0000,    -1.0000,     0.5587,    -0.0447,     0.0279,     0.0693,     0.0042,    -0.0028
    5.2500,     1.0000,     1.2566,     0.0000,    -0.7500,     0.5562,    -0.0445,     0.0278,     0.0698,     0.0042,    -0.0028
    5.2500,     1.0000,     1.2566,     0.0000,    -0.5000,     0.5536,    -0.0443,     0.0277,     0.0703,     0.0042,    -0.0028
    5.2500,     1.0000,     1.2566,     0.0000,    -0.2500,     0.5507,    -0.0441,     0.0275,     0.0708,     0.0042,    -0.0028
    5.2500,     1.0000,     1.2566,     0.0000,     0.0000,     0.5476,    -0.0438,     0.0274,     0.0711,     0.0043,    -0.0028
    5.2500,     1.0000,     1.2566,     0.0000,     0.2500,     0.5443,    -0.0435,     0.0272,     0.0714,     0.0043,    -0.0029
    5.2500,     1.0000,     1.2566,     0.0000,     0.5000,     0.5407,    -0.0433,     0.0270,     0.0716,     0.0043,    -0.0029
    5.2500,     1.0000,     1.2566,     0.0000,     0.7500,     0.5369,    -0.0430,     0.0268,     0.0717,     0.0043,    -0.0029
    5.2500,     1.0000,     1.2566,     0.0000,     1.0000,     0.5328,    -0.0426,     0.0266,     0.0717,     0.0043,    -0.0029
    5.2500,     1.0000,     1.2566,     0.0000,     1.2500,     0.5284,    -0.0423,     0.0264,     0.0716,     0.0043,    -0.0029
    5.2500,     1.0000,     1.2566,     0.0000,     1.5000,     0.5237,    -0.0419,     0.0262,     0.0715,     0.0043,    -0.0029
    5.2500,     1.0000,     1.2566,     0.0000,     1.7500,     0.5188,    -0.0415,     0.0259,     0.0713,     0.0043,    -0.0029
    5.2500,     1.0000,     1.2566,     0.0000,     2.0000,     0.5135,    -0.0411,     0.0257,     0.0710,     0.0043,    -0.0028
    5.2500,     1.0000,     1.2566,     0.0000,     2.2500,     0.5080,    -0.0406,     0.0254,     0.0707,     0.0042,    -0.0028
    5.2500,     1.0000,     1.2566,     0.0000,     2.5000,     0.5022,    -0.0402,     0.0251,     0.0703,     0.0042,    -0.0028
    5.2500,     1.0000,     1.2566,     0.0000,     2.7500,     0.4962,    -0.0397,     0.0248,     0.0698,     0.0042,    -0.0028
    5.2500,     1.0000,     1.2566,     0.0000,     3.0000,     0.4899,    -0.0392,     0.0245,     0.0693,     0.0042,    -0.0028
    5.2500,     1.0000,     1.2566,     0.0000,     3.2500,     0.4834,    -0.0387,     0.0242,     0.0688,     0.0041,    -0.0028
    5.2500,     1.0000,     1.2566,     0.0000,     3.5000,     0.4767,    -0.0381,     0.0238,     0.0682,     0.0041,    -0.0027
    5.2500,     1.0000,     1.2566,     0.0000,     3.7500,     0.4698,    -0.0376,     0.0235,     0.0676,     0.0041,    -0.0027
    5.2500,     1.0000,     1.2566,     0.0000,     4.0000,     0.4627,    -0.0370,     0.0231,     0.0669,     0.0040,    -0.0027
    5.2500,     1.0000,     1.2566,     0.0000,     4.2500,     0.4555,    -0.0364,     0.0228,     0.0662,     0.0040,    -0.0026
    5.2500,     1.0000,     1.2566,     0.0000,     4.5000,     0.4481,    -0.0358,     0.0224,     0.0655,     0.0039,    -0.0026
    5.2500,     1.0000,     1.2566,     0.0000,     4.7500,     0.4406,    -0.0352,     0.0220,     0.0647,     0.0039,    -0.0026
    5.2500,     1.0000,     1.2566,     0.0000,     5.0000,     0.4329,    -0.0346,     0.0216,     0.0639,     0.0038,    -0.0026
    5.2500,     1.0000,     1.2566,     0.0000,     5.2500,     0.4251,    -0.0340,     0.0213,     0.0631,     0.0038,    -0.0025
    5.2500,     1.0000,     1.2566,     0.0000,     5.5000,     0.4172,    -0.0334,     0.0209,     0.0622,     0.0037,    -0.0025
    5.2500,     1.0000,     1.2566,     0.0000,     5.7500,     0.4092,    -0.0327,     0.0205,     0.0613,     0.0037,    -0.0025
    5.2500,     1.0000,     1.2566,     0.0000,     6.0000,     0.4011,    -0.0321,     0.0201,     0.0604,     0.0036,    -0.0024
    5.2500,     1.0000,     1.2566,     0.0000,     6.2500,     0.3928,    -0.0314,     0.0196,     0.0595,     0.0036,    -0.0024
    5.2500,     1.0000,     1.2566,     0.0000,     6.5000,     0.3845,    -0.0308,     0.0192,     0.0585,     0.0035,    -0.0023
    5.2500,     1.0000,     1.2566,     0.0000,     6.7500,     0.3761,    -0.0301,     0.0188,     0.0575,     0.0034,    -0.0023
    5.2500,     1.0000,     1.2566,     0.0000,     7.0000,     0.3676,    -0.0294,     0.0184,     0.0564,     0.0034,    -0.0023
    5.2500,     1.0000,     1.2566,     0.0000,     7.2500,     0.3590,    -0.0287,     0.0180,     0.0553,     0.0033,    -0.0022
    5.2500,     1.0000,     1.2566,     0.0000,     7.5000,     0.3503,    -0.0280,     0.0175,     0.0542,     0.0033,    -0.0022
    5.2500,     1.0000,     1.2566,     0.0000,     7.7500,     0.3416,    -0.0273,     0.0171,     0.0531,     0.0032,    -0.0021
    5.2500,     1.0000,     1.2566,     0.0000,     8.0000,     0.3327,    -0.0266,     0.0166,     0.0520,     0.0031,    -0.0021
    5.2500,     1.0000,     1.2566,     0.0000,     8.2500,     0.3238,    -0.0259,     0.0162,     0.0508,     0.0030,    -0.0020
    5.2500,     1.0000,     1.2566,     0.0000,     8.5000,     0.3149,    -0.0252,     0.0157,     0.0496,     0.0030,    -0.0020
    5.2500,     1.0000,     1.2566,     0.0000,     8.7500,     0.3059,    -0.0245,     0.0153,     0.0483,     0.0029,    -0.0019
    5.2500,     1.0000,     1.2566,     0.0000,     9.0000,     0.2968,    -0.0237,     0.0148,     0.0470,     0.0028,    -0.0019
    5.2500,     1.0000,     1.2566,     0.0000,     9.2500,     0.2877,    -0.0230,     0.0144,     0.0457,     0.0027,    -0.0018
    5.2500,     1.0000,     1.2566,     0.0000,     9.5000,     0.2785,    -0.0223,     0.0139,     0.0444,     0.0027,    -0.0018
    5.2500,     1.0000,     1.2566,     0.0000,     9.7500,     0.2693,    -0.0215,     0.0135,     0.0431,     0.0026,    -0.0017
    5.2500,     1.0000,     1.2566,     0.0000,    10.0000,     0.2600,    -0.0208,     0.0130,     0.0417,     0.0025,    -0.0017
    5.2500,     1.0000,     1.2566,     0.0000,    10.2500,     0.2506,    -0.0200,     0.0125,     0.0403,     0.0024,    -0.0016
    5.2500,     1.0000,     1.2566,     0.0000,    10.5000,     0.2413,    -0.0193,     0.0121,     0.0389,     0.0023,    -0.0016
    5.2500,     1.0000,     1.2566,     0.0000,    10.7500,     0.2319,    -0.0186,     0.0116,     0.0374,     0.0022,    -0.0015
    5.2500,     1.0000,     1.2566,     0.0000,    11.0000,     0.2224,    -0.0178,     0.0111,     0.0359,     0.0022,    -0.0014
    5.2500,     1.0000,     1.2566,     0.0000,    11.2500,     0.2129,    -0.0170,     0.0106,     0.0344,     0.0021,    -0.0014
    5.2500,     1.0000,     1.2566,     0.0000,    11.5000,     0.2034,    -0.0163,     0.0102,     0.0329,     0.0020,    -0.0013
    5.2500,     1.0000,     1.2566,     0.0000,    11.7500,     0.1938,    -0.0155,     0.0097,     0.0313,     0.0019,    -0.0013
    5.2500,     1.0000,     1.2566,     0.0000,    12.0000,     0.1842,    -0.0147,     0.0092,     0.0297,     0.0018,    -0.0012
    5.2500,     1.0000,     1.2566,     0.0000,    12.2500,     0.1746,    -0.0140,     0.0087,     0.0281,     0.0017,    -0.0011
    5.2500,     1.0000,     1.2566,     0.0000,    12.5000,     0.1649,    -0.0132,     0.0082,     0.0265,     0.0016,    -0.0011
    5.2500,     1.0000,     1.2566,     0.0000,    12.7500,     0.1552,    -0.0124,     0.0078,     0.0249,     0.0015,    -0.0010
    5.2500,     1.0000,     1.2566,     0.0000,    13.0000,     0.1455,    -0.0116,     0.0073,     0.0232,     0.0014,    -0.0009
    5.2500,     1.0000,     1.2566,     0.0000,    13.2500,     0.1357,    -0.0109,     0.0068,     0.0215,     0.0013,    -0.0009
    5.2500,     1.0000,     1.2566,     0.0000,    13.5000,     0.1259,    -0.0101,     0.0063,     0.0198,     0.0012,    -0.0008
    5.2500,     1.0000,     1.2566,     0.0000,    13.7500,     0.1161,    -0.0093,     0.0058,     0.0181,     0.0011,    -0.0007
    5.2500,     1.0000,     1.2566,     0.0000,    14.0000,     0.1062,    -0.0085,     0.0053,     0.0163,     0.0010,    -0.0007
    5.2500,     1.0000,     1.2566,     0.0000,    14.2500,     0.0964,    -0.0077,     0.0048,     0.0146,     0.0009,    -0.0006
    5.2500,     1.0000,     1.2566,     0.0000,    14.5000,     0.0865,    -0.0069,     0.0043,     0.0128,     0.0008,    -0.0005
    5.2500,     1.0000,     1.2566,     0.0000,    14.7500,     0.0766,    -0.0061,     0.0038,     0.0110,     0.0007,    -0.0004
    5.2500,     1.0000,     1.2566,     0.0000,    15.0000,     0.0667,    -0.0053,     0.0033,     0.0092,     0.0006,    -0.0004
    5.2500,     1.0000,     1.2566,     0.0000,    15.2500,     0.0568,    -0.0045,     0.0028,     0.0074,     0.0004,    -0.0003
    5.2500,     1.0000,     1.2566,     0.0000,    15.5000,     0.0469,    -0.0038,     0.0023,     0.0055,     0.0003,    -0.0002
    5.2500,     1.0000,     1.2566,     0.0000,    15.7500,     0.0369,    -0.0030,     0.0018,     0.0037,     0.0002,    -0.0001
    5.2500,     1.0000,     1.2566,     0.0000,    16.0000,     0.0270,    -0.0022,     0.0014,     0.0018,     0.0001,    -0.0001
    5.2500,     1.0000,     1.2566,     0.0000,    16.2500,     0.0171,    -0.0014,     0.0009,    -0.0001,    -0.0000,     0.0000
    5.2500,     1.0000,     1.2566,     0.0000,    16.5000,     0.0071,    -0.0006,     0.0004,    -0.0020,    -0.0001,     0.0001
    5.2500,     1.0000,     1.2566,     0.0000,    16.7500,    -0.0028,     0.0002,    -0.0001,    -0.0039,    -0.0002,     0.0002
    5.2500,     1.0000,     1.2566,     0.0000,    17.0000,    -0.0128,     0.0010,    -0.0006,    -0.0058,    -0.0003,     0.0002
    5.2500,     1.0000,     1.2566,     0.0000,    17.2500,    -0.0227,     0.0018,    -0.0011,    -0.0078,    -0.0005,     0.0003
    5.2500,     1.0000,     1.2566,     0.0000,    17.5000,    -0.0327,     0.0026,    -0.0016,    -0.0097,    -0.0006,     0.0004
    5.2500,     1.0000,     1.2566,     0.0000,    17.7500,    -0.0427,     0.0034,    -0.0021,    -0.0117,    -0.0007,     0.0005
    5.2500,     1.0000,     1.2566,     0.0000,    18.0000,    -0.0526,     0.0042,    -0.0026,    -0.0137,    -0.0008,     0.0005
    5.2500,     1.0000,     1.2566,     0.0000,    18.2500,    -0.0626,     0.0050,    -0.0031,    -0.0157,    -0.0009,     0.0006
    5.2500,     1.0000,     1.2566,     0.0000,    18.5000,    -0.0725,     0.0058,    -0.0036,    -0.0177,    -0.0011,     0.0007
    5.2500,     1.0000,     1.2566,     0.0000,    18.7500,    -0.0825,     0.0066,    -0.0041,    -0.0197,    -0.0012,     0.0008
    5.2500,     1.0000,     1.2566,     0.0000,    19.0000,    -0.0924,     0.0074,    -0.0046,    -0.0218,    -0.0013,     0.0009
    5.2500,     1.0000,     1.2566,     0.0000,    19.2500,    -0.1023,     0.0082,    -0.0051,    -0.0239,    -0.0014,     0.0010
    5.2500,     1.0000,     1.2566,     0.0000,    19.5000,    -0.1122,     0.0090,    -0.0056,    -0.0259,    -0.0016,     0.0010
    5.2500,     1.0000,     1.2566,     0.0000,    19.7500,    -0.1220,     0.0098,    -0.0061,    -0.0280,    -0.0017,     0.0011
    5.2500,     1.0000,     1.2566,     0.0000,    20.0000,    -0.1319,     0.0106,    -0.0066,    -0.0301,    -0.0018,     0.0012
    5.2500,     1.0000,     1.2566,     0.0000,    20.2500,    -0.1416,     0.0113,    -0.0071,    -0.0322,    -0.0019,     0.0013
    5.2500,     1.0000,     1.2566,     0.0000,    20.5000,    -0.1514,     0.0121,    -0.0076,    -0.0343,    -0.0021,     0.0014
    5.2500,     1.0000,     1.2566,     0.0000,    20.7500,    -0.1610,     0.0129,    -0.0080,    -0.0364,    -0.0022,     0.0015
    5.2500,     1.0000,     1.2566,     0.0000,    21.0000,    -0.1706,     0.0136,    -0.0085,    -0.0385,    -0.0023,     0.0015
    5.2500,     1.0000,     1.2566,     0.0000,    21.2500,    -0.1801,     0.0144,    -0.0090,    -0.0406,    -0.0024,     0.0016
    5.2500,     1.0000,     1.2566,     0.0000,    21.5000,    -0.1895,     0.0152,    -0.0095,    -0.0427,    -0.0026,     0.0017
    5.2500,     1.0000,     1.2566,     0.0000,    21.7500,    -0.1988,     0.0159,    -0.0099,    -0.0448,    -0.0027,     0.0018
    5.2500,     1.0000,     1.2566,     0.0000,    22.0000,    -0.2081,     0.0166,    -0.0104,    -0.0468,    -0.0028,     0.0019
    5.2500,     1.0000,     1.2566,     0.0000,    22.2500,    -0.2172,     0.0174,    -0.0109,    -0.0489,    -0.0029,     0.0020
    5.2500,     1.0000,     1.2566,     0.0000,    22.5000,    -0.2261,     0.0181,    -0.0113,    -0.0509,    -0.0031,     0.0020
    5.2500,     1.0000,     1.2566,     0.0000,    22.7500,    -0.2350,     0.0188,    -0.0118,    -0.0529,    -0.0032,     0.0021
    5.2500,     1.0000,     1.2566,     0.0000,    23.0000,    -0.2436,     0.0195,    -0.0122,    -0.0548,    -0.0033,     0.0022
    5.2500,     1.0000,     1.2566,     0.0000,    23.2500,    -0.2522,     0.0202,    -0.0126,    -0.0568,    -0.0034,     0.0023
    5.2500,     1.0000,     1.2566,     0.0000,    23.5000,    -0.2605,     0.0208,    -0.0130,    -0.0587,    -0.0035,     0.0023
    5.2500,     1.0000,     1.2566,     0.0000,    23.7500,    -0.2687,     0.0215,    -0.0134,    -0.0606,    -0.0036,     0.0024
    5.2500,     1.0000,     1.2566,     0.0000,    24.0000,    -0.2767,     0.0221,    -0.0138,    -0.0625,    -0.0037,     0.0025
    5.2500,     1.0000,     1.2566,     0.0000,    24.2500,    -0.2845,     0.0228,    -0.0142,    -0.0644,    -0.0039,     0.0026
    5.2500,     1.0000,     1.2566,     0.0000,    24.5000,    -0.2920,     0.0234,    -0.0146,    -0.0663,    -0.0040,     0.0027
    5.2500,     1.0000,     1.2566,     0.0000,    24.7500,    -0.2993,     0.0239,    -0.0150,    -0.0682,    -0.0041,     0.0027
    5.5000,     1.0000,     1.1995,     0.0000,    -1.0000,     0.6009,    -0.0481,     0.0300,     0.0717,     0.0043,    -0.0029
    5.5000,     1.0000,     1.1995,     0.0000,    -0.7500,     0.5975,    -0.0478,     0.0299,     0.0721,     0.0043,    -0.0029
    5.5000,     1.0000,     1.1995,     0.0000,    -0.5000,     0.5937,    -0.0475,     0.0297,     0.0724,     0.0043,    -0.0029
    5.5000,     1.0000,     1.1995,     0.0000,    -0.2500,     0.5897,    -0.0472,     0.0295,     0.0726,     0.0044,    -0.0029
    5.5000,     1.0000,     1.1995,     0.0000,     0.0000,     0.5853,    -0.0468,     0.0293,     0.0727,     0.0044,    -0.0029
    5.5000,     1.0000,     1.1995,     0.0000,     0.2500,     0.5807,    -0.0465,     0.0290,     0.0727,     0.0044,    -0.0029
    5.5000,     1.0000,     1.1995,     0.0000,     0.5000,     0.5757,    -0.0461,     0.0288,     0.0727,     0.0044,    -0.0029
    5.5000,     1.0000,     1.1995,     0.0000,     0.7500,     0.5704,    -0.0456,     0.0285,     0.0725,     0.0043,    -0.0029
    5.5000,     1.0000,     1.1995,     0.0000,     1.0000,     0.5648,    -0.0452,     0.0282,     0.0723,     0.0043,    -0.0029
    5.5000,     1.0000,     1.1995,     0.0000,     1.2500,     0.5589,    -0.0447,     0.0279,     0.0720,     0.0043,    -0.0029
    5.5000,     1.0000,     1.1995,     0.0000,     1.5000,     0.5526,    -0.0442,     0.0276,     0.0717,     0.0043,    -0.0029
    5.5000,     1.0000,     1.1995,     0.0000,     1.7500,     0.5462,    -0.0437,     0.0273,     0.0713,     0.0043,    -0.0029
    5.5000,     1.0000,     1.1995,     0.0000,     2.0000,     0.5394,    -0.0432,     0.0270,     0.0709,     0.0043,    -0.0028
    5.5000,     1.0000,     1.1995,     0.0000,     2.2500,     0.5325,    -0.0426,     0.0266,     0.0704,     0.0042,    -0.0028
    5.5000,     1.0000,     1.1995,     0.0000,     2.5000,     0.5253,    -0.0420,     0.0263,     0.0698,     0.0042,    -0.0028
    5.5000,     1.0000,     1.1995,     0.0000,     2.7500,     0.5180,    -0.0414,     0.0259,     0.0693,     0.0042,    -0.0028
    5.5000,     1.0000,     1.1995,     0.0000,     3.0000,     0.5104,    -0.0408,     0.0255,     0.0687,     0.0041,    -0.0027
    5.5000,     1.0000,     1.1995,     0.0000,     3.2500,     0.5027,    -0.0402,     0.0251,     0.0680,     0.0041,    -0.0027
    5.5000,     1.0000,     1.1995,     0.0000,     3.5000,     0.4948,    -0.0396,     0.0247,     0.0673,     0.0040,    -0.0027
    5.5000,     1.0000,     1.1995,     0.0000,     3.7500,     0.4867,    -0.0389,     0.0243,     0.0666,     0.0040,    -0.0027
    5.5000,     1.0000,     1.1995,     0.0000,     4.0000,     0.4785,    -0.0383,     0.0239,     0.0659,     0.0040,    -0.0026
    5.5000,     1.0000,     1.1995,     0.0000,     4.2500,     0.4702,    -0.0376,     0.0235,     0.0651,     0.0039,    -0.0026
    5.5000,     1.0000,     1.1995,     0.0000,     4.5000,     0.4617,    -0.0369,     0.0231,     0.0643,     0.0039,    -0.0026
    5.5000,     1.0000,     1.1995,     0.0000,     4.7500,     0.4531,    -0.0362,     0.0227,     0.0634,     0.0038,    -0.0025
    5.5000,     1.0000,     1.1995,     0.0000,     5.0000,     0.4444,    -0.0356,     0.0222,     0.0626,     0.0038,    -0.0025
    5.5000,     1.0000,     1.1995,     0.0000,     5.2500,     0.4356,    -0.0348,     0.0218,     0.0616,     0.0037,    -0.0025
    5.5000,     1.0000,     1.1995,     0.0000,     5.5000,     0.4267,    -0.0341,     0.0213,     0.0607,     0.0036,    -0.0024
    5.5000,     1.0000,     1.1995,     0.0000,     5.7500,     0.4176,    -0.0334,     0.0209,     0.0597,     0.0036,    -0.0024
    5.5000,     1.0000,     1.1995,     0.0000,     6.0000,     0.4085,    -0.0327,     0.0204,     0.0587,     0.0035,    -0.0023
    5.5000,     1.0000,     1.1995,     0.0000,     6.2500,     0.3993,    -0.0319,     0.0200,     0.0577,     0.0035,    -0.0023
    5.5000,     1.0000,     1.1995,     0.0000,     6.5000,     0.3900,    -0.0312,     0.0195,     0.0566,     0.0034,    -0.0023
    5.5000,     1.0000,     1.1995,     0.0000,     6.7500,     0.3806,    -0.0304,     0.0190,     0.0555,     0.0033,    -0.0022
    5.5000,     1.0000,     1.1995,     0.0000,     7.0000,     0.3711,    -0.0297,     0.0186,     0.0544,     0.0033,    -0.0022
    5.5000,     1.0000,     1.1995,     0.0000,     7.2500,     0.3615,    -0.0289,     0.0181,     0.0533,     0.0032,    -0.0021
    5.5000,     1.0000,     1.1995,     0.0000,     7.5000,     0.3519,    -0.0282,     0.0176,     0.0521,     0.0031,    -0.0021
    5.5000,     1.0000,     1.1995,     0.0000,     7.7500,     0.3422,    -0.0274,     0.0171,     0.0509,     0.0031,    -0.0020
    5.5000,     1.0000,     1.1995,     0.0000,     8.0000,     0.3324,    -0.0266,     0.0166,     0.0496,     0.0030,    -0.0020
    5.5000,     1.0000,     1.1995,     0.0000,     8.2500,     0.3226,    -0.0258,     0.0161,     0.0483,     0.0029,    -0.0019
    5.5000,     1.0000,     1.1995,     0.0000,     8.5000,     0.3127,    -0.0250,     0.0156,     0.0470,     0.0028,    -0.0019
    5.5000,     1.0000,     1.1995,     0.0000,     8.7500,     0.3028,    -0.0242,     0.0151,     0.0457,     0.0027,    -0.0018
    5.5000,     1.0000,     1.1995,     0.0000,     9.0000,     0.2927,    -0.0234,     0.0146,     0.0443,     0.0027,    -0.0018
    5.5000,     1.0000,     1.1995,     0.0000,     9.2500,     0.2827,    -0.0226,     0.0141,     0.0430,     0.0026,    -0.0017
    5.5000,     1.0000,     1.1995,     0.0000,     9.5000,     0.2726,    -0.0218,     0.0136,     0.0415,     0.0025,    -0.0017
    5.5000,     1.0000,     1.1995,     0.0000,     9.7500,     0.2624,    -0.0210,     0.0131,     0.0401,     0.0024,    -0.0016
    5.5000,     1.0000,     1.1995,     0.0000,    10.0000,     0.2522,    -0.0202,     0.0126,     0.0386,     0.0023,    -0.0015
    5.5000,     1.0000,     1.1995,     0.0000,    10.2500,     0.2420,    -0.0194,     0.0121,     0.0371,     0.0022,    -0.0015
    5.5000,     1.0000,     1.1995,     0.0000,    10.5000,     0.2317,    -0.0185,     0.0116,     0.0356,     0.0021,    -0.0014
    5.5000,     1.0000,     1.1995,     0.0000,    10.7500,     0.2214,    -0.0177,     0.0111,     0.0340,     0.0020,    -0.0014
    5.5000,     1.0000,     1.1995,     0.0000,    11.0000,     0.2111,    -0.0169,     0.0106,     0.0324,     0.0019,    -0.0013
    5.5000,     1.0000,     1.1995,     0.0000,    11.2500,     0.2007,    -0.0161,     0.0100,     0.0308,     0.0018,    -0.0012
    5.5000,     1.0000,     1.1995,     0.0000,    11.5000,     0.1902,    -0.0152,     0.0095,     0.0292,     0.0018,    -0.0012
    5.5000,     1.0000,     1.1995,     0.0000,    11.7500,     0.1797,    -0.0144,     0.0090,     0.0275,     0.0016,    -0.0011
    5.5000,     1.0000,     1.1995,     0.0000,    12.0000,     0.1692,    -0.0135,     0.0085,     0.0258,     0.0015,    -0.0010
    5.5000,     1.0000,     1.1995,     0.0000,    12.2500,     0.1587,    -0.0127,     0.0079,     0.0241,     0.0014,    -0.0010
    5.5000,     1.0000,     1.1995,     0.0000,    12.5000,     0.1481,    -0.0118,     0.0074,     0.0224,     0.0013,    -0.0009
    5.5000,     1.0000,     1.1995,     0.0000,    12.7500,     0.1375,    -0.0110,     0.0069,     0.0206,     0.0012,    -0.0008
    5.5000,     1.0000,     1.1995,     0.0000,    13.0000,     0.1268,    -0.0101,     0.0063,     0.0188,     0.0011,    -0.0008
    5.5000,     1.0000,     1.1995,     0.0000,    13.2500,     0.1162,    -0.0093,     0.0058,     0.0170,     0.0010,    -0.0007
    5.5000,     1.0000,     1.1995,     0.0000,    13.5000,     0.1055,    -0.0084,     0.0053,     0.0152,     0.0009,    -0.0006
    5.5000,     1.0000,     1.1995,     0.0000,    13.7500,     0.0948,    -0.0076,     0.0047,     0.0134,     0.0008,    -0.0005
    5.5000,     1.0000,     1.1995,     0.0000,    14.0000,     0.0840,    -0.0067,     0.0042,     0.0115,     0.0007,    -0.0005
    5.5000,     1.0000,     1.1995,     0.0000,    14.2500,     0.0733,    -0.0059,     0.0037,     0.0097,     0.0006,    -0.0004
    5.5000,     1.0000,     1.1995,     0.0000,    14.5000,     0.0625,    -0.0050,     0.0031,     0.0078,     0.0005,    -0.0003
    5.5000,     1.0000,     1.1995,     0.0000,    14.7500,     0.0518,    -0.0041,     0.0026,     0.0059,     0.0004,    -0.0002
    5.5000,     1.0000,     1.1995,     0.0000,    15.0000,     0.0410,    -0.0033,     0.0021,     0.0040,     0.0002,    -0.0002
    5.5000,     1.0000,     1.1995,     0.0000,    15.2500,     0.0302,    -0.0024,     0.0015,     0.0020,     0.0001,    -0.0001
    5.5000,     1.0000,     1.1995,     0.0000,    15.5000,     0.0194,    -0.0016,     0.0010,     0.0001,     0.0000,    -0.0000
    5.5000,     1.0000,     1.1995,     0.0000,    15.7500,     0.0086,    -0.0007,     0.0004,    -0.0019,    -0.0001,     0.0001
    5.5000,     1.0000,     1.1995,     0.0000,    16.0000,    -0.0022,     0.0002,    -0.0001,    -0.0039,    -0.0002,     0.0002
    5.5000,     1.0000,     1.1995,     0.0000,    16.2500,    -0.0130,     0.0010,    -0.0006,    -0.0059,    -0.0004,     0.0002
    5.5000,     1.0000,     1.1995,     0.0000,    16.5000,    -0.0238,     0.0019,    -0.0012,    -0.0079,    -0.0005,     0.0003
    5.5000,     1.0000,     1.1995,     0.0000,    16.7500,    -0.0347,     0.0028,    -0.0017,    -0.0099,    -0.0006,     0.0004
    5.5000,     1.0000,     1.1995,     0.0000,    17.0000,    -0.0455,     0.0036,    -0.0023,    -0.0120,    -0.0007,     0.0005
    5.5000,     1.0000,     1.1995,     0.0000,    17.2500,    -0.0563,     0.0045,    -0.0028,    -0.0140,    -0.0008,     0.0006
    5.5000,     1.0000,     1.1995,     0.0000,    17.5000,    -0.0671,     0.0054,    -0.0034,    -0.0161,    -0.0010,     0.0006
    5.5000,     1.0000,     1.1995,     0.0000,    17.7500,    -0.0780,     0.0062,    -0.0039,    -0.0182,    -0.0011,     0.0007
    5.5000,     1.0000,     1.1995,     0.0000,    18.0000,    -0.0888,     0.0071,    -0.0044,    -0.0203,    -0.0012,     0.0008
    5.5000,     1.0000,     1.1995,     0.0000,    18.2500,    -0.0996,     0.0080,    -0.0050,    -0.0225,    -0.0013,     0.0009
    5.5000,     1.0000,     1.1995,     0.0000,    18.5000,    -0.1104,     0.0088,    -0.0055,    -0.0246,    -0.0015,     0.0010
    5.5000,     1.0000,     1.1995,     0.0000,    18.7500,    -0.1211,     0.0097,    -0.0061,    -0.0268,    -0.0016,     0.0011
    5.5000,     1.0000,     1.1995,     0.0000,    19.0000,    -0.1319,     0.0106,    -0.0066,    -0.0290,    -0.0017,     0.0012
    5.5000,     1.0000,     1.1995,     0.0000,    19.2500,    -0.1426,     0.0114,    -0.0071,    -0.0312,    -0.0019,     0.0012
    5.5000,     1.0000,     1.1995,     0.0000,    19.5000,    -0.1533,     0.0123,    -0.0077,    -0.0334,    -0.0020,     0.0013
    5.5000,     1.0000,     1.1995,     0.0000,    19.7500,    -0.1639,     0.0131,    -0.0082,    -0.0356,    -0.0021,     0.0014
    5.5000,     1.0000,     1.1995,     0.0000,    20.0000,    -0.1744,     0.0140,    -0.0087,    -0.0378,    -0.0023,     0.0015
    5.5000,     1.0000,     1.1995,     0.0000,    20.2500,    -0.1849,     0.0148,    -0.0092,    -0.0400,    -0.0024,     0.0016
    5.5000,     1.0000,     1.1995,     0.0000,    20.5000,    -0.1953,     0.0156,    -0.0098,    -0.0423,    -0.0025,     0.0017
    5.5000,     1.0000,     1.1995,     0.0000,    20.7500,    -0.2055,     0.0164,    -0.0103,    -0.0444,    -0.0027,     0.0018
    5.5000,     1.0000,     1.1995,     0.0000,    21.0000,    -0.2157,     0.0173,    -0.0108,    -0.0466,    -0.0028,     0.0019
    5.5000,     1.0000,     1.1995,     0.0000,    21.2500,    -0.2258,     0.0181,    -0.0113,    -0.0488,    -0.0029,     0.0020
    5.5000,     1.0000,     1.1995,     0.0000,    21.5000,    -0.2357,     0.0189,    -0.0118,    -0.0509,    -0.0031,     0.0020
    5.5000,     1.0000,     1.1995,     0.0000,    21.7500,    -0.2456,     0.0196,    -0.0123,    -0.0531,    -0.0032,     0.0021
    5.5000,     1.0000,     1.1995,     0.0000,    22.0000,    -0.2552,     0.0204,    -0.0128,    -0.0552,    -0.0033,     0.0022
    5.5000,     1.0000,     1.1995,     0.0000,    22.2500,    -0.2647,     0.0212,    -0.0132,    -0.0572,    -0.0034,     0.0023
    5.5000,     1.0000,     1.1995,     0.0000,    22.5000,    -0.2741,     0.0219,    -0.0137,    -0.0593,    -0.0036,     0.0024
    5.5000,     1.0000,     1.1995,     0.0000,    22.7500,    -0.2833,     0.0227,    -0.0142,    -0.0613,    -0.0037,     0.0025
    5.5000,     1.0000,     1.1995,     0.0000,    23.0000,    -0.2922,     0.0234,    -0.0146,    -0.0633,    -0.0038,     0.0025
    5.5000,     1.0000,     1.1995,     0.0000,    23.2500,    -0.3010,     0.0241,    -0.0151,    -0.0653,    -0.0039,     0.0026
    5.5000,     1.0000,     1.1995,     0.0000,    23.5000,    -0.3096,     0.0248,    -0.0155,    -0.0673,    -0.0040,     0.0027
    5.5000,     1.0000,     1.1995,     0.0000,    23.7500,    -0.3179,     0.0254,    -0.0159,    -0.0692,    -0.0042,     0.0028
    5.5000,     1.0000,     1.1995,     0.0000,    24.0000,    -0.3260,     0.0261,    -0.0163,    -0.0712,    -0.0043,     0.0028
    5.5000,     1.0000,     1.1995,     0.0000,    24.2500,    -0.3338,     0.0267,    -0.0167,    -0.0732,    -0.0044,     0.0029
    5.5000,     1.0000,     1.1995,     0.0000,    24.5000,    -0.3413,     0.0273,    -0.0171,    -0.0752,    -0.0045,     0.0030
    5.5000,     1.0000,     1.1995,     0.0000,    24.7500,    -0.3485,     0.0279,    -0.0174,    -0.0772,    -0.0046,     0.0031
    5.7500,     1.0000,     1.1474,     0.0000,    -1.0000,     0.6407,    -0.0513,     0.0320,     0.0730,     0.0044,    -0.0029
    5.7500,     1.0000,     1.1474,     0.0000,    -0.7500,     0.6358,    -0.0509,     0.0318,     0.0731,     0.0044,    -0.0029
    5.7500,     1.0000,     1.1474,     0.0000,    -0.5000,     0.6306,    -0.0504,     0.0315,     0.0732,     0.0044,    -0.0029
    5.7500,     1.0000,     1.1474,     0.0000,    -0.2500,     0.6251,    -0.0500,     0.0313,     0.0731,     0.0044,    -0.0029
    5.7500,     1.0000,     1.1474,     0.0000,     0.0000,     0.6191,    -0.0495,     0.0310,     0.0730,     0.0044,    -0.0029
    5.7500,     1.0000,     1.1474,     0.0000,     0.2500,     0.6129,    -0.0490,     0.0306,     0.0729,     0.0044,    -0.0029
    5.7500,     1.0000,     1.1474,     0.0000,     0.5000,     0.6064,    -0.0485,     0.0303,     0.0726,     0.0044,    -0.0029
    5.7500,     1.0000,     1.1474,     0.0000,     0.7500,     0.5996,    -0.0480,     0.0300,     0.0723,     0.0043,    -0.0029
    5.7500,     1.0000,     1.1474,     0.0000,     1.0000,     0.5925,    -0.0474,     0.0296,     0.0720,     0.0043,    -0.0029
    5.7500,     1.0000,     1.1474,     0.0000,     1.2500,     0.5852,    -0.0468,     0.0293,     0.0716,     0.0043,    -0.0029
    5.7500,     1.0000,     1.1474,     0.0000,     1.5000,     0.5776,    -0.0462,     0.0289,     0.0711,     0.0043,    -0.0028
    5.7500,     1.0000,     1.1474,     0.0000,     1.7500,     0.5699,    -0.0456,     0.0285,     0.0706,     0.0042,    -0.0028
    5.7500,     1.0000,     1.1474,     0.0000,     2.0000,     0.5619,    -0.0450,     0.0281,     0.0701,     0.0042,    -0.0028
    5.7500,     1.0000,     1.1474,     0.0000,     2.2500,     0.5538,    -0.0443,     0.0277,     0.0695,     0.0042,    -0.0028
    5.7500,     1.0000,     1.1474,     0.0000,     2.5000,     0.5454,    -0.0436,     0.0273,     0.0689,     0.0041,    -0.0028
    5.7500,     1.0000,     1.1474,     0.0000,     2.7500,     0.5369,    -0.0430,     0.0268,     0.0683,     0.0041,    -0.0027
    5.7500,     1.0000,     1.1474,     0.0000,     3.0000,     0.5282,    -0.0423,     0.0264,     0.0676,     0.0041,    -0.0027
    5.7500,     1.0000,     1.1474,     0.0000,     3.2500,     0.5194,    -0.0416,     0.0260,     0.0669,     0.0040,    -0.0027
    5.7500,     1.0000,     1.1474,     0.0000,     3.5000,     0.5104,    -0.0408,     0.0255,     0.0662,     0.0040,    -0.0026
    5.7500,     1.0000,     1.1474,     0.0000,     3.7500,     0.5013,    -0.0401,     0.0251,     0.0654,     0.0039,    -0.0026
    5.7500,     1.0000,     1.1474,     0.0000,     4.0000,     0.4921,    -0.0394,     0.0246,     0.0646,     0.0039,    -0.0026
    5.7500,     1.0000,     1.1474,     0.0000,     4.2500,     0.4827,    -0.0386,     0.0241,     0.0637,     0.0038,    -0.0025
    5.7500,     1.0000,     1.1474,     0.0000,     4.5000,     0.4732,    -0.0379,     0.0237,     0.0629,     0.0038,    -0.0025
    5.7500,     1.0000,     1.1474,     0.0000,     4.7500,     0.4636,    -0.0371,     0.0232,     0.0619,     0.0037,    -0.0025
    5.7500,     1.0000,     1.1474,     0.0000,     5.0000,     0.4539,    -0.0363,     0.0227,     0.0610,     0.0037,    -0.0024
    5.7500,     1.0000,     1.1474,     0.0000,     5.2500,     0.4441,    -0.0355,     0.0222,     0.0600,     0.0036,    -0.0024
    5.7500,     1.0000,     1.1474,     0.0000,     5.5000,     0.4342,    -0.0347,     0.0217,     0.0590,     0.0035,    -0.0024
    5.7500,     1.0000,     1.1474,     0.0000,     5.7500,     0.4242,    -0.0339,     0.0212,     0.0580,     0.0035,    -0.0023
    5.7500,     1.0000,     1.1474,     0.0000,     6.0000,     0.4141,    -0.0331,     0.0207,     0.0569,     0.0034,    -0.0023
    5.7500,     1.0000,     1.1474,     0.0000,     6.2500,     0.4039,    -0.0323,     0.0202,     0.0558,     0.0033,    -0.0022
    5.7500,     1.0000,     1.1474,     0.0000,     6.5000,     0.3936,    -0.0315,     0.0197,     0.0547,     0.0033,    -0.0022
    5.7500,     1.0000,     1.1474,     0.0000,     6.7500,     0.3833,    -0.0307,     0.0192,     0.0535,     0.0032,    -0.0021
    5.7500,     1.0000,     1.1474,     0.0000,     7.0000,     0.3728,    -0.0298,     0.0186,     0.0523,     0.0031,    -0.0021
    5.7500,     1.0000,     1.1474,     0.0000,     7.2500,     0.3623,    -0.0290,     0.0181,     0.0511,     0.0031,    -0.0020
    5.7500,     1.0000,     1.1474,     0.0000,     7.5000,     0.3517,    -0.0281,     0.0176,     0.0498,     0.0030,    -0.0020
    5.7500,     1.0000,     1.1474,     0.0000,     7.7500,     0.3411,    -0.0273,     0.0171,     0.0485,     0.0029,    -0.0019
    5.7500,     1.0000,     1.1474,     0.0000,     8.0000,     0.3304,    -0.0264,     0.0165,     0.0472,     0.0028,    -0.0019
    5.7500,     1.0000,     1.1474,     0.0000,     8.2500,     0.3196,    -0.0256,     0.0160,     0.0459,     0.0028,    -0.0018
    5.7500,     1.0000,     1.1474,     0.0000,     8.5000,     0.3088,    -0.0247,     0.0154,     0.0445,     0.0027,    -0.0018
    5.7500,     1.0000,     1.1474,     0.0000,     8.7500,     0.2979,    -0.0238,     0.0149,     0.0430,     0.0026,    -0.0017
    5.7500,     1.0000,     1.1474,     0.0000,     9.0000,     0.2869,    -0.0230,     0.0143,     0.0416,     0.0025,    -0.0017
    5.7500,     1.0000,     1.1474,     0.0000,     9.2500,     0.2759,    -0.0221,     0.0138,     0.0401,     0.0024,    -0.0016
    5.7500,     1.0000,     1.1474,     0.0000,     9.5000,     0.2649,    -0.0212,     0.0132,     0.0386,     0.0023,    -0.0015
    5.7500,     1.0000,     1.1474,     0.0000,     9.7500,     0.2538,    -0.0203,     0.0127,     0.0370,     0.0022,    -0.0015
    5.7500,     1.0000,     1.1474,     0.0000,    10.0000,     0.2427,    -0.0194,     0.0121,     0.0355,     0.0021,    -0.0014
    5.7500,     1.0000,     1.1474,     0.0000,    10.2500,     0.2315,    -0.0185,     0.0116,     0.0339,     0.0020,    -0.0014
    5.7500,     1.0000,     1.1474,     0.0000,    10.5000,     0.2203,    -0.0176,     0.0110,     0.0322,     0.0019,    -0.0013
    5.7500,     1.0000,     1.1474,     0.0000,    10.7500,     0.2091,    -0.0167,     0.0105,     0.0306,     0.0018,    -0.0012
    5.7500,     1.0000,     1.1474,     0.0000,    11.0000,     0.1978,    -0.0158,     0.0099,     0.0289,     0.0017,    -0.0012
    5.7500,     1.0000,     1.1474,     0.0000,    11.2500,     0.1865,    -0.0149,     0.0093,     0.0272,     0.0016,    -0.0011
    5.7500,     1.0000,     1.1474,     0.0000,    11.5000,     0.1751,    -0.0140,     0.0088,     0.0254,     0.0015,    -0.0010
    5.7500,     1.0000,     1.1474,     0.0000,    11.7500,     0.1637,    -0.0131,     0.0082,     0.0236,     0.0014,    -0.0009
    5.7500,     1.0000,     1.1474,     0.0000,    12.0000,     0.1522,    -0.0122,     0.0076,     0.0219,     0.0013,    -0.0009
    5.7500,     1.0000,     1.1474,     0.0000,    12.2500,     0.1408,    -0.0113,     0.0070,     0.0200,     0.0012,    -0.0008
    5.7500,     1.0000,     1.1474,     0.0000,    12.5000,     0.1292,    -0.0103,     0.0065,     0.0182,     0.0011,    -0.0007
    5.7500,     1.0000,     1.1474,     0.0000,    12.7500,     0.1177,    -0.0094,     0.0059,     0.0163,     0.0010,    -0.0007
    5.7500,     1.0000,     1.1474,     0.0000,    13.0000,     0.1061,    -0.0085,     0.0053,     0.0144,     0.0009,    -0.0006
    5.7500,     1.0000,     1.1474,     0.0000,    13.2500,     0.0946,    -0.0076,     0.0047,     0.0125,     0.0008,    -0.0005
    5.7500,     1.0000,     1.1474,     0.0000,    13.5000,     0.0830,    -0.0066,     0.0042,     0.0106,     0.0006,    -0.0004
    5.7500,     1.0000,     1.1474,     0.0000,    13.7500,     0.0713,    -0.0057,     0.0036,     0.0087,     0.0005,    -0.0003
    5.7500,     1.0000,     1.1474,     0.0000,    14.0000,     0.0597,    -0.0048,     0.0030,     0.0067,     0.0004,    -0.0003
    5.7500,     1.0000,     1.1474,     0.0000,    14.2500,     0.0481,    -0.0038,     0.0024,     0.0047,     0.0003,    -0.0002
    5.7500,     1.0000,     1.1474,     0.0000,    14.5000,     0.0364,    -0.0029,     0.0018,     0.0027,     0.0002,    -0.0001
    5.7500,     1.0000,     1.1474,     0.0000,    14.7500,     0.0247,    -0.0020,     0.0012,     0.0007,     0.0000,    -0.0000
    5.7500,     1.0000,     1.1474,     0.0000,    15.0000,     0.0130,    -0.0010,     0.0006,    -0.0013,    -0.0001,     0.0001
    5.7500,     1.0000,     1.1474,     0.0000,    15.2500,     0.0013,    -0.0001,     0.0001,    -0.0034,    -0.0002,     0.0001
    5.7500,     1.0000,     1.1474,     0.0000,    15.5000,    -0.0104,     0.0008,    -0.0005,    -0.0054,    -0.0003,     0.0002
    5.7500,     1.0000,     1.1474,     0.0000,    15.7500,    -0.0221,     0.0018,    -0.0011,    -0.0075,    -0.0004,     0.0003
    5.7500,     1.0000,     1.1474,     0.0000,    16.0000,    -0.0338,     0.0027,    -0.0017,    -0.0096,    -0.0006,     0.0004
    5.7500,     1.0000,     1.1474,     0.0000,    16.2500,    -0.0455,     0.0036,    -0.0023,    -0.0117,    -0.0007,     0.0005
    5.7500,     1.0000,     1.1474,     0.0000,    16.5000,    -0.0572,     0.0046,    -0.0029,    -0.0139,    -0.0008,     0.0006
    5.7500,     1.0000,     1.1474,     0.0000,    16.7500,    -0.0690,     0.0055,    -0.0035,    -0.0160,    -0.0010,     0.0006
    5.7500,     1.0000,     1.1474,     0.0000,    17.0000,    -0.0807,     0.0065,    -0.0040,    -0.0182,    -0.0011,     0.0007
    5.7500,     1.0000,     1.1474,     0.0000,    17.2500,    -0.0924,     0.0074,    -0.0046,    -0.0204,    -0.0012,     0.0008
    5.7500,     1.0000,     1.1474,     0.0000,    17.5000,    -0.1041,     0.0083,    -0.0052,    -0.0226,    -0.0014,     0.0009
    5.7500,     1.0000,     1.1474,     0.0000,    17.7500,    -0.1158,     0.0093,    -0.0058,    -0.0249,    -0.0015,     0.0010
    5.7500,     1.0000,     1.1474,     0.0000,    18.0000,    -0.1275,     0.0102,    -0.0064,    -0.0271,    -0.0016,     0.0011
    5.7500,     1.0000,     1.1474,     0.0000,    18.2500,    -0.1392,     0.0111,    -0.0070,    -0.0294,    -0.0018,     0.0012
    5.7500,     1.0000,     1.1474,     0.0000,    18.5000,    -0.1508,     0.0121,    -0.0075,    -0.0317,    -0.0019,     0.0013
    5.7500,     1.0000,     1.1474,     0.0000,    18.7500,    -0.1624,     0.0130,    -0.0081,    -0.0340,    -0.0020,     0.0014
    5.7500,     1.0000,     1.1474,     0.0000,    19.0000,    -0.1740,     0.0139,    -0.0087,    -0.0363,    -0.0022,     0.0015
    5.7500,     1.0000,     1.1474,     0.0000,    19.2500,    -0.1854,     0.0148,    -0.0093,    -0.0387,    -0.0023,     0.0015
    5.7500,     1.0000,     1.1474,     0.0000,    19.5000,    -0.1968,     0.0157,    -0.0098,    -0.0410,    -0.0025,     0.0016
    5.7500,     1.0000,     1.1474,     0.0000,    19.7500,    -0.2081,     0.0166,    -0.0104,    -0.0433,    -0.0026,     0.0017
    5.7500,     1.0000,     1.1474,     0.0000,    20.0000,    -0.2194,     0.0176,    -0.0110,    -0.0456,    -0.0027,     0.0018
    5.7500,     1.0000,     1.1474,     0.0000,    20.2500,    -0.2305,     0.0184,    -0.0115,    -0.0479,    -0.0029,     0.0019
    5.7500,     1.0000,     1.1474,     0.0000,    20.5000,    -0.2415,     0.0193,    -0.0121,    -0.0502,    -0.0030,     0.0020
    5.7500,     1.0000,     1.1474,     0.0000,    20.7500,    -0.2523,     0.0202,    -0.0126,    -0.0525,    -0.0031,     0.0021
    5.7500,     1.0000,     1.1474,     0.0000,    21.0000,    -0.2631,     0.0210,    -0.0132,    -0.0547,    -0.0033,     0.0022
    5.7500,     1.0000,     1.1474,     0.0000,    21.2500,    -0.2736,     0.0219,    -0.0137,    -0.0569,    -0.0034,     0.0023
    5.7500,     1.0000,     1.1474,     0.0000,    21.5000,    -0.2840,     0.0227,    -0.0142,    -0.0591,    -0.0035,     0.0024
    5.7500,     1.0000,     1.1474,     0.0000,    21.7500,    -0.2943,     0.0235,    -0.0147,    -0.0613,    -0.0037,     0.0025
    5.7500,     1.0000,     1.1474,     0.0000,    22.0000,    -0.3043,     0.0243,    -0.0152,    -0.0634,    -0.0038,     0.0025
    5.7500,     1.0000,     1.1474,     0.0000,    22.2500,    -0.3142,     0.0251,    -0.0157,    -0.0656,    -0.0039,     0.0026
    5.7500,     1.0000,     1.1474,     0.0000,    22.5000,    -0.3239,     0.0259,    -0.0162,    -0.0676,    -0.0041,     0.0027
    5.7500,     1.0000,     1.1474,     0.0000,    22.7500,    -0.3333,     0.0267,    -0.0167,    -0.0697,    -0.0042,     0.0028
    5.7500,     1.0000,     1.1474,     0.0000,    23.0000,    -0.3425,     0.0274,    -0.0171,    -0.0718,    -0.0043,     0.0029
    5.7500,     1.0000,     1.1474,     0.0000,    23.2500,    -0.3514,     0.0281,    -0.0176,    -0.0738,    -0.0044,     0.0030
    5.7500,     1.0000,     1.1474,     0.0000,    23.5000,    -0.3601,     0.0288,    -0.0180,    -0.0758,    -0.0045,     0.0030
    5.7500,     1.0000,     1.1474,     0.0000,    23.7500,    -0.3685,     0.0295,    -0.0184,    -0.0779,    -0.0047,     0.0031
    5.7500,     1.0000,     1.1474,     0.0000,    24.0000,    -0.3765,     0.0301,    -0.0188,    -0.0799,    -0.0048,     0.0032
    5.7500,     1.0000,     1.1474,     0.0000,    24.2500,    -0.3842,     0.0307,    -0.0192,    -0.0820,    -0.0049,     0.0033
    5.7500,     1.0000,     1.1474,     0.0000,    24.5000,    -0.3915,     0.0313,    -0.0196,    -0.0841,    -0.0050,     0.0034
    5.7500,     1.0000,     1.1474,     0.0000,    24.7500,    -0.3984,     0.0319,    -0.0199,    -0.0863,    -0.0052,     0.0035
    6.0000,     1.0000,     1.0996,     0.0000,    -1.0000,     0.6762,    -0.0541,     0.0338,     0.0730,     0.0044,    -0.0029
    6.0000,     1.0000,     1.0996,     0.0000,    -0.7500,     0.6697,    -0.0536,     0.0335,     0.0729,     0.0044,    -0.0029
    6.0000,     1.0000,     1.0996,     0.0000,    -0.5000,     0.6630,    -0.0530,     0.0332,     0.0728,     0.0044,    -0.0029
    6.0000,     1.0000,     1.0996,     0.0000,    -0.2500,     0.6559,    -0.0525,     0.0328,     0.0726,     0.0044,    -0.0029
    6.0000,     1.0000,     1.0996,     0.0000,     0.0000,     0.6486,    -0.0519,     0.0324,     0.0724,     0.0043,    -0.0029
    6.0000,     1.0000,     1.0996,     0.0000,     0.2500,     0.6411,    -0.0513,     0.0321,     0.0721,     0.0043,    -0.0029
    6.0000,     1.0000,     1.0996,     0.0000,     0.5000,     0.6333,    -0.0507,     0.0317,     0.0718,     0.0043,    -0.0029
    6.0000,     1.0000,     1.0996,     0.0000,     0.7500,     0.6252,    -0.0500,     0.0313,     0.0714,     0.0043,    -0.0029
    6.0000,     1.0000,     1.0996,     0.0000,     1.0000,     0.6170,    -0.0494,     0.0309,     0.0710,     0.0043,    -0.0028
    6.0000,     1.0000,     1.0996,     0.0000,     1.2500,     0.6085,    -0.0487,     0.0304,     0.0706,     0.0042,    -0.0028
    6.0000,     1.0000,     1.0996,     0.0000,     1.5000,     0.5998,    -0.0480,     0.0300,     0.0701,     0.0042,    -0.0028
    6.0000,     1.0000,     1.0996,     0.0000,     1.7500,     0.5909,    -0.0473,     0.0295,     0.0695,     0.0042,    -0.0028
    6.0000,     1.0000,     1.0996,     0.0000,     2.0000,     0.5819,    -0.0466,     0.0291,     0.0690,     0.0041,    -0.0028
    6.0000,     1.0000,     1.0996,     0.0000,     2.2500,     0.5726,    -0.0458,     0.0286,     0.0683,     0.0041,    -0.0027
    6.0000,     1.0000,     1.0996,     0.0000,     2.5000,     0.5632,    -0.0451,     0.0282,     0.0677,     0.0041,    -0.0027
    6.0000,     1.0000,     1.0996,     0.0000,     2.7500,     0.5537,    -0.0443,     0.0277,     0.0670,     0.0040,    -0.0027
    6.0000,     1.0000,     1.0996,     0.0000,     3.0000,     0.5440,    -0.0435,     0.0272,     0.0663,     0.0040,    -0.0027
    6.0000,     1.0000,     1.0996,     0.0000,     3.2500,     0.5341,    -0.0427,     0.0267,     0.0656,     0.0039,    -0.0026
    6.0000,     1.0000,     1.0996,     0.0000,     3.5000,     0.5241,    -0.0419,     0.0262,     0.0648,     0.0039,    -0.0026
    6.0000,     1.0000,     1.0996,     0.0000,     3.7500,     0.5140,    -0.0411,     0.0257,     0.0640,     0.0038,    -0.0026
    6.0000,     1.0000,     1.0996,     0.0000,     4.0000,     0.5038,    -0.0403,     0.0252,     0.0631,     0.0038,    -0.0025
    6.0000,     1.0000,     1.0996,     0.0000,     4.2500,     0.4935,    -0.0395,     0.0247,     0.0622,     0.0037,    -0.0025
    6.0000,     1.0000,     1.0996,     0.0000,     4.5000,     0.4830,    -0.0386,     0.0242,     0.0613,     0.0037,    -0.0025
    6.0000,     1.0000,     1.0996,     0.0000,     4.7500,     0.4724,    -0.0378,     0.0236,     0.0603,     0.0036,    -0.0024
    6.0000,     1.0000,     1.0996,     0.0000,     5.0000,     0.4617,    -0.0369,     0.0231,     0.0593,     0.0036,    -0.0024
    6.0000,     1.0000,     1.0996,     0.0000,     5.2500,     0.4510,    -0.0361,     0.0226,     0.0583,     0.0035,    -0.0023
    6.0000,     1.0000,     1.0996,     0.0000,     5.5000,     0.4401,    -0.0352,     0.0220,     0.0573,     0.0034,    -0.0023
    6.0000,     1.0000,     1.0996,     0.0000,     5.7500,     0.4291,    -0.0343,     0.0215,     0.0562,     0.0034,    -0.0022
    6.0000,     1.0000,     1.0996,     0.0000,     6.0000,     0.4181,    -0.0334,     0.0209,     0.0550,     0.0033,    -0.0022
    6.0000,     1.0000,     1.0996,     0.0000,     6.2500,     0.4069,    -0.0326,     0.0203,     0.0539,     0.0032,    -0.0022
    6.0000,     1.0000,     1.0996,     0.0000,     6.5000,     0.3957,    -0.0317,     0.0198,     0.0527,     0.0032,    -0.0021
    6.0000,     1.0000,     1.0996,     0.0000,     6.7500,     0.3844,    -0.0308,     0.0192,     0.0514,     0.0031,    -0.0021
    6.0000,     1.0000,     1.0996,     0.0000,     7.0000,     0.3730,    -0.0298,     0.0186,     0.0502,     0.0030,    -0.0020
    6.0000,     1.0000,     1.0996,     0.0000,     7.2500,     0.3615,    -0.0289,     0.0181,     0.0489,     0.0029,    -0.0020
    6.0000,     1.0000,     1.0996,     0.0000,     7.5000,     0.3500,    -0.0280,     0.0175,     0.0475,     0.0029,    -0.0019
    6.0000,     1.0000,     1.0996,     0.0000,     7.7500,     0.3384,    -0.0271,     0.0169,     0.0462,     0.0028,    -0.0018
    6.0000,     1.0000,     1.0996,     0.0000,     8.0000,     0.3267,    -0.0261,     0.0163,     0.0448,     0.0027,    -0.0018
    6.0000,     1.0000,     1.0996,     0.0000,     8.2500,     0.3150,    -0.0252,     0.0158,     0.0433,     0.0026,    -0.0017
    6.0000,     1.0000,     1.0996,     0.0000,     8.5000,     0.3032,    -0.0243,     0.0152,     0.0418,     0.0025,    -0.0017
    6.0000,     1.0000,     1.0996,     0.0000,     8.7500,     0.2914,    -0.0233,     0.0146,     0.0403,     0.0024,    -0.0016
    6.0000,     1.0000,     1.0996,     0.0000,     9.0000,     0.2795,    -0.0224,     0.0140,     0.0388,     0.0023,    -0.0016
    6.0000,     1.0000,     1.0996,     0.0000,     9.2500,     0.2675,    -0.0214,     0.0134,     0.0372,     0.0022,    -0.0015
    6.0000,     1.0000,     1.0996,     0.0000,     9.5000,     0.2555,    -0.0204,     0.0128,     0.0356,     0.0021,    -0.0014
    6.0000,     1.0000,     1.0996,     0.0000,     9.7500,     0.2435,    -0.0195,     0.0122,     0.0339,     0.0020,    -0.0014
    6.0000,     1.0000,     1.0996,     0.0000,    10.0000,     0.2314,    -0.0185,     0.0116,     0.0323,     0.0019,    -0.0013
    6.0000,     1.0000,     1.0996,     0.0000,    10.2500,     0.2193,    -0.0175,     0.0110,     0.0306,     0.0018,    -0.0012
    6.0000,     1.0000,     1.0996,     0.0000,    10.5000,     0.2072,    -0.0166,     0.0104,     0.0288,     0.0017,    -0.0012
    6.0000,     1.0000,     1.0996,     0.0000,    10.7500,     0.1950,    -0.0156,     0.0098,     0.0271,     0.0016,    -0.0011
    6.0000,     1.0000,     1.0996,     0.0000,    11.0000,     0.1827,    -0.0146,     0.0091,     0.0253,     0.0015,    -0.0010
    6.0000,     1.0000,     1.0996,     0.0000,    11.2500,     0.1704,    -0.0136,     0.0085,     0.0235,     0.0014,    -0.0009
    6.0000,     1.0000,     1.0996,     0.0000,    11.5000,     0.1581,    -0.0126,     0.0079,     0.0216,     0.0013,    -0.0009
    6.0000,     1.0000,     1.0996,     0.0000,    11.7500,     0.1458,    -0.0117,     0.0073,     0.0197,     0.0012,    -0.0008
    6.0000,     1.0000,     1.0996,     0.0000,    12.0000,     0.1334,    -0.0107,     0.0067,     0.0178,     0.0011,    -0.0007
    6.0000,     1.0000,     1.0996,     0.0000,    12.2500,     0.1209,    -0.0097,     0.0060,     0.0159,     0.0010,    -0.0006
    6.0000,     1.0000,     1.0996,     0.0000,    12.5000,     0.1085,    -0.0087,     0.0054,     0.0140,     0.0008,    -0.0006
    6.0000,     1.0000,     1.0996,     0.0000,    12.7500,     0.0960,    -0.0077,     0.0048,     0.0120,     0.0007,    -0.0005
    6.0000,     1.0000,     1.0996,     0.0000,    13.0000,     0.0835,    -0.0067,     0.0042,     0.0100,     0.0006,    -0.0004
    6.0000,     1.0000,     1.0996,     0.0000,    13.2500,     0.0710,    -0.0057,     0.0035,     0.0080,     0.0005,    -0.0003
    6.0000,     1.0000,     1.0996,     0.0000,    13.5000,     0.0584,    -0.0047,     0.0029,     0.0060,     0.0004,    -0.0002
    6.0000,     1.0000,     1.0996,     0.0000,    13.7500,     0.0459,    -0.0037,     0.0023,     0.0039,     0.0002,    -0.0002
    6.0000,     1.0000,     1.0996,     0.0000,    14.0000,     0.0333,    -0.0027,     0.0017,     0.0018,     0.0001,    -0.0001
    6.0000,     1.0000,     1.0996,     0.0000,    14.2500,     0.0207,    -0.0017,     0.0010,    -0.0003,    -0.0000,     0.0000
    6.0000,     1.0000,     1.0996,     0.0000,    14.5000,     0.0081,    -0.0006,     0.0004,    -0.0024,    -0.0001,     0.0001
    6.0000,     1.0000,     1.0996,     0.0000,    14.7500,    -0.0045,     0.0004,    -0.0002,    -0.0045,    -0.0003,     0.0002
    6.0000,     1.0000,     1.0996,     0.0000,    15.0000,    -0.0171,     0.0014,    -0.0009,    -0.0066,    -0.0004,     0.0003
    6.0000,     1.0000,     1.0996,     0.0000,    15.2500,    -0.0298,     0.0024,    -0.0015,    -0.0088,    -0.0005,     0.0004
    6.0000,     1.0000,     1.0996,     0.0000,    15.5000,    -0.0424,     0.0034,    -0.0021,    -0.0110,    -0.0007,     0.0004
    6.0000,     1.0000,     1.0996,     0.0000,    15.7500,    -0.0550,     0.0044,    -0.0028,    -0.0132,    -0.0008,     0.0005
    6.0000,     1.0000,     1.0996,     0.0000,    16.0000,    -0.0677,     0.0054,    -0.0034,    -0.0154,    -0.0009,     0.0006
    6.0000,     1.0000,     1.0996,     0.0000,    16.2500,    -0.0804,     0.0064,    -0.0040,    -0.0177,    -0.0011,     0.0007
    6.0000,     1.0000,     1.0996,     0.0000,    16.5000,    -0.0930,     0.0074,    -0.0047,    -0.0200,    -0.0012,     0.0008
    6.0000,     1.0000,     1.0996,     0.0000,    16.7500,    -0.1057,     0.0085,    -0.0053,    -0.0223,    -0.0013,     0.0009
    6.0000,     1.0000,     1.0996,     0.0000,    17.0000,    -0.1184,     0.0095,    -0.0059,    -0.0246,    -0.0015,     0.0010
    6.0000,     1.0000,     1.0996,     0.0000,    17.2500,    -0.1310,     0.0105,    -0.0066,    -0.0269,    -0.0016,     0.0011
    6.0000,     1.0000,     1.0996,     0.0000,    17.5000,    -0.1436,     0.0115,    -0.0072,    -0.0293,    -0.0018,     0.0012
    6.0000,     1.0000,     1.0996,     0.0000,    17.7500,    -0.1562,     0.0125,    -0.0078,    -0.0317,    -0.0019,     0.0013
    6.0000,     1.0000,     1.0996,     0.0000,    18.0000,    -0.1688,     0.0135,    -0.0084,    -0.0341,    -0.0020,     0.0014
    6.0000,     1.0000,     1.0996,     0.0000,    18.2500,    -0.1813,     0.0145,    -0.0091,    -0.0365,    -0.0022,     0.0015
    6.0000,     1.0000,     1.0996,     0.0000,    18.5000,    -0.1937,     0.0155,    -0.0097,    -0.0389,    -0.0023,     0.0016
    6.0000,     1.0000,     1.0996,     0.0000,    18.7500,    -0.2061,     0.0165,    -0.0103,    -0.0413,    -0.0025,     0.0017
    6.0000,     1.0000,     1.0996,     0.0000,    19.0000,    -0.2184,     0.0175,    -0.0109,    -0.0438,    -0.0026,     0.0018
    6.0000,     1.0000,     1.0996,     0.0000,    19.2500,    -0.2306,     0.0184,    -0.0115,    -0.0462,    -0.0028,     0.0018
    6.0000,     1.0000,     1.0996,     0.0000,    19.5000,    -0.2427,     0.0194,    -0.0121,    -0.0486,    -0.0029,     0.0019
    6.0000,     1.0000,     1.0996,     0.0000,    19.7500,    -0.2547,     0.0204,    -0.0127,    -0.0511,    -0.0031,     0.0020
    6.0000,     1.0000,     1.0996,     0.0000,    20.0000,    -0.2666,     0.0213,    -0.0133,    -0.0535,    -0.0032,     0.0021
    6.0000,     1.0000,     1.0996,     0.0000,    20.2500,    -0.2783,     0.0223,    -0.0139,    -0.0558,    -0.0033,     0.0022
    6.0000,     1.0000,     1.0996,     0.0000,    20.5000,    -0.2898,     0.0232,    -0.0145,    -0.0582,    -0.0035,     0.0023
    6.0000,     1.0000,     1.0996,     0.0000,    20.7500,    -0.3012,     0.0241,    -0.0151,    -0.0605,    -0.0036,     0.0024
    6.0000,     1.0000,     1.0996,     0.0000,    21.0000,    -0.3124,     0.0250,    -0.0156,    -0.0628,    -0.0038,     0.0025
    6.0000,     1.0000,     1.0996,     0.0000,    21.2500,    -0.3234,     0.0259,    -0.0162,    -0.0651,    -0.0039,     0.0026
    6.0000,     1.0000,     1.0996,     0.0000,    21.5000,    -0.3342,     0.0267,    -0.0167,    -0.0673,    -0.0040,     0.0027
    6.0000,     1.0000,     1.0996,     0.0000,    21.7500,    -0.3448,     0.0276,    -0.0172,    -0.0695,    -0.0042,     0.0028
    6.0000,     1.0000,     1.0996,     0.0000,    22.0000,    -0.3552,     0.0284,    -0.0178,    -0.0717,    -0.0043,     0.0029
    6.0000,     1.0000,     1.0996,     0.0000,    22.2500,    -0.3653,     0.0292,    -0.0183,    -0.0738,    -0.0044,     0.0030
    6.0000,     1.0000,     1.0996,     0.0000,    22.5000,    -0.3752,     0.0300,    -0.0188,    -0.0760,    -0.0046,     0.0030
    6.0000,     1.0000,     1.0996,     0.0000,    22.7500,    -0.3848,     0.0308,    -0.0192,    -0.0781,    -0.0047,     0.0031
    6.0000,     1.0000,     1.0996,     0.0000,    23.0000,    -0.3941,     0.0315,    -0.0197,    -0.0802,    -0.0048,     0.0032
    6.0000,     1.0000,     1.0996,     0.0000,    23.2500,    -0.4031,     0.0322,    -0.0202,    -0.0823,    -0.0049,     0.0033
    6.0000,     1.0000,     1.0996,     0.0000,    23.5000,    -0.4118,     0.0329,    -0.0206,    -0.0844,    -0.0051,     0.0034
    6.0000,     1.0000,     1.0996,     0.0000,    23.7500,    -0.4200,     0.0336,    -0.0210,    -0.0866,    -0.0052,     0.0035
    6.0000,     1.0000,     1.0996,     0.0000,    24.0000,    -0.4279,     0.0342,    -0.0214,    -0.0888,    -0.0053,     0.0036
    6.0000,     1.0000,     1.0996,     0.0000,    24.2500,    -0.4354,     0.0348,    -0.0218,    -0.0910,    -0.0055,     0.0036
    6.0000,     1.0000,     1.0996,     0.0000,    24.5000,    -0.4423,     0.0354,    -0.0221,    -0.0933,    -0.0056,     0.0037
    6.0000,     1.0000,     1.0996,     0.0000,    24.7500,    -0.4489,     0.0359,    -0.0224,    -0.0956,    -0.0057,     0.0038
    6.2500,     1.0000,     1.0556,     0.0000,    -1.0000,     0.7073,    -0.0566,     0.0354,     0.0720,     0.0043,    -0.0029
    6.2500,     1.0000,     1.0556,     0.0000,    -0.7500,     0.6996,    -0.0560,     0.0350,     0.0719,     0.0043,    -0.0029
    6.2500,     1.0000,     1.0556,     0.0000,    -0.5000,     0.6916,    -0.0553,     0.0346,     0.0717,     0.0043,    -0.0029
    6.2500,     1.0000,     1.0556,     0.0000,    -0.2500,     0.6834,    -0.0547,     0.0342,     0.0715,     0.0043,    -0.0029
    6.2500,     1.0000,     1.0556,     0.0000,     0.0000,     0.6750,    -0.0540,     0.0338,     0.0712,     0.0043,    -0.0028
    6.2500,     1.0000,     1.0556,     0.0000,     0.2500,     0.6663,    -0.0533,     0.0333,     0.0709,     0.0043,    -0.0028
    6.2500,     1.0000,     1.0556,     0.0000,     0.5000,     0.6574,    -0.0526,     0.0329,     0.0705,     0.0042,    -0.0028
    6.2500,     1.0000,     1.0556,     0.0000,     0.7500,     0.6483,    -0.0519,     0.0324,     0.0702,     0.0042,    -0.0028
    6.2500,     1.0000,     1.0556,     0.0000,     1.0000,     0.6390,    -0.0511,     0.0319,     0.0697,     0.0042,    -0.0028
    6.2500,     1.0000,     1.0556,     0.0000,     1.2500,     0.6294,    -0.0504,     0.0315,     0.0693,     0.0042,    -0.0028
    6.2500,     1.0000,     1.0556,     0.0000,     1.5000,     0.6197,    -0.0496,     0.0310,     0.0687,     0.0041,    -0.0027
    6.2500,     1.0000,     1.0556,     0.0000,     1.7500,     0.6099,    -0.0488,     0.0305,     0.0682,     0.0041,    -0.0027
    6.2500,     1.0000,     1.0556,     0.0000,     2.0000,     0.5998,    -0.0480,     0.0300,     0.0676,     0.0041,    -0.0027
    6.2500,     1.0000,     1.0556,     0.0000,     2.2500,     0.5896,    -0.0472,     0.0295,     0.0670,     0.0040,    -0.0027
    6.2500,     1.0000,     1.0556,     0.0000,     2.5000,     0.5792,    -0.0463,     0.0290,     0.0663,     0.0040,    -0.0027
    6.2500,     1.0000,     1.0556,     0.0000,     2.7500,     0.5687,    -0.0455,     0.0284,     0.0656,     0.0039,    -0.0026
    6.2500,     1.0000,     1.0556,     0.0000,     3.0000,     0.5580,    -0.0446,     0.0279,     0.0649,     0.0039,    -0.0026
    6.2500,     1.0000,     1.0556,     0.0000,     3.2500,     0.5472,    -0.0438,     0.0274,     0.0641,     0.0038,    -0.0026
    6.2500,     1.0000,     1.0556,     0.0000,     3.5000,     0.5363,    -0.0429,     0.0268,     0.0633,     0.0038,    -0.0025
    6.2500,     1.0000,     1.0556,     0.0000,     3.7500,     0.5252,    -0.0420,     0.0263,     0.0624,     0.0037,    -0.0025
    6.2500,     1.0000,     1.0556,     0.0000,     4.0000,     0.5141,    -0.0411,     0.0257,     0.0616,     0.0037,    -0.0025
    6.2500,     1.0000,     1.0556,     0.0000,     4.2500,     0.5028,    -0.0402,     0.0251,     0.0606,     0.0036,    -0.0024
    6.2500,     1.0000,     1.0556,     0.0000,     4.5000,     0.4913,    -0.0393,     0.0246,     0.0597,     0.0036,    -0.0024
    6.2500,     1.0000,     1.0556,     0.0000,     4.7500,     0.4798,    -0.0384,     0.0240,     0.0587,     0.0035,    -0.0023
    6.2500,     1.0000,     1.0556,     0.0000,     5.0000,     0.4682,    -0.0375,     0.0234,     0.0576,     0.0035,    -0.0023
    6.2500,     1.0000,     1.0556,     0.0000,     5.2500,     0.4565,    -0.0365,     0.0228,     0.0566,     0.0034,    -0.0023
    6.2500,     1.0000,     1.0556,     0.0000,     5.5000,     0.4446,    -0.0356,     0.0222,     0.0555,     0.0033,    -0.0022
    6.2500,     1.0000,     1.0556,     0.0000,     5.7500,     0.4327,    -0.0346,     0.0216,     0.0543,     0.0033,    -0.0022
    6.2500,     1.0000,     1.0556,     0.0000,     6.0000,     0.4207,    -0.0337,     0.0210,     0.0531,     0.0032,    -0.0021
    6.2500,     1.0000,     1.0556,     0.0000,     6.2500,     0.4086,    -0.0327,     0.0204,     0.0519,     0.0031,    -0.0021
    6.2500,     1.0000,     1.0556,     0.0000,     6.5000,     0.3964,    -0.0317,     0.0198,     0.0506,     0.0030,    -0.0020
    6.2500,     1.0000,     1.0556,     0.0000,     6.7500,     0.3841,    -0.0307,     0.0192,     0.0493,     0.0030,    -0.0020
    6.2500,     1.0000,     1.0556,     0.0000,     7.0000,     0.3717,    -0.0297,     0.0186,     0.0480,     0.0029,    -0.0019
    6.2500,     1.0000,     1.0556,     0.0000,     7.2500,     0.3593,    -0.0287,     0.0180,     0.0466,     0.0028,    -0.0019
    6.2500,     1.0000,     1.0556,     0.0000,     7.5000,     0.3468,    -0.0277,     0.0173,     0.0452,     0.0027,    -0.0018
    6.2500,     1.0000,     1.0556,     0.0000,     7.7500,     0.3342,    -0.0267,     0.0167,     0.0438,     0.0026,    -0.0018
    6.2500,     1.0000,     1.0556,     0.0000,     8.0000,     0.3216,    -0.0257,     0.0161,     0.0423,     0.0025,    -0.0017
    6.2500,     1.0000,     1.0556,     0.0000,     8.2500,     0.3089,    -0.0247,     0.0154,     0.0407,     0.0024,    -0.0016
    6.2500,     1.0000,     1.0556,     0.0000,     8.5000,     0.2961,    -0.0237,     0.0148,     0.0392,     0.0024,    -0.0016
    6.2500,     1.0000,     1.0556,     0.0000,     8.7500,     0.2833,    -0.0227,     0.0142,     0.0376,     0.0023,    -0.0015
    6.2500,     1.0000,     1.0556,     0.0000,     9.0000,     0.2705,    -0.0216,     0.0135,     0.0359,     0.0022,    -0.0014
    6.2500,     1.0000,     1.0556,     0.0000,     9.2500,     0.2576,    -0.0206,     0.0129,     0.0343,     0.0021,    -0.0014
    6.2500,     1.0000,     1.0556,     0.0000,     9.5000,     0.2446,    -0.0196,     0.0122,     0.0326,     0.0020,    -0.0013
    6.2500,     1.0000,     1.0556,     0.0000,     9.7500,     0.2316,    -0.0185,     0.0116,     0.0308,     0.0018,    -0.0012
    6.2500,     1.0000,     1.0556,     0.0000,    10.0000,     0.2186,    -0.0175,     0.0109,     0.0290,     0.0017,    -0.0012
    6.2500,     1.0000,     1.0556,     0.0000,    10.2500,     0.2055,    -0.0164,     0.0103,     0.0272,     0.0016,    -0.0011
    6.2500,     1.0000,     1.0556,     0.0000,    10.5000,     0.1924,    -0.0154,     0.0096,     0.0254,     0.0015,    -0.0010
    6.2500,     1.0000,     1.0556,     0.0000,    10.7500,     0.1792,    -0.0143,     0.0090,     0.0235,     0.0014,    -0.0009
    6.2500,     1.0000,     1.0556,     0.0000,    11.0000,     0.1660,    -0.0133,     0.0083,     0.0216,     0.0013,    -0.0009
    6.2500,     1.0000,     1.0556,     0.0000,    11.2500,     0.1527,    -0.0122,     0.0076,     0.0197,     0.0012,    -0.0008
    6.2500,     1.0000,     1.0556,     0.0000,    11.5000,     0.1394,    -0.0112,     0.0070,     0.0178,     0.0011,    -0.0007
    6.2500,     1.0000,     1.0556,     0.0000,    11.7500,     0.1261,    -0.0101,     0.0063,     0.0158,     0.0009,    -0.0006
    6.2500,     1.0000,     1.0556,     0.0000,    12.0000,     0.1127,    -0.0090,     0.0056,     0.0138,     0.0008,    -0.0006
    6.2500,     1.0000,     1.0556,     0.0000,    12.2500,     0.0993,    -0.0079,     0.0050,     0.0117,     0.0007,    -0.0005
    6.2500,     1.0000,     1.0556,     0.0000,    12.5000,     0.0859,    -0.0069,     0.0043,     0.0097,     0.0006,    -0.0004
    6.2500,     1.0000,     1.0556,     0.0000,    12.7500,     0.0724,    -0.0058,     0.0036,     0.0076,     0.0005,    -0.0003
    6.2500,     1.0000,     1.0556,     0.0000,    13.0000,     0.0589,    -0.0047,     0.0029,     0.0055,     0.0003,    -0.0002
    6.2500,     1.0000,     1.0556,     0.0000,    13.2500,     0.0454,    -0.0036,     0.0023,     0.0034,     0.0002,    -0.0001
    6.2500,     1.0000,     1.0556,     0.0000,    13.5000,     0.0319,    -0.0026,     0.0016,     0.0012,     0.0001,    -0.0000
    6.2500,     1.0000,     1.0556,     0.0000,    13.7500,     0.0184,    -0.0015,     0.0009,    -0.0009,    -0.0001,     0.0000
    6.2500,     1.0000,     1.0556,     0.0000,    14.0000,     0.0049,    -0.0004,     0.0002,    -0.0031,    -0.0002,     0.0001
    6.2500,     1.0000,     1.0556,     0.0000,    14.2500,    -0.0087,     0.0007,    -0.0004,    -0.0053,    -0.0003,     0.0002
    6.2500,     1.0000,     1.0556,     0.0000,    14.5000,    -0.0223,     0.0018,    -0.0011,    -0.0075,    -0.0004,     0.0003
    6.2500,     1.0000,     1.0556,     0.0000,    14.7500,    -0.0359,     0.0029,    -0.0018,    -0.0098,    -0.0006,     0.0004
    6.2500,     1.0000,     1.0556,     0.0000,    15.0000,    -0.0495,     0.0040,    -0.0025,    -0.0121,    -0.0007,     0.0005
    6.2500,     1.0000,     1.0556,     0.0000,    15.2500,    -0.0631,     0.0050,    -0.0032,    -0.0144,    -0.0009,     0.0006
    6.2500,     1.0000,     1.0556,     0.0000,    15.5000,    -0.0767,     0.0061,    -0.0038,    -0.0167,    -0.0010,     0.0007
    6.2500,     1.0000,     1.0556,     0.0000,    15.7500,    -0.0903,     0.0072,    -0.0045,    -0.0190,    -0.0011,     0.0008
    6.2500,     1.0000,     1.0556,     0.0000,    16.0000,    -0.1039,     0.0083,    -0.0052,    -0.0214,    -0.0013,     0.0009
    6.2500,     1.0000,     1.0556,     0.0000,    16.2500,    -0.1176,     0.0094,    -0.0059,    -0.0238,    -0.0014,     0.0010
    6.2500,     1.0000,     1.0556,     0.0000,    16.5000,    -0.1312,     0.0105,    -0.0066,    -0.0262,    -0.0016,     0.0010
    6.2500,     1.0000,     1.0556,     0.0000,    16.7500,    -0.1448,     0.0116,    -0.0072,    -0.0286,    -0.0017,     0.0011
    6.2500,     1.0000,     1.0556,     0.0000,    17.0000,    -0.1584,     0.0127,    -0.0079,    -0.0311,    -0.0019,     0.0012
    6.2500,     1.0000,     1.0556,     0.0000,    17.2500,    -0.1720,     0.0138,    -0.0086,    -0.0336,    -0.0020,     0.0013
    6.2500,     1.0000,     1.0556,     0.0000,    17.5000,    -0.1855,     0.0148,    -0.0093,    -0.0361,    -0.0022,     0.0014
    6.2500,     1.0000,     1.0556,     0.0000,    17.7500,    -0.1990,     0.0159,    -0.0100,    -0.0386,    -0.0023,     0.0015
    6.2500,     1.0000,     1.0556,     0.0000,    18.0000,    -0.2124,     0.0170,    -0.0106,    -0.0411,    -0.0025,     0.0016
    6.2500,     1.0000,     1.0556,     0.0000,    18.2500,    -0.2257,     0.0181,    -0.0113,    -0.0437,    -0.0026,     0.0017
    6.2500,     1.0000,     1.0556,     0.0000,    18.5000,    -0.2390,     0.0191,    -0.0120,    -0.0462,    -0.0028,     0.0018
    6.2500,     1.0000,     1.0556,     0.0000,    18.7500,    -0.2521,     0.0202,    -0.0126,    -0.0488,    -0.0029,     0.0020
    6.2500,     1.0000,     1.0556,     0.0000,    19.0000,    -0.2651,     0.0212,    -0.0133,    -0.0513,    -0.0031,     0.0021
    6.2500,     1.0000,     1.0556,     0.0000,    19.2500,    -0.2780,     0.0222,    -0.0139,    -0.0538,    -0.0032,     0.0022
    6.2500,     1.0000,     1.0556,     0.0000,    19.5000,    -0.2908,     0.0233,    -0.0145,    -0.0563,    -0.0034,     0.0023
    6.2500,     1.0000,     1.0556,     0.0000,    19.7500,    -0.3034,     0.0243,    -0.0152,    -0.0588,    -0.0035,     0.0024
    6.2500,     1.0000,     1.0556,     0.0000,    20.0000,    -0.3158,     0.0253,    -0.0158,    -0.0613,    -0.0037,     0.0025
    6.2500,     1.0000,     1.0556,     0.0000,    20.2500,    -0.3280,     0.0262,    -0.0164,    -0.0637,    -0.0038,     0.0025
    6.2500,     1.0000,     1.0556,     0.0000,    20.5000,    -0.3401,     0.0272,    -0.0170,    -0.0661,    -0.0040,     0.0026
    6.2500,     1.0000,     1.0556,     0.0000,    20.7500,    -0.3519,     0.0282,    -0.0176,    -0.0685,    -0.0041,     0.0027
    6.2500,     1.0000,     1.0556,     0.0000,    21.0000,    -0.3635,     0.0291,    -0.0182,    -0.0708,    -0.0042,     0.0028
    6.2500,     1.0000,     1.0556,     0.0000,    21.2500,    -0.3749,     0.0300,    -0.0187,    -0.0731,    -0.0044,     0.0029
    6.2500,     1.0000,     1.0556,     0.0000,    21.5000,    -0.3861,     0.0309,    -0.0193,    -0.0754,    -0.0045,     0.0030
    6.2500,     1.0000,     1.0556,     0.0000,    21.7500,    -0.3970,     0.0318,    -0.0199,    -0.0776,    -0.0047,     0.0031
    6.2500,     1.0000,     1.0556,     0.0000,    22.0000,    -0.4076,     0.0326,    -0.0204,    -0.0799,    -0.0048,     0.0032
    6.2500,     1.0000,     1.0556,     0.0000,    22.2500,    -0.4179,     0.0334,    -0.0209,    -0.0821,    -0.0049,     0.0033
    6.2500,     1.0000,     1.0556,     0.0000,    22.5000,    -0.4280,     0.0342,    -0.0214,    -0.0843,    -0.0051,     0.0034
    6.2500,     1.0000,     1.0556,     0.0000,    22.7500,    -0.4376,     0.0350,    -0.0219,    -0.0865,    -0.0052,     0.0035
    6.2500,     1.0000,     1.0556,     0.0000,    23.0000,    -0.4470,     0.0358,    -0.0224,    -0.0887,    -0.0053,     0.0035
    6.2500,     1.0000,     1.0556,     0.0000,    23.2500,    -0.4559,     0.0365,    -0.0228,    -0.0909,    -0.0055,     0.0036
    6.2500,     1.0000,     1.0556,     0.0000,    23.5000,    -0.4644,     0.0372,    -0.0232,    -0.0932,    -0.0056,     0.0037
    6.2500,     1.0000,     1.0556,     0.0000,    23.7500,    -0.4725,     0.0378,    -0.0236,    -0.0955,    -0.0057,     0.0038
    6.2500,     1.0000,     1.0556,     0.0000,    24.0000,    -0.4801,     0.0384,    -0.0240,    -0.0978,    -0.0059,     0.0039
    6.2500,     1.0000,     1.0556,     0.0000,    24.2500,    -0.4871,     0.0390,    -0.0244,    -0.1002,    -0.0060,     0.0040
    6.2500,     1.0000,     1.0556,     0.0000,    24.5000,    -0.4937,     0.0395,    -0.0247,    -0.1027,    -0.0062,     0.0041
    6.2500,     1.0000,     1.0556,     0.0000,    24.7500,    -0.4996,     0.0400,    -0.0250,    -0.1051,    -0.0063,     0.0042
    6.5000,     1.0000,     1.0150,     0.0000,    -1.0000,     0.7351,    -0.0588,     0.0368,     0.0704,     0.0042,    -0.0028
    6.5000,     1.0000,     1.0150,     0.0000,    -0.7500,     0.7264,    -0.0581,     0.0363,     0.0703,     0.0042,    -0.0028
    6.5000,     1.0000,     1.0150,     0.0000,    -0.5000,     0.7174,    -0.0574,     0.0359,     0.0701,     0.0042,    -0.0028
    6.5000,     1.0000,     1.0150,     0.0000,    -0.2500,     0.7082,    -0.0567,     0.0354,     0.0699,     0.0042,    -0.0028
    6.5000,     1.0000,     1.0150,     0.0000,     0.0000,     0.6988,    -0.0559,     0.0349,     0.0697,     0.0042,    -0.0028
    6.5000,     1.0000,     1.0150,     0.0000,     0.2500,     0.6892,    -0.0551,     0.0345,     0.0694,     0.0042,    -0.0028
    6.5000,     1.0000,     1.0150,     0.0000,     0.5000,     0.6793,    -0.0543,     0.0340,     0.0690,     0.0041,    -0.0028
    6.5000,     1.0000,     1.0150,     0.0000,     0.7500,     0.6693,    -0.0535,     0.0335,     0.0686,     0.0041,    -0.0027
    6.5000,     1.0000,     1.0150,     0.0000,     1.0000,     0.6590,    -0.0527,     0.0330,     0.0682,     0.0041,    -0.0027
    6.5000,     1.0000,     1.0150,     0.0000,     1.2500,     0.6486,    -0.0519,     0.0324,     0.0678,     0.0041,    -0.0027
    6.5000,     1.0000,     1.0150,     0.0000,     1.5000,     0.6380,    -0.0510,     0.0319,     0.0673,     0.0040,    -0.0027
    6.5000,     1.0000,     1.0150,     0.0000,     1.7500,     0.6272,    -0.0502,     0.0314,     0.0667,     0.0040,    -0.0027
    6.5000,     1.0000,     1.0150,     0.0000,     2.0000,     0.6162,    -0.0493,     0.0308,     0.0661,     0.0040,    -0.0026
    6.5000,     1.0000,     1.0150,     0.0000,     2.2500,     0.6051,    -0.0484,     0.0303,     0.0655,     0.0039,    -0.0026
    6.5000,     1.0000,     1.0150,     0.0000,     2.5000,     0.5938,    -0.0475,     0.0297,     0.0648,     0.0039,    -0.0026
    6.5000,     1.0000,     1.0150,     0.0000,     2.7500,     0.5823,    -0.0466,     0.0291,     0.0641,     0.0038,    -0.0026
    6.5000,     1.0000,     1.0150,     0.0000,     3.0000,     0.5707,    -0.0457,     0.0285,     0.0634,     0.0038,    -0.0025
    6.5000,     1.0000,     1.0150,     0.0000,     3.2500,     0.5590,    -0.0447,     0.0280,     0.0626,     0.0038,    -0.0025
    6.5000,     1.0000,     1.0150,     0.0000,     3.5000,     0.5471,    -0.0438,     0.0274,     0.0618,     0.0037,    -0.0025
    6.5000,     1.0000,     1.0150,     0.0000,     3.7500,     0.5352,    -0.0428,     0.0268,     0.0609,     0.0037,    -0.0024
    6.5000,     1.0000,     1.0150,     0.0000,     4.0000,     0.5230,    -0.0418,     0.0262,     0.0600,     0.0036,    -0.0024
    6.5000,     1.0000,     1.0150,     0.0000,     4.2500,     0.5108,    -0.0409,     0.0255,     0.0590,     0.0035,    -0.0024
    6.5000,     1.0000,     1.0150,     0.0000,     4.5000,     0.4984,    -0.0399,     0.0249,     0.0580,     0.0035,    -0.0023
    6.5000,     1.0000,     1.0150,     0.0000,     4.7500,     0.4860,    -0.0389,     0.0243,     0.0570,     0.0034,    -0.0023
    6.5000,     1.0000,     1.0150,     0.0000,     5.0000,     0.4734,    -0.0379,     0.0237,     0.0559,     0.0034,    -0.0022
    6.5000,     1.0000,     1.0150,     0.0000,     5.2500,     0.4607,    -0.0369,     0.0230,     0.0548,     0.0033,    -0.0022
    6.5000,     1.0000,     1.0150,     0.0000,     5.5000,     0.4479,    -0.0358,     0.0224,     0.0536,     0.0032,    -0.0021
    6.5000,     1.0000,     1.0150,     0.0000,     5.7500,     0.4350,    -0.0348,     0.0218,     0.0524,     0.0031,    -0.0021
    6.5000,     1.0000,     1.0150,     0.0000,     6.0000,     0.4220,    -0.0338,     0.0211,     0.0512,     0.0031,    -0.0020
    6.5000,     1.0000,     1.0150,     0.0000,     6.2500,     0.4090,    -0.0327,     0.0204,     0.0499,     0.0030,    -0.0020
    6.5000,     1.0000,     1.0150,     0.0000,     6.5000,     0.3958,    -0.0317,     0.0198,     0.0486,     0.0029,    -0.0019
    6.5000,     1.0000,     1.0150,     0.0000,     6.7500,     0.3825,    -0.0306,     0.0191,     0.0472,     0.0028,    -0.0019
    6.5000,     1.0000,     1.0150,     0.0000,     7.0000,     0.3692,    -0.0295,     0.0185,     0.0458,     0.0027,    -0.0018
    6.5000,     1.0000,     1.0150,     0.0000,     7.2500,     0.3558,    -0.0285,     0.0178,     0.0444,     0.0027,    -0.0018
    6.5000,     1.0000,     1.0150,     0.0000,     7.5000,     0.3423,    -0.0274,     0.0171,     0.0429,     0.0026,    -0.0017
    6.5000,     1.0000,     1.0150,     0.0000,     7.7500,     0.3287,    -0.0263,     0.0164,     0.0413,     0.0025,    -0.0017
    6.5000,     1.0000,     1.0150,     0.0000,     8.0000,     0.3151,    -0.0252,     0.0158,     0.0397,     0.0024,    -0.0016
    6.5000,     1.0000,     1.0150,     0.0000,     8.2500,     0.3014,    -0.0241,     0.0151,     0.0381,     0.0023,    -0.0015
    6.5000,     1.0000,     1.0150,     0.0000,     8.5000,     0.2876,    -0.0230,     0.0144,     0.0365,     0.0022,    -0.0015
    6.5000,     1.0000,     1.0150,     0.0000,     8.7500,     0.2738,    -0.0219,     0.0137,     0.0348,     0.0021,    -0.0014
    6.5000,     1.0000,     1.0150,     0.0000,     9.0000,     0.2600,    -0.0208,     0.0130,     0.0331,     0.0020,    -0.0013
    6.5000,     1.0000,     1.0150,     0.0000,     9.2500,     0.2461,    -0.0197,     0.0123,     0.0313,     0.0019,    -0.0013
    6.5000,     1.0000,     1.0150,     0.0000,     9.5000,     0.2322,    -0.0186,     0.0116,     0.0295,     0.0018,    -0.0012
    6.5000,     1.0000,     1.0150,     0.0000,     9.7500,     0.2182,    -0.0175,     0.0109,     0.0276,     0.0017,    -0.0011
    6.5000,     1.0000,     1.0150,     0.0000,    10.0000,     0.2042,    -0.0163,     0.0102,     0.0258,     0.0015,    -0.0010
    6.5000,     1.0000,     1.0150,     0.0000,    10.2500,     0.1901,    -0.0152,     0.0095,     0.0239,     0.0014,    -0.0010
    6.5000,     1.0000,     1.0150,     0.0000,    10.5000,     0.1759,    -0.0141,     0.0088,     0.0219,     0.0013,    -0.0009
    6.5000,     1.0000,     1.0150,     0.0000,    10.7500,     0.1618,    -0.0129,     0.0081,     0.0200,     0.0012,    -0.0008
    6.5000,     1.0000,     1.0150,     0.0000,    11.0000,     0.1475,    -0.0118,     0.0074,     0.0180,     0.0011,    -0.0007
    6.5000,     1.0000,     1.0150,     0.0000,    11.2500,     0.1333,    -0.0107,     0.0067,     0.0159,     0.0010,    -0.0006
    6.5000,     1.0000,     1.0150,     0.0000,    11.5000,     0.1190,    -0.0095,     0.0060,     0.0139,     0.0008,    -0.0006
    6.5000,     1.0000,     1.0150,     0.0000,    11.7500,     0.1046,    -0.0084,     0.0052,     0.0118,     0.0007,    -0.0005
    6.5000,     1.0000,     1.0150,     0.0000,    12.0000,     0.0902,    -0.0072,     0.0045,     0.0097,     0.0006,    -0.0004
    6.5000,     1.0000,     1.0150,     0.0000,    12.2500,     0.0758,    -0.0061,     0.0038,     0.0075,     0.0004,    -0.0003
    6.5000,     1.0000,     1.0150,     0.0000,    12.5000,     0.0614,    -0.0049,     0.0031,     0.0054,     0.0003,    -0.0002
    6.5000,     1.0000,     1.0150,     0.0000,    12.7500,     0.0470,    -0.0038,     0.0024,     0.0032,     0.0002,    -0.0001
    6.5000,     1.0000,     1.0150,     0.0000,    13.0000,     0.0325,    -0.0026,     0.0016,     0.0010,     0.0001,    -0.0000
    6.5000,     1.0000,     1.0150,     0.0000,    13.2500,     0.0180,    -0.0014,     0.0009,    -0.0013,    -0.0001,     0.0001
    6.5000,     1.0000,     1.0150,     0.0000,    13.5000,     0.0035,    -0.0003,     0.0002,    -0.0035,    -0.0002,     0.0001
    6.5000,     1.0000,     1.0150,     0.0000,    13.7500,    -0.0110,     0.0009,    -0.0006,    -0.0058,    -0.0003,     0.0002
    6.5000,     1.0000,     1.0150,     0.0000,    14.0000,    -0.0256,     0.0020,    -0.0013,    -0.0081,    -0.0005,     0.0003
    6.5000,     1.0000,     1.0150,     0.0000,    14.2500,    -0.0401,     0.0032,    -0.0020,    -0.0104,    -0.0006,     0.0004
    6.5000,     1.0000,     1.0150,     0.0000,    14.5000,    -0.0547,     0.0044,    -0.0027,    -0.0128,    -0.0008,     0.0005
    6.5000,     1.0000,     1.0150,     0.0000,    14.7500,    -0.0693,     0.0055,    -0.0035,    -0.0152,    -0.0009,     0.0006
    6.5000,     1.0000,     1.0150,     0.0000,    15.0000,    -0.0839,     0.0067,    -0.0042,    -0.0176,    -0.0011,     0.0007
    6.5000,     1.0000,     1.0150,     0.0000,    15.2500,    -0.0985,     0.0079,    -0.0049,    -0.0200,    -0.0012,     0.0008
    6.5000,     1.0000,     1.0150,     0.0000,    15.5000,    -0.1132,     0.0091,    -0.0057,    -0.0224,    -0.0013,     0.0009
    6.5000,     1.0000,     1.0150,     0.0000,    15.7500,    -0.1278,     0.0102,    -0.0064,    -0.0249,    -0.0015,     0.0010
    6.5000,     1.0000,     1.0150,     0.0000,    16.0000,    -0.1424,     0.0114,    -0.0071,    -0.0274,    -0.0016,     0.0011
    6.5000,     1.0000,     1.0150,     0.0000,    16.2500,    -0.1570,     0.0126,    -0.0079,    -0.0300,    -0.0018,     0.0012
    6.5000,     1.0000,     1.0150,     0.0000,    16.5000,    -0.1716,     0.0137,    -0.0086,    -0.0325,    -0.0019,     0.0013
    6.5000,     1.0000,     1.0150,     0.0000,    16.7500,    -0.1862,     0.0149,    -0.0093,    -0.0351,    -0.0021,     0.0014
    6.5000,     1.0000,     1.0150,     0.0000,    17.0000,    -0.2008,     0.0161,    -0.0100,    -0.0377,    -0.0023,     0.0015
    6.5000,     1.0000,     1.0150,     0.0000,    17.2500,    -0.2152,     0.0172,    -0.0108,    -0.0403,    -0.0024,     0.0016
    6.5000,     1.0000,     1.0150,     0.0000,    17.5000,    -0.2296,     0.0184,    -0.0115,    -0.0430,    -0.0026,     0.0017
    6.5000,     1.0000,     1.0150,     0.0000,    17.7500,    -0.2440,     0.0195,    -0.0122,    -0.0456,    -0.0027,     0.0018
    6.5000,     1.0000,     1.0150,     0.0000,    18.0000,    -0.2582,     0.0207,    -0.0129,    -0.0483,    -0.0029,     0.0019
    6.5000,     1.0000,     1.0150,     0.0000,    18.2500,    -0.2723,     0.0218,    -0.0136,    -0.0509,    -0.0031,     0.0020
    6.5000,     1.0000,     1.0150,     0.0000,    18.5000,    -0.2863,     0.0229,    -0.0143,    -0.0536,    -0.0032,     0.0021
    6.5000,     1.0000,     1.0150,     0.0000,    18.7500,    -0.3002,     0.0240,    -0.0150,    -0.0562,    -0.0034,     0.0022
    6.5000,     1.0000,     1.0150,     0.0000,    19.0000,    -0.3139,     0.0251,    -0.0157,    -0.0589,    -0.0035,     0.0024
    6.5000,     1.0000,     1.0150,     0.0000,    19.2500,    -0.3274,     0.0262,    -0.0164,    -0.0615,    -0.0037,     0.0025
    6.5000,     1.0000,     1.0150,     0.0000,    19.5000,    -0.3408,     0.0273,    -0.0170,    -0.0641,    -0.0038,     0.0026
    6.5000,     1.0000,     1.0150,     0.0000,    19.7500,    -0.3539,     0.0283,    -0.0177,    -0.0666,    -0.0040,     0.0027
    6.5000,     1.0000,     1.0150,     0.0000,    20.0000,    -0.3669,     0.0294,    -0.0183,    -0.0692,    -0.0042,     0.0028
    6.5000,     1.0000,     1.0150,     0.0000,    20.2500,    -0.3796,     0.0304,    -0.0190,    -0.0716,    -0.0043,     0.0029
    6.5000,     1.0000,     1.0150,     0.0000,    20.5000,    -0.3921,     0.0314,    -0.0196,    -0.0741,    -0.0044,     0.0030
    6.5000,     1.0000,     1.0150,     0.0000,    20.7500,    -0.4043,     0.0323,    -0.0202,    -0.0765,    -0.0046,     0.0031
    6.5000,     1.0000,     1.0150,     0.0000,    21.0000,    -0.4163,     0.0333,    -0.0208,    -0.0788,    -0.0047,     0.0032
    6.5000,     1.0000,     1.0150,     0.0000,    21.2500,    -0.4281,     0.0342,    -0.0214,    -0.0812,    -0.0049,     0.0032
    6.5000,     1.0000,     1.0150,     0.0000,    21.5000,    -0.4395,     0.0352,    -0.0220,    -0.0835,    -0.0050,     0.0033
    6.5000,     1.0000,     1.0150,     0.0000,    21.7500,    -0.4506,     0.0360,    -0.0225,    -0.0858,    -0.0051,     0.0034
    6.5000,     1.0000,     1.0150,     0.0000,    22.0000,    -0.4614,     0.0369,    -0.0231,    -0.0880,    -0.0053,     0.0035
    6.5000,     1.0000,     1.0150,     0.0000,    22.2500,    -0.4719,     0.0378,    -0.0236,    -0.0903,    -0.0054,     0.0036
    6.5000,     1.0000,     1.0150,     0.0000,    22.5000,    -0.4819,     0.0386,    -0.0241,    -0.0926,    -0.0056,     0.0037
    6.5000,     1.0000,     1.0150,     0.0000,    22.7500,    -0.4916,     0.0393,    -0.0246,    -0.0949,    -0.0057,     0.0038
    6.5000,     1.0000,     1.0150,     0.0000,    23.0000,    -0.5008,     0.0401,    -0.0250,    -0.0973,    -0.0058,     0.0039
    6.5000,     1.0000,     1.0150,     0.0000,    23.2500,    -0.5096,     0.0408,    -0.0255,    -0.0997,    -0.0060,     0.0040
    6.5000,     1.0000,     1.0150,     0.0000,    23.5000,    -0.5179,     0.0414,    -0.0259,    -0.1021,    -0.0061,     0.0041
    6.5000,     1.0000,     1.0150,     0.0000,    23.7500,    -0.5257,     0.0421,    -0.0263,    -0.1046,    -0.0063,     0.0042
    6.5000,     1.0000,     1.0150,     0.0000,    24.0000,    -0.5329,     0.0426,    -0.0266,    -0.1071,    -0.0064,     0.0043
    6.5000,     1.0000,     1.0150,     0.0000,    24.2500,    -0.5395,     0.0432,    -0.0270,    -0.1097,    -0.0066,     0.0044
    6.5000,     1.0000,     1.0150,     0.0000,    24.5000,    -0.5454,     0.0436,    -0.0273,    -0.1123,    -0.0067,     0.0045
    6.5000,     1.0000,     1.0150,     0.0000,    24.7500,    -0.5507,     0.0441,    -0.0275,    -0.1150,    -0.0069,     0.0046
    6.7500,     1.0000,     0.9774,     0.0000,    -1.0000,     0.7604,    -0.0608,     0.0380,     0.0685,     0.0041,    -0.0027
    6.7500,     1.0000,     0.9774,     0.0000,    -0.7500,     0.7508,    -0.0601,     0.0375,     0.0684,     0.0041,    -0.0027
    6.7500,     1.0000,     0.9774,     0.0000,    -0.5000,     0.7410,    -0.0593,     0.0370,     0.0683,     0.0041,    -0.0027
    6.7500,     1.0000,     0.9774,     0.0000,    -0.2500,     0.7310,    -0.0585,     0.0365,     0.0681,     0.0041,    -0.0027
    6.7500,     1.0000,     0.9774,     0.0000,     0.0000,     0.7207,    -0.0577,     0.0360,     0.0679,     0.0041,    -0.0027
    6.7500,     1.0000,     0.9774,     0.0000,     0.2500,     0.7102,    -0.0568,     0.0355,     0.0677,     0.0041,    -0.0027
    6.7500,     1.0000,     0.9774,     0.0000,     0.5000,     0.6995,    -0.0560,     0.0350,     0.0673,     0.0040,    -0.0027
    6.7500,     1.0000,     0.9774,     0.0000,     0.7500,     0.6886,    -0.0551,     0.0344,     0.0670,     0.0040,    -0.0027
    6.7500,     1.0000,     0.9774,     0.0000,     1.0000,     0.6775,    -0.0542,     0.0339,     0.0666,     0.0040,    -0.0027
    6.7500,     1.0000,     0.9774,     0.0000,     1.2500,     0.6662,    -0.0533,     0.0333,     0.0662,     0.0040,    -0.0026
    6.7500,     1.0000,     0.9774,     0.0000,     1.5000,     0.6547,    -0.0524,     0.0327,     0.0657,     0.0039,    -0.0026
    6.7500,     1.0000,     0.9774,     0.0000,     1.7500,     0.6431,    -0.0514,     0.0322,     0.0652,     0.0039,    -0.0026
    6.7500,     1.0000,     0.9774,     0.0000,     2.0000,     0.6313,    -0.0505,     0.0316,     0.0646,     0.0039,    -0.0026
    6.7500,     1.0000,     0.9774,     0.0000,     2.2500,     0.6193,    -0.0495,     0.0310,     0.0640,     0.0038,    -0.0026
    6.7500,     1.0000,     0.9774,     0.0000,     2.5000,     0.6071,    -0.0486,     0.0304,     0.0633,     0.0038,    -0.0025
    6.7500,     1.0000,     0.9774,     0.0000,     2.7500,     0.5948,    -0.0476,     0.0297,     0.0626,     0.0038,    -0.0025
    6.7500,     1.0000,     0.9774,     0.0000,     3.0000,     0.5823,    -0.0466,     0.0291,     0.0619,     0.0037,    -0.0025
    6.7500,     1.0000,     0.9774,     0.0000,     3.2500,     0.5696,    -0.0456,     0.0285,     0.0611,     0.0037,    -0.0024
    6.7500,     1.0000,     0.9774,     0.0000,     3.5000,     0.5569,    -0.0446,     0.0278,     0.0602,     0.0036,    -0.0024
    6.7500,     1.0000,     0.9774,     0.0000,     3.7500,     0.5440,    -0.0435,     0.0272,     0.0593,     0.0036,    -0.0024
    6.7500,     1.0000,     0.9774,     0.0000,     4.0000,     0.5309,    -0.0425,     0.0265,     0.0584,     0.0035,    -0.0023
    6.7500,     1.0000,     0.9774,     0.0000,     4.2500,     0.5177,    -0.0414,     0.0259,     0.0574,     0.0034,    -0.0023
    6.7500,     1.0000,     0.9774,     0.0000,     4.5000,     0.5044,    -0.0404,     0.0252,     0.0564,     0.0034,    -0.0023
    6.7500,     1.0000,     0.9774,     0.0000,     4.7500,     0.4910,    -0.0393,     0.0246,     0.0553,     0.0033,    -0.0022
    6.7500,     1.0000,     0.9774,     0.0000,     5.0000,     0.4775,    -0.0382,     0.0239,     0.0542,     0.0033,    -0.0022
    6.7500,     1.0000,     0.9774,     0.0000,     5.2500,     0.4638,    -0.0371,     0.0232,     0.0530,     0.0032,    -0.0021
    6.7500,     1.0000,     0.9774,     0.0000,     5.5000,     0.4500,    -0.0360,     0.0225,     0.0518,     0.0031,    -0.0021
    6.7500,     1.0000,     0.9774,     0.0000,     5.7500,     0.4362,    -0.0349,     0.0218,     0.0506,     0.0030,    -0.0020
    6.7500,     1.0000,     0.9774,     0.0000,     6.0000,     0.4222,    -0.0338,     0.0211,     0.0493,     0.0030,    -0.0020
    6.7500,     1.0000,     0.9774,     0.0000,     6.2500,     0.4081,    -0.0326,     0.0204,     0.0479,     0.0029,    -0.0019
    6.7500,     1.0000,     0.9774,     0.0000,     6.5000,     0.3940,    -0.0315,     0.0197,     0.0465,     0.0028,    -0.0019
    6.7500,     1.0000,     0.9774,     0.0000,     6.7500,     0.3797,    -0.0304,     0.0190,     0.0451,     0.0027,    -0.0018
    6.7500,     1.0000,     0.9774,     0.0000,     7.0000,     0.3654,    -0.0292,     0.0183,     0.0436,     0.0026,    -0.0017
    6.7500,     1.0000,     0.9774,     0.0000,     7.2500,     0.3510,    -0.0281,     0.0175,     0.0421,     0.0025,    -0.0017
    6.7500,     1.0000,     0.9774,     0.0000,     7.5000,     0.3365,    -0.0269,     0.0168,     0.0405,     0.0024,    -0.0016
    6.7500,     1.0000,     0.9774,     0.0000,     7.7500,     0.3219,    -0.0258,     0.0161,     0.0389,     0.0023,    -0.0016
    6.7500,     1.0000,     0.9774,     0.0000,     8.0000,     0.3072,    -0.0246,     0.0154,     0.0372,     0.0022,    -0.0015
    6.7500,     1.0000,     0.9774,     0.0000,     8.2500,     0.2926,    -0.0234,     0.0146,     0.0355,     0.0021,    -0.0014
    6.7500,     1.0000,     0.9774,     0.0000,     8.5000,     0.2778,    -0.0222,     0.0139,     0.0338,     0.0020,    -0.0014
    6.7500,     1.0000,     0.9774,     0.0000,     8.7500,     0.2630,    -0.0210,     0.0132,     0.0320,     0.0019,    -0.0013
    6.7500,     1.0000,     0.9774,     0.0000,     9.0000,     0.2481,    -0.0198,     0.0124,     0.0301,     0.0018,    -0.0012
    6.7500,     1.0000,     0.9774,     0.0000,     9.2500,     0.2332,    -0.0187,     0.0117,     0.0283,     0.0017,    -0.0011
    6.7500,     1.0000,     0.9774,     0.0000,     9.5000,     0.2183,    -0.0175,     0.0109,     0.0264,     0.0016,    -0.0011
    6.7500,     1.0000,     0.9774,     0.0000,     9.7500,     0.2033,    -0.0163,     0.0102,     0.0244,     0.0015,    -0.0010
    6.7500,     1.0000,     0.9774,     0.0000,    10.0000,     0.1882,    -0.0151,     0.0094,     0.0225,     0.0013,    -0.0009
    6.7500,     1.0000,     0.9774,     0.0000,    10.2500,     0.1731,    -0.0138,     0.0087,     0.0205,     0.0012,    -0.0008
    6.7500,     1.0000,     0.9774,     0.0000,    10.5000,     0.1580,    -0.0126,     0.0079,     0.0184,     0.0011,    -0.0007
    6.7500,     1.0000,     0.9774,     0.0000,    10.7500,     0.1427,    -0.0114,     0.0071,     0.0163,     0.0010,    -0.0007
    6.7500,     1.0000,     0.9774,     0.0000,    11.0000,     0.1275,    -0.0102,     0.0064,     0.0142,     0.0009,    -0.0006
    6.7500,     1.0000,     0.9774,     0.0000,    11.2500,     0.1122,    -0.0090,     0.0056,     0.0121,     0.0007,    -0.0005
    6.7500,     1.0000,     0.9774,     0.0000,    11.5000,     0.0969,    -0.0078,     0.0048,     0.0099,     0.0006,    -0.0004
    6.7500,     1.0000,     0.9774,     0.0000,    11.7500,     0.0815,    -0.0065,     0.0041,     0.0077,     0.0005,    -0.0003
    6.7500,     1.0000,     0.9774,     0.0000,    12.0000,     0.0661,    -0.0053,     0.0033,     0.0055,     0.0003,    -0.0002
    6.7500,     1.0000,     0.9774,     0.0000,    12.2500,     0.0507,    -0.0041,     0.0025,     0.0033,     0.0002,    -0.0001
    6.7500,     1.0000,     0.9774,     0.0000,    12.5000,     0.0352,    -0.0028,     0.0018,     0.0010,     0.0001,    -0.0000
    6.7500,     1.0000,     0.9774,     0.0000,    12.7500,     0.0197,    -0.0016,     0.0010,    -0.0013,    -0.0001,     0.0001
    6.7500,     1.0000,     0.9774,     0.0000,    13.0000,     0.0042,    -0.0003,     0.0002,    -0.0036,    -0.0002,     0.0001
    6.7500,     1.0000,     0.9774,     0.0000,    13.2500,    -0.0113,     0.0009,    -0.0006,    -0.0060,    -0.0004,     0.0002
    6.7500,     1.0000,     0.9774,     0.0000,    13.5000,    -0.0268,     0.0021,    -0.0013,    -0.0083,    -0.0005,     0.0003
    6.7500,     1.0000,     0.9774,     0.0000,    13.7500,    -0.0424,     0.0034,    -0.0021,    -0.0107,    -0.0006,     0.0004
    6.7500,     1.0000,     0.9774,     0.0000,    14.0000,    -0.0580,     0.0046,    -0.0029,    -0.0132,    -0.0008,     0.0005
    6.7500,     1.0000,     0.9774,     0.0000,    14.2500,    -0.0736,     0.0059,    -0.0037,    -0.0156,    -0.0009,     0.0006
    6.7500,     1.0000,     0.9774,     0.0000,    14.5000,    -0.0892,     0.0071,    -0.0045,    -0.0181,    -0.0011,     0.0007
    6.7500,     1.0000,     0.9774,     0.0000,    14.7500,    -0.1049,     0.0084,    -0.0052,    -0.0206,    -0.0012,     0.0008
    6.7500,     1.0000,     0.9774,     0.0000,    15.0000,    -0.1205,     0.0096,    -0.0060,    -0.0231,    -0.0014,     0.0009
    6.7500,     1.0000,     0.9774,     0.0000,    15.2500,    -0.1362,     0.0109,    -0.0068,    -0.0257,    -0.0015,     0.0010
    6.7500,     1.0000,     0.9774,     0.0000,    15.5000,    -0.1518,     0.0121,    -0.0076,    -0.0283,    -0.0017,     0.0011
    6.7500,     1.0000,     0.9774,     0.0000,    15.7500,    -0.1675,     0.0134,    -0.0084,    -0.0309,    -0.0019,     0.0012
    6.7500,     1.0000,     0.9774,     0.0000,    16.0000,    -0.1831,     0.0146,    -0.0092,    -0.0336,    -0.0020,     0.0013
    6.7500,     1.0000,     0.9774,     0.0000,    16.2500,    -0.1987,     0.0159,    -0.0099,    -0.0362,    -0.0022,     0.0014
    6.7500,     1.0000,     0.9774,     0.0000,    16.5000,    -0.2143,     0.0171,    -0.0107,    -0.0389,    -0.0023,     0.0016
    6.7500,     1.0000,     0.9774,     0.0000,    16.7500,    -0.2298,     0.0184,    -0.0115,    -0.0417,    -0.0025,     0.0017
    6.7500,     1.0000,     0.9774,     0.0000,    17.0000,    -0.2453,     0.0196,    -0.0123,    -0.0444,    -0.0027,     0.0018
    6.7500,     1.0000,     0.9774,     0.0000,    17.2500,    -0.2607,     0.0209,    -0.0130,    -0.0472,    -0.0028,     0.0019
    6.7500,     1.0000,     0.9774,     0.0000,    17.5000,    -0.2759,     0.0221,    -0.0138,    -0.0499,    -0.0030,     0.0020
    6.7500,     1.0000,     0.9774,     0.0000,    17.7500,    -0.2911,     0.0233,    -0.0146,    -0.0527,    -0.0032,     0.0021
    6.7500,     1.0000,     0.9774,     0.0000,    18.0000,    -0.3061,     0.0245,    -0.0153,    -0.0555,    -0.0033,     0.0022
    6.7500,     1.0000,     0.9774,     0.0000,    18.2500,    -0.3210,     0.0257,    -0.0161,    -0.0583,    -0.0035,     0.0023
    6.7500,     1.0000,     0.9774,     0.0000,    18.5000,    -0.3357,     0.0269,    -0.0168,    -0.0610,    -0.0037,     0.0024
    6.7500,     1.0000,     0.9774,     0.0000,    18.7500,    -0.3502,     0.0280,    -0.0175,    -0.0638,    -0.0038,     0.0026
    6.7500,     1.0000,     0.9774,     0.0000,    19.0000,    -0.3645,     0.0292,    -0.0182,    -0.0665,    -0.0040,     0.0027
    6.7500,     1.0000,     0.9774,     0.0000,    19.2500,    -0.3787,     0.0303,    -0.0189,    -0.0692,    -0.0042,     0.0028
    6.7500,     1.0000,     0.9774,     0.0000,    19.5000,    -0.3926,     0.0314,    -0.0196,    -0.0718,    -0.0043,     0.0029
    6.7500,     1.0000,     0.9774,     0.0000,    19.7500,    -0.4063,     0.0325,    -0.0203,    -0.0744,    -0.0045,     0.0030
    6.7500,     1.0000,     0.9774,     0.0000,    20.0000,    -0.4197,     0.0336,    -0.0210,    -0.0770,    -0.0046,     0.0031
    6.7500,     1.0000,     0.9774,     0.0000,    20.2500,    -0.4329,     0.0346,    -0.0216,    -0.0795,    -0.0048,     0.0032
    6.7500,     1.0000,     0.9774,     0.0000,    20.5000,    -0.4458,     0.0357,    -0.0223,    -0.0820,    -0.0049,     0.0033
    6.7500,     1.0000,     0.9774,     0.0000,    20.7500,    -0.4584,     0.0367,    -0.0229,    -0.0844,    -0.0051,     0.0034
    6.7500,     1.0000,     0.9774,     0.0000,    21.0000,    -0.4707,     0.0377,    -0.0235,    -0.0868,    -0.0052,     0.0035
    6.7500,     1.0000,     0.9774,     0.0000,    21.2500,    -0.4827,     0.0386,    -0.0241,    -0.0892,    -0.0054,     0.0036
    6.7500,     1.0000,     0.9774,     0.0000,    21.5000,    -0.4943,     0.0395,    -0.0247,    -0.0916,    -0.0055,     0.0037
    6.7500,     1.0000,     0.9774,     0.0000,    21.7500,    -0.5056,     0.0404,    -0.0253,    -0.0939,    -0.0056,     0.0038
    6.7500,     1.0000,     0.9774,     0.0000,    22.0000,    -0.5165,     0.0413,    -0.0258,    -0.0963,    -0.0058,     0.0039
    6.7500,     1.0000,     0.9774,     0.0000,    22.2500,    -0.5269,     0.0422,    -0.0263,    -0.0987,    -0.0059,     0.0039
    6.7500,     1.0000,     0.9774,     0.0000,    22.5000,    -0.5370,     0.0430,    -0.0269,    -0.1011,    -0.0061,     0.0040
    6.7500,     1.0000,     0.9774,     0.0000,    22.7500,    -0.5466,     0.0437,    -0.0273,    -0.1035,    -0.0062,     0.0041
    6.7500,     1.0000,     0.9774,     0.0000,    23.0000,    -0.5557,     0.0445,    -0.0278,    -0.1061,    -0.0064,     0.0042
    6.7500,     1.0000,     0.9774,     0.0000,    23.2500,    -0.5642,     0.0451,    -0.0282,    -0.1086,    -0.0065,     0.0043
    6.7500,     1.0000,     0.9774,     0.0000,    23.5000,    -0.5722,     0.0458,    -0.0286,    -0.1113,    -0.0067,     0.0045
    6.7500,     1.0000,     0.9774,     0.0000,    23.7500,    -0.5796,     0.0464,    -0.0290,    -0.1140,    -0.0068,     0.0046
    6.7500,     1.0000,     0.9774,     0.0000,    24.0000,    -0.5863,     0.0469,    -0.0293,    -0.1167,    -0.0070,     0.0047
    6.7500,     1.0000,     0.9774,     0.0000,    24.2500,    -0.5923,     0.0474,    -0.0296,    -0.1195,    -0.0072,     0.0048
    6.7500,     1.0000,     0.9774,     0.0000,    24.5000,    -0.5976,     0.0478,    -0.0299,    -0.1224,    -0.0073,     0.0049
    6.7500,     1.0000,     0.9774,     0.0000,    24.7500,    -0.6020,     0.0482,    -0.0301,    -0.1252,    -0.0075,     0.0050
    7.0000,     1.0000,     0.9425,     0.0000,    -1.0000,     0.7837,    -0.0627,     0.0392,     0.0663,     0.0040,    -0.0027
    7.0000,     1.0000,     0.9425,     0.0000,    -0.7500,     0.7733,    -0.0619,     0.0387,     0.0663,     0.0040,    -0.0027
    7.0000,     1.0000,     0.9425,     0.0000,    -0.5000,     0.7628,    -0.0610,     0.0381,     0.0663,     0.0040,    -0.0027
    7.0000,     1.0000,     0.9425,     0.0000,    -0.2500,     0.7520,    -0.0602,     0.0376,     0.0662,     0.0040,    -0.0026
    7.0000,     1.0000,     0.9425,     0.0000,     0.0000,     0.7409,    -0.0593,     0.0370,     0.0660,     0.0040,    -0.0026
    7.0000,     1.0000,     0.9425,     0.0000,     0.2500,     0.7297,    -0.0584,     0.0365,     0.0658,     0.0039,    -0.0026
    7.0000,     1.0000,     0.9425,     0.0000,     0.5000,     0.7182,    -0.0575,     0.0359,     0.0656,     0.0039,    -0.0026
    7.0000,     1.0000,     0.9425,     0.0000,     0.7500,     0.7066,    -0.0565,     0.0353,     0.0653,     0.0039,    -0.0026
    7.0000,     1.0000,     0.9425,     0.0000,     1.0000,     0.6947,    -0.0556,     0.0347,     0.0649,     0.0039,    -0.0026
    7.0000,     1.0000,     0.9425,     0.0000,     1.2500,     0.6826,    -0.0546,     0.0341,     0.0645,     0.0039,    -0.0026
    7.0000,     1.0000,     0.9425,     0.0000,     1.5000,     0.6703,    -0.0536,     0.0335,     0.0641,     0.0038,    -0.0026
    7.0000,     1.0000,     0.9425,     0.0000,     1.7500,     0.6579,    -0.0526,     0.0329,     0.0636,     0.0038,    -0.0025
    7.0000,     1.0000,     0.9425,     0.0000,     2.0000,     0.6452,    -0.0516,     0.0323,     0.0630,     0.0038,    -0.0025
    7.0000,     1.0000,     0.9425,     0.0000,     2.2500,     0.6324,    -0.0506,     0.0316,     0.0624,     0.0037,    -0.0025
    7.0000,     1.0000,     0.9425,     0.0000,     2.5000,     0.6194,    -0.0496,     0.0310,     0.0618,     0.0037,    -0.0025
    7.0000,     1.0000,     0.9425,     0.0000,     2.7500,     0.6062,    -0.0485,     0.0303,     0.0611,     0.0037,    -0.0024
    7.0000,     1.0000,     0.9425,     0.0000,     3.0000,     0.5928,    -0.0474,     0.0296,     0.0603,     0.0036,    -0.0024
    7.0000,     1.0000,     0.9425,     0.0000,     3.2500,     0.5793,    -0.0463,     0.0290,     0.0595,     0.0036,    -0.0024
    7.0000,     1.0000,     0.9425,     0.0000,     3.5000,     0.5656,    -0.0452,     0.0283,     0.0587,     0.0035,    -0.0023
    7.0000,     1.0000,     0.9425,     0.0000,     3.7500,     0.5518,    -0.0441,     0.0276,     0.0578,     0.0035,    -0.0023
    7.0000,     1.0000,     0.9425,     0.0000,     4.0000,     0.5378,    -0.0430,     0.0269,     0.0568,     0.0034,    -0.0023
    7.0000,     1.0000,     0.9425,     0.0000,     4.2500,     0.5236,    -0.0419,     0.0262,     0.0558,     0.0033,    -0.0022
    7.0000,     1.0000,     0.9425,     0.0000,     4.5000,     0.5094,    -0.0408,     0.0255,     0.0547,     0.0033,    -0.0022
    7.0000,     1.0000,     0.9425,     0.0000,     4.7500,     0.4950,    -0.0396,     0.0248,     0.0536,     0.0032,    -0.0021
    7.0000,     1.0000,     0.9425,     0.0000,     5.0000,     0.4805,    -0.0384,     0.0240,     0.0524,     0.0031,    -0.0021
    7.0000,     1.0000,     0.9425,     0.0000,     5.2500,     0.4659,    -0.0373,     0.0233,     0.0512,     0.0031,    -0.0020
    7.0000,     1.0000,     0.9425,     0.0000,     5.5000,     0.4511,    -0.0361,     0.0226,     0.0500,     0.0030,    -0.0020
    7.0000,     1.0000,     0.9425,     0.0000,     5.7500,     0.4363,    -0.0349,     0.0218,     0.0487,     0.0029,    -0.0019
    7.0000,     1.0000,     0.9425,     0.0000,     6.0000,     0.4213,    -0.0337,     0.0211,     0.0473,     0.0028,    -0.0019
    7.0000,     1.0000,     0.9425,     0.0000,     6.2500,     0.4062,    -0.0325,     0.0203,     0.0459,     0.0028,    -0.0018
    7.0000,     1.0000,     0.9425,     0.0000,     6.5000,     0.3910,    -0.0313,     0.0196,     0.0444,     0.0027,    -0.0018
    7.0000,     1.0000,     0.9425,     0.0000,     6.7500,     0.3758,    -0.0301,     0.0188,     0.0429,     0.0026,    -0.0017
    7.0000,     1.0000,     0.9425,     0.0000,     7.0000,     0.3604,    -0.0288,     0.0180,     0.0414,     0.0025,    -0.0017
    7.0000,     1.0000,     0.9425,     0.0000,     7.2500,     0.3450,    -0.0276,     0.0172,     0.0397,     0.0024,    -0.0016
    7.0000,     1.0000,     0.9425,     0.0000,     7.5000,     0.3294,    -0.0264,     0.0165,     0.0381,     0.0023,    -0.0015
    7.0000,     1.0000,     0.9425,     0.0000,     7.7500,     0.3138,    -0.0251,     0.0157,     0.0364,     0.0022,    -0.0015
    7.0000,     1.0000,     0.9425,     0.0000,     8.0000,     0.2982,    -0.0239,     0.0149,     0.0346,     0.0021,    -0.0014
    7.0000,     1.0000,     0.9425,     0.0000,     8.2500,     0.2825,    -0.0226,     0.0141,     0.0328,     0.0020,    -0.0013
    7.0000,     1.0000,     0.9425,     0.0000,     8.5000,     0.2667,    -0.0213,     0.0133,     0.0310,     0.0019,    -0.0012
    7.0000,     1.0000,     0.9425,     0.0000,     8.7500,     0.2508,    -0.0201,     0.0125,     0.0291,     0.0017,    -0.0012
    7.0000,     1.0000,     0.9425,     0.0000,     9.0000,     0.2350,    -0.0188,     0.0118,     0.0272,     0.0016,    -0.0011
    7.0000,     1.0000,     0.9425,     0.0000,     9.2500,     0.2190,    -0.0175,     0.0110,     0.0252,     0.0015,    -0.0010
    7.0000,     1.0000,     0.9425,     0.0000,     9.5000,     0.2030,    -0.0162,     0.0102,     0.0232,     0.0014,    -0.0009
    7.0000,     1.0000,     0.9425,     0.0000,     9.7500,     0.1870,    -0.0150,     0.0094,     0.0212,     0.0013,    -0.0008
    7.0000,     1.0000,     0.9425,     0.0000,    10.0000,     0.1709,    -0.0137,     0.0085,     0.0191,     0.0011,    -0.0008
    7.0000,     1.0000,     0.9425,     0.0000,    10.2500,     0.1547,    -0.0124,     0.0077,     0.0170,     0.0010,    -0.0007
    7.0000,     1.0000,     0.9425,     0.0000,    10.5000,     0.1385,    -0.0111,     0.0069,     0.0149,     0.0009,    -0.0006
    7.0000,     1.0000,     0.9425,     0.0000,    10.7500,     0.1222,    -0.0098,     0.0061,     0.0127,     0.0008,    -0.0005
    7.0000,     1.0000,     0.9425,     0.0000,    11.0000,     0.1059,    -0.0085,     0.0053,     0.0105,     0.0006,    -0.0004
    7.0000,     1.0000,     0.9425,     0.0000,    11.2500,     0.0895,    -0.0072,     0.0045,     0.0082,     0.0005,    -0.0003
    7.0000,     1.0000,     0.9425,     0.0000,    11.5000,     0.0732,    -0.0059,     0.0037,     0.0060,     0.0004,    -0.0002
    7.0000,     1.0000,     0.9425,     0.0000,    11.7500,     0.0567,    -0.0045,     0.0028,     0.0037,     0.0002,    -0.0001
    7.0000,     1.0000,     0.9425,     0.0000,    12.0000,     0.0403,    -0.0032,     0.0020,     0.0013,     0.0001,    -0.0001
    7.0000,     1.0000,     0.9425,     0.0000,    12.2500,     0.0238,    -0.0019,     0.0012,    -0.0010,    -0.0001,     0.0000
    7.0000,     1.0000,     0.9425,     0.0000,    12.5000,     0.0073,    -0.0006,     0.0004,    -0.0034,    -0.0002,     0.0001
    7.0000,     1.0000,     0.9425,     0.0000,    12.7500,    -0.0093,     0.0007,    -0.0005,    -0.0058,    -0.0003,     0.0002
    7.0000,     1.0000,     0.9425,     0.0000,    13.0000,    -0.0258,     0.0021,    -0.0013,    -0.0083,    -0.0005,     0.0003
    7.0000,     1.0000,     0.9425,     0.0000,    13.2500,    -0.0424,     0.0034,    -0.0021,    -0.0107,    -0.0006,     0.0004
    7.0000,     1.0000,     0.9425,     0.0000,    13.5000,    -0.0590,     0.0047,    -0.0029,    -0.0132,    -0.0008,     0.0005
    7.0000,     1.0000,     0.9425,     0.0000,    13.7500,    -0.0757,     0.0061,    -0.0038,    -0.0157,    -0.0009,     0.0006
    7.0000,     1.0000,     0.9425,     0.0000,    14.0000,    -0.0923,     0.0074,    -0.0046,    -0.0183,    -0.0011,     0.0007
    7.0000,     1.0000,     0.9425,     0.0000,    14.2500,    -0.1090,     0.0087,    -0.0054,    -0.0209,    -0.0013,     0.0008
    7.0000,     1.0000,     0.9425,     0.0000,    14.5000,    -0.1257,     0.0101,    -0.0063,    -0.0235,    -0.0014,     0.0009
    7.0000,     1.0000,     0.9425,     0.0000,    14.7500,    -0.1425,     0.0114,    -0.0071,    -0.0261,    -0.0016,     0.0010
    7.0000,     1.0000,     0.9425,     0.0000,    15.0000,    -0.1592,     0.0127,    -0.0080,    -0.0288,    -0.0017,     0.0012
    7.0000,     1.0000,     0.9425,     0.0000,    15.2500,    -0.1759,     0.0141,    -0.0088,    -0.0315,    -0.0019,     0.0013
    7.0000,     1.0000,     0.9425,     0.0000,    15.5000,    -0.1926,     0.0154,    -0.0096,    -0.0343,    -0.0021,     0.0014
    7.0000,     1.0000,     0.9425,     0.0000,    15.7500,    -0.2093,     0.0167,    -0.0105,    -0.0370,    -0.0022,     0.0015
    7.0000,     1.0000,     0.9425,     0.0000,    16.0000,    -0.2259,     0.0181,    -0.0113,    -0.0398,    -0.0024,     0.0016
    7.0000,     1.0000,     0.9425,     0.0000,    16.2500,    -0.2425,     0.0194,    -0.0121,    -0.0426,    -0.0026,     0.0017
    7.0000,     1.0000,     0.9425,     0.0000,    16.5000,    -0.2591,     0.0207,    -0.0130,    -0.0455,    -0.0027,     0.0018
    7.0000,     1.0000,     0.9425,     0.0000,    16.7500,    -0.2755,     0.0220,    -0.0138,    -0.0483,    -0.0029,     0.0019
    7.0000,     1.0000,     0.9425,     0.0000,    17.0000,    -0.2919,     0.0234,    -0.0146,    -0.0512,    -0.0031,     0.0020
    7.0000,     1.0000,     0.9425,     0.0000,    17.2500,    -0.3081,     0.0246,    -0.0154,    -0.0541,    -0.0032,     0.0022
    7.0000,     1.0000,     0.9425,     0.0000,    17.5000,    -0.3242,     0.0259,    -0.0162,    -0.0570,    -0.0034,     0.0023
    7.0000,     1.0000,     0.9425,     0.0000,    17.7500,    -0.3401,     0.0272,    -0.0170,    -0.0599,    -0.0036,     0.0024
    7.0000,     1.0000,     0.9425,     0.0000,    18.0000,    -0.3559,     0.0285,    -0.0178,    -0.0628,    -0.0038,     0.0025
    7.0000,     1.0000,     0.9425,     0.0000,    18.2500,    -0.3715,     0.0297,    -0.0186,    -0.0657,    -0.0039,     0.0026
    7.0000,     1.0000,     0.9425,     0.0000,    18.5000,    -0.3869,     0.0310,    -0.0193,    -0.0685,    -0.0041,     0.0027
    7.0000,     1.0000,     0.9425,     0.0000,    18.7500,    -0.4020,     0.0322,    -0.0201,    -0.0713,    -0.0043,     0.0029
    7.0000,     1.0000,     0.9425,     0.0000,    19.0000,    -0.4170,     0.0334,    -0.0209,    -0.0741,    -0.0044,     0.0030
    7.0000,     1.0000,     0.9425,     0.0000,    19.2500,    -0.4317,     0.0345,    -0.0216,    -0.0768,    -0.0046,     0.0031
    7.0000,     1.0000,     0.9425,     0.0000,    19.5000,    -0.4461,     0.0357,    -0.0223,    -0.0795,    -0.0048,     0.0032
    7.0000,     1.0000,     0.9425,     0.0000,    19.7500,    -0.4602,     0.0368,    -0.0230,    -0.0822,    -0.0049,     0.0033
    7.0000,     1.0000,     0.9425,     0.0000,    20.0000,    -0.4741,     0.0379,    -0.0237,    -0.0848,    -0.0051,     0.0034
    7.0000,     1.0000,     0.9425,     0.0000,    20.2500,    -0.4877,     0.0390,    -0.0244,    -0.0873,    -0.0052,     0.0035
    7.0000,     1.0000,     0.9425,     0.0000,    20.5000,    -0.5009,     0.0401,    -0.0250,    -0.0899,    -0.0054,     0.0036
    7.0000,     1.0000,     0.9425,     0.0000,    20.7500,    -0.5138,     0.0411,    -0.0257,    -0.0923,    -0.0055,     0.0037
    7.0000,     1.0000,     0.9425,     0.0000,    21.0000,    -0.5264,     0.0421,    -0.0263,    -0.0948,    -0.0057,     0.0038
    7.0000,     1.0000,     0.9425,     0.0000,    21.2500,    -0.5386,     0.0431,    -0.0269,    -0.0973,    -0.0058,     0.0039
    7.0000,     1.0000,     0.9425,     0.0000,    21.5000,    -0.5504,     0.0440,    -0.0275,    -0.0997,    -0.0060,     0.0040
    7.0000,     1.0000,     0.9425,     0.0000,    21.7500,    -0.5618,     0.0449,    -0.0281,    -0.1022,    -0.0061,     0.0041
    7.0000,     1.0000,     0.9425,     0.0000,    22.0000,    -0.5727,     0.0458,    -0.0286,    -0.1046,    -0.0063,     0.0042
    7.0000,     1.0000,     0.9425,     0.0000,    22.2500,    -0.5832,     0.0467,    -0.0292,    -0.1072,    -0.0064,     0.0043
    7.0000,     1.0000,     0.9425,     0.0000,    22.5000,    -0.5931,     0.0474,    -0.0297,    -0.1097,    -0.0066,     0.0044
    7.0000,     1.0000,     0.9425,     0.0000,    22.7500,    -0.6026,     0.0482,    -0.0301,    -0.1124,    -0.0067,     0.0045
    7.0000,     1.0000,     0.9425,     0.0000,    23.0000,    -0.6114,     0.0489,    -0.0306,    -0.1151,    -0.0069,     0.0046
    7.0000,     1.0000,     0.9425,     0.0000,    23.2500,    -0.6197,     0.0496,    -0.0310,    -0.1179,    -0.0071,     0.0047
    7.0000,     1.0000,     0.9425,     0.0000,    23.5000,    -0.6273,     0.0502,    -0.0314,    -0.1207,    -0.0072,     0.0048
    7.0000,     1.0000,     0.9425,     0.0000,    23.7500,    -0.6342,     0.0507,    -0.0317,    -0.1236,    -0.0074,     0.0049
    7.0000,     1.0000,     0.9425,     0.0000,    24.0000,    -0.6403,     0.0512,    -0.0320,    -0.1266,    -0.0076,     0.0051
    7.0000,     1.0000,     0.9425,     0.0000,    24.2500,    -0.6456,     0.0516,    -0.0323,    -0.1297,    -0.0078,     0.0052
    7.0000,     1.0000,     0.9425,     0.0000,    24.5000,    -0.6500,     0.0520,    -0.0325,    -0.1327,    -0.0080,     0.0053
    7.0000,     1.0000,     0.9425,     0.0000,    24.7500,    -0.6536,     0.0523,    -0.0327,    -0.1358,    -0.0081,     0.0054
    7.2500,     1.0000,     0.9100,     0.0000,    -1.0000,     0.8054,    -0.0644,     0.0403,     0.0641,     0.0038,    -0.0026
    7.2500,     1.0000,     0.9100,     0.0000,    -0.7500,     0.7943,    -0.0635,     0.0397,     0.0642,     0.0039,    -0.0026
    7.2500,     1.0000,     0.9100,     0.0000,    -0.5000,     0.7830,    -0.0626,     0.0392,     0.0642,     0.0039,    -0.0026
    7.2500,     1.0000,     0.9100,     0.0000,    -0.2500,     0.7716,    -0.0617,     0.0386,     0.0642,     0.0039,    -0.0026
    7.2500,     1.0000,     0.9100,     0.0000,     0.0000,     0.7599,    -0.0608,     0.0380,     0.0641,     0.0038,    -0.0026
    7.2500,     1.0000,     0.9100,     0.0000,     0.2500,     0.7479,    -0.0598,     0.0374,     0.0640,     0.0038,    -0.0026
    7.2500,     1.0000,     0.9100,     0.0000,     0.5000,     0.7358,    -0.0589,     0.0368,     0.0638,     0.0038,    -0.0026
    7.2500,     1.0000,     0.9100,     0.0000,     0.7500,     0.7234,    -0.0579,     0.0362,     0.0635,     0.0038,    -0.0025
    7.2500,     1.0000,     0.9100,     0.0000,     1.0000,     0.7108,    -0.0569,     0.0355,     0.0632,     0.0038,    -0.0025
    7.2500,     1.0000,     0.9100,     0.0000,     1.2500,     0.6980,    -0.0558,     0.0349,     0.0629,     0.0038,    -0.0025
    7.2500,     1.0000,     0.9100,     0.0000,     1.5000,     0.6849,    -0.0548,     0.0342,     0.0625,     0.0037,    -0.0025
    7.2500,     1.0000,     0.9100,     0.0000,     1.7500,     0.6717,    -0.0537,     0.0336,     0.0620,     0.0037,    -0.0025
    7.2500,     1.0000,     0.9100,     0.0000,     2.0000,     0.6582,    -0.0527,     0.0329,     0.0615,     0.0037,    -0.0025
    7.2500,     1.0000,     0.9100,     0.0000,     2.2500,     0.6446,    -0.0516,     0.0322,     0.0609,     0.0037,    -0.0024
    7.2500,     1.0000,     0.9100,     0.0000,     2.5000,     0.6307,    -0.0505,     0.0315,     0.0603,     0.0036,    -0.0024
    7.2500,     1.0000,     0.9100,     0.0000,     2.7500,     0.6166,    -0.0493,     0.0308,     0.0596,     0.0036,    -0.0024
    7.2500,     1.0000,     0.9100,     0.0000,     3.0000,     0.6024,    -0.0482,     0.0301,     0.0588,     0.0035,    -0.0024
    7.2500,     1.0000,     0.9100,     0.0000,     3.2500,     0.5880,    -0.0470,     0.0294,     0.0580,     0.0035,    -0.0023
    7.2500,     1.0000,     0.9100,     0.0000,     3.5000,     0.5734,    -0.0459,     0.0287,     0.0571,     0.0034,    -0.0023
    7.2500,     1.0000,     0.9100,     0.0000,     3.7500,     0.5586,    -0.0447,     0.0279,     0.0562,     0.0034,    -0.0022
    7.2500,     1.0000,     0.9100,     0.0000,     4.0000,     0.5437,    -0.0435,     0.0272,     0.0552,     0.0033,    -0.0022
    7.2500,     1.0000,     0.9100,     0.0000,     4.2500,     0.5286,    -0.0423,     0.0264,     0.0542,     0.0033,    -0.0022
    7.2500,     1.0000,     0.9100,     0.0000,     4.5000,     0.5134,    -0.0411,     0.0257,     0.0531,     0.0032,    -0.0021
    7.2500,     1.0000,     0.9100,     0.0000,     4.7500,     0.4980,    -0.0398,     0.0249,     0.0519,     0.0031,    -0.0021
    7.2500,     1.0000,     0.9100,     0.0000,     5.0000,     0.4826,    -0.0386,     0.0241,     0.0507,     0.0030,    -0.0020
    7.2500,     1.0000,     0.9100,     0.0000,     5.2500,     0.4669,    -0.0374,     0.0233,     0.0495,     0.0030,    -0.0020
    7.2500,     1.0000,     0.9100,     0.0000,     5.5000,     0.4512,    -0.0361,     0.0226,     0.0481,     0.0029,    -0.0019
    7.2500,     1.0000,     0.9100,     0.0000,     5.7500,     0.4353,    -0.0348,     0.0218,     0.0468,     0.0028,    -0.0019
    7.2500,     1.0000,     0.9100,     0.0000,     6.0000,     0.4193,    -0.0335,     0.0210,     0.0453,     0.0027,    -0.0018
    7.2500,     1.0000,     0.9100,     0.0000,     6.2500,     0.4032,    -0.0323,     0.0202,     0.0439,     0.0026,    -0.0018
    7.2500,     1.0000,     0.9100,     0.0000,     6.5000,     0.3870,    -0.0310,     0.0194,     0.0423,     0.0025,    -0.0017
    7.2500,     1.0000,     0.9100,     0.0000,     6.7500,     0.3707,    -0.0297,     0.0185,     0.0407,     0.0024,    -0.0016
    7.2500,     1.0000,     0.9100,     0.0000,     7.0000,     0.3543,    -0.0283,     0.0177,     0.0391,     0.0023,    -0.0016
    7.2500,     1.0000,     0.9100,     0.0000,     7.2500,     0.3378,    -0.0270,     0.0169,     0.0374,     0.0022,    -0.0015
    7.2500,     1.0000,     0.9100,     0.0000,     7.5000,     0.3212,    -0.0257,     0.0161,     0.0357,     0.0021,    -0.0014
    7.2500,     1.0000,     0.9100,     0.0000,     7.7500,     0.3046,    -0.0244,     0.0152,     0.0339,     0.0020,    -0.0014
    7.2500,     1.0000,     0.9100,     0.0000,     8.0000,     0.2879,    -0.0230,     0.0144,     0.0321,     0.0019,    -0.0013
    7.2500,     1.0000,     0.9100,     0.0000,     8.2500,     0.2711,    -0.0217,     0.0136,     0.0302,     0.0018,    -0.0012
    7.2500,     1.0000,     0.9100,     0.0000,     8.5000,     0.2543,    -0.0203,     0.0127,     0.0282,     0.0017,    -0.0011
    7.2500,     1.0000,     0.9100,     0.0000,     8.7500,     0.2374,    -0.0190,     0.0119,     0.0263,     0.0016,    -0.0011
    7.2500,     1.0000,     0.9100,     0.0000,     9.0000,     0.2205,    -0.0176,     0.0110,     0.0242,     0.0015,    -0.0010
    7.2500,     1.0000,     0.9100,     0.0000,     9.2500,     0.2035,    -0.0163,     0.0102,     0.0222,     0.0013,    -0.0009
    7.2500,     1.0000,     0.9100,     0.0000,     9.5000,     0.1864,    -0.0149,     0.0093,     0.0201,     0.0012,    -0.0008
    7.2500,     1.0000,     0.9100,     0.0000,     9.7500,     0.1693,    -0.0135,     0.0085,     0.0180,     0.0011,    -0.0007
    7.2500,     1.0000,     0.9100,     0.0000,    10.0000,     0.1521,    -0.0122,     0.0076,     0.0158,     0.0009,    -0.0006
    7.2500,     1.0000,     0.9100,     0.0000,    10.2500,     0.1348,    -0.0108,     0.0067,     0.0136,     0.0008,    -0.0005
    7.2500,     1.0000,     0.9100,     0.0000,    10.5000,     0.1175,    -0.0094,     0.0059,     0.0113,     0.0007,    -0.0005
    7.2500,     1.0000,     0.9100,     0.0000,    10.7500,     0.1002,    -0.0080,     0.0050,     0.0090,     0.0005,    -0.0004
    7.2500,     1.0000,     0.9100,     0.0000,    11.0000,     0.0828,    -0.0066,     0.0041,     0.0067,     0.0004,    -0.0003
    7.2500,     1.0000,     0.9100,     0.0000,    11.2500,     0.0653,    -0.0052,     0.0033,     0.0044,     0.0003,    -0.0002
    7.2500,     1.0000,     0.9100,     0.0000,    11.5000,     0.0479,    -0.0038,     0.0024,     0.0020,     0.0001,    -0.0001
    7.2500,     1.0000,     0.9100,     0.0000,    11.7500,     0.0304,    -0.0024,     0.0015,    -0.0004,    -0.0000,     0.0000
    7.2500,     1.0000,     0.9100,     0.0000,    12.0000,     0.0128,    -0.0010,     0.0006,    -0.0029,    -0.0002,     0.0001
    7.2500,     1.0000,     0.9100,     0.0000,    12.2500,    -0.0048,     0.0004,    -0.0002,    -0.0053,    -0.0003,     0.0002
    7.2500,     1.0000,     0.9100,     0.0000,    12.5000,    -0.0224,     0.0018,    -0.0011,    -0.0079,    -0.0005,     0.0003
    7.2500,     1.0000,     0.9100,     0.0000,    12.7500,    -0.0400,     0.0032,    -0.0020,    -0.0104,    -0.0006,     0.0004
    7.2500,     1.0000,     0.9100,     0.0000,    13.0000,    -0.0577,     0.0046,    -0.0029,    -0.0129,    -0.0008,     0.0005
    7.2500,     1.0000,     0.9100,     0.0000,    13.2500,    -0.0754,     0.0060,    -0.0038,    -0.0155,    -0.0009,     0.0006
    7.2500,     1.0000,     0.9100,     0.0000,    13.5000,    -0.0931,     0.0074,    -0.0047,    -0.0182,    -0.0011,     0.0007
    7.2500,     1.0000,     0.9100,     0.0000,    13.7500,    -0.1109,     0.0089,    -0.0055,    -0.0208,    -0.0012,     0.0008
    7.2500,     1.0000,     0.9100,     0.0000,    14.0000,    -0.1286,     0.0103,    -0.0064,    -0.0235,    -0.0014,     0.0009
    7.2500,     1.0000,     0.9100,     0.0000,    14.2500,    -0.1464,     0.0117,    -0.0073,    -0.0262,    -0.0016,     0.0010
    7.2500,     1.0000,     0.9100,     0.0000,    14.5000,    -0.1642,     0.0131,    -0.0082,    -0.0290,    -0.0017,     0.0012
    7.2500,     1.0000,     0.9100,     0.0000,    14.7500,    -0.1821,     0.0146,    -0.0091,    -0.0318,    -0.0019,     0.0013
    7.2500,     1.0000,     0.9100,     0.0000,    15.0000,    -0.1999,     0.0160,    -0.0100,    -0.0346,    -0.0021,     0.0014
    7.2500,     1.0000,     0.9100,     0.0000,    15.2500,    -0.2177,     0.0174,    -0.0109,    -0.0374,    -0.0022,     0.0015
    7.2500,     1.0000,     0.9100,     0.0000,    15.5000,    -0.2354,     0.0188,    -0.0118,    -0.0403,    -0.0024,     0.0016
    7.2500,     1.0000,     0.9100,     0.0000,    15.7500,    -0.2531,     0.0202,    -0.0127,    -0.0432,    -0.0026,     0.0017
    7.2500,     1.0000,     0.9100,     0.0000,    16.0000,    -0.2708,     0.0217,    -0.0135,    -0.0462,    -0.0028,     0.0018
    7.2500,     1.0000,     0.9100,     0.0000,    16.2500,    -0.2884,     0.0231,    -0.0144,    -0.0491,    -0.0029,     0.0020
    7.2500,     1.0000,     0.9100,     0.0000,    16.5000,    -0.3058,     0.0245,    -0.0153,    -0.0521,    -0.0031,     0.0021
    7.2500,     1.0000,     0.9100,     0.0000,    16.7500,    -0.3232,     0.0259,    -0.0162,    -0.0551,    -0.0033,     0.0022
    7.2500,     1.0000,     0.9100,     0.0000,    17.0000,    -0.3404,     0.0272,    -0.0170,    -0.0581,    -0.0035,     0.0023
    7.2500,     1.0000,     0.9100,     0.0000,    17.2500,    -0.3575,     0.0286,    -0.0179,    -0.0611,    -0.0037,     0.0024
    7.2500,     1.0000,     0.9100,     0.0000,    17.5000,    -0.3744,     0.0300,    -0.0187,    -0.0642,    -0.0039,     0.0026
    7.2500,     1.0000,     0.9100,     0.0000,    17.7500,    -0.3911,     0.0313,    -0.0196,    -0.0672,    -0.0040,     0.0027
    7.2500,     1.0000,     0.9100,     0.0000,    18.0000,    -0.4075,     0.0326,    -0.0204,    -0.0701,    -0.0042,     0.0028
    7.2500,     1.0000,     0.9100,     0.0000,    18.2500,    -0.4238,     0.0339,    -0.0212,    -0.0731,    -0.0044,     0.0029
    7.2500,     1.0000,     0.9100,     0.0000,    18.5000,    -0.4398,     0.0352,    -0.0220,    -0.0760,    -0.0046,     0.0030
    7.2500,     1.0000,     0.9100,     0.0000,    18.7500,    -0.4556,     0.0364,    -0.0228,    -0.0789,    -0.0047,     0.0032
    7.2500,     1.0000,     0.9100,     0.0000,    19.0000,    -0.4711,     0.0377,    -0.0236,    -0.0817,    -0.0049,     0.0033
    7.2500,     1.0000,     0.9100,     0.0000,    19.2500,    -0.4863,     0.0389,    -0.0243,    -0.0845,    -0.0051,     0.0034
    7.2500,     1.0000,     0.9100,     0.0000,    19.5000,    -0.5012,     0.0401,    -0.0251,    -0.0873,    -0.0052,     0.0035
    7.2500,     1.0000,     0.9100,     0.0000,    19.7500,    -0.5158,     0.0413,    -0.0258,    -0.0899,    -0.0054,     0.0036
    7.2500,     1.0000,     0.9100,     0.0000,    20.0000,    -0.5300,     0.0424,    -0.0265,    -0.0926,    -0.0056,     0.0037
    7.2500,     1.0000,     0.9100,     0.0000,    20.2500,    -0.5440,     0.0435,    -0.0272,    -0.0952,    -0.0057,     0.0038
    7.2500,     1.0000,     0.9100,     0.0000,    20.5000,    -0.5575,     0.0446,    -0.0279,    -0.0978,    -0.0059,     0.0039
    7.2500,     1.0000,     0.9100,     0.0000,    20.7500,    -0.5707,     0.0457,    -0.0285,    -0.1003,    -0.0060,     0.0040
    7.2500,     1.0000,     0.9100,     0.0000,    21.0000,    -0.5835,     0.0467,    -0.0292,    -0.1028,    -0.0062,     0.0041
    7.2500,     1.0000,     0.9100,     0.0000,    21.2500,    -0.5958,     0.0477,    -0.0298,    -0.1054,    -0.0063,     0.0042
    7.2500,     1.0000,     0.9100,     0.0000,    21.5000,    -0.6077,     0.0486,    -0.0304,    -0.1079,    -0.0065,     0.0043
    7.2500,     1.0000,     0.9100,     0.0000,    21.7500,    -0.6192,     0.0495,    -0.0310,    -0.1105,    -0.0066,     0.0044
    7.2500,     1.0000,     0.9100,     0.0000,    22.0000,    -0.6301,     0.0504,    -0.0315,    -0.1131,    -0.0068,     0.0045
    7.2500,     1.0000,     0.9100,     0.0000,    22.2500,    -0.6405,     0.0512,    -0.0320,    -0.1158,    -0.0069,     0.0046
    7.2500,     1.0000,     0.9100,     0.0000,    22.5000,    -0.6504,     0.0520,    -0.0325,    -0.1186,    -0.0071,     0.0047
    7.2500,     1.0000,     0.9100,     0.0000,    22.7500,    -0.6596,     0.0528,    -0.0330,    -0.1214,    -0.0073,     0.0049
    7.2500,     1.0000,     0.9100,     0.0000,    23.0000,    -0.6682,     0.0535,    -0.0334,    -0.1244,    -0.0075,     0.0050
    7.2500,     1.0000,     0.9100,     0.0000,    23.2500,    -0.6760,     0.0541,    -0.0338,    -0.1274,    -0.0076,     0.0051
    7.2500,     1.0000,     0.9100,     0.0000,    23.5000,    -0.6831,     0.0546,    -0.0342,    -0.1305,    -0.0078,     0.0052
    7.2500,     1.0000,     0.9100,     0.0000,    23.7500,    -0.6894,     0.0552,    -0.0345,    -0.1337,    -0.0080,     0.0053
    7.2500,     1.0000,     0.9100,     0.0000,    24.0000,    -0.6948,     0.0556,    -0.0347,    -0.1369,    -0.0082,     0.0055
    7.2500,     1.0000,     0.9100,     0.0000,    24.2500,    -0.6993,     0.0559,    -0.0350,    -0.1402,    -0.0084,     0.0056
    7.2500,     1.0000,     0.9100,     0.0000,    24.5000,    -0.7028,     0.0562,    -0.0351,    -0.1434,    -0.0086,     0.0057
    7.2500,     1.0000,     0.9100,     0.0000,    24.7500,    -0.7053,     0.0564,    -0.0353,    -0.1467,    -0.0088,     0.0059
    7.5000,     1.0000,     0.8796,     0.0000,    -1.0000,     0.8257,    -0.0661,     0.0413,     0.0618,     0.0037,    -0.0025
    7.5000,     1.0000,     0.8796,     0.0000,    -0.7500,     0.8140,    -0.0651,     0.0407,     0.0620,     0.0037,    -0.0025
    7.5000,     1.0000,     0.8796,     0.0000,    -0.5000,     0.8021,    -0.0642,     0.0401,     0.0621,     0.0037,    -0.0025
    7.5000,     1.0000,     0.8796,     0.0000,    -0.2500,     0.7900,    -0.0632,     0.0395,     0.0621,     0.0037,    -0.0025
    7.5000,     1.0000,     0.8796,     0.0000,     0.0000,     0.7776,    -0.0622,     0.0389,     0.0621,     0.0037,    -0.0025
    7.5000,     1.0000,     0.8796,     0.0000,     0.2500,     0.7650,    -0.0612,     0.0383,     0.0621,     0.0037,    -0.0025
    7.5000,     1.0000,     0.8796,     0.0000,     0.5000,     0.7522,    -0.0602,     0.0376,     0.0619,     0.0037,    -0.0025
    7.5000,     1.0000,     0.8796,     0.0000,     0.7500,     0.7392,    -0.0591,     0.0370,     0.0618,     0.0037,    -0.0025
    7.5000,     1.0000,     0.8796,     0.0000,     1.0000,     0.7259,    -0.0581,     0.0363,     0.0615,     0.0037,    -0.0025
    7.5000,     1.0000,     0.8796,     0.0000,     1.2500,     0.7123,    -0.0570,     0.0356,     0.0612,     0.0037,    -0.0024
    7.5000,     1.0000,     0.8796,     0.0000,     1.5000,     0.6985,    -0.0559,     0.0349,     0.0608,     0.0036,    -0.0024
    7.5000,     1.0000,     0.8796,     0.0000,     1.7500,     0.6845,    -0.0548,     0.0342,     0.0604,     0.0036,    -0.0024
    7.5000,     1.0000,     0.8796,     0.0000,     2.0000,     0.6703,    -0.0536,     0.0335,     0.0599,     0.0036,    -0.0024
    7.5000,     1.0000,     0.8796,     0.0000,     2.2500,     0.6558,    -0.0525,     0.0328,     0.0593,     0.0036,    -0.0024
    7.5000,     1.0000,     0.8796,     0.0000,     2.5000,     0.6411,    -0.0513,     0.0321,     0.0587,     0.0035,    -0.0023
    7.5000,     1.0000,     0.8796,     0.0000,     2.7500,     0.6262,    -0.0501,     0.0313,     0.0580,     0.0035,    -0.0023
    7.5000,     1.0000,     0.8796,     0.0000,     3.0000,     0.6111,    -0.0489,     0.0306,     0.0573,     0.0034,    -0.0023
    7.5000,     1.0000,     0.8796,     0.0000,     3.2500,     0.5958,    -0.0477,     0.0298,     0.0565,     0.0034,    -0.0023
    7.5000,     1.0000,     0.8796,     0.0000,     3.5000,     0.5803,    -0.0464,     0.0290,     0.0556,     0.0033,    -0.0022
    7.5000,     1.0000,     0.8796,     0.0000,     3.7500,     0.5646,    -0.0452,     0.0282,     0.0546,     0.0033,    -0.0022
    7.5000,     1.0000,     0.8796,     0.0000,     4.0000,     0.5487,    -0.0439,     0.0274,     0.0536,     0.0032,    -0.0021
    7.5000,     1.0000,     0.8796,     0.0000,     4.2500,     0.5327,    -0.0426,     0.0266,     0.0525,     0.0031,    -0.0021
    7.5000,     1.0000,     0.8796,     0.0000,     4.5000,     0.5165,    -0.0413,     0.0258,     0.0514,     0.0031,    -0.0021
    7.5000,     1.0000,     0.8796,     0.0000,     4.7500,     0.5002,    -0.0400,     0.0250,     0.0502,     0.0030,    -0.0020
    7.5000,     1.0000,     0.8796,     0.0000,     5.0000,     0.4837,    -0.0387,     0.0242,     0.0490,     0.0029,    -0.0020
    7.5000,     1.0000,     0.8796,     0.0000,     5.2500,     0.4671,    -0.0374,     0.0234,     0.0477,     0.0029,    -0.0019
    7.5000,     1.0000,     0.8796,     0.0000,     5.5000,     0.4503,    -0.0360,     0.0225,     0.0463,     0.0028,    -0.0019
    7.5000,     1.0000,     0.8796,     0.0000,     5.7500,     0.4334,    -0.0347,     0.0217,     0.0449,     0.0027,    -0.0018
    7.5000,     1.0000,     0.8796,     0.0000,     6.0000,     0.4164,    -0.0333,     0.0208,     0.0434,     0.0026,    -0.0017
    7.5000,     1.0000,     0.8796,     0.0000,     6.2500,     0.3992,    -0.0319,     0.0200,     0.0418,     0.0025,    -0.0017
    7.5000,     1.0000,     0.8796,     0.0000,     6.5000,     0.3820,    -0.0306,     0.0191,     0.0402,     0.0024,    -0.0016
    7.5000,     1.0000,     0.8796,     0.0000,     6.7500,     0.3646,    -0.0292,     0.0182,     0.0386,     0.0023,    -0.0015
    7.5000,     1.0000,     0.8796,     0.0000,     7.0000,     0.3471,    -0.0278,     0.0174,     0.0368,     0.0022,    -0.0015
    7.5000,     1.0000,     0.8796,     0.0000,     7.2500,     0.3296,    -0.0264,     0.0165,     0.0351,     0.0021,    -0.0014
    7.5000,     1.0000,     0.8796,     0.0000,     7.5000,     0.3119,    -0.0250,     0.0156,     0.0332,     0.0020,    -0.0013
    7.5000,     1.0000,     0.8796,     0.0000,     7.7500,     0.2942,    -0.0235,     0.0147,     0.0314,     0.0019,    -0.0013
    7.5000,     1.0000,     0.8796,     0.0000,     8.0000,     0.2765,    -0.0221,     0.0138,     0.0294,     0.0018,    -0.0012
    7.5000,     1.0000,     0.8796,     0.0000,     8.2500,     0.2586,    -0.0207,     0.0129,     0.0275,     0.0016,    -0.0011
    7.5000,     1.0000,     0.8796,     0.0000,     8.5000,     0.2407,    -0.0193,     0.0120,     0.0254,     0.0015,    -0.0010
    7.5000,     1.0000,     0.8796,     0.0000,     8.7500,     0.2227,    -0.0178,     0.0111,     0.0234,     0.0014,    -0.0009
    7.5000,     1.0000,     0.8796,     0.0000,     9.0000,     0.2047,    -0.0164,     0.0102,     0.0213,     0.0013,    -0.0009
    7.5000,     1.0000,     0.8796,     0.0000,     9.2500,     0.1866,    -0.0149,     0.0093,     0.0191,     0.0011,    -0.0008
    7.5000,     1.0000,     0.8796,     0.0000,     9.5000,     0.1684,    -0.0135,     0.0084,     0.0169,     0.0010,    -0.0007
    7.5000,     1.0000,     0.8796,     0.0000,     9.7500,     0.1502,    -0.0120,     0.0075,     0.0147,     0.0009,    -0.0006
    7.5000,     1.0000,     0.8796,     0.0000,    10.0000,     0.1319,    -0.0106,     0.0066,     0.0124,     0.0007,    -0.0005
    7.5000,     1.0000,     0.8796,     0.0000,    10.2500,     0.1135,    -0.0091,     0.0057,     0.0101,     0.0006,    -0.0004
    7.5000,     1.0000,     0.8796,     0.0000,    10.5000,     0.0951,    -0.0076,     0.0048,     0.0077,     0.0005,    -0.0003
    7.5000,     1.0000,     0.8796,     0.0000,    10.7500,     0.0767,    -0.0061,     0.0038,     0.0053,     0.0003,    -0.0002
    7.5000,     1.0000,     0.8796,     0.0000,    11.0000,     0.0582,    -0.0047,     0.0029,     0.0029,     0.0002,    -0.0001
    7.5000,     1.0000,     0.8796,     0.0000,    11.2500,     0.0396,    -0.0032,     0.0020,     0.0004,     0.0000,    -0.0000
    7.5000,     1.0000,     0.8796,     0.0000,    11.5000,     0.0210,    -0.0017,     0.0011,    -0.0021,    -0.0001,     0.0001
    7.5000,     1.0000,     0.8796,     0.0000,    11.7500,     0.0024,    -0.0002,     0.0001,    -0.0046,    -0.0003,     0.0002
    7.5000,     1.0000,     0.8796,     0.0000,    12.0000,    -0.0163,     0.0013,    -0.0008,    -0.0071,    -0.0004,     0.0003
    7.5000,     1.0000,     0.8796,     0.0000,    12.2500,    -0.0350,     0.0028,    -0.0018,    -0.0097,    -0.0006,     0.0004
    7.5000,     1.0000,     0.8796,     0.0000,    12.5000,    -0.0537,     0.0043,    -0.0027,    -0.0123,    -0.0007,     0.0005
    7.5000,     1.0000,     0.8796,     0.0000,    12.7500,    -0.0725,     0.0058,    -0.0036,    -0.0150,    -0.0009,     0.0006
    7.5000,     1.0000,     0.8796,     0.0000,    13.0000,    -0.0913,     0.0073,    -0.0046,    -0.0177,    -0.0011,     0.0007
    7.5000,     1.0000,     0.8796,     0.0000,    13.2500,    -0.1101,     0.0088,    -0.0055,    -0.0204,    -0.0012,     0.0008
    7.5000,     1.0000,     0.8796,     0.0000,    13.5000,    -0.1290,     0.0103,    -0.0065,    -0.0232,    -0.0014,     0.0009
    7.5000,     1.0000,     0.8796,     0.0000,    13.7500,    -0.1479,     0.0118,    -0.0074,    -0.0260,    -0.0016,     0.0010
    7.5000,     1.0000,     0.8796,     0.0000,    14.0000,    -0.1668,     0.0133,    -0.0083,    -0.0288,    -0.0017,     0.0012
    7.5000,     1.0000,     0.8796,     0.0000,    14.2500,    -0.1858,     0.0149,    -0.0093,    -0.0316,    -0.0019,     0.0013
    7.5000,     1.0000,     0.8796,     0.0000,    14.5000,    -0.2047,     0.0164,    -0.0102,    -0.0345,    -0.0021,     0.0014
    7.5000,     1.0000,     0.8796,     0.0000,    14.7500,    -0.2236,     0.0179,    -0.0112,    -0.0375,    -0.0022,     0.0015
    7.5000,     1.0000,     0.8796,     0.0000,    15.0000,    -0.2425,     0.0194,    -0.0121,    -0.0404,    -0.0024,     0.0016
    7.5000,     1.0000,     0.8796,     0.0000,    15.2500,    -0.2614,     0.0209,    -0.0131,    -0.0434,    -0.0026,     0.0017
    7.5000,     1.0000,     0.8796,     0.0000,    15.5000,    -0.2802,     0.0224,    -0.0140,    -0.0465,    -0.0028,     0.0019
    7.5000,     1.0000,     0.8796,     0.0000,    15.7500,    -0.2989,     0.0239,    -0.0149,    -0.0495,    -0.0030,     0.0020
    7.5000,     1.0000,     0.8796,     0.0000,    16.0000,    -0.3176,     0.0254,    -0.0159,    -0.0526,    -0.0032,     0.0021
    7.5000,     1.0000,     0.8796,     0.0000,    16.2500,    -0.3361,     0.0269,    -0.0168,    -0.0557,    -0.0033,     0.0022
    7.5000,     1.0000,     0.8796,     0.0000,    16.5000,    -0.3545,     0.0284,    -0.0177,    -0.0588,    -0.0035,     0.0024
    7.5000,     1.0000,     0.8796,     0.0000,    16.7500,    -0.3727,     0.0298,    -0.0186,    -0.0620,    -0.0037,     0.0025
    7.5000,     1.0000,     0.8796,     0.0000,    17.0000,    -0.3908,     0.0313,    -0.0195,    -0.0651,    -0.0039,     0.0026
    7.5000,     1.0000,     0.8796,     0.0000,    17.2500,    -0.4087,     0.0327,    -0.0204,    -0.0682,    -0.0041,     0.0027
    7.5000,     1.0000,     0.8796,     0.0000,    17.5000,    -0.4263,     0.0341,    -0.0213,    -0.0714,    -0.0043,     0.0029
    7.5000,     1.0000,     0.8796,     0.0000,    17.7500,    -0.4437,     0.0355,    -0.0222,    -0.0745,    -0.0045,     0.0030
    7.5000,     1.0000,     0.8796,     0.0000,    18.0000,    -0.4609,     0.0369,    -0.0230,    -0.0775,    -0.0046,     0.0031
    7.5000,     1.0000,     0.8796,     0.0000,    18.2500,    -0.4778,     0.0382,    -0.0239,    -0.0806,    -0.0048,     0.0032
    7.5000,     1.0000,     0.8796,     0.0000,    18.5000,    -0.4944,     0.0396,    -0.0247,    -0.0835,    -0.0050,     0.0033
    7.5000,     1.0000,     0.8796,     0.0000,    18.7500,    -0.5107,     0.0409,    -0.0255,    -0.0865,    -0.0052,     0.0035
    7.5000,     1.0000,     0.8796,     0.0000,    19.0000,    -0.5268,     0.0421,    -0.0263,    -0.0894,    -0.0054,     0.0036
    7.5000,     1.0000,     0.8796,     0.0000,    19.2500,    -0.5425,     0.0434,    -0.0271,    -0.0922,    -0.0055,     0.0037
    7.5000,     1.0000,     0.8796,     0.0000,    19.5000,    -0.5578,     0.0446,    -0.0279,    -0.0950,    -0.0057,     0.0038
    7.5000,     1.0000,     0.8796,     0.0000,    19.7500,    -0.5728,     0.0458,    -0.0286,    -0.0977,    -0.0059,     0.0039
    7.5000,     1.0000,     0.8796,     0.0000,    20.0000,    -0.5874,     0.0470,    -0.0294,    -0.1004,    -0.0060,     0.0040
    7.5000,     1.0000,     0.8796,     0.0000,    20.2500,    -0.6017,     0.0481,    -0.0301,    -0.1031,    -0.0062,     0.0041
    7.5000,     1.0000,     0.8796,     0.0000,    20.5000,    -0.6155,     0.0492,    -0.0308,    -0.1057,    -0.0063,     0.0042
    7.5000,     1.0000,     0.8796,     0.0000,    20.7500,    -0.6289,     0.0503,    -0.0314,    -0.1083,    -0.0065,     0.0043
    7.5000,     1.0000,     0.8796,     0.0000,    21.0000,    -0.6419,     0.0514,    -0.0321,    -0.1110,    -0.0067,     0.0044
    7.5000,     1.0000,     0.8796,     0.0000,    21.2500,    -0.6544,     0.0524,    -0.0327,    -0.1136,    -0.0068,     0.0045
    7.5000,     1.0000,     0.8796,     0.0000,    21.5000,    -0.6664,     0.0533,    -0.0333,    -0.1163,    -0.0070,     0.0047
    7.5000,     1.0000,     0.8796,     0.0000,    21.7500,    -0.6778,     0.0542,    -0.0339,    -0.1190,    -0.0071,     0.0048
    7.5000,     1.0000,     0.8796,     0.0000,    22.0000,    -0.6887,     0.0551,    -0.0344,    -0.1218,    -0.0073,     0.0049
    7.5000,     1.0000,     0.8796,     0.0000,    22.2500,    -0.6990,     0.0559,    -0.0350,    -0.1247,    -0.0075,     0.0050
    7.5000,     1.0000,     0.8796,     0.0000,    22.5000,    -0.7087,     0.0567,    -0.0354,    -0.1277,    -0.0077,     0.0051
    7.5000,     1.0000,     0.8796,     0.0000,    22.7500,    -0.7176,     0.0574,    -0.0359,    -0.1308,    -0.0078,     0.0052
    7.5000,     1.0000,     0.8796,     0.0000,    23.0000,    -0.7258,     0.0581,    -0.0363,    -0.1340,    -0.0080,     0.0054
    7.5000,     1.0000,     0.8796,     0.0000,    23.2500,    -0.7332,     0.0587,    -0.0367,    -0.1373,    -0.0082,     0.0055
    7.5000,     1.0000,     0.8796,     0.0000,    23.5000,    -0.7397,     0.0592,    -0.0370,    -0.1407,    -0.0084,     0.0056
    7.5000,     1.0000,     0.8796,     0.0000,    23.7500,    -0.7452,     0.0596,    -0.0373,    -0.1441,    -0.0086,     0.0058
    7.5000,     1.0000,     0.8796,     0.0000,    24.0000,    -0.7498,     0.0600,    -0.0375,    -0.1476,    -0.0089,     0.0059
    7.5000,     1.0000,     0.8796,     0.0000,    24.2500,    -0.7533,     0.0603,    -0.0377,    -0.1511,    -0.0091,     0.0060
    7.5000,     1.0000,     0.8796,     0.0000,    24.5000,    -0.7558,     0.0605,    -0.0378,    -0.1545,    -0.0093,     0.0062
    7.5000,     1.0000,     0.8796,     0.0000,    24.7500,    -0.7572,     0.0606,    -0.0379,    -0.1580,    -0.0095,     0.0063
    7.7500,     1.0000,     0.8513,     0.0000,    -1.0000,     0.8449,    -0.0676,     0.0422,     0.0595,     0.0036,    -0.0024
    7.7500,     1.0000,     0.8513,     0.0000,    -0.7500,     0.8326,    -0.0666,     0.0416,     0.0597,     0.0036,    -0.0024
    7.7500,     1.0000,     0.8513,     0.0000,    -0.5000,     0.8200,    -0.0656,     0.0410,     0.0599,     0.0036,    -0.0024
    7.7500,     1.0000,     0.8513,     0.0000,    -0.2500,     0.8073,    -0.0646,     0.0404,     0.0600,     0.0036,    -0.0024
    7.7500,     1.0000,     0.8513,     0.0000,     0.0000,     0.7943,    -0.0635,     0.0397,     0.0601,     0.0036,    -0.0024
    7.7500,     1.0000,     0.8513,     0.0000,     0.2500,     0.7811,    -0.0625,     0.0391,     0.0601,     0.0036,    -0.0024
    7.7500,     1.0000,     0.8513,     0.0000,     0.5000,     0.7677,    -0.0614,     0.0384,     0.0601,     0.0036,    -0.0024
    7.7500,     1.0000,     0.8513,     0.0000,     0.7500,     0.7540,    -0.0603,     0.0377,     0.0600,     0.0036,    -0.0024
    7.7500,     1.0000,     0.8513,     0.0000,     1.0000,     0.7400,    -0.0592,     0.0370,     0.0598,     0.0036,    -0.0024
    7.7500,     1.0000,     0.8513,     0.0000,     1.2500,     0.7258,    -0.0581,     0.0363,     0.0595,     0.0036,    -0.0024
    7.7500,     1.0000,     0.8513,     0.0000,     1.5000,     0.7113,    -0.0569,     0.0356,     0.0592,     0.0036,    -0.0024
    7.7500,     1.0000,     0.8513,     0.0000,     1.7500,     0.6965,    -0.0557,     0.0348,     0.0588,     0.0035,    -0.0024
    7.7500,     1.0000,     0.8513,     0.0000,     2.0000,     0.6815,    -0.0545,     0.0341,     0.0583,     0.0035,    -0.0023
    7.7500,     1.0000,     0.8513,     0.0000,     2.2500,     0.6663,    -0.0533,     0.0333,     0.0578,     0.0035,    -0.0023
    7.7500,     1.0000,     0.8513,     0.0000,     2.5000,     0.6508,    -0.0521,     0.0325,     0.0572,     0.0034,    -0.0023
    7.7500,     1.0000,     0.8513,     0.0000,     2.7500,     0.6350,    -0.0508,     0.0318,     0.0565,     0.0034,    -0.0023
    7.7500,     1.0000,     0.8513,     0.0000,     3.0000,     0.6190,    -0.0495,     0.0310,     0.0557,     0.0033,    -0.0022
    7.7500,     1.0000,     0.8513,     0.0000,     3.2500,     0.6028,    -0.0482,     0.0301,     0.0549,     0.0033,    -0.0022
    7.7500,     1.0000,     0.8513,     0.0000,     3.5000,     0.5864,    -0.0469,     0.0293,     0.0540,     0.0032,    -0.0022
    7.7500,     1.0000,     0.8513,     0.0000,     3.7500,     0.5698,    -0.0456,     0.0285,     0.0531,     0.0032,    -0.0021
    7.7500,     1.0000,     0.8513,     0.0000,     4.0000,     0.5530,    -0.0442,     0.0277,     0.0520,     0.0031,    -0.0021
    7.7500,     1.0000,     0.8513,     0.0000,     4.2500,     0.5360,    -0.0429,     0.0268,     0.0509,     0.0031,    -0.0020
    7.7500,     1.0000,     0.8513,     0.0000,     4.5000,     0.5188,    -0.0415,     0.0259,     0.0498,     0.0030,    -0.0020
    7.7500,     1.0000,     0.8513,     0.0000,     4.7500,     0.5015,    -0.0401,     0.0251,     0.0485,     0.0029,    -0.0019
    7.7500,     1.0000,     0.8513,     0.0000,     5.0000,     0.4840,    -0.0387,     0.0242,     0.0472,     0.0028,    -0.0019
    7.7500,     1.0000,     0.8513,     0.0000,     5.2500,     0.4663,    -0.0373,     0.0233,     0.0459,     0.0028,    -0.0018
    7.7500,     1.0000,     0.8513,     0.0000,     5.5000,     0.4485,    -0.0359,     0.0224,     0.0444,     0.0027,    -0.0018
    7.7500,     1.0000,     0.8513,     0.0000,     5.7500,     0.4305,    -0.0344,     0.0215,     0.0430,     0.0026,    -0.0017
    7.7500,     1.0000,     0.8513,     0.0000,     6.0000,     0.4125,    -0.0330,     0.0206,     0.0414,     0.0025,    -0.0017
    7.7500,     1.0000,     0.8513,     0.0000,     6.2500,     0.3943,    -0.0315,     0.0197,     0.0398,     0.0024,    -0.0016
    7.7500,     1.0000,     0.8513,     0.0000,     6.5000,     0.3759,    -0.0301,     0.0188,     0.0381,     0.0023,    -0.0015
    7.7500,     1.0000,     0.8513,     0.0000,     6.7500,     0.3575,    -0.0286,     0.0179,     0.0364,     0.0022,    -0.0015
    7.7500,     1.0000,     0.8513,     0.0000,     7.0000,     0.3389,    -0.0271,     0.0169,     0.0346,     0.0021,    -0.0014
    7.7500,     1.0000,     0.8513,     0.0000,     7.2500,     0.3203,    -0.0256,     0.0160,     0.0327,     0.0020,    -0.0013
    7.7500,     1.0000,     0.8513,     0.0000,     7.5000,     0.3016,    -0.0241,     0.0151,     0.0308,     0.0018,    -0.0012
    7.7500,     1.0000,     0.8513,     0.0000,     7.7500,     0.2828,    -0.0226,     0.0141,     0.0288,     0.0017,    -0.0012
    7.7500,     1.0000,     0.8513,     0.0000,     8.0000,     0.2639,    -0.0211,     0.0132,     0.0268,     0.0016,    -0.0011
    7.7500,     1.0000,     0.8513,     0.0000,     8.2500,     0.2449,    -0.0196,     0.0122,     0.0248,     0.0015,    -0.0010
    7.7500,     1.0000,     0.8513,     0.0000,     8.5000,     0.2259,    -0.0181,     0.0113,     0.0226,     0.0014,    -0.0009
    7.7500,     1.0000,     0.8513,     0.0000,     8.7500,     0.2069,    -0.0166,     0.0103,     0.0205,     0.0012,    -0.0008
    7.7500,     1.0000,     0.8513,     0.0000,     9.0000,     0.1877,    -0.0150,     0.0094,     0.0183,     0.0011,    -0.0007
    7.7500,     1.0000,     0.8513,     0.0000,     9.2500,     0.1685,    -0.0135,     0.0084,     0.0160,     0.0010,    -0.0006
    7.7500,     1.0000,     0.8513,     0.0000,     9.5000,     0.1492,    -0.0119,     0.0075,     0.0137,     0.0008,    -0.0005
    7.7500,     1.0000,     0.8513,     0.0000,     9.7500,     0.1298,    -0.0104,     0.0065,     0.0114,     0.0007,    -0.0005
    7.7500,     1.0000,     0.8513,     0.0000,    10.0000,     0.1104,    -0.0088,     0.0055,     0.0090,     0.0005,    -0.0004
    7.7500,     1.0000,     0.8513,     0.0000,    10.2500,     0.0909,    -0.0073,     0.0045,     0.0066,     0.0004,    -0.0003
    7.7500,     1.0000,     0.8513,     0.0000,    10.5000,     0.0713,    -0.0057,     0.0036,     0.0041,     0.0002,    -0.0002
    7.7500,     1.0000,     0.8513,     0.0000,    10.7500,     0.0517,    -0.0041,     0.0026,     0.0016,     0.0001,    -0.0001
    7.7500,     1.0000,     0.8513,     0.0000,    11.0000,     0.0321,    -0.0026,     0.0016,    -0.0009,    -0.0001,     0.0000
    7.7500,     1.0000,     0.8513,     0.0000,    11.2500,     0.0124,    -0.0010,     0.0006,    -0.0035,    -0.0002,     0.0001
    7.7500,     1.0000,     0.8513,     0.0000,    11.5000,    -0.0074,     0.0006,    -0.0004,    -0.0061,    -0.0004,     0.0002
    7.7500,     1.0000,     0.8513,     0.0000,    11.7500,    -0.0271,     0.0022,    -0.0014,    -0.0088,    -0.0005,     0.0004
    7.7500,     1.0000,     0.8513,     0.0000,    12.0000,    -0.0470,     0.0038,    -0.0024,    -0.0114,    -0.0007,     0.0005
    7.7500,     1.0000,     0.8513,     0.0000,    12.2500,    -0.0668,     0.0053,    -0.0033,    -0.0142,    -0.0009,     0.0006
    7.7500,     1.0000,     0.8513,     0.0000,    12.5000,    -0.0867,     0.0069,    -0.0043,    -0.0169,    -0.0010,     0.0007
    7.7500,     1.0000,     0.8513,     0.0000,    12.7500,    -0.1067,     0.0085,    -0.0053,    -0.0197,    -0.0012,     0.0008
    7.7500,     1.0000,     0.8513,     0.0000,    13.0000,    -0.1267,     0.0101,    -0.0063,    -0.0225,    -0.0013,     0.0009
    7.7500,     1.0000,     0.8513,     0.0000,    13.2500,    -0.1467,     0.0117,    -0.0073,    -0.0254,    -0.0015,     0.0010
    7.7500,     1.0000,     0.8513,     0.0000,    13.5000,    -0.1667,     0.0133,    -0.0083,    -0.0282,    -0.0017,     0.0011
    7.7500,     1.0000,     0.8513,     0.0000,    13.7500,    -0.1868,     0.0149,    -0.0093,    -0.0312,    -0.0019,     0.0012
    7.7500,     1.0000,     0.8513,     0.0000,    14.0000,    -0.2069,     0.0166,    -0.0103,    -0.0342,    -0.0021,     0.0014
    7.7500,     1.0000,     0.8513,     0.0000,    14.2500,    -0.2270,     0.0182,    -0.0114,    -0.0372,    -0.0022,     0.0015
    7.7500,     1.0000,     0.8513,     0.0000,    14.5000,    -0.2470,     0.0198,    -0.0123,    -0.0402,    -0.0024,     0.0016
    7.7500,     1.0000,     0.8513,     0.0000,    14.7500,    -0.2671,     0.0214,    -0.0134,    -0.0433,    -0.0026,     0.0017
    7.7500,     1.0000,     0.8513,     0.0000,    15.0000,    -0.2871,     0.0230,    -0.0144,    -0.0464,    -0.0028,     0.0019
    7.7500,     1.0000,     0.8513,     0.0000,    15.2500,    -0.3070,     0.0246,    -0.0154,    -0.0495,    -0.0030,     0.0020
    7.7500,     1.0000,     0.8513,     0.0000,    15.5000,    -0.3269,     0.0262,    -0.0163,    -0.0527,    -0.0032,     0.0021
    7.7500,     1.0000,     0.8513,     0.0000,    15.7500,    -0.3466,     0.0277,    -0.0173,    -0.0559,    -0.0034,     0.0022
    7.7500,     1.0000,     0.8513,     0.0000,    16.0000,    -0.3662,     0.0293,    -0.0183,    -0.0592,    -0.0036,     0.0024
    7.7500,     1.0000,     0.8513,     0.0000,    16.2500,    -0.3857,     0.0309,    -0.0193,    -0.0624,    -0.0037,     0.0025
    7.7500,     1.0000,     0.8513,     0.0000,    16.5000,    -0.4049,     0.0324,    -0.0202,    -0.0657,    -0.0039,     0.0026
    7.7500,     1.0000,     0.8513,     0.0000,    16.7500,    -0.4240,     0.0339,    -0.0212,    -0.0689,    -0.0041,     0.0028
    7.7500,     1.0000,     0.8513,     0.0000,    17.0000,    -0.4429,     0.0354,    -0.0221,    -0.0722,    -0.0043,     0.0029
    7.7500,     1.0000,     0.8513,     0.0000,    17.2500,    -0.4615,     0.0369,    -0.0231,    -0.0754,    -0.0045,     0.0030
    7.7500,     1.0000,     0.8513,     0.0000,    17.5000,    -0.4799,     0.0384,    -0.0240,    -0.0786,    -0.0047,     0.0031
    7.7500,     1.0000,     0.8513,     0.0000,    17.7500,    -0.4980,     0.0398,    -0.0249,    -0.0818,    -0.0049,     0.0033
    7.7500,     1.0000,     0.8513,     0.0000,    18.0000,    -0.5159,     0.0413,    -0.0258,    -0.0850,    -0.0051,     0.0034
    7.7500,     1.0000,     0.8513,     0.0000,    18.2500,    -0.5334,     0.0427,    -0.0267,    -0.0880,    -0.0053,     0.0035
    7.7500,     1.0000,     0.8513,     0.0000,    18.5000,    -0.5506,     0.0440,    -0.0275,    -0.0911,    -0.0055,     0.0036
    7.7500,     1.0000,     0.8513,     0.0000,    18.7500,    -0.5674,     0.0454,    -0.0284,    -0.0941,    -0.0056,     0.0038
    7.7500,     1.0000,     0.8513,     0.0000,    19.0000,    -0.5840,     0.0467,    -0.0292,    -0.0970,    -0.0058,     0.0039
    7.7500,     1.0000,     0.8513,     0.0000,    19.2500,    -0.6001,     0.0480,    -0.0300,    -0.0999,    -0.0060,     0.0040
    7.7500,     1.0000,     0.8513,     0.0000,    19.5000,    -0.6159,     0.0493,    -0.0308,    -0.1027,    -0.0062,     0.0041
    7.7500,     1.0000,     0.8513,     0.0000,    19.7500,    -0.6312,     0.0505,    -0.0316,    -0.1055,    -0.0063,     0.0042
    7.7500,     1.0000,     0.8513,     0.0000,    20.0000,    -0.6462,     0.0517,    -0.0323,    -0.1083,    -0.0065,     0.0043
    7.7500,     1.0000,     0.8513,     0.0000,    20.2500,    -0.6607,     0.0529,    -0.0330,    -0.1110,    -0.0067,     0.0044
    7.7500,     1.0000,     0.8513,     0.0000,    20.5000,    -0.6748,     0.0540,    -0.0337,    -0.1137,    -0.0068,     0.0045
    7.7500,     1.0000,     0.8513,     0.0000,    20.7500,    -0.6885,     0.0551,    -0.0344,    -0.1164,    -0.0070,     0.0047
    7.7500,     1.0000,     0.8513,     0.0000,    21.0000,    -0.7016,     0.0561,    -0.0351,    -0.1192,    -0.0072,     0.0048
    7.7500,     1.0000,     0.8513,     0.0000,    21.2500,    -0.7142,     0.0571,    -0.0357,    -0.1220,    -0.0073,     0.0049
    7.7500,     1.0000,     0.8513,     0.0000,    21.5000,    -0.7263,     0.0581,    -0.0363,    -0.1248,    -0.0075,     0.0050
    7.7500,     1.0000,     0.8513,     0.0000,    21.7500,    -0.7377,     0.0590,    -0.0369,    -0.1278,    -0.0077,     0.0051
    7.7500,     1.0000,     0.8513,     0.0000,    22.0000,    -0.7486,     0.0599,    -0.0374,    -0.1308,    -0.0078,     0.0052
    7.7500,     1.0000,     0.8513,     0.0000,    22.2500,    -0.7587,     0.0607,    -0.0379,    -0.1339,    -0.0080,     0.0054
    7.7500,     1.0000,     0.8513,     0.0000,    22.5000,    -0.7681,     0.0614,    -0.0384,    -0.1371,    -0.0082,     0.0055
    7.7500,     1.0000,     0.8513,     0.0000,    22.7500,    -0.7767,     0.0621,    -0.0388,    -0.1405,    -0.0084,     0.0056
    7.7500,     1.0000,     0.8513,     0.0000,    23.0000,    -0.7844,     0.0628,    -0.0392,    -0.1440,    -0.0086,     0.0058
    7.7500,     1.0000,     0.8513,     0.0000,    23.2500,    -0.7912,     0.0633,    -0.0396,    -0.1475,    -0.0088,     0.0059
    7.7500,     1.0000,     0.8513,     0.0000,    23.5000,    -0.7969,     0.0638,    -0.0398,    -0.1512,    -0.0091,     0.0060
    7.7500,     1.0000,     0.8513,     0.0000,    23.7500,    -0.8016,     0.0641,    -0.0401,    -0.1549,    -0.0093,     0.0062
    7.7500,     1.0000,     0.8513,     0.0000,    24.0000,    -0.8053,     0.0644,    -0.0403,    -0.1586,    -0.0095,     0.0063
    7.7500,     1.0000,     0.8513,     0.0000,    24.2500,    -0.8078,     0.0646,    -0.0404,    -0.1623,    -0.0097,     0.0065
    7.7500,     1.0000,     0.8513,     0.0000,    24.5000,    -0.8091,     0.0647,    -0.0405,    -0.1660,    -0.0100,     0.0066
    7.7500,     1.0000,     0.8513,     0.0000,    24.7500,    -0.8094,     0.0648,    -0.0405,    -0.1695,    -0.0102,     0.0068
    8.0000,     1.0000,     0.8247,     0.0000,    -1.0000,     0.8632,    -0.0691,     0.0432,     0.0572,     0.0034,    -0.0023
    8.0000,     1.0000,     0.8247,     0.0000,    -0.7500,     0.8503,    -0.0680,     0.0425,     0.0575,     0.0034,    -0.0023
    8.0000,     1.0000,     0.8247,     0.0000,    -0.5000,     0.8371,    -0.0670,     0.0419,     0.0578,     0.0035,    -0.0023
    8.0000,     1.0000,     0.8247,     0.0000,    -0.2500,     0.8237,    -0.0659,     0.0412,     0.0580,     0.0035,    -0.0023
    8.0000,     1.0000,     0.8247,     0.0000,     0.0000,     0.8101,    -0.0648,     0.0405,     0.0581,     0.0035,    -0.0023
    8.0000,     1.0000,     0.8247,     0.0000,     0.2500,     0.7963,    -0.0637,     0.0398,     0.0582,     0.0035,    -0.0023
    8.0000,     1.0000,     0.8247,     0.0000,     0.5000,     0.7822,    -0.0626,     0.0391,     0.0582,     0.0035,    -0.0023
    8.0000,     1.0000,     0.8247,     0.0000,     0.7500,     0.7679,    -0.0614,     0.0384,     0.0582,     0.0035,    -0.0023
    8.0000,     1.0000,     0.8247,     0.0000,     1.0000,     0.7533,    -0.0603,     0.0377,     0.0580,     0.0035,    -0.0023
    8.0000,     1.0000,     0.8247,     0.0000,     1.2500,     0.7384,    -0.0591,     0.0369,     0.0578,     0.0035,    -0.0023
    8.0000,     1.0000,     0.8247,     0.0000,     1.5000,     0.7232,    -0.0579,     0.0362,     0.0576,     0.0035,    -0.0023
    8.0000,     1.0000,     0.8247,     0.0000,     1.7500,     0.7077,    -0.0566,     0.0354,     0.0572,     0.0034,    -0.0023
    8.0000,     1.0000,     0.8247,     0.0000,     2.0000,     0.6920,    -0.0554,     0.0346,     0.0568,     0.0034,    -0.0023
    8.0000,     1.0000,     0.8247,     0.0000,     2.2500,     0.6759,    -0.0541,     0.0338,     0.0563,     0.0034,    -0.0023
    8.0000,     1.0000,     0.8247,     0.0000,     2.5000,     0.6596,    -0.0528,     0.0330,     0.0557,     0.0033,    -0.0022
    8.0000,     1.0000,     0.8247,     0.0000,     2.7500,     0.6430,    -0.0514,     0.0322,     0.0550,     0.0033,    -0.0022
    8.0000,     1.0000,     0.8247,     0.0000,     3.0000,     0.6262,    -0.0501,     0.0313,     0.0542,     0.0033,    -0.0022
    8.0000,     1.0000,     0.8247,     0.0000,     3.2500,     0.6091,    -0.0487,     0.0305,     0.0534,     0.0032,    -0.0021
    8.0000,     1.0000,     0.8247,     0.0000,     3.5000,     0.5918,    -0.0473,     0.0296,     0.0525,     0.0031,    -0.0021
    8.0000,     1.0000,     0.8247,     0.0000,     3.7500,     0.5742,    -0.0459,     0.0287,     0.0515,     0.0031,    -0.0021
    8.0000,     1.0000,     0.8247,     0.0000,     4.0000,     0.5564,    -0.0445,     0.0278,     0.0505,     0.0030,    -0.0020
    8.0000,     1.0000,     0.8247,     0.0000,     4.2500,     0.5385,    -0.0431,     0.0269,     0.0493,     0.0030,    -0.0020
    8.0000,     1.0000,     0.8247,     0.0000,     4.5000,     0.5203,    -0.0416,     0.0260,     0.0481,     0.0029,    -0.0019
    8.0000,     1.0000,     0.8247,     0.0000,     4.7500,     0.5019,    -0.0402,     0.0251,     0.0468,     0.0028,    -0.0019
    8.0000,     1.0000,     0.8247,     0.0000,     5.0000,     0.4834,    -0.0387,     0.0242,     0.0455,     0.0027,    -0.0018
    8.0000,     1.0000,     0.8247,     0.0000,     5.2500,     0.4647,    -0.0372,     0.0232,     0.0441,     0.0026,    -0.0018
    8.0000,     1.0000,     0.8247,     0.0000,     5.5000,     0.4458,    -0.0357,     0.0223,     0.0426,     0.0026,    -0.0017
    8.0000,     1.0000,     0.8247,     0.0000,     5.7500,     0.4268,    -0.0341,     0.0213,     0.0410,     0.0025,    -0.0016
    8.0000,     1.0000,     0.8247,     0.0000,     6.0000,     0.4077,    -0.0326,     0.0204,     0.0394,     0.0024,    -0.0016
    8.0000,     1.0000,     0.8247,     0.0000,     6.2500,     0.3884,    -0.0311,     0.0194,     0.0377,     0.0023,    -0.0015
    8.0000,     1.0000,     0.8247,     0.0000,     6.5000,     0.3689,    -0.0295,     0.0184,     0.0360,     0.0022,    -0.0014
    8.0000,     1.0000,     0.8247,     0.0000,     6.7500,     0.3494,    -0.0280,     0.0175,     0.0342,     0.0021,    -0.0014
    8.0000,     1.0000,     0.8247,     0.0000,     7.0000,     0.3297,    -0.0264,     0.0165,     0.0323,     0.0019,    -0.0013
    8.0000,     1.0000,     0.8247,     0.0000,     7.2500,     0.3100,    -0.0248,     0.0155,     0.0303,     0.0018,    -0.0012
    8.0000,     1.0000,     0.8247,     0.0000,     7.5000,     0.2901,    -0.0232,     0.0145,     0.0283,     0.0017,    -0.0011
    8.0000,     1.0000,     0.8247,     0.0000,     7.7500,     0.2702,    -0.0216,     0.0135,     0.0263,     0.0016,    -0.0011
    8.0000,     1.0000,     0.8247,     0.0000,     8.0000,     0.2502,    -0.0200,     0.0125,     0.0242,     0.0015,    -0.0010
    8.0000,     1.0000,     0.8247,     0.0000,     8.2500,     0.2301,    -0.0184,     0.0115,     0.0220,     0.0013,    -0.0009
    8.0000,     1.0000,     0.8247,     0.0000,     8.5000,     0.2100,    -0.0168,     0.0105,     0.0198,     0.0012,    -0.0008
    8.0000,     1.0000,     0.8247,     0.0000,     8.7500,     0.1898,    -0.0152,     0.0095,     0.0176,     0.0011,    -0.0007
    8.0000,     1.0000,     0.8247,     0.0000,     9.0000,     0.1695,    -0.0136,     0.0085,     0.0152,     0.0009,    -0.0006
    8.0000,     1.0000,     0.8247,     0.0000,     9.2500,     0.1491,    -0.0119,     0.0075,     0.0129,     0.0008,    -0.0005
    8.0000,     1.0000,     0.8247,     0.0000,     9.5000,     0.1287,    -0.0103,     0.0064,     0.0105,     0.0006,    -0.0004
    8.0000,     1.0000,     0.8247,     0.0000,     9.7500,     0.1081,    -0.0086,     0.0054,     0.0080,     0.0005,    -0.0003
    8.0000,     1.0000,     0.8247,     0.0000,    10.0000,     0.0875,    -0.0070,     0.0044,     0.0055,     0.0003,    -0.0002
    8.0000,     1.0000,     0.8247,     0.0000,    10.2500,     0.0669,    -0.0054,     0.0033,     0.0030,     0.0002,    -0.0001
    8.0000,     1.0000,     0.8247,     0.0000,    10.5000,     0.0462,    -0.0037,     0.0023,     0.0004,     0.0000,    -0.0000
    8.0000,     1.0000,     0.8247,     0.0000,    10.7500,     0.0254,    -0.0020,     0.0013,    -0.0022,    -0.0001,     0.0001
    8.0000,     1.0000,     0.8247,     0.0000,    11.0000,     0.0046,    -0.0004,     0.0002,    -0.0048,    -0.0003,     0.0002
    8.0000,     1.0000,     0.8247,     0.0000,    11.2500,    -0.0163,     0.0013,    -0.0008,    -0.0075,    -0.0004,     0.0003
    8.0000,     1.0000,     0.8247,     0.0000,    11.5000,    -0.0372,     0.0030,    -0.0019,    -0.0102,    -0.0006,     0.0004
    8.0000,     1.0000,     0.8247,     0.0000,    11.7500,    -0.0582,     0.0047,    -0.0029,    -0.0130,    -0.0008,     0.0005
    8.0000,     1.0000,     0.8247,     0.0000,    12.0000,    -0.0792,     0.0063,    -0.0040,    -0.0158,    -0.0009,     0.0006
    8.0000,     1.0000,     0.8247,     0.0000,    12.2500,    -0.1003,     0.0080,    -0.0050,    -0.0186,    -0.0011,     0.0007
    8.0000,     1.0000,     0.8247,     0.0000,    12.5000,    -0.1214,     0.0097,    -0.0061,    -0.0215,    -0.0013,     0.0009
    8.0000,     1.0000,     0.8247,     0.0000,    12.7500,    -0.1426,     0.0114,    -0.0071,    -0.0244,    -0.0015,     0.0010
    8.0000,     1.0000,     0.8247,     0.0000,    13.0000,    -0.1638,     0.0131,    -0.0082,    -0.0274,    -0.0016,     0.0011
    8.0000,     1.0000,     0.8247,     0.0000,    13.2500,    -0.1850,     0.0148,    -0.0092,    -0.0304,    -0.0018,     0.0012
    8.0000,     1.0000,     0.8247,     0.0000,    13.5000,    -0.2062,     0.0165,    -0.0103,    -0.0334,    -0.0020,     0.0013
    8.0000,     1.0000,     0.8247,     0.0000,    13.7500,    -0.2275,     0.0182,    -0.0114,    -0.0365,    -0.0022,     0.0015
    8.0000,     1.0000,     0.8247,     0.0000,    14.0000,    -0.2487,     0.0199,    -0.0124,    -0.0396,    -0.0024,     0.0016
    8.0000,     1.0000,     0.8247,     0.0000,    14.2500,    -0.2700,     0.0216,    -0.0135,    -0.0428,    -0.0026,     0.0017
    8.0000,     1.0000,     0.8247,     0.0000,    14.5000,    -0.2912,     0.0233,    -0.0146,    -0.0459,    -0.0028,     0.0018
    8.0000,     1.0000,     0.8247,     0.0000,    14.7500,    -0.3124,     0.0250,    -0.0156,    -0.0492,    -0.0030,     0.0020
    8.0000,     1.0000,     0.8247,     0.0000,    15.0000,    -0.3335,     0.0267,    -0.0167,    -0.0524,    -0.0031,     0.0021
    8.0000,     1.0000,     0.8247,     0.0000,    15.2500,    -0.3544,     0.0284,    -0.0177,    -0.0557,    -0.0033,     0.0022
    8.0000,     1.0000,     0.8247,     0.0000,    15.5000,    -0.3753,     0.0300,    -0.0188,    -0.0591,    -0.0035,     0.0024
    8.0000,     1.0000,     0.8247,     0.0000,    15.7500,    -0.3960,     0.0317,    -0.0198,    -0.0624,    -0.0037,     0.0025
    8.0000,     1.0000,     0.8247,     0.0000,    16.0000,    -0.4166,     0.0333,    -0.0208,    -0.0658,    -0.0039,     0.0026
    8.0000,     1.0000,     0.8247,     0.0000,    16.2500,    -0.4370,     0.0350,    -0.0219,    -0.0692,    -0.0042,     0.0028
    8.0000,     1.0000,     0.8247,     0.0000,    16.5000,    -0.4571,     0.0366,    -0.0229,    -0.0725,    -0.0043,     0.0029
    8.0000,     1.0000,     0.8247,     0.0000,    16.7500,    -0.4770,     0.0382,    -0.0238,    -0.0759,    -0.0046,     0.0030
    8.0000,     1.0000,     0.8247,     0.0000,    17.0000,    -0.4967,     0.0397,    -0.0248,    -0.0793,    -0.0048,     0.0032
    8.0000,     1.0000,     0.8247,     0.0000,    17.2500,    -0.5161,     0.0413,    -0.0258,    -0.0826,    -0.0050,     0.0033
    8.0000,     1.0000,     0.8247,     0.0000,    17.5000,    -0.5352,     0.0428,    -0.0268,    -0.0859,    -0.0052,     0.0034
    8.0000,     1.0000,     0.8247,     0.0000,    17.7500,    -0.5539,     0.0443,    -0.0277,    -0.0892,    -0.0054,     0.0036
    8.0000,     1.0000,     0.8247,     0.0000,    18.0000,    -0.5724,     0.0458,    -0.0286,    -0.0924,    -0.0055,     0.0037
    8.0000,     1.0000,     0.8247,     0.0000,    18.2500,    -0.5905,     0.0472,    -0.0295,    -0.0956,    -0.0057,     0.0038
    8.0000,     1.0000,     0.8247,     0.0000,    18.5000,    -0.6083,     0.0487,    -0.0304,    -0.0987,    -0.0059,     0.0039
    8.0000,     1.0000,     0.8247,     0.0000,    18.7500,    -0.6256,     0.0500,    -0.0313,    -0.1017,    -0.0061,     0.0041
    8.0000,     1.0000,     0.8247,     0.0000,    19.0000,    -0.6426,     0.0514,    -0.0321,    -0.1047,    -0.0063,     0.0042
    8.0000,     1.0000,     0.8247,     0.0000,    19.2500,    -0.6592,     0.0527,    -0.0330,    -0.1076,    -0.0065,     0.0043
    8.0000,     1.0000,     0.8247,     0.0000,    19.5000,    -0.6754,     0.0540,    -0.0338,    -0.1105,    -0.0066,     0.0044
    8.0000,     1.0000,     0.8247,     0.0000,    19.7500,    -0.6911,     0.0553,    -0.0346,    -0.1134,    -0.0068,     0.0045
    8.0000,     1.0000,     0.8247,     0.0000,    20.0000,    -0.7064,     0.0565,    -0.0353,    -0.1162,    -0.0070,     0.0046
    8.0000,     1.0000,     0.8247,     0.0000,    20.2500,    -0.7212,     0.0577,    -0.0361,    -0.1190,    -0.0071,     0.0048
    8.0000,     1.0000,     0.8247,     0.0000,    20.5000,    -0.7356,     0.0588,    -0.0368,    -0.1218,    -0.0073,     0.0049
    8.0000,     1.0000,     0.8247,     0.0000,    20.7500,    -0.7494,     0.0600,    -0.0375,    -0.1247,    -0.0075,     0.0050
    8.0000,     1.0000,     0.8247,     0.0000,    21.0000,    -0.7627,     0.0610,    -0.0381,    -0.1276,    -0.0077,     0.0051
    8.0000,     1.0000,     0.8247,     0.0000,    21.2500,    -0.7754,     0.0620,    -0.0388,    -0.1305,    -0.0078,     0.0052
    8.0000,     1.0000,     0.8247,     0.0000,    21.5000,    -0.7875,     0.0630,    -0.0394,    -0.1336,    -0.0080,     0.0053
    8.0000,     1.0000,     0.8247,     0.0000,    21.7500,    -0.7989,     0.0639,    -0.0399,    -0.1367,    -0.0082,     0.0055
    8.0000,     1.0000,     0.8247,     0.0000,    22.0000,    -0.8096,     0.0648,    -0.0405,    -0.1400,    -0.0084,     0.0056
    8.0000,     1.0000,     0.8247,     0.0000,    22.2500,    -0.8195,     0.0656,    -0.0410,    -0.1434,    -0.0086,     0.0057
    8.0000,     1.0000,     0.8247,     0.0000,    22.5000,    -0.8285,     0.0663,    -0.0414,    -0.1469,    -0.0088,     0.0059
    8.0000,     1.0000,     0.8247,     0.0000,    22.7500,    -0.8367,     0.0669,    -0.0418,    -0.1506,    -0.0090,     0.0060
    8.0000,     1.0000,     0.8247,     0.0000,    23.0000,    -0.8438,     0.0675,    -0.0422,    -0.1543,    -0.0093,     0.0062
    8.0000,     1.0000,     0.8247,     0.0000,    23.2500,    -0.8499,     0.0680,    -0.0425,    -0.1582,    -0.0095,     0.0063
    8.0000,     1.0000,     0.8247,     0.0000,    23.5000,    -0.8548,     0.0684,    -0.0427,    -0.1621,    -0.0097,     0.0065
    8.0000,     1.0000,     0.8247,     0.0000,    23.7500,    -0.8586,     0.0687,    -0.0429,    -0.1661,    -0.0100,     0.0066
    8.0000,     1.0000,     0.8247,     0.0000,    24.0000,    -0.8612,     0.0689,    -0.0431,    -0.1700,    -0.0102,     0.0068
    8.0000,     1.0000,     0.8247,     0.0000,    24.2500,    -0.8626,     0.0690,    -0.0431,    -0.1739,    -0.0104,     0.0070
    8.0000,     1.0000,     0.8247,     0.0000,    24.5000,    -0.8628,     0.0690,    -0.0431,    -0.1777,    -0.0107,     0.0071
    8.0000,     1.0000,     0.8247,     0.0000,    24.7500,    -0.8618,     0.0689,    -0.0431,    -0.1814,    -0.0109,     0.0073
    8.2500,     1.0000,     0.7997,     0.0000,    -1.0000,     0.8808,    -0.0705,     0.0440,     0.0549,     0.0033,    -0.0022
    8.2500,     1.0000,     0.7997,     0.0000,    -0.7500,     0.8671,    -0.0694,     0.0434,     0.0553,     0.0033,    -0.0022
    8.2500,     1.0000,     0.7997,     0.0000,    -0.5000,     0.8533,    -0.0683,     0.0427,     0.0556,     0.0033,    -0.0022
    8.2500,     1.0000,     0.7997,     0.0000,    -0.2500,     0.8393,    -0.0671,     0.0420,     0.0559,     0.0034,    -0.0022
    8.2500,     1.0000,     0.7997,     0.0000,     0.0000,     0.8251,    -0.0660,     0.0413,     0.0561,     0.0034,    -0.0022
    8.2500,     1.0000,     0.7997,     0.0000,     0.2500,     0.8107,    -0.0649,     0.0405,     0.0563,     0.0034,    -0.0023
    8.2500,     1.0000,     0.7997,     0.0000,     0.5000,     0.7960,    -0.0637,     0.0398,     0.0564,     0.0034,    -0.0023
    8.2500,     1.0000,     0.7997,     0.0000,     0.7500,     0.7810,    -0.0625,     0.0391,     0.0564,     0.0034,    -0.0023
    8.2500,     1.0000,     0.7997,     0.0000,     1.0000,     0.7658,    -0.0613,     0.0383,     0.0563,     0.0034,    -0.0023
    8.2500,     1.0000,     0.7997,     0.0000,     1.2500,     0.7502,    -0.0600,     0.0375,     0.0562,     0.0034,    -0.0022
    8.2500,     1.0000,     0.7997,     0.0000,     1.5000,     0.7343,    -0.0587,     0.0367,     0.0559,     0.0034,    -0.0022
    8.2500,     1.0000,     0.7997,     0.0000,     1.7500,     0.7181,    -0.0574,     0.0359,     0.0556,     0.0033,    -0.0022
    8.2500,     1.0000,     0.7997,     0.0000,     2.0000,     0.7016,    -0.0561,     0.0351,     0.0552,     0.0033,    -0.0022
    8.2500,     1.0000,     0.7997,     0.0000,     2.2500,     0.6848,    -0.0548,     0.0342,     0.0547,     0.0033,    -0.0022
    8.2500,     1.0000,     0.7997,     0.0000,     2.5000,     0.6677,    -0.0534,     0.0334,     0.0541,     0.0032,    -0.0022
    8.2500,     1.0000,     0.7997,     0.0000,     2.7500,     0.6503,    -0.0520,     0.0325,     0.0535,     0.0032,    -0.0021
    8.2500,     1.0000,     0.7997,     0.0000,     3.0000,     0.6326,    -0.0506,     0.0316,     0.0527,     0.0032,    -0.0021
    8.2500,     1.0000,     0.7997,     0.0000,     3.2500,     0.6146,    -0.0492,     0.0307,     0.0519,     0.0031,    -0.0021
    8.2500,     1.0000,     0.7997,     0.0000,     3.5000,     0.5964,    -0.0477,     0.0298,     0.0510,     0.0031,    -0.0020
    8.2500,     1.0000,     0.7997,     0.0000,     3.7500,     0.5779,    -0.0462,     0.0289,     0.0500,     0.0030,    -0.0020
    8.2500,     1.0000,     0.7997,     0.0000,     4.0000,     0.5591,    -0.0447,     0.0280,     0.0489,     0.0029,    -0.0020
    8.2500,     1.0000,     0.7997,     0.0000,     4.2500,     0.5402,    -0.0432,     0.0270,     0.0477,     0.0029,    -0.0019
    8.2500,     1.0000,     0.7997,     0.0000,     4.5000,     0.5210,    -0.0417,     0.0261,     0.0465,     0.0028,    -0.0019
    8.2500,     1.0000,     0.7997,     0.0000,     4.7500,     0.5016,    -0.0401,     0.0251,     0.0452,     0.0027,    -0.0018
    8.2500,     1.0000,     0.7997,     0.0000,     5.0000,     0.4820,    -0.0386,     0.0241,     0.0438,     0.0026,    -0.0018
    8.2500,     1.0000,     0.7997,     0.0000,     5.2500,     0.4623,    -0.0370,     0.0231,     0.0423,     0.0025,    -0.0017
    8.2500,     1.0000,     0.7997,     0.0000,     5.5000,     0.4423,    -0.0354,     0.0221,     0.0407,     0.0024,    -0.0016
    8.2500,     1.0000,     0.7997,     0.0000,     5.7500,     0.4222,    -0.0338,     0.0211,     0.0391,     0.0023,    -0.0016
    8.2500,     1.0000,     0.7997,     0.0000,     6.0000,     0.4020,    -0.0322,     0.0201,     0.0374,     0.0022,    -0.0015
    8.2500,     1.0000,     0.7997,     0.0000,     6.2500,     0.3816,    -0.0305,     0.0191,     0.0357,     0.0021,    -0.0014
    8.2500,     1.0000,     0.7997,     0.0000,     6.5000,     0.3610,    -0.0289,     0.0181,     0.0338,     0.0020,    -0.0014
    8.2500,     1.0000,     0.7997,     0.0000,     6.7500,     0.3404,    -0.0272,     0.0170,     0.0319,     0.0019,    -0.0013
    8.2500,     1.0000,     0.7997,     0.0000,     7.0000,     0.3196,    -0.0256,     0.0160,     0.0300,     0.0018,    -0.0012
    8.2500,     1.0000,     0.7997,     0.0000,     7.2500,     0.2987,    -0.0239,     0.0149,     0.0280,     0.0017,    -0.0011
    8.2500,     1.0000,     0.7997,     0.0000,     7.5000,     0.2777,    -0.0222,     0.0139,     0.0259,     0.0016,    -0.0010
    8.2500,     1.0000,     0.7997,     0.0000,     7.7500,     0.2566,    -0.0205,     0.0128,     0.0237,     0.0014,    -0.0009
    8.2500,     1.0000,     0.7997,     0.0000,     8.0000,     0.2355,    -0.0188,     0.0118,     0.0215,     0.0013,    -0.0009
    8.2500,     1.0000,     0.7997,     0.0000,     8.2500,     0.2143,    -0.0171,     0.0107,     0.0193,     0.0012,    -0.0008
    8.2500,     1.0000,     0.7997,     0.0000,     8.5000,     0.1930,    -0.0154,     0.0097,     0.0170,     0.0010,    -0.0007
    8.2500,     1.0000,     0.7997,     0.0000,     8.7500,     0.1716,    -0.0137,     0.0086,     0.0146,     0.0009,    -0.0006
    8.2500,     1.0000,     0.7997,     0.0000,     9.0000,     0.1501,    -0.0120,     0.0075,     0.0122,     0.0007,    -0.0005
    8.2500,     1.0000,     0.7997,     0.0000,     9.2500,     0.1286,    -0.0103,     0.0064,     0.0097,     0.0006,    -0.0004
    8.2500,     1.0000,     0.7997,     0.0000,     9.5000,     0.1069,    -0.0086,     0.0053,     0.0072,     0.0004,    -0.0003
    8.2500,     1.0000,     0.7997,     0.0000,     9.7500,     0.0852,    -0.0068,     0.0043,     0.0047,     0.0003,    -0.0002
    8.2500,     1.0000,     0.7997,     0.0000,    10.0000,     0.0634,    -0.0051,     0.0032,     0.0021,     0.0001,    -0.0001
    8.2500,     1.0000,     0.7997,     0.0000,    10.2500,     0.0415,    -0.0033,     0.0021,    -0.0006,    -0.0000,     0.0000
    8.2500,     1.0000,     0.7997,     0.0000,    10.5000,     0.0196,    -0.0016,     0.0010,    -0.0032,    -0.0002,     0.0001
    8.2500,     1.0000,     0.7997,     0.0000,    10.7500,    -0.0024,     0.0002,    -0.0001,    -0.0060,    -0.0004,     0.0002
    8.2500,     1.0000,     0.7997,     0.0000,    11.0000,    -0.0244,     0.0020,    -0.0012,    -0.0087,    -0.0005,     0.0003
    8.2500,     1.0000,     0.7997,     0.0000,    11.2500,    -0.0465,     0.0037,    -0.0023,    -0.0115,    -0.0007,     0.0005
    8.2500,     1.0000,     0.7997,     0.0000,    11.5000,    -0.0686,     0.0055,    -0.0034,    -0.0144,    -0.0009,     0.0006
    8.2500,     1.0000,     0.7997,     0.0000,    11.7500,    -0.0908,     0.0073,    -0.0045,    -0.0173,    -0.0010,     0.0007
    8.2500,     1.0000,     0.7997,     0.0000,    12.0000,    -0.1131,     0.0090,    -0.0057,    -0.0202,    -0.0012,     0.0008
    8.2500,     1.0000,     0.7997,     0.0000,    12.2500,    -0.1354,     0.0108,    -0.0068,    -0.0232,    -0.0014,     0.0009
    8.2500,     1.0000,     0.7997,     0.0000,    12.5000,    -0.1577,     0.0126,    -0.0079,    -0.0262,    -0.0016,     0.0010
    8.2500,     1.0000,     0.7997,     0.0000,    12.7500,    -0.1801,     0.0144,    -0.0090,    -0.0292,    -0.0018,     0.0012
    8.2500,     1.0000,     0.7997,     0.0000,    13.0000,    -0.2026,     0.0162,    -0.0101,    -0.0323,    -0.0019,     0.0013
    8.2500,     1.0000,     0.7997,     0.0000,    13.2500,    -0.2250,     0.0180,    -0.0113,    -0.0355,    -0.0021,     0.0014
    8.2500,     1.0000,     0.7997,     0.0000,    13.5000,    -0.2475,     0.0198,    -0.0124,    -0.0386,    -0.0023,     0.0015
    8.2500,     1.0000,     0.7997,     0.0000,    13.7500,    -0.2699,     0.0216,    -0.0135,    -0.0419,    -0.0025,     0.0017
    8.2500,     1.0000,     0.7997,     0.0000,    14.0000,    -0.2924,     0.0234,    -0.0146,    -0.0451,    -0.0027,     0.0018
    8.2500,     1.0000,     0.7997,     0.0000,    14.2500,    -0.3148,     0.0252,    -0.0157,    -0.0484,    -0.0029,     0.0019
    8.2500,     1.0000,     0.7997,     0.0000,    14.5000,    -0.3371,     0.0270,    -0.0169,    -0.0518,    -0.0031,     0.0021
    8.2500,     1.0000,     0.7997,     0.0000,    14.7500,    -0.3594,     0.0288,    -0.0180,    -0.0552,    -0.0033,     0.0022
    8.2500,     1.0000,     0.7997,     0.0000,    15.0000,    -0.3816,     0.0305,    -0.0191,    -0.0586,    -0.0035,     0.0023
    8.2500,     1.0000,     0.7997,     0.0000,    15.2500,    -0.4036,     0.0323,    -0.0202,    -0.0620,    -0.0037,     0.0025
    8.2500,     1.0000,     0.7997,     0.0000,    15.5000,    -0.4255,     0.0340,    -0.0213,    -0.0655,    -0.0039,     0.0026
    8.2500,     1.0000,     0.7997,     0.0000,    15.7500,    -0.4472,     0.0358,    -0.0224,    -0.0690,    -0.0041,     0.0028
    8.2500,     1.0000,     0.7997,     0.0000,    16.0000,    -0.4687,     0.0375,    -0.0234,    -0.0725,    -0.0043,     0.0029
    8.2500,     1.0000,     0.7997,     0.0000,    16.2500,    -0.4899,     0.0392,    -0.0245,    -0.0760,    -0.0046,     0.0030
    8.2500,     1.0000,     0.7997,     0.0000,    16.5000,    -0.5109,     0.0409,    -0.0255,    -0.0795,    -0.0048,     0.0032
    8.2500,     1.0000,     0.7997,     0.0000,    16.7500,    -0.5316,     0.0425,    -0.0266,    -0.0830,    -0.0050,     0.0033
    8.2500,     1.0000,     0.7997,     0.0000,    17.0000,    -0.5521,     0.0442,    -0.0276,    -0.0865,    -0.0052,     0.0035
    8.2500,     1.0000,     0.7997,     0.0000,    17.2500,    -0.5722,     0.0458,    -0.0286,    -0.0899,    -0.0054,     0.0036
    8.2500,     1.0000,     0.7997,     0.0000,    17.5000,    -0.5919,     0.0474,    -0.0296,    -0.0933,    -0.0056,     0.0037
    8.2500,     1.0000,     0.7997,     0.0000,    17.7500,    -0.6114,     0.0489,    -0.0306,    -0.0966,    -0.0058,     0.0039
    8.2500,     1.0000,     0.7997,     0.0000,    18.0000,    -0.6304,     0.0504,    -0.0315,    -0.0999,    -0.0060,     0.0040
    8.2500,     1.0000,     0.7997,     0.0000,    18.2500,    -0.6491,     0.0519,    -0.0325,    -0.1031,    -0.0062,     0.0041
    8.2500,     1.0000,     0.7997,     0.0000,    18.5000,    -0.6674,     0.0534,    -0.0334,    -0.1063,    -0.0064,     0.0043
    8.2500,     1.0000,     0.7997,     0.0000,    18.7500,    -0.6853,     0.0548,    -0.0343,    -0.1094,    -0.0066,     0.0044
    8.2500,     1.0000,     0.7997,     0.0000,    19.0000,    -0.7027,     0.0562,    -0.0351,    -0.1124,    -0.0067,     0.0045
    8.2500,     1.0000,     0.7997,     0.0000,    19.2500,    -0.7197,     0.0576,    -0.0360,    -0.1154,    -0.0069,     0.0046
    8.2500,     1.0000,     0.7997,     0.0000,    19.5000,    -0.7363,     0.0589,    -0.0368,    -0.1184,    -0.0071,     0.0047
    8.2500,     1.0000,     0.7997,     0.0000,    19.7500,    -0.7524,     0.0602,    -0.0376,    -0.1213,    -0.0073,     0.0049
    8.2500,     1.0000,     0.7997,     0.0000,    20.0000,    -0.7680,     0.0614,    -0.0384,    -0.1242,    -0.0075,     0.0050
    8.2500,     1.0000,     0.7997,     0.0000,    20.2500,    -0.7831,     0.0626,    -0.0392,    -0.1271,    -0.0076,     0.0051
    8.2500,     1.0000,     0.7997,     0.0000,    20.5000,    -0.7977,     0.0638,    -0.0399,    -0.1301,    -0.0078,     0.0052
    8.2500,     1.0000,     0.7997,     0.0000,    20.7500,    -0.8118,     0.0649,    -0.0406,    -0.1331,    -0.0080,     0.0053
    8.2500,     1.0000,     0.7997,     0.0000,    21.0000,    -0.8252,     0.0660,    -0.0413,    -0.1361,    -0.0082,     0.0054
    8.2500,     1.0000,     0.7997,     0.0000,    21.2500,    -0.8379,     0.0670,    -0.0419,    -0.1393,    -0.0084,     0.0056
    8.2500,     1.0000,     0.7997,     0.0000,    21.5000,    -0.8500,     0.0680,    -0.0425,    -0.1426,    -0.0086,     0.0057
    8.2500,     1.0000,     0.7997,     0.0000,    21.7500,    -0.8613,     0.0689,    -0.0431,    -0.1460,    -0.0088,     0.0058
    8.2500,     1.0000,     0.7997,     0.0000,    22.0000,    -0.8718,     0.0697,    -0.0436,    -0.1495,    -0.0090,     0.0060
    8.2500,     1.0000,     0.7997,     0.0000,    22.2500,    -0.8814,     0.0705,    -0.0441,    -0.1532,    -0.0092,     0.0061
    8.2500,     1.0000,     0.7997,     0.0000,    22.5000,    -0.8900,     0.0712,    -0.0445,    -0.1570,    -0.0094,     0.0063
    8.2500,     1.0000,     0.7997,     0.0000,    22.7500,    -0.8976,     0.0718,    -0.0449,    -0.1610,    -0.0097,     0.0064
    8.2500,     1.0000,     0.7997,     0.0000,    23.0000,    -0.9040,     0.0723,    -0.0452,    -0.1651,    -0.0099,     0.0066
    8.2500,     1.0000,     0.7997,     0.0000,    23.2500,    -0.9093,     0.0727,    -0.0455,    -0.1692,    -0.0102,     0.0068
    8.2500,     1.0000,     0.7997,     0.0000,    23.5000,    -0.9133,     0.0731,    -0.0457,    -0.1734,    -0.0104,     0.0069
    8.2500,     1.0000,     0.7997,     0.0000,    23.7500,    -0.9161,     0.0733,    -0.0458,    -0.1776,    -0.0107,     0.0071
    8.2500,     1.0000,     0.7997,     0.0000,    24.0000,    -0.9176,     0.0734,    -0.0459,    -0.1817,    -0.0109,     0.0073
    8.2500,     1.0000,     0.7997,     0.0000,    24.2500,    -0.9179,     0.0734,    -0.0459,    -0.1858,    -0.0111,     0.0074
    8.2500,     1.0000,     0.7997,     0.0000,    24.5000,    -0.9168,     0.0733,    -0.0458,    -0.1897,    -0.0114,     0.0076
    8.2500,     1.0000,     0.7997,     0.0000,    24.7500,    -0.9145,     0.0732,    -0.0457,    -0.1935,    -0.0116,     0.0077
    8.5000,     1.0000,     0.7762,     0.0000,    -1.0000,     0.8977,    -0.0718,     0.0449,     0.0527,     0.0032,    -0.0021
    8.5000,     1.0000,     0.7762,     0.0000,    -0.7500,     0.8833,    -0.0707,     0.0442,     0.0531,     0.0032,    -0.0021
    8.5000,     1.0000,     0.7762,     0.0000,    -0.5000,     0.8689,    -0.0695,     0.0434,     0.0535,     0.0032,    -0.0021
    8.5000,     1.0000,     0.7762,     0.0000,    -0.2500,     0.8542,    -0.0683,     0.0427,     0.0539,     0.0032,    -0.0022
    8.5000,     1.0000,     0.7762,     0.0000,     0.0000,     0.8394,    -0.0672,     0.0420,     0.0542,     0.0033,    -0.0022
    8.5000,     1.0000,     0.7762,     0.0000,     0.2500,     0.8243,    -0.0659,     0.0412,     0.0544,     0.0033,    -0.0022
    8.5000,     1.0000,     0.7762,     0.0000,     0.5000,     0.8090,    -0.0647,     0.0405,     0.0545,     0.0033,    -0.0022
    8.5000,     1.0000,     0.7762,     0.0000,     0.7500,     0.7934,    -0.0635,     0.0397,     0.0546,     0.0033,    -0.0022
    8.5000,     1.0000,     0.7762,     0.0000,     1.0000,     0.7775,    -0.0622,     0.0389,     0.0546,     0.0033,    -0.0022
    8.5000,     1.0000,     0.7762,     0.0000,     1.2500,     0.7613,    -0.0609,     0.0381,     0.0545,     0.0033,    -0.0022
    8.5000,     1.0000,     0.7762,     0.0000,     1.5000,     0.7447,    -0.0596,     0.0372,     0.0543,     0.0033,    -0.0022
    8.5000,     1.0000,     0.7762,     0.0000,     1.7500,     0.7278,    -0.0582,     0.0364,     0.0540,     0.0032,    -0.0022
    8.5000,     1.0000,     0.7762,     0.0000,     2.0000,     0.7106,    -0.0568,     0.0355,     0.0536,     0.0032,    -0.0021
    8.5000,     1.0000,     0.7762,     0.0000,     2.2500,     0.6931,    -0.0554,     0.0347,     0.0532,     0.0032,    -0.0021
    8.5000,     1.0000,     0.7762,     0.0000,     2.5000,     0.6752,    -0.0540,     0.0338,     0.0526,     0.0032,    -0.0021
    8.5000,     1.0000,     0.7762,     0.0000,     2.7500,     0.6569,    -0.0526,     0.0328,     0.0520,     0.0031,    -0.0021
    8.5000,     1.0000,     0.7762,     0.0000,     3.0000,     0.6384,    -0.0511,     0.0319,     0.0512,     0.0031,    -0.0020
    8.5000,     1.0000,     0.7762,     0.0000,     3.2500,     0.6195,    -0.0496,     0.0310,     0.0504,     0.0030,    -0.0020
    8.5000,     1.0000,     0.7762,     0.0000,     3.5000,     0.6003,    -0.0480,     0.0300,     0.0494,     0.0030,    -0.0020
    8.5000,     1.0000,     0.7762,     0.0000,     3.7500,     0.5809,    -0.0465,     0.0290,     0.0484,     0.0029,    -0.0019
    8.5000,     1.0000,     0.7762,     0.0000,     4.0000,     0.5612,    -0.0449,     0.0281,     0.0473,     0.0028,    -0.0019
    8.5000,     1.0000,     0.7762,     0.0000,     4.2500,     0.5412,    -0.0433,     0.0271,     0.0461,     0.0028,    -0.0018
    8.5000,     1.0000,     0.7762,     0.0000,     4.5000,     0.5210,    -0.0417,     0.0261,     0.0448,     0.0027,    -0.0018
    8.5000,     1.0000,     0.7762,     0.0000,     4.7500,     0.5005,    -0.0400,     0.0250,     0.0435,     0.0026,    -0.0017
    8.5000,     1.0000,     0.7762,     0.0000,     5.0000,     0.4799,    -0.0384,     0.0240,     0.0420,     0.0025,    -0.0017
    8.5000,     1.0000,     0.7762,     0.0000,     5.2500,     0.4591,    -0.0367,     0.0230,     0.0405,     0.0024,    -0.0016
    8.5000,     1.0000,     0.7762,     0.0000,     5.5000,     0.4380,    -0.0350,     0.0219,     0.0389,     0.0023,    -0.0016
    8.5000,     1.0000,     0.7762,     0.0000,     5.7500,     0.4168,    -0.0333,     0.0208,     0.0372,     0.0022,    -0.0015
    8.5000,     1.0000,     0.7762,     0.0000,     6.0000,     0.3954,    -0.0316,     0.0198,     0.0354,     0.0021,    -0.0014
    8.5000,     1.0000,     0.7762,     0.0000,     6.2500,     0.3739,    -0.0299,     0.0187,     0.0336,     0.0020,    -0.0013
    8.5000,     1.0000,     0.7762,     0.0000,     6.5000,     0.3522,    -0.0282,     0.0176,     0.0317,     0.0019,    -0.0013
    8.5000,     1.0000,     0.7762,     0.0000,     6.7500,     0.3304,    -0.0264,     0.0165,     0.0297,     0.0018,    -0.0012
    8.5000,     1.0000,     0.7762,     0.0000,     7.0000,     0.3085,    -0.0247,     0.0154,     0.0277,     0.0017,    -0.0011
    8.5000,     1.0000,     0.7762,     0.0000,     7.2500,     0.2864,    -0.0229,     0.0143,     0.0256,     0.0015,    -0.0010
    8.5000,     1.0000,     0.7762,     0.0000,     7.5000,     0.2643,    -0.0211,     0.0132,     0.0234,     0.0014,    -0.0009
    8.5000,     1.0000,     0.7762,     0.0000,     7.7500,     0.2420,    -0.0194,     0.0121,     0.0212,     0.0013,    -0.0008
    8.5000,     1.0000,     0.7762,     0.0000,     8.0000,     0.2197,    -0.0176,     0.0110,     0.0189,     0.0011,    -0.0008
    8.5000,     1.0000,     0.7762,     0.0000,     8.2500,     0.1973,    -0.0158,     0.0099,     0.0165,     0.0010,    -0.0007
    8.5000,     1.0000,     0.7762,     0.0000,     8.5000,     0.1748,    -0.0140,     0.0087,     0.0141,     0.0008,    -0.0006
    8.5000,     1.0000,     0.7762,     0.0000,     8.7500,     0.1523,    -0.0122,     0.0076,     0.0117,     0.0007,    -0.0005
    8.5000,     1.0000,     0.7762,     0.0000,     9.0000,     0.1296,    -0.0104,     0.0065,     0.0091,     0.0005,    -0.0004
    8.5000,     1.0000,     0.7762,     0.0000,     9.2500,     0.1068,    -0.0085,     0.0053,     0.0066,     0.0004,    -0.0003
    8.5000,     1.0000,     0.7762,     0.0000,     9.5000,     0.0839,    -0.0067,     0.0042,     0.0040,     0.0002,    -0.0002
    8.5000,     1.0000,     0.7762,     0.0000,     9.7500,     0.0610,    -0.0049,     0.0031,     0.0013,     0.0001,    -0.0001
    8.5000,     1.0000,     0.7762,     0.0000,    10.0000,     0.0380,    -0.0030,     0.0019,    -0.0014,    -0.0001,     0.0001
    8.5000,     1.0000,     0.7762,     0.0000,    10.2500,     0.0149,    -0.0012,     0.0007,    -0.0042,    -0.0003,     0.0002
    8.5000,     1.0000,     0.7762,     0.0000,    10.5000,    -0.0083,     0.0007,    -0.0004,    -0.0070,    -0.0004,     0.0003
    8.5000,     1.0000,     0.7762,     0.0000,    10.7500,    -0.0315,     0.0025,    -0.0016,    -0.0098,    -0.0006,     0.0004
    8.5000,     1.0000,     0.7762,     0.0000,    11.0000,    -0.0548,     0.0044,    -0.0027,    -0.0127,    -0.0008,     0.0005
    8.5000,     1.0000,     0.7762,     0.0000,    11.2500,    -0.0781,     0.0062,    -0.0039,    -0.0156,    -0.0009,     0.0006
    8.5000,     1.0000,     0.7762,     0.0000,    11.5000,    -0.1015,     0.0081,    -0.0051,    -0.0186,    -0.0011,     0.0007
    8.5000,     1.0000,     0.7762,     0.0000,    11.7500,    -0.1250,     0.0100,    -0.0063,    -0.0216,    -0.0013,     0.0009
    8.5000,     1.0000,     0.7762,     0.0000,    12.0000,    -0.1485,     0.0119,    -0.0074,    -0.0246,    -0.0015,     0.0010
    8.5000,     1.0000,     0.7762,     0.0000,    12.2500,    -0.1721,     0.0138,    -0.0086,    -0.0277,    -0.0017,     0.0011
    8.5000,     1.0000,     0.7762,     0.0000,    12.5000,    -0.1957,     0.0157,    -0.0098,    -0.0309,    -0.0019,     0.0012
    8.5000,     1.0000,     0.7762,     0.0000,    12.7500,    -0.2193,     0.0175,    -0.0110,    -0.0341,    -0.0020,     0.0014
    8.5000,     1.0000,     0.7762,     0.0000,    13.0000,    -0.2430,     0.0194,    -0.0122,    -0.0373,    -0.0022,     0.0015
    8.5000,     1.0000,     0.7762,     0.0000,    13.2500,    -0.2667,     0.0213,    -0.0133,    -0.0406,    -0.0024,     0.0016
    8.5000,     1.0000,     0.7762,     0.0000,    13.5000,    -0.2904,     0.0232,    -0.0145,    -0.0440,    -0.0026,     0.0018
    8.5000,     1.0000,     0.7762,     0.0000,    13.7500,    -0.3141,     0.0251,    -0.0157,    -0.0473,    -0.0028,     0.0019
    8.5000,     1.0000,     0.7762,     0.0000,    14.0000,    -0.3377,     0.0270,    -0.0169,    -0.0507,    -0.0030,     0.0020
    8.5000,     1.0000,     0.7762,     0.0000,    14.2500,    -0.3613,     0.0289,    -0.0181,    -0.0542,    -0.0033,     0.0022
    8.5000,     1.0000,     0.7762,     0.0000,    14.5000,    -0.3848,     0.0308,    -0.0192,    -0.0577,    -0.0035,     0.0023
    8.5000,     1.0000,     0.7762,     0.0000,    14.7500,    -0.4082,     0.0327,    -0.0204,    -0.0612,    -0.0037,     0.0024
    8.5000,     1.0000,     0.7762,     0.0000,    15.0000,    -0.4314,     0.0345,    -0.0216,    -0.0648,    -0.0039,     0.0026
    8.5000,     1.0000,     0.7762,     0.0000,    15.2500,    -0.4545,     0.0364,    -0.0227,    -0.0684,    -0.0041,     0.0027
    8.5000,     1.0000,     0.7762,     0.0000,    15.5000,    -0.4773,     0.0382,    -0.0239,    -0.0720,    -0.0043,     0.0029
    8.5000,     1.0000,     0.7762,     0.0000,    15.7500,    -0.5000,     0.0400,    -0.0250,    -0.0756,    -0.0045,     0.0030
    8.5000,     1.0000,     0.7762,     0.0000,    16.0000,    -0.5224,     0.0418,    -0.0261,    -0.0793,    -0.0048,     0.0032
    8.5000,     1.0000,     0.7762,     0.0000,    16.2500,    -0.5445,     0.0436,    -0.0272,    -0.0829,    -0.0050,     0.0033
    8.5000,     1.0000,     0.7762,     0.0000,    16.5000,    -0.5663,     0.0453,    -0.0283,    -0.0865,    -0.0052,     0.0035
    8.5000,     1.0000,     0.7762,     0.0000,    16.7500,    -0.5878,     0.0470,    -0.0294,    -0.0901,    -0.0054,     0.0036
    8.5000,     1.0000,     0.7762,     0.0000,    17.0000,    -0.6090,     0.0487,    -0.0305,    -0.0937,    -0.0056,     0.0037
    8.5000,     1.0000,     0.7762,     0.0000,    17.2500,    -0.6298,     0.0504,    -0.0315,    -0.0972,    -0.0058,     0.0039
    8.5000,     1.0000,     0.7762,     0.0000,    17.5000,    -0.6502,     0.0520,    -0.0325,    -0.1007,    -0.0060,     0.0040
    8.5000,     1.0000,     0.7762,     0.0000,    17.7500,    -0.6703,     0.0536,    -0.0335,    -0.1041,    -0.0062,     0.0042
    8.5000,     1.0000,     0.7762,     0.0000,    18.0000,    -0.6899,     0.0552,    -0.0345,    -0.1074,    -0.0064,     0.0043
    8.5000,     1.0000,     0.7762,     0.0000,    18.2500,    -0.7092,     0.0567,    -0.0355,    -0.1107,    -0.0066,     0.0044
    8.5000,     1.0000,     0.7762,     0.0000,    18.5000,    -0.7280,     0.0582,    -0.0364,    -0.1139,    -0.0068,     0.0046
    8.5000,     1.0000,     0.7762,     0.0000,    18.7500,    -0.7464,     0.0597,    -0.0373,    -0.1171,    -0.0070,     0.0047
    8.5000,     1.0000,     0.7762,     0.0000,    19.0000,    -0.7643,     0.0611,    -0.0382,    -0.1202,    -0.0072,     0.0048
    8.5000,     1.0000,     0.7762,     0.0000,    19.2500,    -0.7817,     0.0625,    -0.0391,    -0.1233,    -0.0074,     0.0049
    8.5000,     1.0000,     0.7762,     0.0000,    19.5000,    -0.7987,     0.0639,    -0.0399,    -0.1263,    -0.0076,     0.0051
    8.5000,     1.0000,     0.7762,     0.0000,    19.7500,    -0.8152,     0.0652,    -0.0408,    -0.1293,    -0.0078,     0.0052
    8.5000,     1.0000,     0.7762,     0.0000,    20.0000,    -0.8311,     0.0665,    -0.0416,    -0.1323,    -0.0079,     0.0053
    8.5000,     1.0000,     0.7762,     0.0000,    20.2500,    -0.8465,     0.0677,    -0.0423,    -0.1354,    -0.0081,     0.0054
    8.5000,     1.0000,     0.7762,     0.0000,    20.5000,    -0.8614,     0.0689,    -0.0431,    -0.1385,    -0.0083,     0.0055
    8.5000,     1.0000,     0.7762,     0.0000,    20.7500,    -0.8756,     0.0700,    -0.0438,    -0.1417,    -0.0085,     0.0057
    8.5000,     1.0000,     0.7762,     0.0000,    21.0000,    -0.8891,     0.0711,    -0.0445,    -0.1449,    -0.0087,     0.0058
    8.5000,     1.0000,     0.7762,     0.0000,    21.2500,    -0.9019,     0.0722,    -0.0451,    -0.1483,    -0.0089,     0.0059
    8.5000,     1.0000,     0.7762,     0.0000,    21.5000,    -0.9139,     0.0731,    -0.0457,    -0.1518,    -0.0091,     0.0061
    8.5000,     1.0000,     0.7762,     0.0000,    21.7500,    -0.9250,     0.0740,    -0.0463,    -0.1555,    -0.0093,     0.0062
    8.5000,     1.0000,     0.7762,     0.0000,    22.0000,    -0.9352,     0.0748,    -0.0468,    -0.1594,    -0.0096,     0.0064
    8.5000,     1.0000,     0.7762,     0.0000,    22.2500,    -0.9444,     0.0756,    -0.0472,    -0.1634,    -0.0098,     0.0065
    8.5000,     1.0000,     0.7762,     0.0000,    22.5000,    -0.9524,     0.0762,    -0.0476,    -0.1676,    -0.0101,     0.0067
    8.5000,     1.0000,     0.7762,     0.0000,    22.7500,    -0.9594,     0.0768,    -0.0480,    -0.1719,    -0.0103,     0.0069
    8.5000,     1.0000,     0.7762,     0.0000,    23.0000,    -0.9650,     0.0772,    -0.0483,    -0.1762,    -0.0106,     0.0070
    8.5000,     1.0000,     0.7762,     0.0000,    23.2500,    -0.9694,     0.0776,    -0.0485,    -0.1807,    -0.0108,     0.0072
    8.5000,     1.0000,     0.7762,     0.0000,    23.5000,    -0.9725,     0.0778,    -0.0486,    -0.1851,    -0.0111,     0.0074
    8.5000,     1.0000,     0.7762,     0.0000,    23.7500,    -0.9742,     0.0779,    -0.0487,    -0.1895,    -0.0114,     0.0076
    8.5000,     1.0000,     0.7762,     0.0000,    24.0000,    -0.9746,     0.0780,    -0.0487,    -0.1937,    -0.0116,     0.0077
    8.5000,     1.0000,     0.7762,     0.0000,    24.2500,    -0.9736,     0.0779,    -0.0487,    -0.1979,    -0.0119,     0.0079
    8.5000,     1.0000,     0.7762,     0.0000,    24.5000,    -0.9713,     0.0777,    -0.0486,    -0.2019,    -0.0121,     0.0081
    8.5000,     1.0000,     0.7762,     0.0000,    24.7500,    -0.9677,     0.0774,    -0.0484,    -0.2058,    -0.0123,     0.0082
    8.7500,     1.0000,     0.7540,     0.0000,    -1.0000,     0.9142,    -0.0731,     0.0457,     0.0505,     0.0030,    -0.0020
    8.7500,     1.0000,     0.7540,     0.0000,    -0.7500,     0.8991,    -0.0719,     0.0450,     0.0510,     0.0031,    -0.0020
    8.7500,     1.0000,     0.7540,     0.0000,    -0.5000,     0.8838,    -0.0707,     0.0442,     0.0515,     0.0031,    -0.0021
    8.7500,     1.0000,     0.7540,     0.0000,    -0.2500,     0.8685,    -0.0695,     0.0434,     0.0519,     0.0031,    -0.0021
    8.7500,     1.0000,     0.7540,     0.0000,     0.0000,     0.8530,    -0.0682,     0.0427,     0.0522,     0.0031,    -0.0021
    8.7500,     1.0000,     0.7540,     0.0000,     0.2500,     0.8372,    -0.0670,     0.0419,     0.0525,     0.0031,    -0.0021
    8.7500,     1.0000,     0.7540,     0.0000,     0.5000,     0.8213,    -0.0657,     0.0411,     0.0527,     0.0032,    -0.0021
    8.7500,     1.0000,     0.7540,     0.0000,     0.7500,     0.8050,    -0.0644,     0.0403,     0.0528,     0.0032,    -0.0021
    8.7500,     1.0000,     0.7540,     0.0000,     1.0000,     0.7885,    -0.0631,     0.0394,     0.0529,     0.0032,    -0.0021
    8.7500,     1.0000,     0.7540,     0.0000,     1.2500,     0.7716,    -0.0617,     0.0386,     0.0528,     0.0032,    -0.0021
    8.7500,     1.0000,     0.7540,     0.0000,     1.5000,     0.7544,    -0.0604,     0.0377,     0.0527,     0.0032,    -0.0021
    8.7500,     1.0000,     0.7540,     0.0000,     1.7500,     0.7369,    -0.0590,     0.0368,     0.0524,     0.0031,    -0.0021
    8.7500,     1.0000,     0.7540,     0.0000,     2.0000,     0.7189,    -0.0575,     0.0359,     0.0521,     0.0031,    -0.0021
    8.7500,     1.0000,     0.7540,     0.0000,     2.2500,     0.7006,    -0.0560,     0.0350,     0.0517,     0.0031,    -0.0021
    8.7500,     1.0000,     0.7540,     0.0000,     2.5000,     0.6819,    -0.0546,     0.0341,     0.0511,     0.0031,    -0.0020
    8.7500,     1.0000,     0.7540,     0.0000,     2.7500,     0.6629,    -0.0530,     0.0331,     0.0505,     0.0030,    -0.0020
    8.7500,     1.0000,     0.7540,     0.0000,     3.0000,     0.6435,    -0.0515,     0.0322,     0.0497,     0.0030,    -0.0020
    8.7500,     1.0000,     0.7540,     0.0000,     3.2500,     0.6237,    -0.0499,     0.0312,     0.0489,     0.0029,    -0.0020
    8.7500,     1.0000,     0.7540,     0.0000,     3.5000,     0.6036,    -0.0483,     0.0302,     0.0479,     0.0029,    -0.0019
    8.7500,     1.0000,     0.7540,     0.0000,     3.7500,     0.5832,    -0.0467,     0.0292,     0.0469,     0.0028,    -0.0019
    8.7500,     1.0000,     0.7540,     0.0000,     4.0000,     0.5625,    -0.0450,     0.0281,     0.0457,     0.0027,    -0.0018
    8.7500,     1.0000,     0.7540,     0.0000,     4.2500,     0.5415,    -0.0433,     0.0271,     0.0445,     0.0027,    -0.0018
    8.7500,     1.0000,     0.7540,     0.0000,     4.5000,     0.5203,    -0.0416,     0.0260,     0.0432,     0.0026,    -0.0017
    8.7500,     1.0000,     0.7540,     0.0000,     4.7500,     0.4988,    -0.0399,     0.0249,     0.0418,     0.0025,    -0.0017
    8.7500,     1.0000,     0.7540,     0.0000,     5.0000,     0.4770,    -0.0382,     0.0238,     0.0403,     0.0024,    -0.0016
    8.7500,     1.0000,     0.7540,     0.0000,     5.2500,     0.4551,    -0.0364,     0.0228,     0.0387,     0.0023,    -0.0015
    8.7500,     1.0000,     0.7540,     0.0000,     5.5000,     0.4329,    -0.0346,     0.0216,     0.0370,     0.0022,    -0.0015
    8.7500,     1.0000,     0.7540,     0.0000,     5.7500,     0.4106,    -0.0328,     0.0205,     0.0353,     0.0021,    -0.0014
    8.7500,     1.0000,     0.7540,     0.0000,     6.0000,     0.3881,    -0.0310,     0.0194,     0.0334,     0.0020,    -0.0013
    8.7500,     1.0000,     0.7540,     0.0000,     6.2500,     0.3654,    -0.0292,     0.0183,     0.0315,     0.0019,    -0.0013
    8.7500,     1.0000,     0.7540,     0.0000,     6.5000,     0.3425,    -0.0274,     0.0171,     0.0296,     0.0018,    -0.0012
    8.7500,     1.0000,     0.7540,     0.0000,     6.7500,     0.3196,    -0.0256,     0.0160,     0.0275,     0.0016,    -0.0011
    8.7500,     1.0000,     0.7540,     0.0000,     7.0000,     0.2964,    -0.0237,     0.0148,     0.0254,     0.0015,    -0.0010
    8.7500,     1.0000,     0.7540,     0.0000,     7.2500,     0.2732,    -0.0219,     0.0137,     0.0232,     0.0014,    -0.0009
    8.7500,     1.0000,     0.7540,     0.0000,     7.5000,     0.2499,    -0.0200,     0.0125,     0.0209,     0.0013,    -0.0008
    8.7500,     1.0000,     0.7540,     0.0000,     7.7500,     0.2265,    -0.0181,     0.0113,     0.0186,     0.0011,    -0.0007
    8.7500,     1.0000,     0.7540,     0.0000,     8.0000,     0.2029,    -0.0162,     0.0101,     0.0162,     0.0010,    -0.0006
    8.7500,     1.0000,     0.7540,     0.0000,     8.2500,     0.1793,    -0.0143,     0.0090,     0.0137,     0.0008,    -0.0005
    8.7500,     1.0000,     0.7540,     0.0000,     8.5000,     0.1556,    -0.0124,     0.0078,     0.0112,     0.0007,    -0.0004
    8.7500,     1.0000,     0.7540,     0.0000,     8.7500,     0.1318,    -0.0105,     0.0066,     0.0087,     0.0005,    -0.0003
    8.7500,     1.0000,     0.7540,     0.0000,     9.0000,     0.1079,    -0.0086,     0.0054,     0.0061,     0.0004,    -0.0002
    8.7500,     1.0000,     0.7540,     0.0000,     9.2500,     0.0839,    -0.0067,     0.0042,     0.0034,     0.0002,    -0.0001
    8.7500,     1.0000,     0.7540,     0.0000,     9.5000,     0.0598,    -0.0048,     0.0030,     0.0007,     0.0000,    -0.0000
    8.7500,     1.0000,     0.7540,     0.0000,     9.7500,     0.0356,    -0.0028,     0.0018,    -0.0021,    -0.0001,     0.0001
    8.7500,     1.0000,     0.7540,     0.0000,    10.0000,     0.0113,    -0.0009,     0.0006,    -0.0049,    -0.0003,     0.0002
    8.7500,     1.0000,     0.7540,     0.0000,    10.2500,    -0.0130,     0.0010,    -0.0006,    -0.0078,    -0.0005,     0.0003
    8.7500,     1.0000,     0.7540,     0.0000,    10.5000,    -0.0375,     0.0030,    -0.0019,    -0.0107,    -0.0006,     0.0004
    8.7500,     1.0000,     0.7540,     0.0000,    10.7500,    -0.0620,     0.0050,    -0.0031,    -0.0137,    -0.0008,     0.0005
    8.7500,     1.0000,     0.7540,     0.0000,    11.0000,    -0.0865,     0.0069,    -0.0043,    -0.0167,    -0.0010,     0.0007
    8.7500,     1.0000,     0.7540,     0.0000,    11.2500,    -0.1111,     0.0089,    -0.0056,    -0.0197,    -0.0012,     0.0008
    8.7500,     1.0000,     0.7540,     0.0000,    11.5000,    -0.1358,     0.0109,    -0.0068,    -0.0228,    -0.0014,     0.0009
    8.7500,     1.0000,     0.7540,     0.0000,    11.7500,    -0.1606,     0.0128,    -0.0080,    -0.0260,    -0.0016,     0.0010
    8.7500,     1.0000,     0.7540,     0.0000,    12.0000,    -0.1854,     0.0148,    -0.0093,    -0.0292,    -0.0018,     0.0012
    8.7500,     1.0000,     0.7540,     0.0000,    12.2500,    -0.2103,     0.0168,    -0.0105,    -0.0324,    -0.0019,     0.0013
    8.7500,     1.0000,     0.7540,     0.0000,    12.5000,    -0.2352,     0.0188,    -0.0118,    -0.0357,    -0.0021,     0.0014
    8.7500,     1.0000,     0.7540,     0.0000,    12.7500,    -0.2601,     0.0208,    -0.0130,    -0.0390,    -0.0023,     0.0016
    8.7500,     1.0000,     0.7540,     0.0000,    13.0000,    -0.2851,     0.0228,    -0.0143,    -0.0424,    -0.0025,     0.0017
    8.7500,     1.0000,     0.7540,     0.0000,    13.2500,    -0.3100,     0.0248,    -0.0155,    -0.0459,    -0.0028,     0.0018
    8.7500,     1.0000,     0.7540,     0.0000,    13.5000,    -0.3350,     0.0268,    -0.0168,    -0.0493,    -0.0030,     0.0020
    8.7500,     1.0000,     0.7540,     0.0000,    13.7500,    -0.3599,     0.0288,    -0.0180,    -0.0529,    -0.0032,     0.0021
    8.7500,     1.0000,     0.7540,     0.0000,    14.0000,    -0.3847,     0.0308,    -0.0192,    -0.0564,    -0.0034,     0.0023
    8.7500,     1.0000,     0.7540,     0.0000,    14.2500,    -0.4095,     0.0328,    -0.0205,    -0.0601,    -0.0036,     0.0024
    8.7500,     1.0000,     0.7540,     0.0000,    14.5000,    -0.4341,     0.0347,    -0.0217,    -0.0637,    -0.0038,     0.0025
    8.7500,     1.0000,     0.7540,     0.0000,    14.7500,    -0.4585,     0.0367,    -0.0229,    -0.0674,    -0.0040,     0.0027
    8.7500,     1.0000,     0.7540,     0.0000,    15.0000,    -0.4828,     0.0386,    -0.0241,    -0.0711,    -0.0043,     0.0028
    8.7500,     1.0000,     0.7540,     0.0000,    15.2500,    -0.5069,     0.0406,    -0.0253,    -0.0749,    -0.0045,     0.0030
    8.7500,     1.0000,     0.7540,     0.0000,    15.5000,    -0.5307,     0.0425,    -0.0265,    -0.0786,    -0.0047,     0.0031
    8.7500,     1.0000,     0.7540,     0.0000,    15.7500,    -0.5543,     0.0443,    -0.0277,    -0.0824,    -0.0049,     0.0033
    8.7500,     1.0000,     0.7540,     0.0000,    16.0000,    -0.5776,     0.0462,    -0.0289,    -0.0861,    -0.0052,     0.0034
    8.7500,     1.0000,     0.7540,     0.0000,    16.2500,    -0.6006,     0.0480,    -0.0300,    -0.0899,    -0.0054,     0.0036
    8.7500,     1.0000,     0.7540,     0.0000,    16.5000,    -0.6232,     0.0499,    -0.0312,    -0.0936,    -0.0056,     0.0037
    8.7500,     1.0000,     0.7540,     0.0000,    16.7500,    -0.6455,     0.0516,    -0.0323,    -0.0973,    -0.0058,     0.0039
    8.7500,     1.0000,     0.7540,     0.0000,    17.0000,    -0.6674,     0.0534,    -0.0334,    -0.1010,    -0.0061,     0.0040
    8.7500,     1.0000,     0.7540,     0.0000,    17.2500,    -0.6889,     0.0551,    -0.0344,    -0.1046,    -0.0063,     0.0042
    8.7500,     1.0000,     0.7540,     0.0000,    17.5000,    -0.7100,     0.0568,    -0.0355,    -0.1081,    -0.0065,     0.0043
    8.7500,     1.0000,     0.7540,     0.0000,    17.7500,    -0.7307,     0.0585,    -0.0365,    -0.1116,    -0.0067,     0.0045
    8.7500,     1.0000,     0.7540,     0.0000,    18.0000,    -0.7509,     0.0601,    -0.0375,    -0.1150,    -0.0069,     0.0046
    8.7500,     1.0000,     0.7540,     0.0000,    18.2500,    -0.7707,     0.0617,    -0.0385,    -0.1184,    -0.0071,     0.0047
    8.7500,     1.0000,     0.7540,     0.0000,    18.5000,    -0.7901,     0.0632,    -0.0395,    -0.1216,    -0.0073,     0.0049
    8.7500,     1.0000,     0.7540,     0.0000,    18.7500,    -0.8090,     0.0647,    -0.0405,    -0.1249,    -0.0075,     0.0050
    8.7500,     1.0000,     0.7540,     0.0000,    19.0000,    -0.8274,     0.0662,    -0.0414,    -0.1281,    -0.0077,     0.0051
    8.7500,     1.0000,     0.7540,     0.0000,    19.2500,    -0.8452,     0.0676,    -0.0423,    -0.1312,    -0.0079,     0.0052
    8.7500,     1.0000,     0.7540,     0.0000,    19.5000,    -0.8626,     0.0690,    -0.0431,    -0.1343,    -0.0081,     0.0054
    8.7500,     1.0000,     0.7540,     0.0000,    19.7500,    -0.8795,     0.0704,    -0.0440,    -0.1375,    -0.0083,     0.0055
    8.7500,     1.0000,     0.7540,     0.0000,    20.0000,    -0.8958,     0.0717,    -0.0448,    -0.1406,    -0.0084,     0.0056
    8.7500,     1.0000,     0.7540,     0.0000,    20.2500,    -0.9114,     0.0729,    -0.0456,    -0.1438,    -0.0086,     0.0058
    8.7500,     1.0000,     0.7540,     0.0000,    20.5000,    -0.9265,     0.0741,    -0.0463,    -0.1471,    -0.0088,     0.0059
    8.7500,     1.0000,     0.7540,     0.0000,    20.7500,    -0.9408,     0.0753,    -0.0470,    -0.1504,    -0.0090,     0.0060
    8.7500,     1.0000,     0.7540,     0.0000,    21.0000,    -0.9544,     0.0764,    -0.0477,    -0.1539,    -0.0092,     0.0062
    8.7500,     1.0000,     0.7540,     0.0000,    21.2500,    -0.9671,     0.0774,    -0.0484,    -0.1576,    -0.0095,     0.0063
    8.7500,     1.0000,     0.7540,     0.0000,    21.5000,    -0.9790,     0.0783,    -0.0490,    -0.1614,    -0.0097,     0.0065
    8.7500,     1.0000,     0.7540,     0.0000,    21.7500,    -0.9899,     0.0792,    -0.0495,    -0.1654,    -0.0099,     0.0066
    8.7500,     1.0000,     0.7540,     0.0000,    22.0000,    -0.9997,     0.0800,    -0.0500,    -0.1696,    -0.0102,     0.0068
    8.7500,     1.0000,     0.7540,     0.0000,    22.2500,    -1.0084,     0.0807,    -0.0504,    -0.1740,    -0.0104,     0.0070
    8.7500,     1.0000,     0.7540,     0.0000,    22.5000,    -1.0159,     0.0813,    -0.0508,    -0.1785,    -0.0107,     0.0071
    8.7500,     1.0000,     0.7540,     0.0000,    22.7500,    -1.0220,     0.0818,    -0.0511,    -0.1831,    -0.0110,     0.0073
    8.7500,     1.0000,     0.7540,     0.0000,    23.0000,    -1.0269,     0.0822,    -0.0513,    -0.1878,    -0.0113,     0.0075
    8.7500,     1.0000,     0.7540,     0.0000,    23.2500,    -1.0303,     0.0824,    -0.0515,    -0.1924,    -0.0115,     0.0077
    8.7500,     1.0000,     0.7540,     0.0000,    23.5000,    -1.0324,     0.0826,    -0.0516,    -0.1971,    -0.0118,     0.0079
    8.7500,     1.0000,     0.7540,     0.0000,    23.7500,    -1.0330,     0.0826,    -0.0517,    -0.2016,    -0.0121,     0.0081
    8.7500,     1.0000,     0.7540,     0.0000,    24.0000,    -1.0321,     0.0826,    -0.0516,    -0.2060,    -0.0124,     0.0082
    8.7500,     1.0000,     0.7540,     0.0000,    24.2500,    -1.0299,     0.0824,    -0.0515,    -0.2103,    -0.0126,     0.0084
    8.7500,     1.0000,     0.7540,     0.0000,    24.5000,    -1.0263,     0.0821,    -0.0513,    -0.2145,    -0.0129,     0.0086
    8.7500,     1.0000,     0.7540,     0.0000,    24.7500,    -1.0214,     0.0817,    -0.0511,    -0.2185,    -0.0131,     0.0087
    9.0000,     1.0000,     0.7330,     0.0000,    -1.0000,     0.9304,    -0.0744,     0.0465,     0.0485,     0.0029,    -0.0019
    9.0000,     1.0000,     0.7330,     0.0000,    -0.7500,     0.9144,    -0.0732,     0.0457,     0.0490,     0.0029,    -0.0020
    9.0000,     1.0000,     0.7330,     0.0000,    -0.5000,     0.8983,    -0.0719,     0.0449,     0.0495,     0.0030,    -0.0020
    9.0000,     1.0000,     0.7330,     0.0000,    -0.2500,     0.8822,    -0.0706,     0.0441,     0.0499,     0.0030,    -0.0020
    9.0000,     1.0000,     0.7330,     0.0000,     0.0000,     0.8660,    -0.0693,     0.0433,     0.0503,     0.0030,    -0.0020
    9.0000,     1.0000,     0.7330,     0.0000,     0.2500,     0.8496,    -0.0680,     0.0425,     0.0506,     0.0030,    -0.0020
    9.0000,     1.0000,     0.7330,     0.0000,     0.5000,     0.8329,    -0.0666,     0.0416,     0.0509,     0.0031,    -0.0020
    9.0000,     1.0000,     0.7330,     0.0000,     0.7500,     0.8161,    -0.0653,     0.0408,     0.0511,     0.0031,    -0.0020
    9.0000,     1.0000,     0.7330,     0.0000,     1.0000,     0.7989,    -0.0639,     0.0399,     0.0512,     0.0031,    -0.0020
    9.0000,     1.0000,     0.7330,     0.0000,     1.2500,     0.7814,    -0.0625,     0.0391,     0.0512,     0.0031,    -0.0020
    9.0000,     1.0000,     0.7330,     0.0000,     1.5000,     0.7635,    -0.0611,     0.0382,     0.0511,     0.0031,    -0.0020
    9.0000,     1.0000,     0.7330,     0.0000,     1.7500,     0.7452,    -0.0596,     0.0373,     0.0508,     0.0030,    -0.0020
    9.0000,     1.0000,     0.7330,     0.0000,     2.0000,     0.7266,    -0.0581,     0.0363,     0.0505,     0.0030,    -0.0020
    9.0000,     1.0000,     0.7330,     0.0000,     2.2500,     0.7075,    -0.0566,     0.0354,     0.0501,     0.0030,    -0.0020
    9.0000,     1.0000,     0.7330,     0.0000,     2.5000,     0.6881,    -0.0550,     0.0344,     0.0496,     0.0030,    -0.0020
    9.0000,     1.0000,     0.7330,     0.0000,     2.7500,     0.6682,    -0.0535,     0.0334,     0.0490,     0.0029,    -0.0020
    9.0000,     1.0000,     0.7330,     0.0000,     3.0000,     0.6479,    -0.0518,     0.0324,     0.0482,     0.0029,    -0.0019
    9.0000,     1.0000,     0.7330,     0.0000,     3.2500,     0.6273,    -0.0502,     0.0314,     0.0474,     0.0028,    -0.0019
    9.0000,     1.0000,     0.7330,     0.0000,     3.5000,     0.6063,    -0.0485,     0.0303,     0.0464,     0.0028,    -0.0019
    9.0000,     1.0000,     0.7330,     0.0000,     3.7500,     0.5849,    -0.0468,     0.0292,     0.0454,     0.0027,    -0.0018
    9.0000,     1.0000,     0.7330,     0.0000,     4.0000,     0.5632,    -0.0451,     0.0282,     0.0442,     0.0027,    -0.0018
    9.0000,     1.0000,     0.7330,     0.0000,     4.2500,     0.5412,    -0.0433,     0.0271,     0.0429,     0.0026,    -0.0017
    9.0000,     1.0000,     0.7330,     0.0000,     4.5000,     0.5189,    -0.0415,     0.0259,     0.0416,     0.0025,    -0.0017
    9.0000,     1.0000,     0.7330,     0.0000,     4.7500,     0.4963,    -0.0397,     0.0248,     0.0401,     0.0024,    -0.0016
    9.0000,     1.0000,     0.7330,     0.0000,     5.0000,     0.4735,    -0.0379,     0.0237,     0.0385,     0.0023,    -0.0015
    9.0000,     1.0000,     0.7330,     0.0000,     5.2500,     0.4504,    -0.0360,     0.0225,     0.0369,     0.0022,    -0.0015
    9.0000,     1.0000,     0.7330,     0.0000,     5.5000,     0.4271,    -0.0342,     0.0214,     0.0352,     0.0021,    -0.0014
    9.0000,     1.0000,     0.7330,     0.0000,     5.7500,     0.4036,    -0.0323,     0.0202,     0.0333,     0.0020,    -0.0013
    9.0000,     1.0000,     0.7330,     0.0000,     6.0000,     0.3799,    -0.0304,     0.0190,     0.0314,     0.0019,    -0.0013
    9.0000,     1.0000,     0.7330,     0.0000,     6.2500,     0.3561,    -0.0285,     0.0178,     0.0295,     0.0018,    -0.0012
    9.0000,     1.0000,     0.7330,     0.0000,     6.5000,     0.3320,    -0.0266,     0.0166,     0.0274,     0.0016,    -0.0011
    9.0000,     1.0000,     0.7330,     0.0000,     6.7500,     0.3078,    -0.0246,     0.0154,     0.0253,     0.0015,    -0.0010
    9.0000,     1.0000,     0.7330,     0.0000,     7.0000,     0.2835,    -0.0227,     0.0142,     0.0230,     0.0014,    -0.0009
    9.0000,     1.0000,     0.7330,     0.0000,     7.2500,     0.2591,    -0.0207,     0.0130,     0.0208,     0.0012,    -0.0008
    9.0000,     1.0000,     0.7330,     0.0000,     7.5000,     0.2345,    -0.0188,     0.0117,     0.0184,     0.0011,    -0.0007
    9.0000,     1.0000,     0.7330,     0.0000,     7.7500,     0.2099,    -0.0168,     0.0105,     0.0160,     0.0010,    -0.0006
    9.0000,     1.0000,     0.7330,     0.0000,     8.0000,     0.1852,    -0.0148,     0.0093,     0.0135,     0.0008,    -0.0005
    9.0000,     1.0000,     0.7330,     0.0000,     8.2500,     0.1603,    -0.0128,     0.0080,     0.0110,     0.0007,    -0.0004
    9.0000,     1.0000,     0.7330,     0.0000,     8.5000,     0.1354,    -0.0108,     0.0068,     0.0083,     0.0005,    -0.0003
    9.0000,     1.0000,     0.7330,     0.0000,     8.7500,     0.1103,    -0.0088,     0.0055,     0.0057,     0.0003,    -0.0002
    9.0000,     1.0000,     0.7330,     0.0000,     9.0000,     0.0851,    -0.0068,     0.0043,     0.0030,     0.0002,    -0.0001
    9.0000,     1.0000,     0.7330,     0.0000,     9.2500,     0.0598,    -0.0048,     0.0030,     0.0002,     0.0000,    -0.0000
    9.0000,     1.0000,     0.7330,     0.0000,     9.5000,     0.0344,    -0.0028,     0.0017,    -0.0027,    -0.0002,     0.0001
    9.0000,     1.0000,     0.7330,     0.0000,     9.7500,     0.0089,    -0.0007,     0.0004,    -0.0055,    -0.0003,     0.0002
    9.0000,     1.0000,     0.7330,     0.0000,    10.0000,    -0.0166,     0.0013,    -0.0008,    -0.0085,    -0.0005,     0.0003
    9.0000,     1.0000,     0.7330,     0.0000,    10.2500,    -0.0423,     0.0034,    -0.0021,    -0.0115,    -0.0007,     0.0005
    9.0000,     1.0000,     0.7330,     0.0000,    10.5000,    -0.0680,     0.0054,    -0.0034,    -0.0145,    -0.0009,     0.0006
    9.0000,     1.0000,     0.7330,     0.0000,    10.7500,    -0.0938,     0.0075,    -0.0047,    -0.0176,    -0.0011,     0.0007
    9.0000,     1.0000,     0.7330,     0.0000,    11.0000,    -0.1197,     0.0096,    -0.0060,    -0.0207,    -0.0012,     0.0008
    9.0000,     1.0000,     0.7330,     0.0000,    11.2500,    -0.1456,     0.0116,    -0.0073,    -0.0239,    -0.0014,     0.0010
    9.0000,     1.0000,     0.7330,     0.0000,    11.5000,    -0.1716,     0.0137,    -0.0086,    -0.0271,    -0.0016,     0.0011
    9.0000,     1.0000,     0.7330,     0.0000,    11.7500,    -0.1977,     0.0158,    -0.0099,    -0.0304,    -0.0018,     0.0012
    9.0000,     1.0000,     0.7330,     0.0000,    12.0000,    -0.2238,     0.0179,    -0.0112,    -0.0337,    -0.0020,     0.0013
    9.0000,     1.0000,     0.7330,     0.0000,    12.2500,    -0.2500,     0.0200,    -0.0125,    -0.0371,    -0.0022,     0.0015
    9.0000,     1.0000,     0.7330,     0.0000,    12.5000,    -0.2763,     0.0221,    -0.0138,    -0.0406,    -0.0024,     0.0016
    9.0000,     1.0000,     0.7330,     0.0000,    12.7500,    -0.3025,     0.0242,    -0.0151,    -0.0440,    -0.0026,     0.0018
    9.0000,     1.0000,     0.7330,     0.0000,    13.0000,    -0.3288,     0.0263,    -0.0164,    -0.0476,    -0.0029,     0.0019
    9.0000,     1.0000,     0.7330,     0.0000,    13.2500,    -0.3550,     0.0284,    -0.0177,    -0.0512,    -0.0031,     0.0020
    9.0000,     1.0000,     0.7330,     0.0000,    13.5000,    -0.3812,     0.0305,    -0.0191,    -0.0548,    -0.0033,     0.0022
    9.0000,     1.0000,     0.7330,     0.0000,    13.7500,    -0.4073,     0.0326,    -0.0204,    -0.0585,    -0.0035,     0.0023
    9.0000,     1.0000,     0.7330,     0.0000,    14.0000,    -0.4333,     0.0347,    -0.0217,    -0.0622,    -0.0037,     0.0025
    9.0000,     1.0000,     0.7330,     0.0000,    14.2500,    -0.4592,     0.0367,    -0.0230,    -0.0660,    -0.0040,     0.0026
    9.0000,     1.0000,     0.7330,     0.0000,    14.5000,    -0.4850,     0.0388,    -0.0243,    -0.0698,    -0.0042,     0.0028
    9.0000,     1.0000,     0.7330,     0.0000,    14.7500,    -0.5105,     0.0408,    -0.0255,    -0.0736,    -0.0044,     0.0029
    9.0000,     1.0000,     0.7330,     0.0000,    15.0000,    -0.5358,     0.0429,    -0.0268,    -0.0775,    -0.0046,     0.0031
    9.0000,     1.0000,     0.7330,     0.0000,    15.2500,    -0.5609,     0.0449,    -0.0280,    -0.0814,    -0.0049,     0.0033
    9.0000,     1.0000,     0.7330,     0.0000,    15.5000,    -0.5857,     0.0469,    -0.0293,    -0.0853,    -0.0051,     0.0034
    9.0000,     1.0000,     0.7330,     0.0000,    15.7500,    -0.6102,     0.0488,    -0.0305,    -0.0892,    -0.0054,     0.0036
    9.0000,     1.0000,     0.7330,     0.0000,    16.0000,    -0.6344,     0.0508,    -0.0317,    -0.0931,    -0.0056,     0.0037
    9.0000,     1.0000,     0.7330,     0.0000,    16.2500,    -0.6582,     0.0527,    -0.0329,    -0.0969,    -0.0058,     0.0039
    9.0000,     1.0000,     0.7330,     0.0000,    16.5000,    -0.6816,     0.0545,    -0.0341,    -0.1008,    -0.0060,     0.0040
    9.0000,     1.0000,     0.7330,     0.0000,    16.7500,    -0.7046,     0.0564,    -0.0352,    -0.1046,    -0.0063,     0.0042
    9.0000,     1.0000,     0.7330,     0.0000,    17.0000,    -0.7272,     0.0582,    -0.0364,    -0.1083,    -0.0065,     0.0043
    9.0000,     1.0000,     0.7330,     0.0000,    17.2500,    -0.7495,     0.0600,    -0.0375,    -0.1120,    -0.0067,     0.0045
    9.0000,     1.0000,     0.7330,     0.0000,    17.5000,    -0.7712,     0.0617,    -0.0386,    -0.1156,    -0.0069,     0.0046
    9.0000,     1.0000,     0.7330,     0.0000,    17.7500,    -0.7925,     0.0634,    -0.0396,    -0.1192,    -0.0072,     0.0048
    9.0000,     1.0000,     0.7330,     0.0000,    18.0000,    -0.8134,     0.0651,    -0.0407,    -0.1227,    -0.0074,     0.0049
    9.0000,     1.0000,     0.7330,     0.0000,    18.2500,    -0.8338,     0.0667,    -0.0417,    -0.1261,    -0.0076,     0.0050
    9.0000,     1.0000,     0.7330,     0.0000,    18.5000,    -0.8537,     0.0683,    -0.0427,    -0.1294,    -0.0078,     0.0052
    9.0000,     1.0000,     0.7330,     0.0000,    18.7500,    -0.8731,     0.0698,    -0.0437,    -0.1327,    -0.0080,     0.0053
    9.0000,     1.0000,     0.7330,     0.0000,    19.0000,    -0.8919,     0.0714,    -0.0446,    -0.1360,    -0.0082,     0.0054
    9.0000,     1.0000,     0.7330,     0.0000,    19.2500,    -0.9103,     0.0728,    -0.0455,    -0.1392,    -0.0084,     0.0056
    9.0000,     1.0000,     0.7330,     0.0000,    19.5000,    -0.9281,     0.0742,    -0.0464,    -0.1425,    -0.0085,     0.0057
    9.0000,     1.0000,     0.7330,     0.0000,    19.7500,    -0.9453,     0.0756,    -0.0473,    -0.1457,    -0.0087,     0.0058
    9.0000,     1.0000,     0.7330,     0.0000,    20.0000,    -0.9619,     0.0770,    -0.0481,    -0.1490,    -0.0089,     0.0060
    9.0000,     1.0000,     0.7330,     0.0000,    20.2500,    -0.9779,     0.0782,    -0.0489,    -0.1524,    -0.0091,     0.0061
    9.0000,     1.0000,     0.7330,     0.0000,    20.5000,    -0.9931,     0.0794,    -0.0497,    -0.1558,    -0.0093,     0.0062
    9.0000,     1.0000,     0.7330,     0.0000,    20.7500,    -1.0075,     0.0806,    -0.0504,    -0.1594,    -0.0096,     0.0064
    9.0000,     1.0000,     0.7330,     0.0000,    21.0000,    -1.0211,     0.0817,    -0.0511,    -0.1632,    -0.0098,     0.0065
    9.0000,     1.0000,     0.7330,     0.0000,    21.2500,    -1.0337,     0.0827,    -0.0517,    -0.1672,    -0.0100,     0.0067
    9.0000,     1.0000,     0.7330,     0.0000,    21.5000,    -1.0454,     0.0836,    -0.0523,    -0.1713,    -0.0103,     0.0069
    9.0000,     1.0000,     0.7330,     0.0000,    21.7500,    -1.0559,     0.0845,    -0.0528,    -0.1757,    -0.0105,     0.0070
    9.0000,     1.0000,     0.7330,     0.0000,    22.0000,    -1.0653,     0.0852,    -0.0533,    -0.1802,    -0.0108,     0.0072
    9.0000,     1.0000,     0.7330,     0.0000,    22.2500,    -1.0734,     0.0859,    -0.0537,    -0.1850,    -0.0111,     0.0074
    9.0000,     1.0000,     0.7330,     0.0000,    22.5000,    -1.0802,     0.0864,    -0.0540,    -0.1898,    -0.0114,     0.0076
    9.0000,     1.0000,     0.7330,     0.0000,    22.7500,    -1.0856,     0.0868,    -0.0543,    -0.1947,    -0.0117,     0.0078
    9.0000,     1.0000,     0.7330,     0.0000,    23.0000,    -1.0896,     0.0872,    -0.0545,    -0.1996,    -0.0120,     0.0080
    9.0000,     1.0000,     0.7330,     0.0000,    23.2500,    -1.0920,     0.0874,    -0.0546,    -0.2045,    -0.0123,     0.0082
    9.0000,     1.0000,     0.7330,     0.0000,    23.5000,    -1.0929,     0.0874,    -0.0546,    -0.2093,    -0.0126,     0.0084
    9.0000,     1.0000,     0.7330,     0.0000,    23.7500,    -1.0923,     0.0874,    -0.0546,    -0.2140,    -0.0128,     0.0086
    9.0000,     1.0000,     0.7330,     0.0000,    24.0000,    -1.0903,     0.0872,    -0.0545,    -0.2186,    -0.0131,     0.0087
    9.0000,     1.0000,     0.7330,     0.0000,    24.2500,    -1.0867,     0.0869,    -0.0543,    -0.2230,    -0.0134,     0.0089
    9.0000,     1.0000,     0.7330,     0.0000,    24.5000,    -1.0818,     0.0865,    -0.0541,    -0.2273,    -0.0136,     0.0091
    9.0000,     1.0000,     0.7330,     0.0000,    24.7500,    -1.0757,     0.0861,    -0.0538,    -0.2314,    -0.0139,     0.0093
    9.2500,     1.0000,     0.7132,     0.0000,    -1.0000,     0.9464,    -0.0757,     0.0473,     0.0465,     0.0028,    -0.0019
    9.2500,     1.0000,     0.7132,     0.0000,    -0.7500,     0.9295,    -0.0744,     0.0465,     0.0470,     0.0028,    -0.0019
    9.2500,     1.0000,     0.7132,     0.0000,    -0.5000,     0.9125,    -0.0730,     0.0456,     0.0475,     0.0029,    -0.0019
    9.2500,     1.0000,     0.7132,     0.0000,    -0.2500,     0.8956,    -0.0716,     0.0448,     0.0480,     0.0029,    -0.0019
    9.2500,     1.0000,     0.7132,     0.0000,     0.0000,     0.8785,    -0.0703,     0.0439,     0.0484,     0.0029,    -0.0019
    9.2500,     1.0000,     0.7132,     0.0000,     0.2500,     0.8614,    -0.0689,     0.0431,     0.0488,     0.0029,    -0.0020
    9.2500,     1.0000,     0.7132,     0.0000,     0.5000,     0.8441,    -0.0675,     0.0422,     0.0491,     0.0029,    -0.0020
    9.2500,     1.0000,     0.7132,     0.0000,     0.7500,     0.8265,    -0.0661,     0.0413,     0.0493,     0.0030,    -0.0020
    9.2500,     1.0000,     0.7132,     0.0000,     1.0000,     0.8087,    -0.0647,     0.0404,     0.0495,     0.0030,    -0.0020
    9.2500,     1.0000,     0.7132,     0.0000,     1.2500,     0.7905,    -0.0632,     0.0395,     0.0495,     0.0030,    -0.0020
    9.2500,     1.0000,     0.7132,     0.0000,     1.5000,     0.7719,    -0.0618,     0.0386,     0.0494,     0.0030,    -0.0020
    9.2500,     1.0000,     0.7132,     0.0000,     1.7500,     0.7530,    -0.0602,     0.0377,     0.0493,     0.0030,    -0.0020
    9.2500,     1.0000,     0.7132,     0.0000,     2.0000,     0.7336,    -0.0587,     0.0367,     0.0490,     0.0029,    -0.0020
    9.2500,     1.0000,     0.7132,     0.0000,     2.2500,     0.7138,    -0.0571,     0.0357,     0.0486,     0.0029,    -0.0019
    9.2500,     1.0000,     0.7132,     0.0000,     2.5000,     0.6936,    -0.0555,     0.0347,     0.0481,     0.0029,    -0.0019
    9.2500,     1.0000,     0.7132,     0.0000,     2.7500,     0.6729,    -0.0538,     0.0336,     0.0475,     0.0029,    -0.0019
    9.2500,     1.0000,     0.7132,     0.0000,     3.0000,     0.6518,    -0.0521,     0.0326,     0.0467,     0.0028,    -0.0019
    9.2500,     1.0000,     0.7132,     0.0000,     3.2500,     0.6303,    -0.0504,     0.0315,     0.0459,     0.0028,    -0.0018
    9.2500,     1.0000,     0.7132,     0.0000,     3.5000,     0.6083,    -0.0487,     0.0304,     0.0449,     0.0027,    -0.0018
    9.2500,     1.0000,     0.7132,     0.0000,     3.7500,     0.5860,    -0.0469,     0.0293,     0.0438,     0.0026,    -0.0018
    9.2500,     1.0000,     0.7132,     0.0000,     4.0000,     0.5632,    -0.0451,     0.0282,     0.0426,     0.0026,    -0.0017
    9.2500,     1.0000,     0.7132,     0.0000,     4.2500,     0.5402,    -0.0432,     0.0270,     0.0413,     0.0025,    -0.0017
    9.2500,     1.0000,     0.7132,     0.0000,     4.5000,     0.5168,    -0.0413,     0.0258,     0.0399,     0.0024,    -0.0016
    9.2500,     1.0000,     0.7132,     0.0000,     4.7500,     0.4931,    -0.0394,     0.0247,     0.0384,     0.0023,    -0.0015
    9.2500,     1.0000,     0.7132,     0.0000,     5.0000,     0.4692,    -0.0375,     0.0235,     0.0368,     0.0022,    -0.0015
    9.2500,     1.0000,     0.7132,     0.0000,     5.2500,     0.4450,    -0.0356,     0.0223,     0.0351,     0.0021,    -0.0014
    9.2500,     1.0000,     0.7132,     0.0000,     5.5000,     0.4206,    -0.0336,     0.0210,     0.0333,     0.0020,    -0.0013
    9.2500,     1.0000,     0.7132,     0.0000,     5.7500,     0.3959,    -0.0317,     0.0198,     0.0314,     0.0019,    -0.0013
    9.2500,     1.0000,     0.7132,     0.0000,     6.0000,     0.3710,    -0.0297,     0.0186,     0.0294,     0.0018,    -0.0012
    9.2500,     1.0000,     0.7132,     0.0000,     6.2500,     0.3459,    -0.0277,     0.0173,     0.0274,     0.0016,    -0.0011
    9.2500,     1.0000,     0.7132,     0.0000,     6.5000,     0.3207,    -0.0257,     0.0160,     0.0252,     0.0015,    -0.0010
    9.2500,     1.0000,     0.7132,     0.0000,     6.7500,     0.2953,    -0.0236,     0.0148,     0.0230,     0.0014,    -0.0009
    9.2500,     1.0000,     0.7132,     0.0000,     7.0000,     0.2697,    -0.0216,     0.0135,     0.0207,     0.0012,    -0.0008
    9.2500,     1.0000,     0.7132,     0.0000,     7.2500,     0.2441,    -0.0195,     0.0122,     0.0183,     0.0011,    -0.0007
    9.2500,     1.0000,     0.7132,     0.0000,     7.5000,     0.2183,    -0.0175,     0.0109,     0.0159,     0.0010,    -0.0006
    9.2500,     1.0000,     0.7132,     0.0000,     7.7500,     0.1924,    -0.0154,     0.0096,     0.0134,     0.0008,    -0.0005
    9.2500,     1.0000,     0.7132,     0.0000,     8.0000,     0.1664,    -0.0133,     0.0083,     0.0108,     0.0006,    -0.0004
    9.2500,     1.0000,     0.7132,     0.0000,     8.2500,     0.1403,    -0.0112,     0.0070,     0.0081,     0.0005,    -0.0003
    9.2500,     1.0000,     0.7132,     0.0000,     8.5000,     0.1140,    -0.0091,     0.0057,     0.0054,     0.0003,    -0.0002
    9.2500,     1.0000,     0.7132,     0.0000,     8.7500,     0.0877,    -0.0070,     0.0044,     0.0027,     0.0002,    -0.0001
    9.2500,     1.0000,     0.7132,     0.0000,     9.0000,     0.0612,    -0.0049,     0.0031,    -0.0002,    -0.0000,     0.0000
    9.2500,     1.0000,     0.7132,     0.0000,     9.2500,     0.0346,    -0.0028,     0.0017,    -0.0031,    -0.0002,     0.0001
    9.2500,     1.0000,     0.7132,     0.0000,     9.5000,     0.0079,    -0.0006,     0.0004,    -0.0060,    -0.0004,     0.0002
    9.2500,     1.0000,     0.7132,     0.0000,     9.7500,    -0.0189,     0.0015,    -0.0009,    -0.0090,    -0.0005,     0.0004
    9.2500,     1.0000,     0.7132,     0.0000,    10.0000,    -0.0458,     0.0037,    -0.0023,    -0.0121,    -0.0007,     0.0005
    9.2500,     1.0000,     0.7132,     0.0000,    10.2500,    -0.0727,     0.0058,    -0.0036,    -0.0152,    -0.0009,     0.0006
    9.2500,     1.0000,     0.7132,     0.0000,    10.5000,    -0.0998,     0.0080,    -0.0050,    -0.0183,    -0.0011,     0.0007
    9.2500,     1.0000,     0.7132,     0.0000,    10.7500,    -0.1269,     0.0102,    -0.0063,    -0.0215,    -0.0013,     0.0009
    9.2500,     1.0000,     0.7132,     0.0000,    11.0000,    -0.1542,     0.0123,    -0.0077,    -0.0248,    -0.0015,     0.0010
    9.2500,     1.0000,     0.7132,     0.0000,    11.2500,    -0.1815,     0.0145,    -0.0091,    -0.0281,    -0.0017,     0.0011
    9.2500,     1.0000,     0.7132,     0.0000,    11.5000,    -0.2088,     0.0167,    -0.0104,    -0.0315,    -0.0019,     0.0013
    9.2500,     1.0000,     0.7132,     0.0000,    11.7500,    -0.2363,     0.0189,    -0.0118,    -0.0349,    -0.0021,     0.0014
    9.2500,     1.0000,     0.7132,     0.0000,    12.0000,    -0.2638,     0.0211,    -0.0132,    -0.0384,    -0.0023,     0.0015
    9.2500,     1.0000,     0.7132,     0.0000,    12.2500,    -0.2913,     0.0233,    -0.0146,    -0.0419,    -0.0025,     0.0017
    9.2500,     1.0000,     0.7132,     0.0000,    12.5000,    -0.3189,     0.0255,    -0.0159,    -0.0455,    -0.0027,     0.0018
    9.2500,     1.0000,     0.7132,     0.0000,    12.7500,    -0.3464,     0.0277,    -0.0173,    -0.0491,    -0.0029,     0.0020
    9.2500,     1.0000,     0.7132,     0.0000,    13.0000,    -0.3740,     0.0299,    -0.0187,    -0.0528,    -0.0032,     0.0021
    9.2500,     1.0000,     0.7132,     0.0000,    13.2500,    -0.4015,     0.0321,    -0.0201,    -0.0566,    -0.0034,     0.0023
    9.2500,     1.0000,     0.7132,     0.0000,    13.5000,    -0.4289,     0.0343,    -0.0214,    -0.0604,    -0.0036,     0.0024
    9.2500,     1.0000,     0.7132,     0.0000,    13.7500,    -0.4563,     0.0365,    -0.0228,    -0.0642,    -0.0039,     0.0026
    9.2500,     1.0000,     0.7132,     0.0000,    14.0000,    -0.4835,     0.0387,    -0.0242,    -0.0681,    -0.0041,     0.0027
    9.2500,     1.0000,     0.7132,     0.0000,    14.2500,    -0.5105,     0.0408,    -0.0255,    -0.0720,    -0.0043,     0.0029
    9.2500,     1.0000,     0.7132,     0.0000,    14.5000,    -0.5374,     0.0430,    -0.0269,    -0.0760,    -0.0046,     0.0030
    9.2500,     1.0000,     0.7132,     0.0000,    14.7500,    -0.5640,     0.0451,    -0.0282,    -0.0800,    -0.0048,     0.0032
    9.2500,     1.0000,     0.7132,     0.0000,    15.0000,    -0.5904,     0.0472,    -0.0295,    -0.0840,    -0.0050,     0.0034
    9.2500,     1.0000,     0.7132,     0.0000,    15.2500,    -0.6164,     0.0493,    -0.0308,    -0.0880,    -0.0053,     0.0035
    9.2500,     1.0000,     0.7132,     0.0000,    15.5000,    -0.6422,     0.0514,    -0.0321,    -0.0920,    -0.0055,     0.0037
    9.2500,     1.0000,     0.7132,     0.0000,    15.7500,    -0.6676,     0.0534,    -0.0334,    -0.0961,    -0.0058,     0.0038
    9.2500,     1.0000,     0.7132,     0.0000,    16.0000,    -0.6926,     0.0554,    -0.0346,    -0.1001,    -0.0060,     0.0040
    9.2500,     1.0000,     0.7132,     0.0000,    16.2500,    -0.7172,     0.0574,    -0.0359,    -0.1040,    -0.0062,     0.0042
    9.2500,     1.0000,     0.7132,     0.0000,    16.5000,    -0.7414,     0.0593,    -0.0371,    -0.1080,    -0.0065,     0.0043
    9.2500,     1.0000,     0.7132,     0.0000,    16.7500,    -0.7652,     0.0612,    -0.0383,    -0.1119,    -0.0067,     0.0045
    9.2500,     1.0000,     0.7132,     0.0000,    17.0000,    -0.7886,     0.0631,    -0.0394,    -0.1157,    -0.0069,     0.0046
    9.2500,     1.0000,     0.7132,     0.0000,    17.2500,    -0.8115,     0.0649,    -0.0406,    -0.1195,    -0.0072,     0.0048
    9.2500,     1.0000,     0.7132,     0.0000,    17.5000,    -0.8339,     0.0667,    -0.0417,    -0.1232,    -0.0074,     0.0049
    9.2500,     1.0000,     0.7132,     0.0000,    17.7500,    -0.8559,     0.0685,    -0.0428,    -0.1268,    -0.0076,     0.0051
    9.2500,     1.0000,     0.7132,     0.0000,    18.0000,    -0.8773,     0.0702,    -0.0439,    -0.1304,    -0.0078,     0.0052
    9.2500,     1.0000,     0.7132,     0.0000,    18.2500,    -0.8983,     0.0719,    -0.0449,    -0.1339,    -0.0080,     0.0054
    9.2500,     1.0000,     0.7132,     0.0000,    18.5000,    -0.9188,     0.0735,    -0.0459,    -0.1373,    -0.0082,     0.0055
    9.2500,     1.0000,     0.7132,     0.0000,    18.7500,    -0.9387,     0.0751,    -0.0469,    -0.1407,    -0.0084,     0.0056
    9.2500,     1.0000,     0.7132,     0.0000,    19.0000,    -0.9581,     0.0766,    -0.0479,    -0.1440,    -0.0086,     0.0058
    9.2500,     1.0000,     0.7132,     0.0000,    19.2500,    -0.9769,     0.0782,    -0.0488,    -0.1474,    -0.0088,     0.0059
    9.2500,     1.0000,     0.7132,     0.0000,    19.5000,    -0.9951,     0.0796,    -0.0498,    -0.1507,    -0.0090,     0.0060
    9.2500,     1.0000,     0.7132,     0.0000,    19.7500,    -1.0127,     0.0810,    -0.0506,    -0.1541,    -0.0092,     0.0062
    9.2500,     1.0000,     0.7132,     0.0000,    20.0000,    -1.0296,     0.0824,    -0.0515,    -0.1576,    -0.0095,     0.0063
    9.2500,     1.0000,     0.7132,     0.0000,    20.2500,    -1.0458,     0.0837,    -0.0523,    -0.1611,    -0.0097,     0.0064
    9.2500,     1.0000,     0.7132,     0.0000,    20.5000,    -1.0612,     0.0849,    -0.0531,    -0.1649,    -0.0099,     0.0066
    9.2500,     1.0000,     0.7132,     0.0000,    20.7500,    -1.0756,     0.0860,    -0.0538,    -0.1687,    -0.0101,     0.0067
    9.2500,     1.0000,     0.7132,     0.0000,    21.0000,    -1.0892,     0.0871,    -0.0545,    -0.1728,    -0.0104,     0.0069
    9.2500,     1.0000,     0.7132,     0.0000,    21.2500,    -1.1016,     0.0881,    -0.0551,    -0.1771,    -0.0106,     0.0071
    9.2500,     1.0000,     0.7132,     0.0000,    21.5000,    -1.1130,     0.0890,    -0.0557,    -0.1816,    -0.0109,     0.0073
    9.2500,     1.0000,     0.7132,     0.0000,    21.7500,    -1.1232,     0.0899,    -0.0562,    -0.1863,    -0.0112,     0.0075
    9.2500,     1.0000,     0.7132,     0.0000,    22.0000,    -1.1321,     0.0906,    -0.0566,    -0.1912,    -0.0115,     0.0076
    9.2500,     1.0000,     0.7132,     0.0000,    22.2500,    -1.1396,     0.0912,    -0.0570,    -0.1963,    -0.0118,     0.0079
    9.2500,     1.0000,     0.7132,     0.0000,    22.5000,    -1.1456,     0.0916,    -0.0573,    -0.2014,    -0.0121,     0.0081
    9.2500,     1.0000,     0.7132,     0.0000,    22.7500,    -1.1501,     0.0920,    -0.0575,    -0.2066,    -0.0124,     0.0083
    9.2500,     1.0000,     0.7132,     0.0000,    23.0000,    -1.1531,     0.0922,    -0.0577,    -0.2118,    -0.0127,     0.0085
    9.2500,     1.0000,     0.7132,     0.0000,    23.2500,    -1.1545,     0.0924,    -0.0577,    -0.2169,    -0.0130,     0.0087
    9.2500,     1.0000,     0.7132,     0.0000,    23.5000,    -1.1542,     0.0923,    -0.0577,    -0.2219,    -0.0133,     0.0089
    9.2500,     1.0000,     0.7132,     0.0000,    23.7500,    -1.1524,     0.0922,    -0.0576,    -0.2268,    -0.0136,     0.0091
    9.2500,     1.0000,     0.7132,     0.0000,    24.0000,    -1.1491,     0.0919,    -0.0575,    -0.2315,    -0.0139,     0.0093
    9.2500,     1.0000,     0.7132,     0.0000,    24.2500,    -1.1442,     0.0915,    -0.0572,    -0.2360,    -0.0142,     0.0094
    9.2500,     1.0000,     0.7132,     0.0000,    24.5000,    -1.1380,     0.0910,    -0.0569,    -0.2404,    -0.0144,     0.0096
    9.2500,     1.0000,     0.7132,     0.0000,    24.7500,    -1.1306,     0.0904,    -0.0565,    -0.2446,    -0.0147,     0.0098
    9.5000,     1.0000,     0.6945,     0.0000,    -1.0000,     0.9622,    -0.0770,     0.0481,     0.0446,     0.0027,    -0.0018
    9.5000,     1.0000,     0.6945,     0.0000,    -0.7500,     0.9443,    -0.0755,     0.0472,     0.0451,     0.0027,    -0.0018
    9.5000,     1.0000,     0.6945,     0.0000,    -0.5000,     0.9264,    -0.0741,     0.0463,     0.0457,     0.0027,    -0.0018
    9.5000,     1.0000,     0.6945,     0.0000,    -0.2500,     0.9086,    -0.0727,     0.0454,     0.0462,     0.0028,    -0.0018
    9.5000,     1.0000,     0.6945,     0.0000,     0.0000,     0.8907,    -0.0713,     0.0445,     0.0466,     0.0028,    -0.0019
    9.5000,     1.0000,     0.6945,     0.0000,     0.2500,     0.8728,    -0.0698,     0.0436,     0.0470,     0.0028,    -0.0019
    9.5000,     1.0000,     0.6945,     0.0000,     0.5000,     0.8547,    -0.0684,     0.0427,     0.0474,     0.0028,    -0.0019
    9.5000,     1.0000,     0.6945,     0.0000,     0.7500,     0.8365,    -0.0669,     0.0418,     0.0476,     0.0029,    -0.0019
    9.5000,     1.0000,     0.6945,     0.0000,     1.0000,     0.8179,    -0.0654,     0.0409,     0.0478,     0.0029,    -0.0019
    9.5000,     1.0000,     0.6945,     0.0000,     1.2500,     0.7991,    -0.0639,     0.0400,     0.0479,     0.0029,    -0.0019
    9.5000,     1.0000,     0.6945,     0.0000,     1.5000,     0.7798,    -0.0624,     0.0390,     0.0478,     0.0029,    -0.0019
    9.5000,     1.0000,     0.6945,     0.0000,     1.7500,     0.7602,    -0.0608,     0.0380,     0.0477,     0.0029,    -0.0019
    9.5000,     1.0000,     0.6945,     0.0000,     2.0000,     0.7401,    -0.0592,     0.0370,     0.0475,     0.0029,    -0.0019
    9.5000,     1.0000,     0.6945,     0.0000,     2.2500,     0.7196,    -0.0576,     0.0360,     0.0471,     0.0028,    -0.0019
    9.5000,     1.0000,     0.6945,     0.0000,     2.5000,     0.6986,    -0.0559,     0.0349,     0.0466,     0.0028,    -0.0019
    9.5000,     1.0000,     0.6945,     0.0000,     2.7500,     0.6771,    -0.0542,     0.0339,     0.0460,     0.0028,    -0.0018
    9.5000,     1.0000,     0.6945,     0.0000,     3.0000,     0.6551,    -0.0524,     0.0328,     0.0453,     0.0027,    -0.0018
    9.5000,     1.0000,     0.6945,     0.0000,     3.2500,     0.6327,    -0.0506,     0.0316,     0.0444,     0.0027,    -0.0018
    9.5000,     1.0000,     0.6945,     0.0000,     3.5000,     0.6098,    -0.0488,     0.0305,     0.0434,     0.0026,    -0.0017
    9.5000,     1.0000,     0.6945,     0.0000,     3.7500,     0.5865,    -0.0469,     0.0293,     0.0423,     0.0025,    -0.0017
    9.5000,     1.0000,     0.6945,     0.0000,     4.0000,     0.5627,    -0.0450,     0.0281,     0.0411,     0.0025,    -0.0016
    9.5000,     1.0000,     0.6945,     0.0000,     4.2500,     0.5386,    -0.0431,     0.0269,     0.0397,     0.0024,    -0.0016
    9.5000,     1.0000,     0.6945,     0.0000,     4.5000,     0.5141,    -0.0411,     0.0257,     0.0383,     0.0023,    -0.0015
    9.5000,     1.0000,     0.6945,     0.0000,     4.7500,     0.4893,    -0.0391,     0.0245,     0.0367,     0.0022,    -0.0015
    9.5000,     1.0000,     0.6945,     0.0000,     5.0000,     0.4643,    -0.0371,     0.0232,     0.0351,     0.0021,    -0.0014
    9.5000,     1.0000,     0.6945,     0.0000,     5.2500,     0.4389,    -0.0351,     0.0219,     0.0333,     0.0020,    -0.0013
    9.5000,     1.0000,     0.6945,     0.0000,     5.5000,     0.4133,    -0.0331,     0.0207,     0.0314,     0.0019,    -0.0013
    9.5000,     1.0000,     0.6945,     0.0000,     5.7500,     0.3874,    -0.0310,     0.0194,     0.0295,     0.0018,    -0.0012
    9.5000,     1.0000,     0.6945,     0.0000,     6.0000,     0.3613,    -0.0289,     0.0181,     0.0274,     0.0016,    -0.0011
    9.5000,     1.0000,     0.6945,     0.0000,     6.2500,     0.3350,    -0.0268,     0.0168,     0.0253,     0.0015,    -0.0010
    9.5000,     1.0000,     0.6945,     0.0000,     6.5000,     0.3085,    -0.0247,     0.0154,     0.0231,     0.0014,    -0.0009
    9.5000,     1.0000,     0.6945,     0.0000,     6.7500,     0.2819,    -0.0226,     0.0141,     0.0207,     0.0012,    -0.0008
    9.5000,     1.0000,     0.6945,     0.0000,     7.0000,     0.2551,    -0.0204,     0.0128,     0.0184,     0.0011,    -0.0007
    9.5000,     1.0000,     0.6945,     0.0000,     7.2500,     0.2282,    -0.0183,     0.0114,     0.0159,     0.0010,    -0.0006
    9.5000,     1.0000,     0.6945,     0.0000,     7.5000,     0.2011,    -0.0161,     0.0101,     0.0134,     0.0008,    -0.0005
    9.5000,     1.0000,     0.6945,     0.0000,     7.7500,     0.1739,    -0.0139,     0.0087,     0.0107,     0.0006,    -0.0004
    9.5000,     1.0000,     0.6945,     0.0000,     8.0000,     0.1467,    -0.0117,     0.0073,     0.0081,     0.0005,    -0.0003
    9.5000,     1.0000,     0.6945,     0.0000,     8.2500,     0.1192,    -0.0095,     0.0060,     0.0053,     0.0003,    -0.0002
    9.5000,     1.0000,     0.6945,     0.0000,     8.5000,     0.0917,    -0.0073,     0.0046,     0.0025,     0.0001,    -0.0001
    9.5000,     1.0000,     0.6945,     0.0000,     8.7500,     0.0640,    -0.0051,     0.0032,    -0.0004,    -0.0000,     0.0000
    9.5000,     1.0000,     0.6945,     0.0000,     9.0000,     0.0362,    -0.0029,     0.0018,    -0.0033,    -0.0002,     0.0001
    9.5000,     1.0000,     0.6945,     0.0000,     9.2500,     0.0083,    -0.0007,     0.0004,    -0.0063,    -0.0004,     0.0003
    9.5000,     1.0000,     0.6945,     0.0000,     9.5000,    -0.0198,     0.0016,    -0.0010,    -0.0094,    -0.0006,     0.0004
    9.5000,     1.0000,     0.6945,     0.0000,     9.7500,    -0.0479,     0.0038,    -0.0024,    -0.0125,    -0.0008,     0.0005
    9.5000,     1.0000,     0.6945,     0.0000,    10.0000,    -0.0761,     0.0061,    -0.0038,    -0.0157,    -0.0009,     0.0006
    9.5000,     1.0000,     0.6945,     0.0000,    10.2500,    -0.1045,     0.0084,    -0.0052,    -0.0189,    -0.0011,     0.0008
    9.5000,     1.0000,     0.6945,     0.0000,    10.5000,    -0.1329,     0.0106,    -0.0066,    -0.0222,    -0.0013,     0.0009
    9.5000,     1.0000,     0.6945,     0.0000,    10.7500,    -0.1614,     0.0129,    -0.0081,    -0.0255,    -0.0015,     0.0010
    9.5000,     1.0000,     0.6945,     0.0000,    11.0000,    -0.1900,     0.0152,    -0.0095,    -0.0289,    -0.0017,     0.0012
    9.5000,     1.0000,     0.6945,     0.0000,    11.2500,    -0.2187,     0.0175,    -0.0109,    -0.0324,    -0.0019,     0.0013
    9.5000,     1.0000,     0.6945,     0.0000,    11.5000,    -0.2475,     0.0198,    -0.0124,    -0.0359,    -0.0022,     0.0014
    9.5000,     1.0000,     0.6945,     0.0000,    11.7500,    -0.2763,     0.0221,    -0.0138,    -0.0394,    -0.0024,     0.0016
    9.5000,     1.0000,     0.6945,     0.0000,    12.0000,    -0.3051,     0.0244,    -0.0153,    -0.0431,    -0.0026,     0.0017
    9.5000,     1.0000,     0.6945,     0.0000,    12.2500,    -0.3340,     0.0267,    -0.0167,    -0.0468,    -0.0028,     0.0019
    9.5000,     1.0000,     0.6945,     0.0000,    12.5000,    -0.3630,     0.0290,    -0.0181,    -0.0505,    -0.0030,     0.0020
    9.5000,     1.0000,     0.6945,     0.0000,    12.7500,    -0.3919,     0.0314,    -0.0196,    -0.0543,    -0.0033,     0.0022
    9.5000,     1.0000,     0.6945,     0.0000,    13.0000,    -0.4207,     0.0337,    -0.0210,    -0.0581,    -0.0035,     0.0023
    9.5000,     1.0000,     0.6945,     0.0000,    13.2500,    -0.4495,     0.0360,    -0.0225,    -0.0621,    -0.0037,     0.0025
    9.5000,     1.0000,     0.6945,     0.0000,    13.5000,    -0.4782,     0.0383,    -0.0239,    -0.0660,    -0.0040,     0.0026
    9.5000,     1.0000,     0.6945,     0.0000,    13.7500,    -0.5068,     0.0405,    -0.0253,    -0.0700,    -0.0042,     0.0028
    9.5000,     1.0000,     0.6945,     0.0000,    14.0000,    -0.5352,     0.0428,    -0.0268,    -0.0740,    -0.0044,     0.0030
    9.5000,     1.0000,     0.6945,     0.0000,    14.2500,    -0.5634,     0.0451,    -0.0282,    -0.0781,    -0.0047,     0.0031
    9.5000,     1.0000,     0.6945,     0.0000,    14.5000,    -0.5913,     0.0473,    -0.0296,    -0.0822,    -0.0049,     0.0033
    9.5000,     1.0000,     0.6945,     0.0000,    14.7500,    -0.6190,     0.0495,    -0.0310,    -0.0864,    -0.0052,     0.0035
    9.5000,     1.0000,     0.6945,     0.0000,    15.0000,    -0.6464,     0.0517,    -0.0323,    -0.0905,    -0.0054,     0.0036
    9.5000,     1.0000,     0.6945,     0.0000,    15.2500,    -0.6734,     0.0539,    -0.0337,    -0.0947,    -0.0057,     0.0038
    9.5000,     1.0000,     0.6945,     0.0000,    15.5000,    -0.7001,     0.0560,    -0.0350,    -0.0989,    -0.0059,     0.0040
    9.5000,     1.0000,     0.6945,     0.0000,    15.7500,    -0.7264,     0.0581,    -0.0363,    -0.1030,    -0.0062,     0.0041
    9.5000,     1.0000,     0.6945,     0.0000,    16.0000,    -0.7523,     0.0602,    -0.0376,    -0.1071,    -0.0064,     0.0043
    9.5000,     1.0000,     0.6945,     0.0000,    16.2500,    -0.7777,     0.0622,    -0.0389,    -0.1112,    -0.0067,     0.0044
    9.5000,     1.0000,     0.6945,     0.0000,    16.5000,    -0.8028,     0.0642,    -0.0401,    -0.1153,    -0.0069,     0.0046
    9.5000,     1.0000,     0.6945,     0.0000,    16.7500,    -0.8273,     0.0662,    -0.0414,    -0.1193,    -0.0072,     0.0048
    9.5000,     1.0000,     0.6945,     0.0000,    17.0000,    -0.8514,     0.0681,    -0.0426,    -0.1232,    -0.0074,     0.0049
    9.5000,     1.0000,     0.6945,     0.0000,    17.2500,    -0.8750,     0.0700,    -0.0438,    -0.1271,    -0.0076,     0.0051
    9.5000,     1.0000,     0.6945,     0.0000,    17.5000,    -0.8981,     0.0718,    -0.0449,    -0.1309,    -0.0079,     0.0052
    9.5000,     1.0000,     0.6945,     0.0000,    17.7500,    -0.9207,     0.0737,    -0.0460,    -0.1346,    -0.0081,     0.0054
    9.5000,     1.0000,     0.6945,     0.0000,    18.0000,    -0.9428,     0.0754,    -0.0471,    -0.1382,    -0.0083,     0.0055
    9.5000,     1.0000,     0.6945,     0.0000,    18.2500,    -0.9644,     0.0772,    -0.0482,    -0.1418,    -0.0085,     0.0057
    9.5000,     1.0000,     0.6945,     0.0000,    18.5000,    -0.9855,     0.0788,    -0.0493,    -0.1453,    -0.0087,     0.0058
    9.5000,     1.0000,     0.6945,     0.0000,    18.7500,    -1.0059,     0.0805,    -0.0503,    -0.1487,    -0.0089,     0.0059
    9.5000,     1.0000,     0.6945,     0.0000,    19.0000,    -1.0258,     0.0821,    -0.0513,    -0.1522,    -0.0091,     0.0061
    9.5000,     1.0000,     0.6945,     0.0000,    19.2500,    -1.0451,     0.0836,    -0.0523,    -0.1556,    -0.0093,     0.0062
    9.5000,     1.0000,     0.6945,     0.0000,    19.5000,    -1.0638,     0.0851,    -0.0532,    -0.1591,    -0.0095,     0.0064
    9.5000,     1.0000,     0.6945,     0.0000,    19.7500,    -1.0817,     0.0865,    -0.0541,    -0.1627,    -0.0098,     0.0065
    9.5000,     1.0000,     0.6945,     0.0000,    20.0000,    -1.0989,     0.0879,    -0.0549,    -0.1664,    -0.0100,     0.0067
    9.5000,     1.0000,     0.6945,     0.0000,    20.2500,    -1.1152,     0.0892,    -0.0558,    -0.1702,    -0.0102,     0.0068
    9.5000,     1.0000,     0.6945,     0.0000,    20.5000,    -1.1307,     0.0905,    -0.0565,    -0.1742,    -0.0105,     0.0070
    9.5000,     1.0000,     0.6945,     0.0000,    20.7500,    -1.1452,     0.0916,    -0.0573,    -0.1784,    -0.0107,     0.0071
    9.5000,     1.0000,     0.6945,     0.0000,    21.0000,    -1.1586,     0.0927,    -0.0579,    -0.1828,    -0.0110,     0.0073
    9.5000,     1.0000,     0.6945,     0.0000,    21.2500,    -1.1709,     0.0937,    -0.0585,    -0.1874,    -0.0112,     0.0075
    9.5000,     1.0000,     0.6945,     0.0000,    21.5000,    -1.1819,     0.0946,    -0.0591,    -0.1923,    -0.0115,     0.0077
    9.5000,     1.0000,     0.6945,     0.0000,    21.7500,    -1.1916,     0.0953,    -0.0596,    -0.1974,    -0.0118,     0.0079
    9.5000,     1.0000,     0.6945,     0.0000,    22.0000,    -1.1999,     0.0960,    -0.0600,    -0.2026,    -0.0122,     0.0081
    9.5000,     1.0000,     0.6945,     0.0000,    22.2500,    -1.2067,     0.0965,    -0.0603,    -0.2080,    -0.0125,     0.0083
    9.5000,     1.0000,     0.6945,     0.0000,    22.5000,    -1.2120,     0.0970,    -0.0606,    -0.2134,    -0.0128,     0.0085
    9.5000,     1.0000,     0.6945,     0.0000,    22.7500,    -1.2156,     0.0972,    -0.0608,    -0.2188,    -0.0131,     0.0088
    9.5000,     1.0000,     0.6945,     0.0000,    23.0000,    -1.2175,     0.0974,    -0.0609,    -0.2242,    -0.0135,     0.0090
    9.5000,     1.0000,     0.6945,     0.0000,    23.2500,    -1.2177,     0.0974,    -0.0609,    -0.2295,    -0.0138,     0.0092
    9.5000,     1.0000,     0.6945,     0.0000,    23.5000,    -1.2163,     0.0973,    -0.0608,    -0.2347,    -0.0141,     0.0094
    9.5000,     1.0000,     0.6945,     0.0000,    23.7500,    -1.2132,     0.0971,    -0.0607,    -0.2397,    -0.0144,     0.0096
    9.5000,     1.0000,     0.6945,     0.0000,    24.0000,    -1.2086,     0.0967,    -0.0604,    -0.2446,    -0.0147,     0.0098
    9.5000,     1.0000,     0.6945,     0.0000,    24.2500,    -1.2024,     0.0962,    -0.0601,    -0.2493,    -0.0150,     0.0100
    9.5000,     1.0000,     0.6945,     0.0000,    24.5000,    -1.1950,     0.0956,    -0.0598,    -0.2538,    -0.0152,     0.0102
    9.5000,     1.0000,     0.6945,     0.0000,    24.7500,    -1.1863,     0.0949,    -0.0593,    -0.2581,    -0.0155,     0.0103
    9.7500,     1.0000,     0.6767,     0.0000,    -1.0000,     0.9778,    -0.0782,     0.0489,     0.0427,     0.0026,    -0.0017
    9.7500,     1.0000,     0.6767,     0.0000,    -0.7500,     0.9590,    -0.0767,     0.0479,     0.0433,     0.0026,    -0.0017
    9.7500,     1.0000,     0.6767,     0.0000,    -0.5000,     0.9402,    -0.0752,     0.0470,     0.0439,     0.0026,    -0.0018
    9.7500,     1.0000,     0.6767,     0.0000,    -0.2500,     0.9214,    -0.0737,     0.0461,     0.0444,     0.0027,    -0.0018
    9.7500,     1.0000,     0.6767,     0.0000,     0.0000,     0.9026,    -0.0722,     0.0451,     0.0449,     0.0027,    -0.0018
    9.7500,     1.0000,     0.6767,     0.0000,     0.2500,     0.8838,    -0.0707,     0.0442,     0.0453,     0.0027,    -0.0018
    9.7500,     1.0000,     0.6767,     0.0000,     0.5000,     0.8649,    -0.0692,     0.0432,     0.0456,     0.0027,    -0.0018
    9.7500,     1.0000,     0.6767,     0.0000,     0.7500,     0.8459,    -0.0677,     0.0423,     0.0459,     0.0028,    -0.0018
    9.7500,     1.0000,     0.6767,     0.0000,     1.0000,     0.8267,    -0.0661,     0.0413,     0.0461,     0.0028,    -0.0018
    9.7500,     1.0000,     0.6767,     0.0000,     1.2500,     0.8071,    -0.0646,     0.0404,     0.0463,     0.0028,    -0.0019
    9.7500,     1.0000,     0.6767,     0.0000,     1.5000,     0.7872,    -0.0630,     0.0394,     0.0463,     0.0028,    -0.0019
    9.7500,     1.0000,     0.6767,     0.0000,     1.7500,     0.7668,    -0.0613,     0.0383,     0.0462,     0.0028,    -0.0018
    9.7500,     1.0000,     0.6767,     0.0000,     2.0000,     0.7460,    -0.0597,     0.0373,     0.0459,     0.0028,    -0.0018
    9.7500,     1.0000,     0.6767,     0.0000,     2.2500,     0.7247,    -0.0580,     0.0362,     0.0456,     0.0027,    -0.0018
    9.7500,     1.0000,     0.6767,     0.0000,     2.5000,     0.7030,    -0.0562,     0.0352,     0.0451,     0.0027,    -0.0018
    9.7500,     1.0000,     0.6767,     0.0000,     2.7500,     0.6807,    -0.0545,     0.0340,     0.0445,     0.0027,    -0.0018
    9.7500,     1.0000,     0.6767,     0.0000,     3.0000,     0.6579,    -0.0526,     0.0329,     0.0438,     0.0026,    -0.0018
    9.7500,     1.0000,     0.6767,     0.0000,     3.2500,     0.6345,    -0.0508,     0.0317,     0.0429,     0.0026,    -0.0017
    9.7500,     1.0000,     0.6767,     0.0000,     3.5000,     0.6107,    -0.0489,     0.0305,     0.0419,     0.0025,    -0.0017
    9.7500,     1.0000,     0.6767,     0.0000,     3.7500,     0.5864,    -0.0469,     0.0293,     0.0408,     0.0024,    -0.0016
    9.7500,     1.0000,     0.6767,     0.0000,     4.0000,     0.5616,    -0.0449,     0.0281,     0.0395,     0.0024,    -0.0016
    9.7500,     1.0000,     0.6767,     0.0000,     4.2500,     0.5364,    -0.0429,     0.0268,     0.0381,     0.0023,    -0.0015
    9.7500,     1.0000,     0.6767,     0.0000,     4.5000,     0.5108,    -0.0409,     0.0255,     0.0366,     0.0022,    -0.0015
    9.7500,     1.0000,     0.6767,     0.0000,     4.7500,     0.4849,    -0.0388,     0.0242,     0.0350,     0.0021,    -0.0014
    9.7500,     1.0000,     0.6767,     0.0000,     5.0000,     0.4587,    -0.0367,     0.0229,     0.0333,     0.0020,    -0.0013
    9.7500,     1.0000,     0.6767,     0.0000,     5.2500,     0.4321,    -0.0346,     0.0216,     0.0315,     0.0019,    -0.0013
    9.7500,     1.0000,     0.6767,     0.0000,     5.5000,     0.4053,    -0.0324,     0.0203,     0.0296,     0.0018,    -0.0012
    9.7500,     1.0000,     0.6767,     0.0000,     5.7500,     0.3782,    -0.0303,     0.0189,     0.0275,     0.0016,    -0.0011
    9.7500,     1.0000,     0.6767,     0.0000,     6.0000,     0.3509,    -0.0281,     0.0175,     0.0254,     0.0015,    -0.0010
    9.7500,     1.0000,     0.6767,     0.0000,     6.2500,     0.3233,    -0.0259,     0.0162,     0.0232,     0.0014,    -0.0009
    9.7500,     1.0000,     0.6767,     0.0000,     6.5000,     0.2956,    -0.0236,     0.0148,     0.0209,     0.0013,    -0.0008
    9.7500,     1.0000,     0.6767,     0.0000,     6.7500,     0.2677,    -0.0214,     0.0134,     0.0185,     0.0011,    -0.0007
    9.7500,     1.0000,     0.6767,     0.0000,     7.0000,     0.2396,    -0.0192,     0.0120,     0.0160,     0.0010,    -0.0006
    9.7500,     1.0000,     0.6767,     0.0000,     7.2500,     0.2114,    -0.0169,     0.0106,     0.0134,     0.0008,    -0.0005
    9.7500,     1.0000,     0.6767,     0.0000,     7.5000,     0.1830,    -0.0146,     0.0092,     0.0108,     0.0006,    -0.0004
    9.7500,     1.0000,     0.6767,     0.0000,     7.7500,     0.1546,    -0.0124,     0.0077,     0.0081,     0.0005,    -0.0003
    9.7500,     1.0000,     0.6767,     0.0000,     8.0000,     0.1260,    -0.0101,     0.0063,     0.0053,     0.0003,    -0.0002
    9.7500,     1.0000,     0.6767,     0.0000,     8.2500,     0.0972,    -0.0078,     0.0049,     0.0025,     0.0001,    -0.0001
    9.7500,     1.0000,     0.6767,     0.0000,     8.5000,     0.0683,    -0.0055,     0.0034,    -0.0005,    -0.0000,     0.0000
    9.7500,     1.0000,     0.6767,     0.0000,     8.7500,     0.0393,    -0.0031,     0.0020,    -0.0034,    -0.0002,     0.0001
    9.7500,     1.0000,     0.6767,     0.0000,     9.0000,     0.0101,    -0.0008,     0.0005,    -0.0065,    -0.0004,     0.0003
    9.7500,     1.0000,     0.6767,     0.0000,     9.2500,    -0.0192,     0.0015,    -0.0010,    -0.0096,    -0.0006,     0.0004
    9.7500,     1.0000,     0.6767,     0.0000,     9.5000,    -0.0486,     0.0039,    -0.0024,    -0.0128,    -0.0008,     0.0005
    9.7500,     1.0000,     0.6767,     0.0000,     9.7500,    -0.0781,     0.0062,    -0.0039,    -0.0160,    -0.0010,     0.0006
    9.7500,     1.0000,     0.6767,     0.0000,    10.0000,    -0.1077,     0.0086,    -0.0054,    -0.0193,    -0.0012,     0.0008
    9.7500,     1.0000,     0.6767,     0.0000,    10.2500,    -0.1374,     0.0110,    -0.0069,    -0.0227,    -0.0014,     0.0009
    9.7500,     1.0000,     0.6767,     0.0000,    10.5000,    -0.1673,     0.0134,    -0.0084,    -0.0261,    -0.0016,     0.0010
    9.7500,     1.0000,     0.6767,     0.0000,    10.7500,    -0.1972,     0.0158,    -0.0099,    -0.0296,    -0.0018,     0.0012
    9.7500,     1.0000,     0.6767,     0.0000,    11.0000,    -0.2272,     0.0182,    -0.0114,    -0.0331,    -0.0020,     0.0013
    9.7500,     1.0000,     0.6767,     0.0000,    11.2500,    -0.2573,     0.0206,    -0.0129,    -0.0367,    -0.0022,     0.0015
    9.7500,     1.0000,     0.6767,     0.0000,    11.5000,    -0.2875,     0.0230,    -0.0144,    -0.0403,    -0.0024,     0.0016
    9.7500,     1.0000,     0.6767,     0.0000,    11.7500,    -0.3177,     0.0254,    -0.0159,    -0.0441,    -0.0026,     0.0018
    9.7500,     1.0000,     0.6767,     0.0000,    12.0000,    -0.3480,     0.0278,    -0.0174,    -0.0478,    -0.0029,     0.0019
    9.7500,     1.0000,     0.6767,     0.0000,    12.2500,    -0.3783,     0.0303,    -0.0189,    -0.0517,    -0.0031,     0.0021
    9.7500,     1.0000,     0.6767,     0.0000,    12.5000,    -0.4085,     0.0327,    -0.0204,    -0.0556,    -0.0033,     0.0022
    9.7500,     1.0000,     0.6767,     0.0000,    12.7500,    -0.4388,     0.0351,    -0.0219,    -0.0595,    -0.0036,     0.0024
    9.7500,     1.0000,     0.6767,     0.0000,    13.0000,    -0.4690,     0.0375,    -0.0234,    -0.0635,    -0.0038,     0.0025
    9.7500,     1.0000,     0.6767,     0.0000,    13.2500,    -0.4990,     0.0399,    -0.0249,    -0.0676,    -0.0041,     0.0027
    9.7500,     1.0000,     0.6767,     0.0000,    13.5000,    -0.5290,     0.0423,    -0.0265,    -0.0717,    -0.0043,     0.0029
    9.7500,     1.0000,     0.6767,     0.0000,    13.7500,    -0.5588,     0.0447,    -0.0279,    -0.0759,    -0.0046,     0.0030
    9.7500,     1.0000,     0.6767,     0.0000,    14.0000,    -0.5884,     0.0471,    -0.0294,    -0.0801,    -0.0048,     0.0032
    9.7500,     1.0000,     0.6767,     0.0000,    14.2500,    -0.6177,     0.0494,    -0.0309,    -0.0843,    -0.0051,     0.0034
    9.7500,     1.0000,     0.6767,     0.0000,    14.5000,    -0.6467,     0.0517,    -0.0323,    -0.0886,    -0.0053,     0.0035
    9.7500,     1.0000,     0.6767,     0.0000,    14.7500,    -0.6755,     0.0540,    -0.0338,    -0.0929,    -0.0056,     0.0037
    9.7500,     1.0000,     0.6767,     0.0000,    15.0000,    -0.7039,     0.0563,    -0.0352,    -0.0972,    -0.0058,     0.0039
    9.7500,     1.0000,     0.6767,     0.0000,    15.2500,    -0.7319,     0.0586,    -0.0366,    -0.1015,    -0.0061,     0.0041
    9.7500,     1.0000,     0.6767,     0.0000,    15.5000,    -0.7595,     0.0608,    -0.0380,    -0.1058,    -0.0063,     0.0042
    9.7500,     1.0000,     0.6767,     0.0000,    15.7500,    -0.7867,     0.0629,    -0.0393,    -0.1100,    -0.0066,     0.0044
    9.7500,     1.0000,     0.6767,     0.0000,    16.0000,    -0.8134,     0.0651,    -0.0407,    -0.1143,    -0.0069,     0.0046
    9.7500,     1.0000,     0.6767,     0.0000,    16.2500,    -0.8397,     0.0672,    -0.0420,    -0.1185,    -0.0071,     0.0047
    9.7500,     1.0000,     0.6767,     0.0000,    16.5000,    -0.8655,     0.0692,    -0.0433,    -0.1227,    -0.0074,     0.0049
    9.7500,     1.0000,     0.6767,     0.0000,    16.7500,    -0.8909,     0.0713,    -0.0445,    -0.1268,    -0.0076,     0.0051
    9.7500,     1.0000,     0.6767,     0.0000,    17.0000,    -0.9157,     0.0733,    -0.0458,    -0.1308,    -0.0078,     0.0052
    9.7500,     1.0000,     0.6767,     0.0000,    17.2500,    -0.9400,     0.0752,    -0.0470,    -0.1347,    -0.0081,     0.0054
    9.7500,     1.0000,     0.6767,     0.0000,    17.5000,    -0.9639,     0.0771,    -0.0482,    -0.1386,    -0.0083,     0.0055
    9.7500,     1.0000,     0.6767,     0.0000,    17.7500,    -0.9872,     0.0790,    -0.0494,    -0.1424,    -0.0085,     0.0057
    9.7500,     1.0000,     0.6767,     0.0000,    18.0000,    -1.0099,     0.0808,    -0.0505,    -0.1461,    -0.0088,     0.0058
    9.7500,     1.0000,     0.6767,     0.0000,    18.2500,    -1.0321,     0.0826,    -0.0516,    -0.1497,    -0.0090,     0.0060
    9.7500,     1.0000,     0.6767,     0.0000,    18.5000,    -1.0538,     0.0843,    -0.0527,    -0.1533,    -0.0092,     0.0061
    9.7500,     1.0000,     0.6767,     0.0000,    18.7500,    -1.0748,     0.0860,    -0.0537,    -0.1569,    -0.0094,     0.0063
    9.7500,     1.0000,     0.6767,     0.0000,    19.0000,    -1.0952,     0.0876,    -0.0548,    -0.1604,    -0.0096,     0.0064
    9.7500,     1.0000,     0.6767,     0.0000,    19.2500,    -1.1150,     0.0892,    -0.0558,    -0.1640,    -0.0098,     0.0066
    9.7500,     1.0000,     0.6767,     0.0000,    19.5000,    -1.1340,     0.0907,    -0.0567,    -0.1677,    -0.0101,     0.0067
    9.7500,     1.0000,     0.6767,     0.0000,    19.7500,    -1.1522,     0.0922,    -0.0576,    -0.1715,    -0.0103,     0.0069
    9.7500,     1.0000,     0.6767,     0.0000,    20.0000,    -1.1697,     0.0936,    -0.0585,    -0.1754,    -0.0105,     0.0070
    9.7500,     1.0000,     0.6767,     0.0000,    20.2500,    -1.1862,     0.0949,    -0.0593,    -0.1794,    -0.0108,     0.0072
    9.7500,     1.0000,     0.6767,     0.0000,    20.5000,    -1.2017,     0.0961,    -0.0601,    -0.1837,    -0.0110,     0.0073
    9.7500,     1.0000,     0.6767,     0.0000,    20.7500,    -1.2161,     0.0973,    -0.0608,    -0.1883,    -0.0113,     0.0075
    9.7500,     1.0000,     0.6767,     0.0000,    21.0000,    -1.2294,     0.0984,    -0.0615,    -0.1930,    -0.0116,     0.0077
    9.7500,     1.0000,     0.6767,     0.0000,    21.2500,    -1.2414,     0.0993,    -0.0621,    -0.1980,    -0.0119,     0.0079
    9.7500,     1.0000,     0.6767,     0.0000,    21.5000,    -1.2520,     0.1002,    -0.0626,    -0.2033,    -0.0122,     0.0081
    9.7500,     1.0000,     0.6767,     0.0000,    21.7500,    -1.2612,     0.1009,    -0.0631,    -0.2087,    -0.0125,     0.0083
    9.7500,     1.0000,     0.6767,     0.0000,    22.0000,    -1.2689,     0.1015,    -0.0634,    -0.2143,    -0.0129,     0.0086
    9.7500,     1.0000,     0.6767,     0.0000,    22.2500,    -1.2749,     0.1020,    -0.0637,    -0.2200,    -0.0132,     0.0088
    9.7500,     1.0000,     0.6767,     0.0000,    22.5000,    -1.2793,     0.1023,    -0.0640,    -0.2257,    -0.0135,     0.0090
    9.7500,     1.0000,     0.6767,     0.0000,    22.7500,    -1.2819,     0.1026,    -0.0641,    -0.2314,    -0.0139,     0.0093
    9.7500,     1.0000,     0.6767,     0.0000,    23.0000,    -1.2828,     0.1026,    -0.0641,    -0.2370,    -0.0142,     0.0095
    9.7500,     1.0000,     0.6767,     0.0000,    23.2500,    -1.2818,     0.1025,    -0.0641,    -0.2425,    -0.0145,     0.0097
    9.7500,     1.0000,     0.6767,     0.0000,    23.5000,    -1.2791,     0.1023,    -0.0640,    -0.2478,    -0.0149,     0.0099
    9.7500,     1.0000,     0.6767,     0.0000,    23.7500,    -1.2748,     0.1020,    -0.0637,    -0.2530,    -0.0152,     0.0101
    9.7500,     1.0000,     0.6767,     0.0000,    24.0000,    -1.2688,     0.1015,    -0.0634,    -0.2580,    -0.0155,     0.0103
    9.7500,     1.0000,     0.6767,     0.0000,    24.2500,    -1.2614,     0.1009,    -0.0631,    -0.2628,    -0.0158,     0.0105
    9.7500,     1.0000,     0.6767,     0.0000,    24.5000,    -1.2526,     0.1002,    -0.0626,    -0.2675,    -0.0161,     0.0107
    9.7500,     1.0000,     0.6767,     0.0000,    24.7500,    -1.2427,     0.0994,    -0.0621,    -0.2720,    -0.0163,     0.0109
   10.0000,     1.0000,     0.6597,     0.0000,    -1.0000,     0.9933,    -0.0795,     0.0497,     0.0409,     0.0025,    -0.0016
   10.0000,     1.0000,     0.6597,     0.0000,    -0.7500,     0.9735,    -0.0779,     0.0487,     0.0415,     0.0025,    -0.0017
   10.0000,     1.0000,     0.6597,     0.0000,    -0.5000,     0.9537,    -0.0763,     0.0477,     0.0421,     0.0025,    -0.0017
   10.0000,     1.0000,     0.6597,     0.0000,    -0.2500,     0.9339,    -0.0747,     0.0467,     0.0426,     0.0026,    -0.0017
   10.0000,     1.0000,     0.6597,     0.0000,     0.0000,     0.9142,    -0.0731,     0.0457,     0.0431,     0.0026,    -0.0017
   10.0000,     1.0000,     0.6597,     0.0000,     0.2500,     0.8945,    -0.0716,     0.0447,     0.0436,     0.0026,    -0.0017
   10.0000,     1.0000,     0.6597,     0.0000,     0.5000,     0.8748,    -0.0700,     0.0437,     0.0440,     0.0026,    -0.0018
   10.0000,     1.0000,     0.6597,     0.0000,     0.7500,     0.8550,    -0.0684,     0.0428,     0.0443,     0.0027,    -0.0018
   10.0000,     1.0000,     0.6597,     0.0000,     1.0000,     0.8350,    -0.0668,     0.0418,     0.0445,     0.0027,    -0.0018
   10.0000,     1.0000,     0.6597,     0.0000,     1.2500,     0.8147,    -0.0652,     0.0407,     0.0447,     0.0027,    -0.0018
   10.0000,     1.0000,     0.6597,     0.0000,     1.5000,     0.7940,    -0.0635,     0.0397,     0.0447,     0.0027,    -0.0018
   10.0000,     1.0000,     0.6597,     0.0000,     1.7500,     0.7730,    -0.0618,     0.0387,     0.0446,     0.0027,    -0.0018
   10.0000,     1.0000,     0.6597,     0.0000,     2.0000,     0.7514,    -0.0601,     0.0376,     0.0444,     0.0027,    -0.0018
   10.0000,     1.0000,     0.6597,     0.0000,     2.2500,     0.7294,    -0.0584,     0.0365,     0.0441,     0.0026,    -0.0018
   10.0000,     1.0000,     0.6597,     0.0000,     2.5000,     0.7068,    -0.0565,     0.0353,     0.0436,     0.0026,    -0.0017
   10.0000,     1.0000,     0.6597,     0.0000,     2.7500,     0.6837,    -0.0547,     0.0342,     0.0430,     0.0026,    -0.0017
   10.0000,     1.0000,     0.6597,     0.0000,     3.0000,     0.6601,    -0.0528,     0.0330,     0.0423,     0.0025,    -0.0017
   10.0000,     1.0000,     0.6597,     0.0000,     3.2500,     0.6358,    -0.0509,     0.0318,     0.0414,     0.0025,    -0.0017
   10.0000,     1.0000,     0.6597,     0.0000,     3.5000,     0.6111,    -0.0489,     0.0306,     0.0404,     0.0024,    -0.0016
   10.0000,     1.0000,     0.6597,     0.0000,     3.7500,     0.5857,    -0.0469,     0.0293,     0.0393,     0.0024,    -0.0016
   10.0000,     1.0000,     0.6597,     0.0000,     4.0000,     0.5599,    -0.0448,     0.0280,     0.0380,     0.0023,    -0.0015
   10.0000,     1.0000,     0.6597,     0.0000,     4.2500,     0.5337,    -0.0427,     0.0267,     0.0365,     0.0022,    -0.0015
   10.0000,     1.0000,     0.6597,     0.0000,     4.5000,     0.5070,    -0.0406,     0.0254,     0.0350,     0.0021,    -0.0014
   10.0000,     1.0000,     0.6597,     0.0000,     4.7500,     0.4799,    -0.0384,     0.0240,     0.0333,     0.0020,    -0.0013
   10.0000,     1.0000,     0.6597,     0.0000,     5.0000,     0.4525,    -0.0362,     0.0226,     0.0316,     0.0019,    -0.0013
   10.0000,     1.0000,     0.6597,     0.0000,     5.2500,     0.4247,    -0.0340,     0.0212,     0.0297,     0.0018,    -0.0012
   10.0000,     1.0000,     0.6597,     0.0000,     5.5000,     0.3967,    -0.0317,     0.0198,     0.0277,     0.0017,    -0.0011
   10.0000,     1.0000,     0.6597,     0.0000,     5.7500,     0.3683,    -0.0295,     0.0184,     0.0256,     0.0015,    -0.0010
   10.0000,     1.0000,     0.6597,     0.0000,     6.0000,     0.3397,    -0.0272,     0.0170,     0.0234,     0.0014,    -0.0009
   10.0000,     1.0000,     0.6597,     0.0000,     6.2500,     0.3109,    -0.0249,     0.0155,     0.0211,     0.0013,    -0.0008
   10.0000,     1.0000,     0.6597,     0.0000,     6.5000,     0.2819,    -0.0226,     0.0141,     0.0187,     0.0011,    -0.0007
   10.0000,     1.0000,     0.6597,     0.0000,     6.7500,     0.2527,    -0.0202,     0.0126,     0.0162,     0.0010,    -0.0006
   10.0000,     1.0000,     0.6597,     0.0000,     7.0000,     0.2233,    -0.0179,     0.0112,     0.0136,     0.0008,    -0.0005
   10.0000,     1.0000,     0.6597,     0.0000,     7.2500,     0.1938,    -0.0155,     0.0097,     0.0110,     0.0007,    -0.0004
   10.0000,     1.0000,     0.6597,     0.0000,     7.5000,     0.1641,    -0.0131,     0.0082,     0.0082,     0.0005,    -0.0003
   10.0000,     1.0000,     0.6597,     0.0000,     7.7500,     0.1343,    -0.0107,     0.0067,     0.0054,     0.0003,    -0.0002
   10.0000,     1.0000,     0.6597,     0.0000,     8.0000,     0.1044,    -0.0084,     0.0052,     0.0025,     0.0001,    -0.0001
   10.0000,     1.0000,     0.6597,     0.0000,     8.2500,     0.0742,    -0.0059,     0.0037,    -0.0004,    -0.0000,     0.0000
   10.0000,     1.0000,     0.6597,     0.0000,     8.5000,     0.0440,    -0.0035,     0.0022,    -0.0034,    -0.0002,     0.0001
   10.0000,     1.0000,     0.6597,     0.0000,     8.7500,     0.0136,    -0.0011,     0.0007,    -0.0065,    -0.0004,     0.0003
   10.0000,     1.0000,     0.6597,     0.0000,     9.0000,    -0.0170,     0.0014,    -0.0009,    -0.0097,    -0.0006,     0.0004
   10.0000,     1.0000,     0.6597,     0.0000,     9.2500,    -0.0477,     0.0038,    -0.0024,    -0.0129,    -0.0008,     0.0005
   10.0000,     1.0000,     0.6597,     0.0000,     9.5000,    -0.0785,     0.0063,    -0.0039,    -0.0162,    -0.0010,     0.0006
   10.0000,     1.0000,     0.6597,     0.0000,     9.7500,    -0.1094,     0.0088,    -0.0055,    -0.0196,    -0.0012,     0.0008
   10.0000,     1.0000,     0.6597,     0.0000,    10.0000,    -0.1405,     0.0112,    -0.0070,    -0.0230,    -0.0014,     0.0009
   10.0000,     1.0000,     0.6597,     0.0000,    10.2500,    -0.1716,     0.0137,    -0.0086,    -0.0265,    -0.0016,     0.0011
   10.0000,     1.0000,     0.6597,     0.0000,    10.5000,    -0.2029,     0.0162,    -0.0101,    -0.0300,    -0.0018,     0.0012
   10.0000,     1.0000,     0.6597,     0.0000,    10.7500,    -0.2343,     0.0187,    -0.0117,    -0.0336,    -0.0020,     0.0013
   10.0000,     1.0000,     0.6597,     0.0000,    11.0000,    -0.2657,     0.0213,    -0.0133,    -0.0373,    -0.0022,     0.0015
   10.0000,     1.0000,     0.6597,     0.0000,    11.2500,    -0.2973,     0.0238,    -0.0149,    -0.0411,    -0.0025,     0.0016
   10.0000,     1.0000,     0.6597,     0.0000,    11.5000,    -0.3289,     0.0263,    -0.0164,    -0.0449,    -0.0027,     0.0018
   10.0000,     1.0000,     0.6597,     0.0000,    11.7500,    -0.3605,     0.0288,    -0.0180,    -0.0487,    -0.0029,     0.0019
   10.0000,     1.0000,     0.6597,     0.0000,    12.0000,    -0.3922,     0.0314,    -0.0196,    -0.0527,    -0.0032,     0.0021
   10.0000,     1.0000,     0.6597,     0.0000,    12.2500,    -0.4239,     0.0339,    -0.0212,    -0.0567,    -0.0034,     0.0023
   10.0000,     1.0000,     0.6597,     0.0000,    12.5000,    -0.4555,     0.0364,    -0.0228,    -0.0607,    -0.0036,     0.0024
   10.0000,     1.0000,     0.6597,     0.0000,    12.7500,    -0.4871,     0.0390,    -0.0244,    -0.0648,    -0.0039,     0.0026
   10.0000,     1.0000,     0.6597,     0.0000,    13.0000,    -0.5186,     0.0415,    -0.0259,    -0.0690,    -0.0041,     0.0028
   10.0000,     1.0000,     0.6597,     0.0000,    13.2500,    -0.5500,     0.0440,    -0.0275,    -0.0732,    -0.0044,     0.0029
   10.0000,     1.0000,     0.6597,     0.0000,    13.5000,    -0.5812,     0.0465,    -0.0291,    -0.0775,    -0.0046,     0.0031
   10.0000,     1.0000,     0.6597,     0.0000,    13.7500,    -0.6122,     0.0490,    -0.0306,    -0.0818,    -0.0049,     0.0033
   10.0000,     1.0000,     0.6597,     0.0000,    14.0000,    -0.6430,     0.0514,    -0.0322,    -0.0862,    -0.0052,     0.0034
   10.0000,     1.0000,     0.6597,     0.0000,    14.2500,    -0.6734,     0.0539,    -0.0337,    -0.0906,    -0.0054,     0.0036
   10.0000,     1.0000,     0.6597,     0.0000,    14.5000,    -0.7036,     0.0563,    -0.0352,    -0.0950,    -0.0057,     0.0038
   10.0000,     1.0000,     0.6597,     0.0000,    14.7500,    -0.7333,     0.0587,    -0.0367,    -0.0994,    -0.0060,     0.0040
   10.0000,     1.0000,     0.6597,     0.0000,    15.0000,    -0.7627,     0.0610,    -0.0381,    -0.1039,    -0.0062,     0.0042
   10.0000,     1.0000,     0.6597,     0.0000,    15.2500,    -0.7917,     0.0633,    -0.0396,    -0.1083,    -0.0065,     0.0043
   10.0000,     1.0000,     0.6597,     0.0000,    15.5000,    -0.8203,     0.0656,    -0.0410,    -0.1128,    -0.0068,     0.0045
   10.0000,     1.0000,     0.6597,     0.0000,    15.7500,    -0.8484,     0.0679,    -0.0424,    -0.1172,    -0.0070,     0.0047
   10.0000,     1.0000,     0.6597,     0.0000,    16.0000,    -0.8760,     0.0701,    -0.0438,    -0.1215,    -0.0073,     0.0049
   10.0000,     1.0000,     0.6597,     0.0000,    16.2500,    -0.9031,     0.0722,    -0.0452,    -0.1259,    -0.0076,     0.0050
   10.0000,     1.0000,     0.6597,     0.0000,    16.5000,    -0.9298,     0.0744,    -0.0465,    -0.1301,    -0.0078,     0.0052
   10.0000,     1.0000,     0.6597,     0.0000,    16.7500,    -0.9559,     0.0765,    -0.0478,    -0.1343,    -0.0081,     0.0054
   10.0000,     1.0000,     0.6597,     0.0000,    17.0000,    -0.9815,     0.0785,    -0.0491,    -0.1385,    -0.0083,     0.0055
   10.0000,     1.0000,     0.6597,     0.0000,    17.2500,    -1.0066,     0.0805,    -0.0503,    -0.1425,    -0.0085,     0.0057
   10.0000,     1.0000,     0.6597,     0.0000,    17.5000,    -1.0312,     0.0825,    -0.0516,    -0.1464,    -0.0088,     0.0059
   10.0000,     1.0000,     0.6597,     0.0000,    17.7500,    -1.0552,     0.0844,    -0.0528,    -0.1503,    -0.0090,     0.0060
   10.0000,     1.0000,     0.6597,     0.0000,    18.0000,    -1.0786,     0.0863,    -0.0539,    -0.1541,    -0.0092,     0.0062
   10.0000,     1.0000,     0.6597,     0.0000,    18.2500,    -1.1014,     0.0881,    -0.0551,    -0.1578,    -0.0095,     0.0063
   10.0000,     1.0000,     0.6597,     0.0000,    18.5000,    -1.1237,     0.0899,    -0.0562,    -0.1615,    -0.0097,     0.0065
   10.0000,     1.0000,     0.6597,     0.0000,    18.7500,    -1.1453,     0.0916,    -0.0573,    -0.1651,    -0.0099,     0.0066
   10.0000,     1.0000,     0.6597,     0.0000,    19.0000,    -1.1662,     0.0933,    -0.0583,    -0.1688,    -0.0101,     0.0068
   10.0000,     1.0000,     0.6597,     0.0000,    19.2500,    -1.1864,     0.0949,    -0.0593,    -0.1726,    -0.0104,     0.0069
   10.0000,     1.0000,     0.6597,     0.0000,    19.5000,    -1.2058,     0.0965,    -0.0603,    -0.1764,    -0.0106,     0.0071
   10.0000,     1.0000,     0.6597,     0.0000,    19.7500,    -1.2243,     0.0979,    -0.0612,    -0.1804,    -0.0108,     0.0072
   10.0000,     1.0000,     0.6597,     0.0000,    20.0000,    -1.2420,     0.0994,    -0.0621,    -0.1846,    -0.0111,     0.0074
   10.0000,     1.0000,     0.6597,     0.0000,    20.2500,    -1.2586,     0.1007,    -0.0629,    -0.1890,    -0.0113,     0.0076
   10.0000,     1.0000,     0.6597,     0.0000,    20.5000,    -1.2741,     0.1019,    -0.0637,    -0.1936,    -0.0116,     0.0077
   10.0000,     1.0000,     0.6597,     0.0000,    20.7500,    -1.2884,     0.1031,    -0.0644,    -0.1985,    -0.0119,     0.0079
   10.0000,     1.0000,     0.6597,     0.0000,    21.0000,    -1.3015,     0.1041,    -0.0651,    -0.2036,    -0.0122,     0.0081
   10.0000,     1.0000,     0.6597,     0.0000,    21.2500,    -1.3132,     0.1051,    -0.0657,    -0.2090,    -0.0125,     0.0084
   10.0000,     1.0000,     0.6597,     0.0000,    21.5000,    -1.3234,     0.1059,    -0.0662,    -0.2146,    -0.0129,     0.0086
   10.0000,     1.0000,     0.6597,     0.0000,    21.7500,    -1.3320,     0.1066,    -0.0666,    -0.2204,    -0.0132,     0.0088
   10.0000,     1.0000,     0.6597,     0.0000,    22.0000,    -1.3390,     0.1071,    -0.0669,    -0.2263,    -0.0136,     0.0091
   10.0000,     1.0000,     0.6597,     0.0000,    22.2500,    -1.3442,     0.1075,    -0.0672,    -0.2323,    -0.0139,     0.0093
   10.0000,     1.0000,     0.6597,     0.0000,    22.5000,    -1.3476,     0.1078,    -0.0674,    -0.2383,    -0.0143,     0.0095
   10.0000,     1.0000,     0.6597,     0.0000,    22.7500,    -1.3492,     0.1079,    -0.0675,    -0.2442,    -0.0147,     0.0098
   10.0000,     1.0000,     0.6597,     0.0000,    23.0000,    -1.3489,     0.1079,    -0.0674,    -0.2500,    -0.0150,     0.0100
   10.0000,     1.0000,     0.6597,     0.0000,    23.2500,    -1.3468,     0.1077,    -0.0673,    -0.2557,    -0.0153,     0.0102
   10.0000,     1.0000,     0.6597,     0.0000,    23.5000,    -1.3428,     0.1074,    -0.0671,    -0.2612,    -0.0157,     0.0104
   10.0000,     1.0000,     0.6597,     0.0000,    23.7500,    -1.3371,     0.1070,    -0.0669,    -0.2666,    -0.0160,     0.0107
   10.0000,     1.0000,     0.6597,     0.0000,    24.0000,    -1.3298,     0.1064,    -0.0665,    -0.2717,    -0.0163,     0.0109
   10.0000,     1.0000,     0.6597,     0.0000,    24.2500,    -1.3211,     0.1057,    -0.0661,    -0.2767,    -0.0166,     0.0111
   10.0000,     1.0000,     0.6597,     0.0000,    24.5000,    -1.3111,     0.1049,    -0.0656,    -0.2815,    -0.0169,     0.0113
   10.0000,     1.0000,     0.6597,     0.0000,    24.7500,    -1.3000,     0.1040,    -0.0650,    -0.2862,    -0.0172,     0.0114
   10.2500,     1.0000,     0.6436,     0.0000,    -1.0000,     1.0086,    -0.0807,     0.0504,     0.0391,     0.0023,    -0.0016
   10.2500,     1.0000,     0.6436,     0.0000,    -0.7500,     0.9878,    -0.0790,     0.0494,     0.0398,     0.0024,    -0.0016
   10.2500,     1.0000,     0.6436,     0.0000,    -0.5000,     0.9670,    -0.0774,     0.0484,     0.0404,     0.0024,    -0.0016
   10.2500,     1.0000,     0.6436,     0.0000,    -0.2500,     0.9463,    -0.0757,     0.0473,     0.0409,     0.0025,    -0.0016
   10.2500,     1.0000,     0.6436,     0.0000,     0.0000,     0.9256,    -0.0740,     0.0463,     0.0415,     0.0025,    -0.0017
   10.2500,     1.0000,     0.6436,     0.0000,     0.2500,     0.9050,    -0.0724,     0.0453,     0.0419,     0.0025,    -0.0017
   10.2500,     1.0000,     0.6436,     0.0000,     0.5000,     0.8844,    -0.0708,     0.0442,     0.0423,     0.0025,    -0.0017
   10.2500,     1.0000,     0.6436,     0.0000,     0.7500,     0.8637,    -0.0691,     0.0432,     0.0427,     0.0026,    -0.0017
   10.2500,     1.0000,     0.6436,     0.0000,     1.0000,     0.8429,    -0.0674,     0.0421,     0.0429,     0.0026,    -0.0017
   10.2500,     1.0000,     0.6436,     0.0000,     1.2500,     0.8218,    -0.0657,     0.0411,     0.0431,     0.0026,    -0.0017
   10.2500,     1.0000,     0.6436,     0.0000,     1.5000,     0.8004,    -0.0640,     0.0400,     0.0431,     0.0026,    -0.0017
   10.2500,     1.0000,     0.6436,     0.0000,     1.7500,     0.7786,    -0.0623,     0.0389,     0.0431,     0.0026,    -0.0017
   10.2500,     1.0000,     0.6436,     0.0000,     2.0000,     0.7563,    -0.0605,     0.0378,     0.0429,     0.0026,    -0.0017
   10.2500,     1.0000,     0.6436,     0.0000,     2.2500,     0.7335,    -0.0587,     0.0367,     0.0426,     0.0026,    -0.0017
   10.2500,     1.0000,     0.6436,     0.0000,     2.5000,     0.7102,    -0.0568,     0.0355,     0.0422,     0.0025,    -0.0017
   10.2500,     1.0000,     0.6436,     0.0000,     2.7500,     0.6863,    -0.0549,     0.0343,     0.0416,     0.0025,    -0.0017
   10.2500,     1.0000,     0.6436,     0.0000,     3.0000,     0.6618,    -0.0529,     0.0331,     0.0408,     0.0024,    -0.0016
   10.2500,     1.0000,     0.6436,     0.0000,     3.2500,     0.6366,    -0.0509,     0.0318,     0.0400,     0.0024,    -0.0016
   10.2500,     1.0000,     0.6436,     0.0000,     3.5000,     0.6109,    -0.0489,     0.0305,     0.0389,     0.0023,    -0.0016
   10.2500,     1.0000,     0.6436,     0.0000,     3.7500,     0.5846,    -0.0468,     0.0292,     0.0377,     0.0023,    -0.0015
   10.2500,     1.0000,     0.6436,     0.0000,     4.0000,     0.5577,    -0.0446,     0.0279,     0.0364,     0.0022,    -0.0015
   10.2500,     1.0000,     0.6436,     0.0000,     4.2500,     0.5303,    -0.0424,     0.0265,     0.0350,     0.0021,    -0.0014
   10.2500,     1.0000,     0.6436,     0.0000,     4.5000,     0.5025,    -0.0402,     0.0251,     0.0334,     0.0020,    -0.0013
   10.2500,     1.0000,     0.6436,     0.0000,     4.7500,     0.4743,    -0.0379,     0.0237,     0.0317,     0.0019,    -0.0013
   10.2500,     1.0000,     0.6436,     0.0000,     5.0000,     0.4456,    -0.0356,     0.0223,     0.0298,     0.0018,    -0.0012
   10.2500,     1.0000,     0.6436,     0.0000,     5.2500,     0.4167,    -0.0333,     0.0208,     0.0279,     0.0017,    -0.0011
   10.2500,     1.0000,     0.6436,     0.0000,     5.5000,     0.3874,    -0.0310,     0.0194,     0.0258,     0.0015,    -0.0010
   10.2500,     1.0000,     0.6436,     0.0000,     5.7500,     0.3578,    -0.0286,     0.0179,     0.0236,     0.0014,    -0.0009
   10.2500,     1.0000,     0.6436,     0.0000,     6.0000,     0.3279,    -0.0262,     0.0164,     0.0213,     0.0013,    -0.0009
   10.2500,     1.0000,     0.6436,     0.0000,     6.2500,     0.2977,    -0.0238,     0.0149,     0.0190,     0.0011,    -0.0008
   10.2500,     1.0000,     0.6436,     0.0000,     6.5000,     0.2674,    -0.0214,     0.0134,     0.0165,     0.0010,    -0.0007
   10.2500,     1.0000,     0.6436,     0.0000,     6.7500,     0.2369,    -0.0190,     0.0118,     0.0139,     0.0008,    -0.0006
   10.2500,     1.0000,     0.6436,     0.0000,     7.0000,     0.2062,    -0.0165,     0.0103,     0.0112,     0.0007,    -0.0004
   10.2500,     1.0000,     0.6436,     0.0000,     7.2500,     0.1753,    -0.0140,     0.0088,     0.0085,     0.0005,    -0.0003
   10.2500,     1.0000,     0.6436,     0.0000,     7.5000,     0.1443,    -0.0115,     0.0072,     0.0057,     0.0003,    -0.0002
   10.2500,     1.0000,     0.6436,     0.0000,     7.7500,     0.1132,    -0.0091,     0.0057,     0.0028,     0.0002,    -0.0001
   10.2500,     1.0000,     0.6436,     0.0000,     8.0000,     0.0818,    -0.0065,     0.0041,    -0.0002,    -0.0000,     0.0000
   10.2500,     1.0000,     0.6436,     0.0000,     8.2500,     0.0503,    -0.0040,     0.0025,    -0.0033,    -0.0002,     0.0001
   10.2500,     1.0000,     0.6436,     0.0000,     8.5000,     0.0186,    -0.0015,     0.0009,    -0.0064,    -0.0004,     0.0003
   10.2500,     1.0000,     0.6436,     0.0000,     8.7500,    -0.0132,     0.0011,    -0.0007,    -0.0097,    -0.0006,     0.0004
   10.2500,     1.0000,     0.6436,     0.0000,     9.0000,    -0.0452,     0.0036,    -0.0023,    -0.0129,    -0.0008,     0.0005
   10.2500,     1.0000,     0.6436,     0.0000,     9.2500,    -0.0773,     0.0062,    -0.0039,    -0.0163,    -0.0010,     0.0007
   10.2500,     1.0000,     0.6436,     0.0000,     9.5000,    -0.1095,     0.0088,    -0.0055,    -0.0197,    -0.0012,     0.0008
   10.2500,     1.0000,     0.6436,     0.0000,     9.7500,    -0.1419,     0.0114,    -0.0071,    -0.0232,    -0.0014,     0.0009
   10.2500,     1.0000,     0.6436,     0.0000,    10.0000,    -0.1744,     0.0140,    -0.0087,    -0.0267,    -0.0016,     0.0011
   10.2500,     1.0000,     0.6436,     0.0000,    10.2500,    -0.2070,     0.0166,    -0.0103,    -0.0304,    -0.0018,     0.0012
   10.2500,     1.0000,     0.6436,     0.0000,    10.5000,    -0.2398,     0.0192,    -0.0120,    -0.0340,    -0.0020,     0.0014
   10.2500,     1.0000,     0.6436,     0.0000,    10.7500,    -0.2726,     0.0218,    -0.0136,    -0.0378,    -0.0023,     0.0015
   10.2500,     1.0000,     0.6436,     0.0000,    11.0000,    -0.3055,     0.0244,    -0.0153,    -0.0416,    -0.0025,     0.0017
   10.2500,     1.0000,     0.6436,     0.0000,    11.2500,    -0.3385,     0.0271,    -0.0169,    -0.0455,    -0.0027,     0.0018
   10.2500,     1.0000,     0.6436,     0.0000,    11.5000,    -0.3716,     0.0297,    -0.0186,    -0.0495,    -0.0030,     0.0020
   10.2500,     1.0000,     0.6436,     0.0000,    11.7500,    -0.4047,     0.0324,    -0.0202,    -0.0535,    -0.0032,     0.0021
   10.2500,     1.0000,     0.6436,     0.0000,    12.0000,    -0.4378,     0.0350,    -0.0219,    -0.0576,    -0.0035,     0.0023
   10.2500,     1.0000,     0.6436,     0.0000,    12.2500,    -0.4709,     0.0377,    -0.0235,    -0.0617,    -0.0037,     0.0025
   10.2500,     1.0000,     0.6436,     0.0000,    12.5000,    -0.5040,     0.0403,    -0.0252,    -0.0660,    -0.0040,     0.0026
   10.2500,     1.0000,     0.6436,     0.0000,    12.7500,    -0.5369,     0.0430,    -0.0268,    -0.0702,    -0.0042,     0.0028
   10.2500,     1.0000,     0.6436,     0.0000,    13.0000,    -0.5697,     0.0456,    -0.0285,    -0.0746,    -0.0045,     0.0030
   10.2500,     1.0000,     0.6436,     0.0000,    13.2500,    -0.6024,     0.0482,    -0.0301,    -0.0790,    -0.0047,     0.0032
   10.2500,     1.0000,     0.6436,     0.0000,    13.5000,    -0.6349,     0.0508,    -0.0317,    -0.0834,    -0.0050,     0.0033
   10.2500,     1.0000,     0.6436,     0.0000,    13.7500,    -0.6671,     0.0534,    -0.0334,    -0.0879,    -0.0053,     0.0035
   10.2500,     1.0000,     0.6436,     0.0000,    14.0000,    -0.6990,     0.0559,    -0.0350,    -0.0924,    -0.0055,     0.0037
   10.2500,     1.0000,     0.6436,     0.0000,    14.2500,    -0.7306,     0.0584,    -0.0365,    -0.0969,    -0.0058,     0.0039
   10.2500,     1.0000,     0.6436,     0.0000,    14.5000,    -0.7618,     0.0609,    -0.0381,    -0.1015,    -0.0061,     0.0041
   10.2500,     1.0000,     0.6436,     0.0000,    14.7500,    -0.7926,     0.0634,    -0.0396,    -0.1061,    -0.0064,     0.0042
   10.2500,     1.0000,     0.6436,     0.0000,    15.0000,    -0.8231,     0.0658,    -0.0412,    -0.1107,    -0.0066,     0.0044
   10.2500,     1.0000,     0.6436,     0.0000,    15.2500,    -0.8530,     0.0682,    -0.0427,    -0.1153,    -0.0069,     0.0046
   10.2500,     1.0000,     0.6436,     0.0000,    15.5000,    -0.8825,     0.0706,    -0.0441,    -0.1198,    -0.0072,     0.0048
   10.2500,     1.0000,     0.6436,     0.0000,    15.7500,    -0.9115,     0.0729,    -0.0456,    -0.1244,    -0.0075,     0.0050
   10.2500,     1.0000,     0.6436,     0.0000,    16.0000,    -0.9400,     0.0752,    -0.0470,    -0.1289,    -0.0077,     0.0052
   10.2500,     1.0000,     0.6436,     0.0000,    16.2500,    -0.9680,     0.0774,    -0.0484,    -0.1333,    -0.0080,     0.0053
   10.2500,     1.0000,     0.6436,     0.0000,    16.5000,    -0.9955,     0.0796,    -0.0498,    -0.1377,    -0.0083,     0.0055
   10.2500,     1.0000,     0.6436,     0.0000,    16.7500,    -1.0225,     0.0818,    -0.0511,    -0.1420,    -0.0085,     0.0057
   10.2500,     1.0000,     0.6436,     0.0000,    17.0000,    -1.0489,     0.0839,    -0.0524,    -0.1462,    -0.0088,     0.0058
   10.2500,     1.0000,     0.6436,     0.0000,    17.2500,    -1.0747,     0.0860,    -0.0537,    -0.1503,    -0.0090,     0.0060
   10.2500,     1.0000,     0.6436,     0.0000,    17.5000,    -1.1000,     0.0880,    -0.0550,    -0.1543,    -0.0093,     0.0062
   10.2500,     1.0000,     0.6436,     0.0000,    17.7500,    -1.1248,     0.0900,    -0.0562,    -0.1583,    -0.0095,     0.0063
   10.2500,     1.0000,     0.6436,     0.0000,    18.0000,    -1.1489,     0.0919,    -0.0574,    -0.1621,    -0.0097,     0.0065
   10.2500,     1.0000,     0.6436,     0.0000,    18.2500,    -1.1724,     0.0938,    -0.0586,    -0.1659,    -0.0100,     0.0066
   10.2500,     1.0000,     0.6436,     0.0000,    18.5000,    -1.1952,     0.0956,    -0.0598,    -0.1697,    -0.0102,     0.0068
   10.2500,     1.0000,     0.6436,     0.0000,    18.7500,    -1.2174,     0.0974,    -0.0609,    -0.1735,    -0.0104,     0.0069
   10.2500,     1.0000,     0.6436,     0.0000,    19.0000,    -1.2388,     0.0991,    -0.0619,    -0.1774,    -0.0106,     0.0071
   10.2500,     1.0000,     0.6436,     0.0000,    19.2500,    -1.2594,     0.1008,    -0.0630,    -0.1813,    -0.0109,     0.0073
   10.2500,     1.0000,     0.6436,     0.0000,    19.5000,    -1.2792,     0.1023,    -0.0640,    -0.1854,    -0.0111,     0.0074
   10.2500,     1.0000,     0.6436,     0.0000,    19.7500,    -1.2980,     0.1038,    -0.0649,    -0.1897,    -0.0114,     0.0076
   10.2500,     1.0000,     0.6436,     0.0000,    20.0000,    -1.3158,     0.1053,    -0.0658,    -0.1942,    -0.0117,     0.0078
   10.2500,     1.0000,     0.6436,     0.0000,    20.2500,    -1.3325,     0.1066,    -0.0666,    -0.1989,    -0.0119,     0.0080
   10.2500,     1.0000,     0.6436,     0.0000,    20.5000,    -1.3480,     0.1078,    -0.0674,    -0.2038,    -0.0122,     0.0082
   10.2500,     1.0000,     0.6436,     0.0000,    20.7500,    -1.3621,     0.1090,    -0.0681,    -0.2091,    -0.0125,     0.0084
   10.2500,     1.0000,     0.6436,     0.0000,    21.0000,    -1.3749,     0.1100,    -0.0687,    -0.2146,    -0.0129,     0.0086
   10.2500,     1.0000,     0.6436,     0.0000,    21.2500,    -1.3862,     0.1109,    -0.0693,    -0.2203,    -0.0132,     0.0088
   10.2500,     1.0000,     0.6436,     0.0000,    21.5000,    -1.3960,     0.1117,    -0.0698,    -0.2263,    -0.0136,     0.0091
   10.2500,     1.0000,     0.6436,     0.0000,    21.7500,    -1.4040,     0.1123,    -0.0702,    -0.2324,    -0.0139,     0.0093
   10.2500,     1.0000,     0.6436,     0.0000,    22.0000,    -1.4102,     0.1128,    -0.0705,    -0.2387,    -0.0143,     0.0095
   10.2500,     1.0000,     0.6436,     0.0000,    22.2500,    -1.4146,     0.1132,    -0.0707,    -0.2449,    -0.0147,     0.0098
   10.2500,     1.0000,     0.6436,     0.0000,    22.5000,    -1.4170,     0.1134,    -0.0709,    -0.2512,    -0.0151,     0.0100
   10.2500,     1.0000,     0.6436,     0.0000,    22.7500,    -1.4175,     0.1134,    -0.0709,    -0.2574,    -0.0154,     0.0103
   10.2500,     1.0000,     0.6436,     0.0000,    23.0000,    -1.4160,     0.1133,    -0.0708,    -0.2634,    -0.0158,     0.0105
   10.2500,     1.0000,     0.6436,     0.0000,    23.2500,    -1.4126,     0.1130,    -0.0706,    -0.2692,    -0.0162,     0.0108
   10.2500,     1.0000,     0.6436,     0.0000,    23.5000,    -1.4073,     0.1126,    -0.0704,    -0.2749,    -0.0165,     0.0110
   10.2500,     1.0000,     0.6436,     0.0000,    23.7500,    -1.4003,     0.1120,    -0.0700,    -0.2804,    -0.0168,     0.0112
   10.2500,     1.0000,     0.6436,     0.0000,    24.0000,    -1.3917,     0.1113,    -0.0696,    -0.2857,    -0.0171,     0.0114
   10.2500,     1.0000,     0.6436,     0.0000,    24.2500,    -1.3817,     0.1105,    -0.0691,    -0.2908,    -0.0174,     0.0116
   10.2500,     1.0000,     0.6436,     0.0000,    24.5000,    -1.3704,     0.1096,    -0.0685,    -0.2958,    -0.0177,     0.0118
   10.2500,     1.0000,     0.6436,     0.0000,    24.7500,    -1.3582,     0.1087,    -0.0679,    -0.3007,    -0.0180,     0.0120
   10.5000,     1.0000,     0.6283,     0.0000,    -1.0000,     1.0238,    -0.0819,     0.0512,     0.0374,     0.0022,    -0.0015
   10.5000,     1.0000,     0.6283,     0.0000,    -0.7500,     1.0020,    -0.0802,     0.0501,     0.0381,     0.0023,    -0.0015
   10.5000,     1.0000,     0.6283,     0.0000,    -0.5000,     0.9802,    -0.0784,     0.0490,     0.0387,     0.0023,    -0.0015
   10.5000,     1.0000,     0.6283,     0.0000,    -0.2500,     0.9585,    -0.0767,     0.0479,     0.0393,     0.0024,    -0.0016
   10.5000,     1.0000,     0.6283,     0.0000,     0.0000,     0.9368,    -0.0749,     0.0468,     0.0398,     0.0024,    -0.0016
   10.5000,     1.0000,     0.6283,     0.0000,     0.2500,     0.9152,    -0.0732,     0.0458,     0.0403,     0.0024,    -0.0016
   10.5000,     1.0000,     0.6283,     0.0000,     0.5000,     0.8937,    -0.0715,     0.0447,     0.0407,     0.0024,    -0.0016
   10.5000,     1.0000,     0.6283,     0.0000,     0.7500,     0.8721,    -0.0698,     0.0436,     0.0411,     0.0025,    -0.0016
   10.5000,     1.0000,     0.6283,     0.0000,     1.0000,     0.8505,    -0.0680,     0.0425,     0.0413,     0.0025,    -0.0017
   10.5000,     1.0000,     0.6283,     0.0000,     1.2500,     0.8286,    -0.0663,     0.0414,     0.0415,     0.0025,    -0.0017
   10.5000,     1.0000,     0.6283,     0.0000,     1.5000,     0.8064,    -0.0645,     0.0403,     0.0416,     0.0025,    -0.0017
   10.5000,     1.0000,     0.6283,     0.0000,     1.7500,     0.7839,    -0.0627,     0.0392,     0.0416,     0.0025,    -0.0017
   10.5000,     1.0000,     0.6283,     0.0000,     2.0000,     0.7608,    -0.0609,     0.0380,     0.0414,     0.0025,    -0.0017
   10.5000,     1.0000,     0.6283,     0.0000,     2.2500,     0.7372,    -0.0590,     0.0369,     0.0411,     0.0025,    -0.0016
   10.5000,     1.0000,     0.6283,     0.0000,     2.5000,     0.7131,    -0.0570,     0.0357,     0.0407,     0.0024,    -0.0016
   10.5000,     1.0000,     0.6283,     0.0000,     2.7500,     0.6883,    -0.0551,     0.0344,     0.0401,     0.0024,    -0.0016
   10.5000,     1.0000,     0.6283,     0.0000,     3.0000,     0.6630,    -0.0530,     0.0332,     0.0394,     0.0024,    -0.0016
   10.5000,     1.0000,     0.6283,     0.0000,     3.2500,     0.6369,    -0.0510,     0.0318,     0.0385,     0.0023,    -0.0015
   10.5000,     1.0000,     0.6283,     0.0000,     3.5000,     0.6102,    -0.0488,     0.0305,     0.0374,     0.0022,    -0.0015
   10.5000,     1.0000,     0.6283,     0.0000,     3.7500,     0.5829,    -0.0466,     0.0291,     0.0362,     0.0022,    -0.0014
   10.5000,     1.0000,     0.6283,     0.0000,     4.0000,     0.5550,    -0.0444,     0.0278,     0.0349,     0.0021,    -0.0014
   10.5000,     1.0000,     0.6283,     0.0000,     4.2500,     0.5265,    -0.0421,     0.0263,     0.0334,     0.0020,    -0.0013
   10.5000,     1.0000,     0.6283,     0.0000,     4.5000,     0.4975,    -0.0398,     0.0249,     0.0317,     0.0019,    -0.0013
   10.5000,     1.0000,     0.6283,     0.0000,     4.7500,     0.4681,    -0.0374,     0.0234,     0.0300,     0.0018,    -0.0012
   10.5000,     1.0000,     0.6283,     0.0000,     5.0000,     0.4382,    -0.0351,     0.0219,     0.0281,     0.0017,    -0.0011
   10.5000,     1.0000,     0.6283,     0.0000,     5.2500,     0.4080,    -0.0326,     0.0204,     0.0261,     0.0016,    -0.0010
   10.5000,     1.0000,     0.6283,     0.0000,     5.5000,     0.3774,    -0.0302,     0.0189,     0.0239,     0.0014,    -0.0010
   10.5000,     1.0000,     0.6283,     0.0000,     5.7500,     0.3465,    -0.0277,     0.0173,     0.0217,     0.0013,    -0.0009
   10.5000,     1.0000,     0.6283,     0.0000,     6.0000,     0.3153,    -0.0252,     0.0158,     0.0193,     0.0012,    -0.0008
   10.5000,     1.0000,     0.6283,     0.0000,     6.2500,     0.2839,    -0.0227,     0.0142,     0.0168,     0.0010,    -0.0007
   10.5000,     1.0000,     0.6283,     0.0000,     6.5000,     0.2522,    -0.0202,     0.0126,     0.0143,     0.0009,    -0.0006
   10.5000,     1.0000,     0.6283,     0.0000,     6.7500,     0.2203,    -0.0176,     0.0110,     0.0116,     0.0007,    -0.0005
   10.5000,     1.0000,     0.6283,     0.0000,     7.0000,     0.1883,    -0.0151,     0.0094,     0.0088,     0.0005,    -0.0004
   10.5000,     1.0000,     0.6283,     0.0000,     7.2500,     0.1560,    -0.0125,     0.0078,     0.0060,     0.0004,    -0.0002
   10.5000,     1.0000,     0.6283,     0.0000,     7.5000,     0.1237,    -0.0099,     0.0062,     0.0031,     0.0002,    -0.0001
   10.5000,     1.0000,     0.6283,     0.0000,     7.7500,     0.0911,    -0.0073,     0.0046,     0.0001,     0.0000,    -0.0000
   10.5000,     1.0000,     0.6283,     0.0000,     8.0000,     0.0584,    -0.0047,     0.0029,    -0.0030,    -0.0002,     0.0001
   10.5000,     1.0000,     0.6283,     0.0000,     8.2500,     0.0254,    -0.0020,     0.0013,    -0.0062,    -0.0004,     0.0002
   10.5000,     1.0000,     0.6283,     0.0000,     8.5000,    -0.0077,     0.0006,    -0.0004,    -0.0095,    -0.0006,     0.0004
   10.5000,     1.0000,     0.6283,     0.0000,     8.7500,    -0.0410,     0.0033,    -0.0021,    -0.0128,    -0.0008,     0.0005
   10.5000,     1.0000,     0.6283,     0.0000,     9.0000,    -0.0744,     0.0060,    -0.0037,    -0.0162,    -0.0010,     0.0006
   10.5000,     1.0000,     0.6283,     0.0000,     9.2500,    -0.1080,     0.0086,    -0.0054,    -0.0197,    -0.0012,     0.0008
   10.5000,     1.0000,     0.6283,     0.0000,     9.5000,    -0.1417,     0.0113,    -0.0071,    -0.0232,    -0.0014,     0.0009
   10.5000,     1.0000,     0.6283,     0.0000,     9.7500,    -0.1755,     0.0140,    -0.0088,    -0.0268,    -0.0016,     0.0011
   10.5000,     1.0000,     0.6283,     0.0000,    10.0000,    -0.2095,     0.0168,    -0.0105,    -0.0305,    -0.0018,     0.0012
   10.5000,     1.0000,     0.6283,     0.0000,    10.2500,    -0.2437,     0.0195,    -0.0122,    -0.0343,    -0.0021,     0.0014
   10.5000,     1.0000,     0.6283,     0.0000,    10.5000,    -0.2779,     0.0222,    -0.0139,    -0.0381,    -0.0023,     0.0015
   10.5000,     1.0000,     0.6283,     0.0000,    10.7500,    -0.3122,     0.0250,    -0.0156,    -0.0420,    -0.0025,     0.0017
   10.5000,     1.0000,     0.6283,     0.0000,    11.0000,    -0.3466,     0.0277,    -0.0173,    -0.0460,    -0.0028,     0.0018
   10.5000,     1.0000,     0.6283,     0.0000,    11.2500,    -0.3811,     0.0305,    -0.0191,    -0.0500,    -0.0030,     0.0020
   10.5000,     1.0000,     0.6283,     0.0000,    11.5000,    -0.4157,     0.0333,    -0.0208,    -0.0541,    -0.0032,     0.0022
   10.5000,     1.0000,     0.6283,     0.0000,    11.7500,    -0.4502,     0.0360,    -0.0225,    -0.0583,    -0.0035,     0.0023
   10.5000,     1.0000,     0.6283,     0.0000,    12.0000,    -0.4848,     0.0388,    -0.0242,    -0.0626,    -0.0038,     0.0025
   10.5000,     1.0000,     0.6283,     0.0000,    12.2500,    -0.5193,     0.0415,    -0.0260,    -0.0669,    -0.0040,     0.0027
   10.5000,     1.0000,     0.6283,     0.0000,    12.5000,    -0.5538,     0.0443,    -0.0277,    -0.0713,    -0.0043,     0.0029
   10.5000,     1.0000,     0.6283,     0.0000,    12.7500,    -0.5881,     0.0470,    -0.0294,    -0.0757,    -0.0045,     0.0030
   10.5000,     1.0000,     0.6283,     0.0000,    13.0000,    -0.6222,     0.0498,    -0.0311,    -0.0802,    -0.0048,     0.0032
   10.5000,     1.0000,     0.6283,     0.0000,    13.2500,    -0.6562,     0.0525,    -0.0328,    -0.0847,    -0.0051,     0.0034
   10.5000,     1.0000,     0.6283,     0.0000,    13.5000,    -0.6899,     0.0552,    -0.0345,    -0.0893,    -0.0054,     0.0036
   10.5000,     1.0000,     0.6283,     0.0000,    13.7500,    -0.7233,     0.0579,    -0.0362,    -0.0940,    -0.0056,     0.0038
   10.5000,     1.0000,     0.6283,     0.0000,    14.0000,    -0.7564,     0.0605,    -0.0378,    -0.0987,    -0.0059,     0.0039
   10.5000,     1.0000,     0.6283,     0.0000,    14.2500,    -0.7891,     0.0631,    -0.0395,    -0.1034,    -0.0062,     0.0041
   10.5000,     1.0000,     0.6283,     0.0000,    14.5000,    -0.8215,     0.0657,    -0.0411,    -0.1081,    -0.0065,     0.0043
   10.5000,     1.0000,     0.6283,     0.0000,    14.7500,    -0.8533,     0.0683,    -0.0427,    -0.1128,    -0.0068,     0.0045
   10.5000,     1.0000,     0.6283,     0.0000,    15.0000,    -0.8848,     0.0708,    -0.0442,    -0.1176,    -0.0071,     0.0047
   10.5000,     1.0000,     0.6283,     0.0000,    15.2500,    -0.9157,     0.0733,    -0.0458,    -0.1223,    -0.0073,     0.0049
   10.5000,     1.0000,     0.6283,     0.0000,    15.5000,    -0.9462,     0.0757,    -0.0473,    -0.1270,    -0.0076,     0.0051
   10.5000,     1.0000,     0.6283,     0.0000,    15.7500,    -0.9761,     0.0781,    -0.0488,    -0.1317,    -0.0079,     0.0053
   10.5000,     1.0000,     0.6283,     0.0000,    16.0000,    -1.0055,     0.0804,    -0.0503,    -0.1363,    -0.0082,     0.0055
   10.5000,     1.0000,     0.6283,     0.0000,    16.2500,    -1.0344,     0.0828,    -0.0517,    -0.1409,    -0.0085,     0.0056
   10.5000,     1.0000,     0.6283,     0.0000,    16.5000,    -1.0628,     0.0850,    -0.0531,    -0.1454,    -0.0087,     0.0058
   10.5000,     1.0000,     0.6283,     0.0000,    16.7500,    -1.0906,     0.0872,    -0.0545,    -0.1498,    -0.0090,     0.0060
   10.5000,     1.0000,     0.6283,     0.0000,    17.0000,    -1.1178,     0.0894,    -0.0559,    -0.1541,    -0.0092,     0.0062
   10.5000,     1.0000,     0.6283,     0.0000,    17.2500,    -1.1445,     0.0916,    -0.0572,    -0.1582,    -0.0095,     0.0063
   10.5000,     1.0000,     0.6283,     0.0000,    17.5000,    -1.1705,     0.0936,    -0.0585,    -0.1623,    -0.0097,     0.0065
   10.5000,     1.0000,     0.6283,     0.0000,    17.7500,    -1.1960,     0.0957,    -0.0598,    -0.1663,    -0.0100,     0.0067
   10.5000,     1.0000,     0.6283,     0.0000,    18.0000,    -1.2208,     0.0977,    -0.0610,    -0.1703,    -0.0102,     0.0068
   10.5000,     1.0000,     0.6283,     0.0000,    18.2500,    -1.2450,     0.0996,    -0.0623,    -0.1742,    -0.0105,     0.0070
   10.5000,     1.0000,     0.6283,     0.0000,    18.5000,    -1.2685,     0.1015,    -0.0634,    -0.1781,    -0.0107,     0.0071
   10.5000,     1.0000,     0.6283,     0.0000,    18.7500,    -1.2912,     0.1033,    -0.0646,    -0.1821,    -0.0109,     0.0073
   10.5000,     1.0000,     0.6283,     0.0000,    19.0000,    -1.3131,     0.1050,    -0.0657,    -0.1861,    -0.0112,     0.0074
   10.5000,     1.0000,     0.6283,     0.0000,    19.2500,    -1.3341,     0.1067,    -0.0667,    -0.1903,    -0.0114,     0.0076
   10.5000,     1.0000,     0.6283,     0.0000,    19.5000,    -1.3541,     0.1083,    -0.0677,    -0.1946,    -0.0117,     0.0078
   10.5000,     1.0000,     0.6283,     0.0000,    19.7500,    -1.3732,     0.1099,    -0.0687,    -0.1992,    -0.0120,     0.0080
   10.5000,     1.0000,     0.6283,     0.0000,    20.0000,    -1.3911,     0.1113,    -0.0696,    -0.2040,    -0.0122,     0.0082
   10.5000,     1.0000,     0.6283,     0.0000,    20.2500,    -1.4078,     0.1126,    -0.0704,    -0.2090,    -0.0125,     0.0084
   10.5000,     1.0000,     0.6283,     0.0000,    20.5000,    -1.4232,     0.1139,    -0.0712,    -0.2143,    -0.0129,     0.0086
   10.5000,     1.0000,     0.6283,     0.0000,    20.7500,    -1.4373,     0.1150,    -0.0719,    -0.2200,    -0.0132,     0.0088
   10.5000,     1.0000,     0.6283,     0.0000,    21.0000,    -1.4498,     0.1160,    -0.0725,    -0.2258,    -0.0135,     0.0090
   10.5000,     1.0000,     0.6283,     0.0000,    21.2500,    -1.4606,     0.1168,    -0.0730,    -0.2320,    -0.0139,     0.0093
   10.5000,     1.0000,     0.6283,     0.0000,    21.5000,    -1.4698,     0.1176,    -0.0735,    -0.2383,    -0.0143,     0.0095
   10.5000,     1.0000,     0.6283,     0.0000,    21.7500,    -1.4771,     0.1182,    -0.0739,    -0.2448,    -0.0147,     0.0098
   10.5000,     1.0000,     0.6283,     0.0000,    22.0000,    -1.4826,     0.1186,    -0.0741,    -0.2513,    -0.0151,     0.0101
   10.5000,     1.0000,     0.6283,     0.0000,    22.2500,    -1.4860,     0.1189,    -0.0743,    -0.2579,    -0.0155,     0.0103
   10.5000,     1.0000,     0.6283,     0.0000,    22.5000,    -1.4874,     0.1190,    -0.0744,    -0.2644,    -0.0159,     0.0106
   10.5000,     1.0000,     0.6283,     0.0000,    22.7500,    -1.4867,     0.1189,    -0.0743,    -0.2708,    -0.0162,     0.0108
   10.5000,     1.0000,     0.6283,     0.0000,    23.0000,    -1.4840,     0.1187,    -0.0742,    -0.2770,    -0.0166,     0.0111
   10.5000,     1.0000,     0.6283,     0.0000,    23.2500,    -1.4793,     0.1183,    -0.0740,    -0.2830,    -0.0170,     0.0113
   10.5000,     1.0000,     0.6283,     0.0000,    23.5000,    -1.4727,     0.1178,    -0.0736,    -0.2889,    -0.0173,     0.0116
   10.5000,     1.0000,     0.6283,     0.0000,    23.7500,    -1.4644,     0.1172,    -0.0732,    -0.2945,    -0.0177,     0.0118
   10.5000,     1.0000,     0.6283,     0.0000,    24.0000,    -1.4545,     0.1164,    -0.0727,    -0.3000,    -0.0180,     0.0120
   10.5000,     1.0000,     0.6283,     0.0000,    24.2500,    -1.4432,     0.1155,    -0.0722,    -0.3053,    -0.0183,     0.0122
   10.5000,     1.0000,     0.6283,     0.0000,    24.5000,    -1.4307,     0.1145,    -0.0715,    -0.3105,    -0.0186,     0.0124
   10.5000,     1.0000,     0.6283,     0.0000,    24.7500,    -1.4172,     0.1134,    -0.0709,    -0.3155,    -0.0189,     0.0126
   10.7500,     1.0000,     0.6137,     0.0000,    -1.0000,     1.0389,    -0.0831,     0.0519,     0.0357,     0.0021,    -0.0014
   10.7500,     1.0000,     0.6137,     0.0000,    -0.7500,     1.0161,    -0.0813,     0.0508,     0.0364,     0.0022,    -0.0015
   10.7500,     1.0000,     0.6137,     0.0000,    -0.5000,     0.9933,    -0.0795,     0.0497,     0.0371,     0.0022,    -0.0015
   10.7500,     1.0000,     0.6137,     0.0000,    -0.2500,     0.9705,    -0.0776,     0.0485,     0.0377,     0.0023,    -0.0015
   10.7500,     1.0000,     0.6137,     0.0000,     0.0000,     0.9479,    -0.0758,     0.0474,     0.0382,     0.0023,    -0.0015
   10.7500,     1.0000,     0.6137,     0.0000,     0.2500,     0.9253,    -0.0740,     0.0463,     0.0387,     0.0023,    -0.0015
   10.7500,     1.0000,     0.6137,     0.0000,     0.5000,     0.9028,    -0.0722,     0.0451,     0.0391,     0.0023,    -0.0016
   10.7500,     1.0000,     0.6137,     0.0000,     0.7500,     0.8803,    -0.0704,     0.0440,     0.0395,     0.0024,    -0.0016
   10.7500,     1.0000,     0.6137,     0.0000,     1.0000,     0.8577,    -0.0686,     0.0429,     0.0398,     0.0024,    -0.0016
   10.7500,     1.0000,     0.6137,     0.0000,     1.2500,     0.8350,    -0.0668,     0.0418,     0.0400,     0.0024,    -0.0016
   10.7500,     1.0000,     0.6137,     0.0000,     1.5000,     0.8120,    -0.0650,     0.0406,     0.0401,     0.0024,    -0.0016
   10.7500,     1.0000,     0.6137,     0.0000,     1.7500,     0.7887,    -0.0631,     0.0394,     0.0401,     0.0024,    -0.0016
   10.7500,     1.0000,     0.6137,     0.0000,     2.0000,     0.7648,    -0.0612,     0.0382,     0.0399,     0.0024,    -0.0016
   10.7500,     1.0000,     0.6137,     0.0000,     2.2500,     0.7405,    -0.0592,     0.0370,     0.0396,     0.0024,    -0.0016
   10.7500,     1.0000,     0.6137,     0.0000,     2.5000,     0.7155,    -0.0572,     0.0358,     0.0392,     0.0024,    -0.0016
   10.7500,     1.0000,     0.6137,     0.0000,     2.7500,     0.6899,    -0.0552,     0.0345,     0.0386,     0.0023,    -0.0015
   10.7500,     1.0000,     0.6137,     0.0000,     3.0000,     0.6637,    -0.0531,     0.0332,     0.0379,     0.0023,    -0.0015
   10.7500,     1.0000,     0.6137,     0.0000,     3.2500,     0.6367,    -0.0509,     0.0318,     0.0370,     0.0022,    -0.0015
   10.7500,     1.0000,     0.6137,     0.0000,     3.5000,     0.6091,    -0.0487,     0.0305,     0.0359,     0.0022,    -0.0014
   10.7500,     1.0000,     0.6137,     0.0000,     3.7500,     0.5807,    -0.0465,     0.0290,     0.0347,     0.0021,    -0.0014
   10.7500,     1.0000,     0.6137,     0.0000,     4.0000,     0.5517,    -0.0441,     0.0276,     0.0333,     0.0020,    -0.0013
   10.7500,     1.0000,     0.6137,     0.0000,     4.2500,     0.5221,    -0.0418,     0.0261,     0.0318,     0.0019,    -0.0013
   10.7500,     1.0000,     0.6137,     0.0000,     4.5000,     0.4919,    -0.0394,     0.0246,     0.0301,     0.0018,    -0.0012
   10.7500,     1.0000,     0.6137,     0.0000,     4.7500,     0.4613,    -0.0369,     0.0231,     0.0283,     0.0017,    -0.0011
   10.7500,     1.0000,     0.6137,     0.0000,     5.0000,     0.4302,    -0.0344,     0.0215,     0.0263,     0.0016,    -0.0011
   10.7500,     1.0000,     0.6137,     0.0000,     5.2500,     0.3987,    -0.0319,     0.0199,     0.0242,     0.0015,    -0.0010
   10.7500,     1.0000,     0.6137,     0.0000,     5.5000,     0.3668,    -0.0293,     0.0183,     0.0220,     0.0013,    -0.0009
   10.7500,     1.0000,     0.6137,     0.0000,     5.7500,     0.3346,    -0.0268,     0.0167,     0.0197,     0.0012,    -0.0008
   10.7500,     1.0000,     0.6137,     0.0000,     6.0000,     0.3021,    -0.0242,     0.0151,     0.0173,     0.0010,    -0.0007
   10.7500,     1.0000,     0.6137,     0.0000,     6.2500,     0.2693,    -0.0215,     0.0135,     0.0147,     0.0009,    -0.0006
   10.7500,     1.0000,     0.6137,     0.0000,     6.5000,     0.2363,    -0.0189,     0.0118,     0.0120,     0.0007,    -0.0005
   10.7500,     1.0000,     0.6137,     0.0000,     6.7500,     0.2030,    -0.0162,     0.0102,     0.0093,     0.0006,    -0.0004
   10.7500,     1.0000,     0.6137,     0.0000,     7.0000,     0.1696,    -0.0136,     0.0085,     0.0064,     0.0004,    -0.0003
   10.7500,     1.0000,     0.6137,     0.0000,     7.2500,     0.1360,    -0.0109,     0.0068,     0.0035,     0.0002,    -0.0001
   10.7500,     1.0000,     0.6137,     0.0000,     7.5000,     0.1022,    -0.0082,     0.0051,     0.0005,     0.0000,    -0.0000
   10.7500,     1.0000,     0.6137,     0.0000,     7.7500,     0.0682,    -0.0055,     0.0034,    -0.0027,    -0.0002,     0.0001
   10.7500,     1.0000,     0.6137,     0.0000,     8.0000,     0.0340,    -0.0027,     0.0017,    -0.0059,    -0.0004,     0.0002
   10.7500,     1.0000,     0.6137,     0.0000,     8.2500,    -0.0004,     0.0000,    -0.0000,    -0.0092,    -0.0006,     0.0004
   10.7500,     1.0000,     0.6137,     0.0000,     8.5000,    -0.0350,     0.0028,    -0.0018,    -0.0125,    -0.0008,     0.0005
   10.7500,     1.0000,     0.6137,     0.0000,     8.7500,    -0.0697,     0.0056,    -0.0035,    -0.0160,    -0.0010,     0.0006
   10.7500,     1.0000,     0.6137,     0.0000,     9.0000,    -0.1046,     0.0084,    -0.0052,    -0.0195,    -0.0012,     0.0008
   10.7500,     1.0000,     0.6137,     0.0000,     9.2500,    -0.1397,     0.0112,    -0.0070,    -0.0231,    -0.0014,     0.0009
   10.7500,     1.0000,     0.6137,     0.0000,     9.5000,    -0.1749,     0.0140,    -0.0087,    -0.0268,    -0.0016,     0.0011
   10.7500,     1.0000,     0.6137,     0.0000,     9.7500,    -0.2103,     0.0168,    -0.0105,    -0.0305,    -0.0018,     0.0012
   10.7500,     1.0000,     0.6137,     0.0000,    10.0000,    -0.2458,     0.0197,    -0.0123,    -0.0343,    -0.0021,     0.0014
   10.7500,     1.0000,     0.6137,     0.0000,    10.2500,    -0.2815,     0.0225,    -0.0141,    -0.0382,    -0.0023,     0.0015
   10.7500,     1.0000,     0.6137,     0.0000,    10.5000,    -0.3172,     0.0254,    -0.0159,    -0.0422,    -0.0025,     0.0017
   10.7500,     1.0000,     0.6137,     0.0000,    10.7500,    -0.3531,     0.0282,    -0.0177,    -0.0462,    -0.0028,     0.0018
   10.7500,     1.0000,     0.6137,     0.0000,    11.0000,    -0.3890,     0.0311,    -0.0195,    -0.0504,    -0.0030,     0.0020
   10.7500,     1.0000,     0.6137,     0.0000,    11.2500,    -0.4250,     0.0340,    -0.0213,    -0.0546,    -0.0033,     0.0022
   10.7500,     1.0000,     0.6137,     0.0000,    11.5000,    -0.4611,     0.0369,    -0.0231,    -0.0588,    -0.0035,     0.0024
   10.7500,     1.0000,     0.6137,     0.0000,    11.7500,    -0.4971,     0.0398,    -0.0249,    -0.0632,    -0.0038,     0.0025
   10.7500,     1.0000,     0.6137,     0.0000,    12.0000,    -0.5331,     0.0426,    -0.0267,    -0.0676,    -0.0041,     0.0027
   10.7500,     1.0000,     0.6137,     0.0000,    12.2500,    -0.5691,     0.0455,    -0.0285,    -0.0721,    -0.0043,     0.0029
   10.7500,     1.0000,     0.6137,     0.0000,    12.5000,    -0.6049,     0.0484,    -0.0302,    -0.0766,    -0.0046,     0.0031
   10.7500,     1.0000,     0.6137,     0.0000,    12.7500,    -0.6406,     0.0512,    -0.0320,    -0.0812,    -0.0049,     0.0032
   10.7500,     1.0000,     0.6137,     0.0000,    13.0000,    -0.6761,     0.0541,    -0.0338,    -0.0859,    -0.0052,     0.0034
   10.7500,     1.0000,     0.6137,     0.0000,    13.2500,    -0.7114,     0.0569,    -0.0356,    -0.0906,    -0.0054,     0.0036
   10.7500,     1.0000,     0.6137,     0.0000,    13.5000,    -0.7463,     0.0597,    -0.0373,    -0.0954,    -0.0057,     0.0038
   10.7500,     1.0000,     0.6137,     0.0000,    13.7500,    -0.7810,     0.0625,    -0.0391,    -0.1002,    -0.0060,     0.0040
   10.7500,     1.0000,     0.6137,     0.0000,    14.0000,    -0.8152,     0.0652,    -0.0408,    -0.1050,    -0.0063,     0.0042
   10.7500,     1.0000,     0.6137,     0.0000,    14.2500,    -0.8491,     0.0679,    -0.0425,    -0.1099,    -0.0066,     0.0044
   10.7500,     1.0000,     0.6137,     0.0000,    14.5000,    -0.8825,     0.0706,    -0.0441,    -0.1148,    -0.0069,     0.0046
   10.7500,     1.0000,     0.6137,     0.0000,    14.7500,    -0.9155,     0.0732,    -0.0458,    -0.1197,    -0.0072,     0.0048
   10.7500,     1.0000,     0.6137,     0.0000,    15.0000,    -0.9479,     0.0758,    -0.0474,    -0.1246,    -0.0075,     0.0050
   10.7500,     1.0000,     0.6137,     0.0000,    15.2500,    -0.9799,     0.0784,    -0.0490,    -0.1294,    -0.0078,     0.0052
   10.7500,     1.0000,     0.6137,     0.0000,    15.5000,    -1.0113,     0.0809,    -0.0506,    -0.1343,    -0.0081,     0.0054
   10.7500,     1.0000,     0.6137,     0.0000,    15.7500,    -1.0422,     0.0834,    -0.0521,    -0.1391,    -0.0083,     0.0056
   10.7500,     1.0000,     0.6137,     0.0000,    16.0000,    -1.0725,     0.0858,    -0.0536,    -0.1439,    -0.0086,     0.0058
   10.7500,     1.0000,     0.6137,     0.0000,    16.2500,    -1.1023,     0.0882,    -0.0551,    -0.1485,    -0.0089,     0.0059
   10.7500,     1.0000,     0.6137,     0.0000,    16.5000,    -1.1316,     0.0905,    -0.0566,    -0.1531,    -0.0092,     0.0061
   10.7500,     1.0000,     0.6137,     0.0000,    16.7500,    -1.1602,     0.0928,    -0.0580,    -0.1576,    -0.0095,     0.0063
   10.7500,     1.0000,     0.6137,     0.0000,    17.0000,    -1.1883,     0.0951,    -0.0594,    -0.1620,    -0.0097,     0.0065
   10.7500,     1.0000,     0.6137,     0.0000,    17.2500,    -1.2158,     0.0973,    -0.0608,    -0.1662,    -0.0100,     0.0066
   10.7500,     1.0000,     0.6137,     0.0000,    17.5000,    -1.2427,     0.0994,    -0.0621,    -0.1704,    -0.0102,     0.0068
   10.7500,     1.0000,     0.6137,     0.0000,    17.7500,    -1.2689,     0.1015,    -0.0634,    -0.1745,    -0.0105,     0.0070
   10.7500,     1.0000,     0.6137,     0.0000,    18.0000,    -1.2944,     0.1036,    -0.0647,    -0.1785,    -0.0107,     0.0071
   10.7500,     1.0000,     0.6137,     0.0000,    18.2500,    -1.3193,     0.1055,    -0.0660,    -0.1826,    -0.0110,     0.0073
   10.7500,     1.0000,     0.6137,     0.0000,    18.5000,    -1.3433,     0.1075,    -0.0672,    -0.1866,    -0.0112,     0.0075
   10.7500,     1.0000,     0.6137,     0.0000,    18.7500,    -1.3666,     0.1093,    -0.0683,    -0.1908,    -0.0114,     0.0076
   10.7500,     1.0000,     0.6137,     0.0000,    19.0000,    -1.3889,     0.1111,    -0.0694,    -0.1951,    -0.0117,     0.0078
   10.7500,     1.0000,     0.6137,     0.0000,    19.2500,    -1.4103,     0.1128,    -0.0705,    -0.1995,    -0.0120,     0.0080
   10.7500,     1.0000,     0.6137,     0.0000,    19.5000,    -1.4307,     0.1145,    -0.0715,    -0.2041,    -0.0122,     0.0082
   10.7500,     1.0000,     0.6137,     0.0000,    19.7500,    -1.4499,     0.1160,    -0.0725,    -0.2089,    -0.0125,     0.0084
   10.7500,     1.0000,     0.6137,     0.0000,    20.0000,    -1.4680,     0.1174,    -0.0734,    -0.2141,    -0.0128,     0.0086
   10.7500,     1.0000,     0.6137,     0.0000,    20.2500,    -1.4847,     0.1188,    -0.0742,    -0.2195,    -0.0132,     0.0088
   10.7500,     1.0000,     0.6137,     0.0000,    20.5000,    -1.5000,     0.1200,    -0.0750,    -0.2252,    -0.0135,     0.0090
   10.7500,     1.0000,     0.6137,     0.0000,    20.7500,    -1.5138,     0.1211,    -0.0757,    -0.2312,    -0.0139,     0.0092
   10.7500,     1.0000,     0.6137,     0.0000,    21.0000,    -1.5259,     0.1221,    -0.0763,    -0.2374,    -0.0142,     0.0095
   10.7500,     1.0000,     0.6137,     0.0000,    21.2500,    -1.5363,     0.1229,    -0.0768,    -0.2439,    -0.0146,     0.0098
   10.7500,     1.0000,     0.6137,     0.0000,    21.5000,    -1.5449,     0.1236,    -0.0772,    -0.2506,    -0.0150,     0.0100
   10.7500,     1.0000,     0.6137,     0.0000,    21.7500,    -1.5515,     0.1241,    -0.0776,    -0.2574,    -0.0154,     0.0103
   10.7500,     1.0000,     0.6137,     0.0000,    22.0000,    -1.5560,     0.1245,    -0.0778,    -0.2643,    -0.0159,     0.0106
   10.7500,     1.0000,     0.6137,     0.0000,    22.2500,    -1.5585,     0.1247,    -0.0779,    -0.2711,    -0.0163,     0.0108
   10.7500,     1.0000,     0.6137,     0.0000,    22.5000,    -1.5588,     0.1247,    -0.0779,    -0.2779,    -0.0167,     0.0111
   10.7500,     1.0000,     0.6137,     0.0000,    22.7500,    -1.5569,     0.1246,    -0.0778,    -0.2845,    -0.0171,     0.0114
   10.7500,     1.0000,     0.6137,     0.0000,    23.0000,    -1.5529,     0.1242,    -0.0776,    -0.2909,    -0.0175,     0.0116
   10.7500,     1.0000,     0.6137,     0.0000,    23.2500,    -1.5469,     0.1238,    -0.0773,    -0.2971,    -0.0178,     0.0119
   10.7500,     1.0000,     0.6137,     0.0000,    23.5000,    -1.5390,     0.1231,    -0.0770,    -0.3031,    -0.0182,     0.0121
   10.7500,     1.0000,     0.6137,     0.0000,    23.7500,    -1.5294,     0.1224,    -0.0765,    -0.3090,    -0.0185,     0.0124
   10.7500,     1.0000,     0.6137,     0.0000,    24.0000,    -1.5181,     0.1214,    -0.0759,    -0.3146,    -0.0189,     0.0126
   10.7500,     1.0000,     0.6137,     0.0000,    24.2500,    -1.5056,     0.1204,    -0.0753,    -0.3201,    -0.0192,     0.0128
   10.7500,     1.0000,     0.6137,     0.0000,    24.5000,    -1.4919,     0.1194,    -0.0746,    -0.3254,    -0.0195,     0.0130
   10.7500,     1.0000,     0.6137,     0.0000,    24.7500,    -1.4773,     0.1182,    -0.0739,    -0.3307,    -0.0198,     0.0132
   11.0000,     1.0000,     0.5998,     0.0000,    -1.0000,     1.0539,    -0.0843,     0.0527,     0.0340,     0.0020,    -0.0014
   11.0000,     1.0000,     0.5998,     0.0000,    -0.7500,     1.0301,    -0.0824,     0.0515,     0.0348,     0.0021,    -0.0014
   11.0000,     1.0000,     0.5998,     0.0000,    -0.5000,     1.0062,    -0.0805,     0.0503,     0.0355,     0.0021,    -0.0014
   11.0000,     1.0000,     0.5998,     0.0000,    -0.2500,     0.9824,    -0.0786,     0.0491,     0.0361,     0.0022,    -0.0014
   11.0000,     1.0000,     0.5998,     0.0000,     0.0000,     0.9587,    -0.0767,     0.0479,     0.0367,     0.0022,    -0.0015
   11.0000,     1.0000,     0.5998,     0.0000,     0.2500,     0.9351,    -0.0748,     0.0468,     0.0372,     0.0022,    -0.0015
   11.0000,     1.0000,     0.5998,     0.0000,     0.5000,     0.9116,    -0.0729,     0.0456,     0.0376,     0.0023,    -0.0015
   11.0000,     1.0000,     0.5998,     0.0000,     0.7500,     0.8881,    -0.0710,     0.0444,     0.0380,     0.0023,    -0.0015
   11.0000,     1.0000,     0.5998,     0.0000,     1.0000,     0.8647,    -0.0692,     0.0432,     0.0383,     0.0023,    -0.0015
   11.0000,     1.0000,     0.5998,     0.0000,     1.2500,     0.8411,    -0.0673,     0.0421,     0.0385,     0.0023,    -0.0015
   11.0000,     1.0000,     0.5998,     0.0000,     1.5000,     0.8173,    -0.0654,     0.0409,     0.0386,     0.0023,    -0.0015
   11.0000,     1.0000,     0.5998,     0.0000,     1.7500,     0.7931,    -0.0634,     0.0397,     0.0386,     0.0023,    -0.0015
   11.0000,     1.0000,     0.5998,     0.0000,     2.0000,     0.7685,    -0.0615,     0.0384,     0.0385,     0.0023,    -0.0015
   11.0000,     1.0000,     0.5998,     0.0000,     2.2500,     0.7433,    -0.0595,     0.0372,     0.0382,     0.0023,    -0.0015
   11.0000,     1.0000,     0.5998,     0.0000,     2.5000,     0.7175,    -0.0574,     0.0359,     0.0378,     0.0023,    -0.0015
   11.0000,     1.0000,     0.5998,     0.0000,     2.7500,     0.6911,    -0.0553,     0.0346,     0.0372,     0.0022,    -0.0015
   11.0000,     1.0000,     0.5998,     0.0000,     3.0000,     0.6639,    -0.0531,     0.0332,     0.0364,     0.0022,    -0.0015
   11.0000,     1.0000,     0.5998,     0.0000,     3.2500,     0.6361,    -0.0509,     0.0318,     0.0355,     0.0021,    -0.0014
   11.0000,     1.0000,     0.5998,     0.0000,     3.5000,     0.6074,    -0.0486,     0.0304,     0.0344,     0.0021,    -0.0014
   11.0000,     1.0000,     0.5998,     0.0000,     3.7500,     0.5781,    -0.0462,     0.0289,     0.0332,     0.0020,    -0.0013
   11.0000,     1.0000,     0.5998,     0.0000,     4.0000,     0.5479,    -0.0438,     0.0274,     0.0318,     0.0019,    -0.0013
   11.0000,     1.0000,     0.5998,     0.0000,     4.2500,     0.5172,    -0.0414,     0.0259,     0.0302,     0.0018,    -0.0012
   11.0000,     1.0000,     0.5998,     0.0000,     4.5000,     0.4858,    -0.0389,     0.0243,     0.0285,     0.0017,    -0.0011
   11.0000,     1.0000,     0.5998,     0.0000,     4.7500,     0.4540,    -0.0363,     0.0227,     0.0266,     0.0016,    -0.0011
   11.0000,     1.0000,     0.5998,     0.0000,     5.0000,     0.4216,    -0.0337,     0.0211,     0.0246,     0.0015,    -0.0010
   11.0000,     1.0000,     0.5998,     0.0000,     5.2500,     0.3888,    -0.0311,     0.0194,     0.0224,     0.0013,    -0.0009
   11.0000,     1.0000,     0.5998,     0.0000,     5.5000,     0.3556,    -0.0284,     0.0178,     0.0201,     0.0012,    -0.0008
   11.0000,     1.0000,     0.5998,     0.0000,     5.7500,     0.3221,    -0.0258,     0.0161,     0.0177,     0.0011,    -0.0007
   11.0000,     1.0000,     0.5998,     0.0000,     6.0000,     0.2882,    -0.0231,     0.0144,     0.0152,     0.0009,    -0.0006
   11.0000,     1.0000,     0.5998,     0.0000,     6.2500,     0.2540,    -0.0203,     0.0127,     0.0126,     0.0008,    -0.0005
   11.0000,     1.0000,     0.5998,     0.0000,     6.5000,     0.2196,    -0.0176,     0.0110,     0.0098,     0.0006,    -0.0004
   11.0000,     1.0000,     0.5998,     0.0000,     6.7500,     0.1850,    -0.0148,     0.0092,     0.0070,     0.0004,    -0.0003
   11.0000,     1.0000,     0.5998,     0.0000,     7.0000,     0.1501,    -0.0120,     0.0075,     0.0040,     0.0002,    -0.0002
   11.0000,     1.0000,     0.5998,     0.0000,     7.2500,     0.1151,    -0.0092,     0.0058,     0.0010,     0.0001,    -0.0000
   11.0000,     1.0000,     0.5998,     0.0000,     7.5000,     0.0799,    -0.0064,     0.0040,    -0.0022,    -0.0001,     0.0001
   11.0000,     1.0000,     0.5998,     0.0000,     7.7500,     0.0444,    -0.0036,     0.0022,    -0.0054,    -0.0003,     0.0002
   11.0000,     1.0000,     0.5998,     0.0000,     8.0000,     0.0087,    -0.0007,     0.0004,    -0.0087,    -0.0005,     0.0003
   11.0000,     1.0000,     0.5998,     0.0000,     8.2500,    -0.0271,     0.0022,    -0.0014,    -0.0121,    -0.0007,     0.0005
   11.0000,     1.0000,     0.5998,     0.0000,     8.5000,    -0.0632,     0.0051,    -0.0032,    -0.0156,    -0.0009,     0.0006
   11.0000,     1.0000,     0.5998,     0.0000,     8.7500,    -0.0995,     0.0080,    -0.0050,    -0.0192,    -0.0012,     0.0008
   11.0000,     1.0000,     0.5998,     0.0000,     9.0000,    -0.1359,     0.0109,    -0.0068,    -0.0228,    -0.0014,     0.0009
   11.0000,     1.0000,     0.5998,     0.0000,     9.2500,    -0.1725,     0.0138,    -0.0086,    -0.0265,    -0.0016,     0.0011
   11.0000,     1.0000,     0.5998,     0.0000,     9.5000,    -0.2093,     0.0167,    -0.0105,    -0.0303,    -0.0018,     0.0012
   11.0000,     1.0000,     0.5998,     0.0000,     9.7500,    -0.2462,     0.0197,    -0.0123,    -0.0342,    -0.0021,     0.0014
   11.0000,     1.0000,     0.5998,     0.0000,    10.0000,    -0.2832,     0.0227,    -0.0142,    -0.0382,    -0.0023,     0.0015
   11.0000,     1.0000,     0.5998,     0.0000,    10.2500,    -0.3204,     0.0256,    -0.0160,    -0.0422,    -0.0025,     0.0017
   11.0000,     1.0000,     0.5998,     0.0000,    10.5000,    -0.3577,     0.0286,    -0.0179,    -0.0463,    -0.0028,     0.0019
   11.0000,     1.0000,     0.5998,     0.0000,    10.7500,    -0.3952,     0.0316,    -0.0198,    -0.0505,    -0.0030,     0.0020
   11.0000,     1.0000,     0.5998,     0.0000,    11.0000,    -0.4326,     0.0346,    -0.0216,    -0.0548,    -0.0033,     0.0022
   11.0000,     1.0000,     0.5998,     0.0000,    11.2500,    -0.4702,     0.0376,    -0.0235,    -0.0592,    -0.0036,     0.0024
   11.0000,     1.0000,     0.5998,     0.0000,    11.5000,    -0.5078,     0.0406,    -0.0254,    -0.0636,    -0.0038,     0.0025
   11.0000,     1.0000,     0.5998,     0.0000,    11.7500,    -0.5453,     0.0436,    -0.0273,    -0.0681,    -0.0041,     0.0027
   11.0000,     1.0000,     0.5998,     0.0000,    12.0000,    -0.5828,     0.0466,    -0.0291,    -0.0727,    -0.0044,     0.0029
   11.0000,     1.0000,     0.5998,     0.0000,    12.2500,    -0.6202,     0.0496,    -0.0310,    -0.0774,    -0.0046,     0.0031
   11.0000,     1.0000,     0.5998,     0.0000,    12.5000,    -0.6574,     0.0526,    -0.0329,    -0.0821,    -0.0049,     0.0033
   11.0000,     1.0000,     0.5998,     0.0000,    12.7500,    -0.6945,     0.0556,    -0.0347,    -0.0869,    -0.0052,     0.0035
   11.0000,     1.0000,     0.5998,     0.0000,    13.0000,    -0.7313,     0.0585,    -0.0366,    -0.0917,    -0.0055,     0.0037
   11.0000,     1.0000,     0.5998,     0.0000,    13.2500,    -0.7679,     0.0614,    -0.0384,    -0.0966,    -0.0058,     0.0039
   11.0000,     1.0000,     0.5998,     0.0000,    13.5000,    -0.8041,     0.0643,    -0.0402,    -0.1015,    -0.0061,     0.0041
   11.0000,     1.0000,     0.5998,     0.0000,    13.7500,    -0.8400,     0.0672,    -0.0420,    -0.1065,    -0.0064,     0.0043
   11.0000,     1.0000,     0.5998,     0.0000,    14.0000,    -0.8754,     0.0700,    -0.0438,    -0.1115,    -0.0067,     0.0045
   11.0000,     1.0000,     0.5998,     0.0000,    14.2500,    -0.9104,     0.0728,    -0.0455,    -0.1165,    -0.0070,     0.0047
   11.0000,     1.0000,     0.5998,     0.0000,    14.5000,    -0.9449,     0.0756,    -0.0472,    -0.1215,    -0.0073,     0.0049
   11.0000,     1.0000,     0.5998,     0.0000,    14.7500,    -0.9790,     0.0783,    -0.0490,    -0.1266,    -0.0076,     0.0051
   11.0000,     1.0000,     0.5998,     0.0000,    15.0000,    -1.0125,     0.0810,    -0.0506,    -0.1316,    -0.0079,     0.0053
   11.0000,     1.0000,     0.5998,     0.0000,    15.2500,    -1.0455,     0.0836,    -0.0523,    -0.1367,    -0.0082,     0.0055
   11.0000,     1.0000,     0.5998,     0.0000,    15.5000,    -1.0779,     0.0862,    -0.0539,    -0.1417,    -0.0085,     0.0057
   11.0000,     1.0000,     0.5998,     0.0000,    15.7500,    -1.1098,     0.0888,    -0.0555,    -0.1466,    -0.0088,     0.0059
   11.0000,     1.0000,     0.5998,     0.0000,    16.0000,    -1.1411,     0.0913,    -0.0571,    -0.1515,    -0.0091,     0.0061
   11.0000,     1.0000,     0.5998,     0.0000,    16.2500,    -1.1718,     0.0937,    -0.0586,    -0.1563,    -0.0094,     0.0063
   11.0000,     1.0000,     0.5998,     0.0000,    16.5000,    -1.2019,     0.0962,    -0.0601,    -0.1610,    -0.0097,     0.0064
   11.0000,     1.0000,     0.5998,     0.0000,    16.7500,    -1.2315,     0.0985,    -0.0616,    -0.1655,    -0.0099,     0.0066
   11.0000,     1.0000,     0.5998,     0.0000,    17.0000,    -1.2605,     0.1008,    -0.0630,    -0.1700,    -0.0102,     0.0068
   11.0000,     1.0000,     0.5998,     0.0000,    17.2500,    -1.2888,     0.1031,    -0.0644,    -0.1743,    -0.0105,     0.0070
   11.0000,     1.0000,     0.5998,     0.0000,    17.5000,    -1.3164,     0.1053,    -0.0658,    -0.1786,    -0.0107,     0.0071
   11.0000,     1.0000,     0.5998,     0.0000,    17.7500,    -1.3434,     0.1075,    -0.0672,    -0.1828,    -0.0110,     0.0073
   11.0000,     1.0000,     0.5998,     0.0000,    18.0000,    -1.3697,     0.1096,    -0.0685,    -0.1869,    -0.0112,     0.0075
   11.0000,     1.0000,     0.5998,     0.0000,    18.2500,    -1.3952,     0.1116,    -0.0698,    -0.1911,    -0.0115,     0.0076
   11.0000,     1.0000,     0.5998,     0.0000,    18.5000,    -1.4198,     0.1136,    -0.0710,    -0.1953,    -0.0117,     0.0078
   11.0000,     1.0000,     0.5998,     0.0000,    18.7500,    -1.4436,     0.1155,    -0.0722,    -0.1997,    -0.0120,     0.0080
   11.0000,     1.0000,     0.5998,     0.0000,    19.0000,    -1.4664,     0.1173,    -0.0733,    -0.2042,    -0.0123,     0.0082
   11.0000,     1.0000,     0.5998,     0.0000,    19.2500,    -1.4881,     0.1190,    -0.0744,    -0.2089,    -0.0125,     0.0084
   11.0000,     1.0000,     0.5998,     0.0000,    19.5000,    -1.5088,     0.1207,    -0.0754,    -0.2138,    -0.0128,     0.0086
   11.0000,     1.0000,     0.5998,     0.0000,    19.7500,    -1.5282,     0.1223,    -0.0764,    -0.2190,    -0.0131,     0.0088
   11.0000,     1.0000,     0.5998,     0.0000,    20.0000,    -1.5463,     0.1237,    -0.0773,    -0.2244,    -0.0135,     0.0090
   11.0000,     1.0000,     0.5998,     0.0000,    20.2500,    -1.5630,     0.1250,    -0.0781,    -0.2302,    -0.0138,     0.0092
   11.0000,     1.0000,     0.5998,     0.0000,    20.5000,    -1.5781,     0.1262,    -0.0789,    -0.2363,    -0.0142,     0.0095
   11.0000,     1.0000,     0.5998,     0.0000,    20.7500,    -1.5917,     0.1273,    -0.0796,    -0.2427,    -0.0146,     0.0097
   11.0000,     1.0000,     0.5998,     0.0000,    21.0000,    -1.6034,     0.1283,    -0.0802,    -0.2493,    -0.0150,     0.0100
   11.0000,     1.0000,     0.5998,     0.0000,    21.2500,    -1.6133,     0.1291,    -0.0807,    -0.2562,    -0.0154,     0.0102
   11.0000,     1.0000,     0.5998,     0.0000,    21.5000,    -1.6212,     0.1297,    -0.0811,    -0.2632,    -0.0158,     0.0105
   11.0000,     1.0000,     0.5998,     0.0000,    21.7500,    -1.6270,     0.1302,    -0.0814,    -0.2704,    -0.0162,     0.0108
   11.0000,     1.0000,     0.5998,     0.0000,    22.0000,    -1.6307,     0.1305,    -0.0815,    -0.2775,    -0.0167,     0.0111
   11.0000,     1.0000,     0.5998,     0.0000,    22.2500,    -1.6321,     0.1306,    -0.0816,    -0.2846,    -0.0171,     0.0114
   11.0000,     1.0000,     0.5998,     0.0000,    22.5000,    -1.6312,     0.1305,    -0.0816,    -0.2916,    -0.0175,     0.0117
   11.0000,     1.0000,     0.5998,     0.0000,    22.7500,    -1.6281,     0.1302,    -0.0814,    -0.2985,    -0.0179,     0.0119
   11.0000,     1.0000,     0.5998,     0.0000,    23.0000,    -1.6229,     0.1298,    -0.0811,    -0.3051,    -0.0183,     0.0122
   11.0000,     1.0000,     0.5998,     0.0000,    23.2500,    -1.6155,     0.1292,    -0.0808,    -0.3115,    -0.0187,     0.0125
   11.0000,     1.0000,     0.5998,     0.0000,    23.5000,    -1.6063,     0.1285,    -0.0803,    -0.3177,    -0.0191,     0.0127
   11.0000,     1.0000,     0.5998,     0.0000,    23.7500,    -1.5953,     0.1276,    -0.0798,    -0.3237,    -0.0194,     0.0129
   11.0000,     1.0000,     0.5998,     0.0000,    24.0000,    -1.5827,     0.1266,    -0.0791,    -0.3295,    -0.0198,     0.0132
   11.0000,     1.0000,     0.5998,     0.0000,    24.2500,    -1.5689,     0.1255,    -0.0784,    -0.3352,    -0.0201,     0.0134
   11.0000,     1.0000,     0.5998,     0.0000,    24.5000,    -1.5540,     0.1243,    -0.0777,    -0.3408,    -0.0204,     0.0136
   11.0000,     1.0000,     0.5998,     0.0000,    24.7500,    -1.5383,     0.1231,    -0.0769,    -0.3462,    -0.0208,     0.0138
   11.2500,     1.0000,     0.5864,     0.0000,    -1.0000,     1.0688,    -0.0855,     0.0534,     0.0324,     0.0019,    -0.0013
   11.2500,     1.0000,     0.5864,     0.0000,    -0.7500,     1.0439,    -0.0835,     0.0522,     0.0332,     0.0020,    -0.0013
   11.2500,     1.0000,     0.5864,     0.0000,    -0.5000,     1.0190,    -0.0815,     0.0509,     0.0339,     0.0020,    -0.0014
   11.2500,     1.0000,     0.5864,     0.0000,    -0.2500,     0.9942,    -0.0795,     0.0497,     0.0345,     0.0021,    -0.0014
   11.2500,     1.0000,     0.5864,     0.0000,     0.0000,     0.9694,    -0.0776,     0.0485,     0.0351,     0.0021,    -0.0014
   11.2500,     1.0000,     0.5864,     0.0000,     0.2500,     0.9448,    -0.0756,     0.0472,     0.0356,     0.0021,    -0.0014
   11.2500,     1.0000,     0.5864,     0.0000,     0.5000,     0.9203,    -0.0736,     0.0460,     0.0361,     0.0022,    -0.0014
   11.2500,     1.0000,     0.5864,     0.0000,     0.7500,     0.8958,    -0.0717,     0.0448,     0.0365,     0.0022,    -0.0015
   11.2500,     1.0000,     0.5864,     0.0000,     1.0000,     0.8714,    -0.0697,     0.0436,     0.0368,     0.0022,    -0.0015
   11.2500,     1.0000,     0.5864,     0.0000,     1.2500,     0.8469,    -0.0678,     0.0423,     0.0370,     0.0022,    -0.0015
   11.2500,     1.0000,     0.5864,     0.0000,     1.5000,     0.8222,    -0.0658,     0.0411,     0.0371,     0.0022,    -0.0015
   11.2500,     1.0000,     0.5864,     0.0000,     1.7500,     0.7972,    -0.0638,     0.0399,     0.0371,     0.0022,    -0.0015
   11.2500,     1.0000,     0.5864,     0.0000,     2.0000,     0.7717,    -0.0617,     0.0386,     0.0370,     0.0022,    -0.0015
   11.2500,     1.0000,     0.5864,     0.0000,     2.2500,     0.7457,    -0.0597,     0.0373,     0.0367,     0.0022,    -0.0015
   11.2500,     1.0000,     0.5864,     0.0000,     2.5000,     0.7190,    -0.0575,     0.0360,     0.0363,     0.0022,    -0.0015
   11.2500,     1.0000,     0.5864,     0.0000,     2.7500,     0.6918,    -0.0553,     0.0346,     0.0357,     0.0021,    -0.0014
   11.2500,     1.0000,     0.5864,     0.0000,     3.0000,     0.6637,    -0.0531,     0.0332,     0.0350,     0.0021,    -0.0014
   11.2500,     1.0000,     0.5864,     0.0000,     3.2500,     0.6349,    -0.0508,     0.0317,     0.0341,     0.0020,    -0.0014
   11.2500,     1.0000,     0.5864,     0.0000,     3.5000,     0.6053,    -0.0484,     0.0303,     0.0330,     0.0020,    -0.0013
   11.2500,     1.0000,     0.5864,     0.0000,     3.7500,     0.5749,    -0.0460,     0.0287,     0.0317,     0.0019,    -0.0013
   11.2500,     1.0000,     0.5864,     0.0000,     4.0000,     0.5437,    -0.0435,     0.0272,     0.0302,     0.0018,    -0.0012
   11.2500,     1.0000,     0.5864,     0.0000,     4.2500,     0.5118,    -0.0409,     0.0256,     0.0286,     0.0017,    -0.0011
   11.2500,     1.0000,     0.5864,     0.0000,     4.5000,     0.4792,    -0.0383,     0.0240,     0.0268,     0.0016,    -0.0011
   11.2500,     1.0000,     0.5864,     0.0000,     4.7500,     0.4461,    -0.0357,     0.0223,     0.0249,     0.0015,    -0.0010
   11.2500,     1.0000,     0.5864,     0.0000,     5.0000,     0.4125,    -0.0330,     0.0206,     0.0228,     0.0014,    -0.0009
   11.2500,     1.0000,     0.5864,     0.0000,     5.2500,     0.3784,    -0.0303,     0.0189,     0.0206,     0.0012,    -0.0008
   11.2500,     1.0000,     0.5864,     0.0000,     5.5000,     0.3438,    -0.0275,     0.0172,     0.0182,     0.0011,    -0.0007
   11.2500,     1.0000,     0.5864,     0.0000,     5.7500,     0.3089,    -0.0247,     0.0154,     0.0157,     0.0009,    -0.0006
   11.2500,     1.0000,     0.5864,     0.0000,     6.0000,     0.2736,    -0.0219,     0.0137,     0.0131,     0.0008,    -0.0005
   11.2500,     1.0000,     0.5864,     0.0000,     6.2500,     0.2381,    -0.0190,     0.0119,     0.0104,     0.0006,    -0.0004
   11.2500,     1.0000,     0.5864,     0.0000,     6.5000,     0.2022,    -0.0162,     0.0101,     0.0076,     0.0005,    -0.0003
   11.2500,     1.0000,     0.5864,     0.0000,     6.7500,     0.1662,    -0.0133,     0.0083,     0.0046,     0.0003,    -0.0002
   11.2500,     1.0000,     0.5864,     0.0000,     7.0000,     0.1299,    -0.0104,     0.0065,     0.0016,     0.0001,    -0.0001
   11.2500,     1.0000,     0.5864,     0.0000,     7.2500,     0.0934,    -0.0075,     0.0047,    -0.0016,    -0.0001,     0.0001
   11.2500,     1.0000,     0.5864,     0.0000,     7.5000,     0.0567,    -0.0045,     0.0028,    -0.0048,    -0.0003,     0.0002
   11.2500,     1.0000,     0.5864,     0.0000,     7.7500,     0.0198,    -0.0016,     0.0010,    -0.0082,    -0.0005,     0.0003
   11.2500,     1.0000,     0.5864,     0.0000,     8.0000,    -0.0174,     0.0014,    -0.0009,    -0.0116,    -0.0007,     0.0005
   11.2500,     1.0000,     0.5864,     0.0000,     8.2500,    -0.0548,     0.0044,    -0.0027,    -0.0151,    -0.0009,     0.0006
   11.2500,     1.0000,     0.5864,     0.0000,     8.5000,    -0.0924,     0.0074,    -0.0046,    -0.0187,    -0.0011,     0.0007
   11.2500,     1.0000,     0.5864,     0.0000,     8.7500,    -0.1302,     0.0104,    -0.0065,    -0.0224,    -0.0013,     0.0009
   11.2500,     1.0000,     0.5864,     0.0000,     9.0000,    -0.1682,     0.0135,    -0.0084,    -0.0262,    -0.0016,     0.0010
   11.2500,     1.0000,     0.5864,     0.0000,     9.2500,    -0.2064,     0.0165,    -0.0103,    -0.0300,    -0.0018,     0.0012
   11.2500,     1.0000,     0.5864,     0.0000,     9.5000,    -0.2447,     0.0196,    -0.0122,    -0.0340,    -0.0020,     0.0014
   11.2500,     1.0000,     0.5864,     0.0000,     9.7500,    -0.2832,     0.0227,    -0.0142,    -0.0380,    -0.0023,     0.0015
   11.2500,     1.0000,     0.5864,     0.0000,    10.0000,    -0.3218,     0.0257,    -0.0161,    -0.0421,    -0.0025,     0.0017
   11.2500,     1.0000,     0.5864,     0.0000,    10.2500,    -0.3606,     0.0288,    -0.0180,    -0.0463,    -0.0028,     0.0019
   11.2500,     1.0000,     0.5864,     0.0000,    10.5000,    -0.3995,     0.0320,    -0.0200,    -0.0506,    -0.0030,     0.0020
   11.2500,     1.0000,     0.5864,     0.0000,    10.7500,    -0.4385,     0.0351,    -0.0219,    -0.0549,    -0.0033,     0.0022
   11.2500,     1.0000,     0.5864,     0.0000,    11.0000,    -0.4775,     0.0382,    -0.0239,    -0.0594,    -0.0036,     0.0024
   11.2500,     1.0000,     0.5864,     0.0000,    11.2500,    -0.5166,     0.0413,    -0.0258,    -0.0639,    -0.0038,     0.0026
   11.2500,     1.0000,     0.5864,     0.0000,    11.5000,    -0.5557,     0.0445,    -0.0278,    -0.0685,    -0.0041,     0.0027
   11.2500,     1.0000,     0.5864,     0.0000,    11.7500,    -0.5948,     0.0476,    -0.0297,    -0.0732,    -0.0044,     0.0029
   11.2500,     1.0000,     0.5864,     0.0000,    12.0000,    -0.6338,     0.0507,    -0.0317,    -0.0779,    -0.0047,     0.0031
   11.2500,     1.0000,     0.5864,     0.0000,    12.2500,    -0.6726,     0.0538,    -0.0336,    -0.0827,    -0.0050,     0.0033
   11.2500,     1.0000,     0.5864,     0.0000,    12.5000,    -0.7113,     0.0569,    -0.0356,    -0.0876,    -0.0053,     0.0035
   11.2500,     1.0000,     0.5864,     0.0000,    12.7500,    -0.7497,     0.0600,    -0.0375,    -0.0925,    -0.0055,     0.0037
   11.2500,     1.0000,     0.5864,     0.0000,    13.0000,    -0.7879,     0.0630,    -0.0394,    -0.0975,    -0.0059,     0.0039
   11.2500,     1.0000,     0.5864,     0.0000,    13.2500,    -0.8258,     0.0661,    -0.0413,    -0.1026,    -0.0062,     0.0041
   11.2500,     1.0000,     0.5864,     0.0000,    13.5000,    -0.8632,     0.0691,    -0.0432,    -0.1077,    -0.0065,     0.0043
   11.2500,     1.0000,     0.5864,     0.0000,    13.7500,    -0.9003,     0.0720,    -0.0450,    -0.1128,    -0.0068,     0.0045
   11.2500,     1.0000,     0.5864,     0.0000,    14.0000,    -0.9370,     0.0750,    -0.0469,    -0.1180,    -0.0071,     0.0047
   11.2500,     1.0000,     0.5864,     0.0000,    14.2500,    -0.9731,     0.0778,    -0.0487,    -0.1232,    -0.0074,     0.0049
   11.2500,     1.0000,     0.5864,     0.0000,    14.5000,    -1.0088,     0.0807,    -0.0504,    -0.1284,    -0.0077,     0.0051
   11.2500,     1.0000,     0.5864,     0.0000,    14.7500,    -1.0439,     0.0835,    -0.0522,    -0.1336,    -0.0080,     0.0053
   11.2500,     1.0000,     0.5864,     0.0000,    15.0000,    -1.0785,     0.0863,    -0.0539,    -0.1388,    -0.0083,     0.0056
   11.2500,     1.0000,     0.5864,     0.0000,    15.2500,    -1.1125,     0.0890,    -0.0556,    -0.1440,    -0.0086,     0.0058
   11.2500,     1.0000,     0.5864,     0.0000,    15.5000,    -1.1459,     0.0917,    -0.0573,    -0.1492,    -0.0090,     0.0060
   11.2500,     1.0000,     0.5864,     0.0000,    15.7500,    -1.1788,     0.0943,    -0.0589,    -0.1543,    -0.0093,     0.0062
   11.2500,     1.0000,     0.5864,     0.0000,    16.0000,    -1.2111,     0.0969,    -0.0606,    -0.1593,    -0.0096,     0.0064
   11.2500,     1.0000,     0.5864,     0.0000,    16.2500,    -1.2428,     0.0994,    -0.0621,    -0.1641,    -0.0098,     0.0066
   11.2500,     1.0000,     0.5864,     0.0000,    16.5000,    -1.2739,     0.1019,    -0.0637,    -0.1689,    -0.0101,     0.0068
   11.2500,     1.0000,     0.5864,     0.0000,    16.7500,    -1.3044,     0.1044,    -0.0652,    -0.1736,    -0.0104,     0.0069
   11.2500,     1.0000,     0.5864,     0.0000,    17.0000,    -1.3342,     0.1067,    -0.0667,    -0.1781,    -0.0107,     0.0071
   11.2500,     1.0000,     0.5864,     0.0000,    17.2500,    -1.3634,     0.1091,    -0.0682,    -0.1825,    -0.0109,     0.0073
   11.2500,     1.0000,     0.5864,     0.0000,    17.5000,    -1.3919,     0.1114,    -0.0696,    -0.1868,    -0.0112,     0.0075
   11.2500,     1.0000,     0.5864,     0.0000,    17.7500,    -1.4196,     0.1136,    -0.0710,    -0.1911,    -0.0115,     0.0076
   11.2500,     1.0000,     0.5864,     0.0000,    18.0000,    -1.4466,     0.1157,    -0.0723,    -0.1954,    -0.0117,     0.0078
   11.2500,     1.0000,     0.5864,     0.0000,    18.2500,    -1.4727,     0.1178,    -0.0736,    -0.1998,    -0.0120,     0.0080
   11.2500,     1.0000,     0.5864,     0.0000,    18.5000,    -1.4980,     0.1198,    -0.0749,    -0.2042,    -0.0123,     0.0082
   11.2500,     1.0000,     0.5864,     0.0000,    18.7500,    -1.5222,     0.1218,    -0.0761,    -0.2088,    -0.0125,     0.0084
   11.2500,     1.0000,     0.5864,     0.0000,    19.0000,    -1.5454,     0.1236,    -0.0773,    -0.2136,    -0.0128,     0.0085
   11.2500,     1.0000,     0.5864,     0.0000,    19.2500,    -1.5675,     0.1254,    -0.0784,    -0.2185,    -0.0131,     0.0087
   11.2500,     1.0000,     0.5864,     0.0000,    19.5000,    -1.5884,     0.1271,    -0.0794,    -0.2238,    -0.0134,     0.0090
   11.2500,     1.0000,     0.5864,     0.0000,    19.7500,    -1.6080,     0.1286,    -0.0804,    -0.2293,    -0.0138,     0.0092
   11.2500,     1.0000,     0.5864,     0.0000,    20.0000,    -1.6261,     0.1301,    -0.0813,    -0.2351,    -0.0141,     0.0094
   11.2500,     1.0000,     0.5864,     0.0000,    20.2500,    -1.6428,     0.1314,    -0.0821,    -0.2412,    -0.0145,     0.0096
   11.2500,     1.0000,     0.5864,     0.0000,    20.5000,    -1.6577,     0.1326,    -0.0829,    -0.2477,    -0.0149,     0.0099
   11.2500,     1.0000,     0.5864,     0.0000,    20.7500,    -1.6709,     0.1337,    -0.0835,    -0.2545,    -0.0153,     0.0102
   11.2500,     1.0000,     0.5864,     0.0000,    21.0000,    -1.6823,     0.1346,    -0.0841,    -0.2615,    -0.0157,     0.0105
   11.2500,     1.0000,     0.5864,     0.0000,    21.2500,    -1.6916,     0.1353,    -0.0846,    -0.2688,    -0.0161,     0.0108
   11.2500,     1.0000,     0.5864,     0.0000,    21.5000,    -1.6988,     0.1359,    -0.0849,    -0.2762,    -0.0166,     0.0110
   11.2500,     1.0000,     0.5864,     0.0000,    21.7500,    -1.7038,     0.1363,    -0.0852,    -0.2836,    -0.0170,     0.0113
   11.2500,     1.0000,     0.5864,     0.0000,    22.0000,    -1.7064,     0.1365,    -0.0853,    -0.2911,    -0.0175,     0.0116
   11.2500,     1.0000,     0.5864,     0.0000,    22.2500,    -1.7067,     0.1365,    -0.0853,    -0.2985,    -0.0179,     0.0119
   11.2500,     1.0000,     0.5864,     0.0000,    22.5000,    -1.7047,     0.1364,    -0.0852,    -0.3057,    -0.0183,     0.0122
   11.2500,     1.0000,     0.5864,     0.0000,    22.7500,    -1.7003,     0.1360,    -0.0850,    -0.3127,    -0.0188,     0.0125
   11.2500,     1.0000,     0.5864,     0.0000,    23.0000,    -1.6938,     0.1355,    -0.0847,    -0.3195,    -0.0192,     0.0128
   11.2500,     1.0000,     0.5864,     0.0000,    23.2500,    -1.6851,     0.1348,    -0.0843,    -0.3262,    -0.0196,     0.0130
   11.2500,     1.0000,     0.5864,     0.0000,    23.5000,    -1.6745,     0.1340,    -0.0837,    -0.3326,    -0.0200,     0.0133
   11.2500,     1.0000,     0.5864,     0.0000,    23.7500,    -1.6621,     0.1330,    -0.0831,    -0.3388,    -0.0203,     0.0136
   11.2500,     1.0000,     0.5864,     0.0000,    24.0000,    -1.6483,     0.1319,    -0.0824,    -0.3448,    -0.0207,     0.0138
   11.2500,     1.0000,     0.5864,     0.0000,    24.2500,    -1.6332,     0.1307,    -0.0817,    -0.3507,    -0.0210,     0.0140
   11.2500,     1.0000,     0.5864,     0.0000,    24.5000,    -1.6171,     0.1294,    -0.0809,    -0.3564,    -0.0214,     0.0143
   11.2500,     1.0000,     0.5864,     0.0000,    24.7500,    -1.6003,     0.1280,    -0.0800,    -0.3620,    -0.0217,     0.0145
   11.5000,     1.0000,     0.5737,     0.0000,    -1.0000,     1.0837,    -0.0867,     0.0542,     0.0308,     0.0018,    -0.0012
   11.5000,     1.0000,     0.5737,     0.0000,    -0.7500,     1.0577,    -0.0846,     0.0529,     0.0316,     0.0019,    -0.0013
   11.5000,     1.0000,     0.5737,     0.0000,    -0.5000,     1.0317,    -0.0825,     0.0516,     0.0324,     0.0019,    -0.0013
   11.5000,     1.0000,     0.5737,     0.0000,    -0.2500,     1.0058,    -0.0805,     0.0503,     0.0330,     0.0020,    -0.0013
   11.5000,     1.0000,     0.5737,     0.0000,     0.0000,     0.9800,    -0.0784,     0.0490,     0.0336,     0.0020,    -0.0013
   11.5000,     1.0000,     0.5737,     0.0000,     0.2500,     0.9543,    -0.0763,     0.0477,     0.0342,     0.0021,    -0.0014
   11.5000,     1.0000,     0.5737,     0.0000,     0.5000,     0.9288,    -0.0743,     0.0464,     0.0346,     0.0021,    -0.0014
   11.5000,     1.0000,     0.5737,     0.0000,     0.7500,     0.9032,    -0.0723,     0.0452,     0.0350,     0.0021,    -0.0014
   11.5000,     1.0000,     0.5737,     0.0000,     1.0000,     0.8778,    -0.0702,     0.0439,     0.0353,     0.0021,    -0.0014
   11.5000,     1.0000,     0.5737,     0.0000,     1.2500,     0.8524,    -0.0682,     0.0426,     0.0355,     0.0021,    -0.0014
   11.5000,     1.0000,     0.5737,     0.0000,     1.5000,     0.8268,    -0.0661,     0.0413,     0.0356,     0.0021,    -0.0014
   11.5000,     1.0000,     0.5737,     0.0000,     1.7500,     0.8009,    -0.0641,     0.0400,     0.0357,     0.0021,    -0.0014
   11.5000,     1.0000,     0.5737,     0.0000,     2.0000,     0.7746,    -0.0620,     0.0387,     0.0355,     0.0021,    -0.0014
   11.5000,     1.0000,     0.5737,     0.0000,     2.2500,     0.7477,    -0.0598,     0.0374,     0.0353,     0.0021,    -0.0014
   11.5000,     1.0000,     0.5737,     0.0000,     2.5000,     0.7202,    -0.0576,     0.0360,     0.0349,     0.0021,    -0.0014
   11.5000,     1.0000,     0.5737,     0.0000,     2.7500,     0.6920,    -0.0554,     0.0346,     0.0343,     0.0021,    -0.0014
   11.5000,     1.0000,     0.5737,     0.0000,     3.0000,     0.6631,    -0.0530,     0.0332,     0.0335,     0.0020,    -0.0013
   11.5000,     1.0000,     0.5737,     0.0000,     3.2500,     0.6334,    -0.0507,     0.0317,     0.0326,     0.0020,    -0.0013
   11.5000,     1.0000,     0.5737,     0.0000,     3.5000,     0.6028,    -0.0482,     0.0301,     0.0315,     0.0019,    -0.0013
   11.5000,     1.0000,     0.5737,     0.0000,     3.7500,     0.5713,    -0.0457,     0.0286,     0.0302,     0.0018,    -0.0012
   11.5000,     1.0000,     0.5737,     0.0000,     4.0000,     0.5390,    -0.0431,     0.0270,     0.0287,     0.0017,    -0.0011
   11.5000,     1.0000,     0.5737,     0.0000,     4.2500,     0.5059,    -0.0405,     0.0253,     0.0270,     0.0016,    -0.0011
   11.5000,     1.0000,     0.5737,     0.0000,     4.5000,     0.4721,    -0.0378,     0.0236,     0.0252,     0.0015,    -0.0010
   11.5000,     1.0000,     0.5737,     0.0000,     4.7500,     0.4377,    -0.0350,     0.0219,     0.0232,     0.0014,    -0.0009
   11.5000,     1.0000,     0.5737,     0.0000,     5.0000,     0.4028,    -0.0322,     0.0201,     0.0210,     0.0013,    -0.0008
   11.5000,     1.0000,     0.5737,     0.0000,     5.2500,     0.3673,    -0.0294,     0.0184,     0.0187,     0.0011,    -0.0007
   11.5000,     1.0000,     0.5737,     0.0000,     5.5000,     0.3314,    -0.0265,     0.0166,     0.0163,     0.0010,    -0.0007
   11.5000,     1.0000,     0.5737,     0.0000,     5.7500,     0.2951,    -0.0236,     0.0148,     0.0137,     0.0008,    -0.0005
   11.5000,     1.0000,     0.5737,     0.0000,     6.0000,     0.2584,    -0.0207,     0.0129,     0.0110,     0.0007,    -0.0004
   11.5000,     1.0000,     0.5737,     0.0000,     6.2500,     0.2214,    -0.0177,     0.0111,     0.0082,     0.0005,    -0.0003
   11.5000,     1.0000,     0.5737,     0.0000,     6.5000,     0.1842,    -0.0147,     0.0092,     0.0053,     0.0003,    -0.0002
   11.5000,     1.0000,     0.5737,     0.0000,     6.7500,     0.1467,    -0.0117,     0.0073,     0.0023,     0.0001,    -0.0001
   11.5000,     1.0000,     0.5737,     0.0000,     7.0000,     0.1089,    -0.0087,     0.0054,    -0.0009,    -0.0001,     0.0000
   11.5000,     1.0000,     0.5737,     0.0000,     7.2500,     0.0710,    -0.0057,     0.0035,    -0.0041,    -0.0002,     0.0002
   11.5000,     1.0000,     0.5737,     0.0000,     7.5000,     0.0327,    -0.0026,     0.0016,    -0.0075,    -0.0004,     0.0003
   11.5000,     1.0000,     0.5737,     0.0000,     7.7500,    -0.0057,     0.0005,    -0.0003,    -0.0109,    -0.0007,     0.0004
   11.5000,     1.0000,     0.5737,     0.0000,     8.0000,    -0.0444,     0.0036,    -0.0022,    -0.0145,    -0.0009,     0.0006
   11.5000,     1.0000,     0.5737,     0.0000,     8.2500,    -0.0834,     0.0067,    -0.0042,    -0.0181,    -0.0011,     0.0007
   11.5000,     1.0000,     0.5737,     0.0000,     8.5000,    -0.1226,     0.0098,    -0.0061,    -0.0219,    -0.0013,     0.0009
   11.5000,     1.0000,     0.5737,     0.0000,     8.7500,    -0.1619,     0.0130,    -0.0081,    -0.0257,    -0.0015,     0.0010
   11.5000,     1.0000,     0.5737,     0.0000,     9.0000,    -0.2015,     0.0161,    -0.0101,    -0.0296,    -0.0018,     0.0012
   11.5000,     1.0000,     0.5737,     0.0000,     9.2500,    -0.2412,     0.0193,    -0.0121,    -0.0336,    -0.0020,     0.0013
   11.5000,     1.0000,     0.5737,     0.0000,     9.5000,    -0.2812,     0.0225,    -0.0141,    -0.0376,    -0.0023,     0.0015
   11.5000,     1.0000,     0.5737,     0.0000,     9.7500,    -0.3213,     0.0257,    -0.0161,    -0.0418,    -0.0025,     0.0017
   11.5000,     1.0000,     0.5737,     0.0000,    10.0000,    -0.3615,     0.0289,    -0.0181,    -0.0461,    -0.0028,     0.0018
   11.5000,     1.0000,     0.5737,     0.0000,    10.2500,    -0.4019,     0.0322,    -0.0201,    -0.0504,    -0.0030,     0.0020
   11.5000,     1.0000,     0.5737,     0.0000,    10.5000,    -0.4424,     0.0354,    -0.0221,    -0.0548,    -0.0033,     0.0022
   11.5000,     1.0000,     0.5737,     0.0000,    10.7500,    -0.4830,     0.0386,    -0.0242,    -0.0593,    -0.0036,     0.0024
   11.5000,     1.0000,     0.5737,     0.0000,    11.0000,    -0.5236,     0.0419,    -0.0262,    -0.0639,    -0.0038,     0.0026
   11.5000,     1.0000,     0.5737,     0.0000,    11.2500,    -0.5643,     0.0451,    -0.0282,    -0.0686,    -0.0041,     0.0027
   11.5000,     1.0000,     0.5737,     0.0000,    11.5000,    -0.6050,     0.0484,    -0.0302,    -0.0734,    -0.0044,     0.0029
   11.5000,     1.0000,     0.5737,     0.0000,    11.7500,    -0.6455,     0.0516,    -0.0323,    -0.0782,    -0.0047,     0.0031
   11.5000,     1.0000,     0.5737,     0.0000,    12.0000,    -0.6860,     0.0549,    -0.0343,    -0.0832,    -0.0050,     0.0033
   11.5000,     1.0000,     0.5737,     0.0000,    12.2500,    -0.7263,     0.0581,    -0.0363,    -0.0882,    -0.0053,     0.0035
   11.5000,     1.0000,     0.5737,     0.0000,    12.5000,    -0.7664,     0.0613,    -0.0383,    -0.0932,    -0.0056,     0.0037
   11.5000,     1.0000,     0.5737,     0.0000,    12.7500,    -0.8063,     0.0645,    -0.0403,    -0.0983,    -0.0059,     0.0039
   11.5000,     1.0000,     0.5737,     0.0000,    13.0000,    -0.8458,     0.0677,    -0.0423,    -0.1035,    -0.0062,     0.0041
   11.5000,     1.0000,     0.5737,     0.0000,    13.2500,    -0.8850,     0.0708,    -0.0443,    -0.1087,    -0.0065,     0.0043
   11.5000,     1.0000,     0.5737,     0.0000,    13.5000,    -0.9237,     0.0739,    -0.0462,    -0.1140,    -0.0068,     0.0046
   11.5000,     1.0000,     0.5737,     0.0000,    13.7500,    -0.9620,     0.0770,    -0.0481,    -0.1193,    -0.0072,     0.0048
   11.5000,     1.0000,     0.5737,     0.0000,    14.0000,    -0.9999,     0.0800,    -0.0500,    -0.1246,    -0.0075,     0.0050
   11.5000,     1.0000,     0.5737,     0.0000,    14.2500,    -1.0372,     0.0830,    -0.0519,    -0.1300,    -0.0078,     0.0052
   11.5000,     1.0000,     0.5737,     0.0000,    14.5000,    -1.0740,     0.0859,    -0.0537,    -0.1354,    -0.0081,     0.0054
   11.5000,     1.0000,     0.5737,     0.0000,    14.7500,    -1.1102,     0.0888,    -0.0555,    -0.1408,    -0.0084,     0.0056
   11.5000,     1.0000,     0.5737,     0.0000,    15.0000,    -1.1459,     0.0917,    -0.0573,    -0.1461,    -0.0088,     0.0058
   11.5000,     1.0000,     0.5737,     0.0000,    15.2500,    -1.1810,     0.0945,    -0.0591,    -0.1515,    -0.0091,     0.0061
   11.5000,     1.0000,     0.5737,     0.0000,    15.5000,    -1.2155,     0.0972,    -0.0608,    -0.1568,    -0.0094,     0.0063
   11.5000,     1.0000,     0.5737,     0.0000,    15.7500,    -1.2494,     0.1000,    -0.0625,    -0.1620,    -0.0097,     0.0065
   11.5000,     1.0000,     0.5737,     0.0000,    16.0000,    -1.2827,     0.1026,    -0.0641,    -0.1671,    -0.0100,     0.0067
   11.5000,     1.0000,     0.5737,     0.0000,    16.2500,    -1.3154,     0.1052,    -0.0658,    -0.1721,    -0.0103,     0.0069
   11.5000,     1.0000,     0.5737,     0.0000,    16.5000,    -1.3475,     0.1078,    -0.0674,    -0.1769,    -0.0106,     0.0071
   11.5000,     1.0000,     0.5737,     0.0000,    16.7500,    -1.3789,     0.1103,    -0.0689,    -0.1817,    -0.0109,     0.0073
   11.5000,     1.0000,     0.5737,     0.0000,    17.0000,    -1.4096,     0.1128,    -0.0705,    -0.1863,    -0.0112,     0.0075
   11.5000,     1.0000,     0.5737,     0.0000,    17.2500,    -1.4397,     0.1152,    -0.0720,    -0.1908,    -0.0114,     0.0076
   11.5000,     1.0000,     0.5737,     0.0000,    17.5000,    -1.4690,     0.1175,    -0.0735,    -0.1952,    -0.0117,     0.0078
   11.5000,     1.0000,     0.5737,     0.0000,    17.7500,    -1.4975,     0.1198,    -0.0749,    -0.1997,    -0.0120,     0.0080
   11.5000,     1.0000,     0.5737,     0.0000,    18.0000,    -1.5252,     0.1220,    -0.0763,    -0.2041,    -0.0122,     0.0082
   11.5000,     1.0000,     0.5737,     0.0000,    18.2500,    -1.5519,     0.1242,    -0.0776,    -0.2086,    -0.0125,     0.0083
   11.5000,     1.0000,     0.5737,     0.0000,    18.5000,    -1.5777,     0.1262,    -0.0789,    -0.2133,    -0.0128,     0.0085
   11.5000,     1.0000,     0.5737,     0.0000,    18.7500,    -1.6025,     0.1282,    -0.0801,    -0.2181,    -0.0131,     0.0087
   11.5000,     1.0000,     0.5737,     0.0000,    19.0000,    -1.6261,     0.1301,    -0.0813,    -0.2232,    -0.0134,     0.0089
   11.5000,     1.0000,     0.5737,     0.0000,    19.2500,    -1.6485,     0.1319,    -0.0824,    -0.2284,    -0.0137,     0.0091
   11.5000,     1.0000,     0.5737,     0.0000,    19.5000,    -1.6696,     0.1336,    -0.0835,    -0.2340,    -0.0140,     0.0094
   11.5000,     1.0000,     0.5737,     0.0000,    19.7500,    -1.6893,     0.1351,    -0.0845,    -0.2398,    -0.0144,     0.0096
   11.5000,     1.0000,     0.5737,     0.0000,    20.0000,    -1.7075,     0.1366,    -0.0854,    -0.2460,    -0.0148,     0.0098
   11.5000,     1.0000,     0.5737,     0.0000,    20.2500,    -1.7240,     0.1379,    -0.0862,    -0.2526,    -0.0152,     0.0101
   11.5000,     1.0000,     0.5737,     0.0000,    20.5000,    -1.7388,     0.1391,    -0.0869,    -0.2594,    -0.0156,     0.0104
   11.5000,     1.0000,     0.5737,     0.0000,    20.7500,    -1.7516,     0.1401,    -0.0876,    -0.2666,    -0.0160,     0.0107
   11.5000,     1.0000,     0.5737,     0.0000,    21.0000,    -1.7625,     0.1410,    -0.0881,    -0.2740,    -0.0164,     0.0110
   11.5000,     1.0000,     0.5737,     0.0000,    21.2500,    -1.7712,     0.1417,    -0.0886,    -0.2816,    -0.0169,     0.0113
   11.5000,     1.0000,     0.5737,     0.0000,    21.5000,    -1.7776,     0.1422,    -0.0889,    -0.2894,    -0.0174,     0.0116
   11.5000,     1.0000,     0.5737,     0.0000,    21.7500,    -1.7817,     0.1425,    -0.0891,    -0.2972,    -0.0178,     0.0119
   11.5000,     1.0000,     0.5737,     0.0000,    22.0000,    -1.7833,     0.1427,    -0.0892,    -0.3049,    -0.0183,     0.0122
   11.5000,     1.0000,     0.5737,     0.0000,    22.2500,    -1.7825,     0.1426,    -0.0891,    -0.3126,    -0.0188,     0.0125
   11.5000,     1.0000,     0.5737,     0.0000,    22.5000,    -1.7793,     0.1423,    -0.0890,    -0.3200,    -0.0192,     0.0128
   11.5000,     1.0000,     0.5737,     0.0000,    22.7500,    -1.7736,     0.1419,    -0.0887,    -0.3273,    -0.0196,     0.0131
   11.5000,     1.0000,     0.5737,     0.0000,    23.0000,    -1.7657,     0.1413,    -0.0883,    -0.3343,    -0.0201,     0.0134
   11.5000,     1.0000,     0.5737,     0.0000,    23.2500,    -1.7556,     0.1404,    -0.0878,    -0.3411,    -0.0205,     0.0136
   11.5000,     1.0000,     0.5737,     0.0000,    23.5000,    -1.7437,     0.1395,    -0.0872,    -0.3477,    -0.0209,     0.0139
   11.5000,     1.0000,     0.5737,     0.0000,    23.7500,    -1.7300,     0.1384,    -0.0865,    -0.3541,    -0.0212,     0.0142
   11.5000,     1.0000,     0.5737,     0.0000,    24.0000,    -1.7149,     0.1372,    -0.0857,    -0.3603,    -0.0216,     0.0144
   11.5000,     1.0000,     0.5737,     0.0000,    24.2500,    -1.6985,     0.1359,    -0.0849,    -0.3664,    -0.0220,     0.0147
   11.5000,     1.0000,     0.5737,     0.0000,    24.5000,    -1.6813,     0.1345,    -0.0841,    -0.3724,    -0.0223,     0.0149
   11.5000,     1.0000,     0.5737,     0.0000,    24.7500,    -1.6634,     0.1331,    -0.0832,    -0.3782,    -0.0227,     0.0151
   11.7500,     1.0000,     0.5615,     0.0000,    -1.0000,     1.0985,    -0.0879,     0.0549,     0.0293,     0.0018,    -0.0012
   11.7500,     1.0000,     0.5615,     0.0000,    -0.7500,     1.0714,    -0.0857,     0.0536,     0.0301,     0.0018,    -0.0012
   11.7500,     1.0000,     0.5615,     0.0000,    -0.5000,     1.0443,    -0.0835,     0.0522,     0.0309,     0.0019,    -0.0012
   11.7500,     1.0000,     0.5615,     0.0000,    -0.2500,     1.0173,    -0.0814,     0.0509,     0.0315,     0.0019,    -0.0013
   11.7500,     1.0000,     0.5615,     0.0000,     0.0000,     0.9904,    -0.0792,     0.0495,     0.0321,     0.0019,    -0.0013
   11.7500,     1.0000,     0.5615,     0.0000,     0.2500,     0.9637,    -0.0771,     0.0482,     0.0327,     0.0020,    -0.0013
   11.7500,     1.0000,     0.5615,     0.0000,     0.5000,     0.9371,    -0.0750,     0.0469,     0.0331,     0.0020,    -0.0013
   11.7500,     1.0000,     0.5615,     0.0000,     0.7500,     0.9105,    -0.0728,     0.0455,     0.0335,     0.0020,    -0.0013
   11.7500,     1.0000,     0.5615,     0.0000,     1.0000,     0.8841,    -0.0707,     0.0442,     0.0338,     0.0020,    -0.0014
   11.7500,     1.0000,     0.5615,     0.0000,     1.2500,     0.8577,    -0.0686,     0.0429,     0.0341,     0.0020,    -0.0014
   11.7500,     1.0000,     0.5615,     0.0000,     1.5000,     0.8312,    -0.0665,     0.0416,     0.0342,     0.0021,    -0.0014
   11.7500,     1.0000,     0.5615,     0.0000,     1.7500,     0.8043,    -0.0643,     0.0402,     0.0342,     0.0021,    -0.0014
   11.7500,     1.0000,     0.5615,     0.0000,     2.0000,     0.7771,    -0.0622,     0.0389,     0.0341,     0.0020,    -0.0014
   11.7500,     1.0000,     0.5615,     0.0000,     2.2500,     0.7494,    -0.0600,     0.0375,     0.0338,     0.0020,    -0.0014
   11.7500,     1.0000,     0.5615,     0.0000,     2.5000,     0.7210,    -0.0577,     0.0360,     0.0334,     0.0020,    -0.0013
   11.7500,     1.0000,     0.5615,     0.0000,     2.7500,     0.6919,    -0.0554,     0.0346,     0.0328,     0.0020,    -0.0013
   11.7500,     1.0000,     0.5615,     0.0000,     3.0000,     0.6621,    -0.0530,     0.0331,     0.0321,     0.0019,    -0.0013
   11.7500,     1.0000,     0.5615,     0.0000,     3.2500,     0.6314,    -0.0505,     0.0316,     0.0311,     0.0019,    -0.0012
   11.7500,     1.0000,     0.5615,     0.0000,     3.5000,     0.5998,    -0.0480,     0.0300,     0.0300,     0.0018,    -0.0012
   11.7500,     1.0000,     0.5615,     0.0000,     3.7500,     0.5672,    -0.0454,     0.0284,     0.0286,     0.0017,    -0.0011
   11.7500,     1.0000,     0.5615,     0.0000,     4.0000,     0.5338,    -0.0427,     0.0267,     0.0271,     0.0016,    -0.0011
   11.7500,     1.0000,     0.5615,     0.0000,     4.2500,     0.4995,    -0.0400,     0.0250,     0.0254,     0.0015,    -0.0010
   11.7500,     1.0000,     0.5615,     0.0000,     4.5000,     0.4645,    -0.0372,     0.0232,     0.0235,     0.0014,    -0.0009
   11.7500,     1.0000,     0.5615,     0.0000,     4.7500,     0.4288,    -0.0343,     0.0214,     0.0215,     0.0013,    -0.0009
   11.7500,     1.0000,     0.5615,     0.0000,     5.0000,     0.3925,    -0.0314,     0.0196,     0.0193,     0.0012,    -0.0008
   11.7500,     1.0000,     0.5615,     0.0000,     5.2500,     0.3557,    -0.0285,     0.0178,     0.0169,     0.0010,    -0.0007
   11.7500,     1.0000,     0.5615,     0.0000,     5.5000,     0.3184,    -0.0255,     0.0159,     0.0144,     0.0009,    -0.0006
   11.7500,     1.0000,     0.5615,     0.0000,     5.7500,     0.2807,    -0.0225,     0.0140,     0.0117,     0.0007,    -0.0005
   11.7500,     1.0000,     0.5615,     0.0000,     6.0000,     0.2426,    -0.0194,     0.0121,     0.0090,     0.0005,    -0.0004
   11.7500,     1.0000,     0.5615,     0.0000,     6.2500,     0.2041,    -0.0163,     0.0102,     0.0060,     0.0004,    -0.0002
   11.7500,     1.0000,     0.5615,     0.0000,     6.5000,     0.1654,    -0.0132,     0.0083,     0.0030,     0.0002,    -0.0001
   11.7500,     1.0000,     0.5615,     0.0000,     6.7500,     0.1264,    -0.0101,     0.0063,    -0.0001,    -0.0000,     0.0000
   11.7500,     1.0000,     0.5615,     0.0000,     7.0000,     0.0872,    -0.0070,     0.0044,    -0.0034,    -0.0002,     0.0001
   11.7500,     1.0000,     0.5615,     0.0000,     7.2500,     0.0477,    -0.0038,     0.0024,    -0.0067,    -0.0004,     0.0003
   11.7500,     1.0000,     0.5615,     0.0000,     7.5000,     0.0080,    -0.0006,     0.0004,    -0.0102,    -0.0006,     0.0004
   11.7500,     1.0000,     0.5615,     0.0000,     7.7500,    -0.0321,     0.0026,    -0.0016,    -0.0138,    -0.0008,     0.0006
   11.7500,     1.0000,     0.5615,     0.0000,     8.0000,    -0.0723,     0.0058,    -0.0036,    -0.0174,    -0.0010,     0.0007
   11.7500,     1.0000,     0.5615,     0.0000,     8.2500,    -0.1129,     0.0090,    -0.0056,    -0.0212,    -0.0013,     0.0008
   11.7500,     1.0000,     0.5615,     0.0000,     8.5000,    -0.1536,     0.0123,    -0.0077,    -0.0250,    -0.0015,     0.0010
   11.7500,     1.0000,     0.5615,     0.0000,     8.7500,    -0.1946,     0.0156,    -0.0097,    -0.0290,    -0.0017,     0.0012
   11.7500,     1.0000,     0.5615,     0.0000,     9.0000,    -0.2358,     0.0189,    -0.0118,    -0.0330,    -0.0020,     0.0013
   11.7500,     1.0000,     0.5615,     0.0000,     9.2500,    -0.2772,     0.0222,    -0.0139,    -0.0371,    -0.0022,     0.0015
   11.7500,     1.0000,     0.5615,     0.0000,     9.5000,    -0.3187,     0.0255,    -0.0159,    -0.0414,    -0.0025,     0.0017
   11.7500,     1.0000,     0.5615,     0.0000,     9.7500,    -0.3604,     0.0288,    -0.0180,    -0.0457,    -0.0027,     0.0018
   11.7500,     1.0000,     0.5615,     0.0000,    10.0000,    -0.4023,     0.0322,    -0.0201,    -0.0501,    -0.0030,     0.0020
   11.7500,     1.0000,     0.5615,     0.0000,    10.2500,    -0.4444,     0.0356,    -0.0222,    -0.0546,    -0.0033,     0.0022
   11.7500,     1.0000,     0.5615,     0.0000,    10.5000,    -0.4865,     0.0389,    -0.0243,    -0.0592,    -0.0036,     0.0024
   11.7500,     1.0000,     0.5615,     0.0000,    10.7500,    -0.5287,     0.0423,    -0.0264,    -0.0638,    -0.0038,     0.0026
   11.7500,     1.0000,     0.5615,     0.0000,    11.0000,    -0.5710,     0.0457,    -0.0285,    -0.0686,    -0.0041,     0.0027
   11.7500,     1.0000,     0.5615,     0.0000,    11.2500,    -0.6132,     0.0491,    -0.0307,    -0.0735,    -0.0044,     0.0029
   11.7500,     1.0000,     0.5615,     0.0000,    11.5000,    -0.6554,     0.0524,    -0.0328,    -0.0784,    -0.0047,     0.0031
   11.7500,     1.0000,     0.5615,     0.0000,    11.7500,    -0.6976,     0.0558,    -0.0349,    -0.0834,    -0.0050,     0.0033
   11.7500,     1.0000,     0.5615,     0.0000,    12.0000,    -0.7395,     0.0592,    -0.0370,    -0.0885,    -0.0053,     0.0035
   11.7500,     1.0000,     0.5615,     0.0000,    12.2500,    -0.7813,     0.0625,    -0.0391,    -0.0937,    -0.0056,     0.0037
   11.7500,     1.0000,     0.5615,     0.0000,    12.5000,    -0.8229,     0.0658,    -0.0411,    -0.0989,    -0.0059,     0.0040
   11.7500,     1.0000,     0.5615,     0.0000,    12.7500,    -0.8641,     0.0691,    -0.0432,    -0.1042,    -0.0063,     0.0042
   11.7500,     1.0000,     0.5615,     0.0000,    13.0000,    -0.9050,     0.0724,    -0.0453,    -0.1095,    -0.0066,     0.0044
   11.7500,     1.0000,     0.5615,     0.0000,    13.2500,    -0.9455,     0.0756,    -0.0473,    -0.1149,    -0.0069,     0.0046
   11.7500,     1.0000,     0.5615,     0.0000,    13.5000,    -0.9855,     0.0788,    -0.0493,    -0.1204,    -0.0072,     0.0048
   11.7500,     1.0000,     0.5615,     0.0000,    13.7500,    -1.0251,     0.0820,    -0.0513,    -0.1258,    -0.0075,     0.0050
   11.7500,     1.0000,     0.5615,     0.0000,    14.0000,    -1.0642,     0.0851,    -0.0532,    -0.1314,    -0.0079,     0.0053
   11.7500,     1.0000,     0.5615,     0.0000,    14.2500,    -1.1027,     0.0882,    -0.0551,    -0.1369,    -0.0082,     0.0055
   11.7500,     1.0000,     0.5615,     0.0000,    14.5000,    -1.1406,     0.0912,    -0.0570,    -0.1425,    -0.0085,     0.0057
   11.7500,     1.0000,     0.5615,     0.0000,    14.7500,    -1.1780,     0.0942,    -0.0589,    -0.1480,    -0.0089,     0.0059
   11.7500,     1.0000,     0.5615,     0.0000,    15.0000,    -1.2148,     0.0972,    -0.0607,    -0.1536,    -0.0092,     0.0061
   11.7500,     1.0000,     0.5615,     0.0000,    15.2500,    -1.2510,     0.1001,    -0.0625,    -0.1591,    -0.0095,     0.0064
   11.7500,     1.0000,     0.5615,     0.0000,    15.5000,    -1.2866,     0.1029,    -0.0643,    -0.1645,    -0.0099,     0.0066
   11.7500,     1.0000,     0.5615,     0.0000,    15.7500,    -1.3215,     0.1057,    -0.0661,    -0.1698,    -0.0102,     0.0068
   11.7500,     1.0000,     0.5615,     0.0000,    16.0000,    -1.3559,     0.1085,    -0.0678,    -0.1750,    -0.0105,     0.0070
   11.7500,     1.0000,     0.5615,     0.0000,    16.2500,    -1.3896,     0.1112,    -0.0695,    -0.1801,    -0.0108,     0.0072
   11.7500,     1.0000,     0.5615,     0.0000,    16.5000,    -1.4227,     0.1138,    -0.0711,    -0.1850,    -0.0111,     0.0074
   11.7500,     1.0000,     0.5615,     0.0000,    16.7500,    -1.4550,     0.1164,    -0.0728,    -0.1898,    -0.0114,     0.0076
   11.7500,     1.0000,     0.5615,     0.0000,    17.0000,    -1.4867,     0.1189,    -0.0743,    -0.1945,    -0.0117,     0.0078
   11.7500,     1.0000,     0.5615,     0.0000,    17.2500,    -1.5176,     0.1214,    -0.0759,    -0.1992,    -0.0120,     0.0080
   11.7500,     1.0000,     0.5615,     0.0000,    17.5000,    -1.5478,     0.1238,    -0.0774,    -0.2037,    -0.0122,     0.0081
   11.7500,     1.0000,     0.5615,     0.0000,    17.7500,    -1.5770,     0.1262,    -0.0789,    -0.2083,    -0.0125,     0.0083
   11.7500,     1.0000,     0.5615,     0.0000,    18.0000,    -1.6054,     0.1284,    -0.0803,    -0.2129,    -0.0128,     0.0085
   11.7500,     1.0000,     0.5615,     0.0000,    18.2500,    -1.6328,     0.1306,    -0.0816,    -0.2177,    -0.0131,     0.0087
   11.7500,     1.0000,     0.5615,     0.0000,    18.5000,    -1.6591,     0.1327,    -0.0830,    -0.2226,    -0.0134,     0.0089
   11.7500,     1.0000,     0.5615,     0.0000,    18.7500,    -1.6844,     0.1348,    -0.0842,    -0.2277,    -0.0137,     0.0091
   11.7500,     1.0000,     0.5615,     0.0000,    19.0000,    -1.7084,     0.1367,    -0.0854,    -0.2330,    -0.0140,     0.0093
   11.7500,     1.0000,     0.5615,     0.0000,    19.2500,    -1.7311,     0.1385,    -0.0866,    -0.2386,    -0.0143,     0.0095
   11.7500,     1.0000,     0.5615,     0.0000,    19.5000,    -1.7524,     0.1402,    -0.0876,    -0.2445,    -0.0147,     0.0098
   11.7500,     1.0000,     0.5615,     0.0000,    19.7500,    -1.7722,     0.1418,    -0.0886,    -0.2507,    -0.0150,     0.0100
   11.7500,     1.0000,     0.5615,     0.0000,    20.0000,    -1.7903,     0.1432,    -0.0895,    -0.2572,    -0.0154,     0.0103
   11.7500,     1.0000,     0.5615,     0.0000,    20.2500,    -1.8067,     0.1445,    -0.0903,    -0.2642,    -0.0159,     0.0106
   11.7500,     1.0000,     0.5615,     0.0000,    20.5000,    -1.8212,     0.1457,    -0.0911,    -0.2714,    -0.0163,     0.0109
   11.7500,     1.0000,     0.5615,     0.0000,    20.7500,    -1.8337,     0.1467,    -0.0917,    -0.2790,    -0.0167,     0.0112
   11.7500,     1.0000,     0.5615,     0.0000,    21.0000,    -1.8440,     0.1475,    -0.0922,    -0.2868,    -0.0172,     0.0115
   11.7500,     1.0000,     0.5615,     0.0000,    21.2500,    -1.8520,     0.1482,    -0.0926,    -0.2948,    -0.0177,     0.0118
   11.7500,     1.0000,     0.5615,     0.0000,    21.5000,    -1.8577,     0.1486,    -0.0929,    -0.3029,    -0.0182,     0.0121
   11.7500,     1.0000,     0.5615,     0.0000,    21.7500,    -1.8608,     0.1489,    -0.0930,    -0.3110,    -0.0187,     0.0124
   11.7500,     1.0000,     0.5615,     0.0000,    22.0000,    -1.8614,     0.1489,    -0.0931,    -0.3191,    -0.0191,     0.0128
   11.7500,     1.0000,     0.5615,     0.0000,    22.2500,    -1.8594,     0.1488,    -0.0930,    -0.3269,    -0.0196,     0.0131
   11.7500,     1.0000,     0.5615,     0.0000,    22.5000,    -1.8549,     0.1484,    -0.0927,    -0.3346,    -0.0201,     0.0134
   11.7500,     1.0000,     0.5615,     0.0000,    22.7500,    -1.8479,     0.1478,    -0.0924,    -0.3421,    -0.0205,     0.0137
   11.7500,     1.0000,     0.5615,     0.0000,    23.0000,    -1.8386,     0.1471,    -0.0919,    -0.3494,    -0.0210,     0.0140
   11.7500,     1.0000,     0.5615,     0.0000,    23.2500,    -1.8272,     0.1462,    -0.0914,    -0.3564,    -0.0214,     0.0143
   11.7500,     1.0000,     0.5615,     0.0000,    23.5000,    -1.8139,     0.1451,    -0.0907,    -0.3632,    -0.0218,     0.0145
   11.7500,     1.0000,     0.5615,     0.0000,    23.7500,    -1.7989,     0.1439,    -0.0899,    -0.3698,    -0.0222,     0.0148
   11.7500,     1.0000,     0.5615,     0.0000,    24.0000,    -1.7824,     0.1426,    -0.0891,    -0.3762,    -0.0226,     0.0150
   11.7500,     1.0000,     0.5615,     0.0000,    24.2500,    -1.7649,     0.1412,    -0.0882,    -0.3825,    -0.0229,     0.0153
   11.7500,     1.0000,     0.5615,     0.0000,    24.5000,    -1.7465,     0.1397,    -0.0873,    -0.3887,    -0.0233,     0.0155
   11.7500,     1.0000,     0.5615,     0.0000,    24.7500,    -1.7275,     0.1382,    -0.0864,    -0.3948,    -0.0237,     0.0158
   12.0000,     1.0000,     0.5498,     0.0000,    -1.0000,     1.1132,    -0.0891,     0.0557,     0.0277,     0.0017,    -0.0011
   12.0000,     1.0000,     0.5498,     0.0000,    -0.7500,     1.0850,    -0.0868,     0.0542,     0.0286,     0.0017,    -0.0011
   12.0000,     1.0000,     0.5498,     0.0000,    -0.5000,     1.0568,    -0.0845,     0.0528,     0.0294,     0.0018,    -0.0012
   12.0000,     1.0000,     0.5498,     0.0000,    -0.2500,     1.0287,    -0.0823,     0.0514,     0.0301,     0.0018,    -0.0012
   12.0000,     1.0000,     0.5498,     0.0000,     0.0000,     1.0007,    -0.0801,     0.0500,     0.0307,     0.0018,    -0.0012
   12.0000,     1.0000,     0.5498,     0.0000,     0.2500,     0.9729,    -0.0778,     0.0486,     0.0312,     0.0019,    -0.0012
   12.0000,     1.0000,     0.5498,     0.0000,     0.5000,     0.9452,    -0.0756,     0.0473,     0.0317,     0.0019,    -0.0013
   12.0000,     1.0000,     0.5498,     0.0000,     0.7500,     0.9176,    -0.0734,     0.0459,     0.0321,     0.0019,    -0.0013
   12.0000,     1.0000,     0.5498,     0.0000,     1.0000,     0.8901,    -0.0712,     0.0445,     0.0324,     0.0019,    -0.0013
   12.0000,     1.0000,     0.5498,     0.0000,     1.2500,     0.8627,    -0.0690,     0.0431,     0.0326,     0.0020,    -0.0013
   12.0000,     1.0000,     0.5498,     0.0000,     1.5000,     0.8352,    -0.0668,     0.0418,     0.0328,     0.0020,    -0.0013
   12.0000,     1.0000,     0.5498,     0.0000,     1.7500,     0.8075,    -0.0646,     0.0404,     0.0328,     0.0020,    -0.0013
   12.0000,     1.0000,     0.5498,     0.0000,     2.0000,     0.7793,    -0.0623,     0.0390,     0.0327,     0.0020,    -0.0013
   12.0000,     1.0000,     0.5498,     0.0000,     2.2500,     0.7507,    -0.0601,     0.0375,     0.0324,     0.0019,    -0.0013
   12.0000,     1.0000,     0.5498,     0.0000,     2.5000,     0.7214,    -0.0577,     0.0361,     0.0320,     0.0019,    -0.0013
   12.0000,     1.0000,     0.5498,     0.0000,     2.7500,     0.6914,    -0.0553,     0.0346,     0.0314,     0.0019,    -0.0013
   12.0000,     1.0000,     0.5498,     0.0000,     3.0000,     0.6606,    -0.0528,     0.0330,     0.0306,     0.0018,    -0.0012
   12.0000,     1.0000,     0.5498,     0.0000,     3.2500,     0.6289,    -0.0503,     0.0314,     0.0296,     0.0018,    -0.0012
   12.0000,     1.0000,     0.5498,     0.0000,     3.5000,     0.5963,    -0.0477,     0.0298,     0.0285,     0.0017,    -0.0011
   12.0000,     1.0000,     0.5498,     0.0000,     3.7500,     0.5627,    -0.0450,     0.0281,     0.0271,     0.0016,    -0.0011
   12.0000,     1.0000,     0.5498,     0.0000,     4.0000,     0.5282,    -0.0423,     0.0264,     0.0256,     0.0015,    -0.0010
   12.0000,     1.0000,     0.5498,     0.0000,     4.2500,     0.4927,    -0.0394,     0.0246,     0.0238,     0.0014,    -0.0010
   12.0000,     1.0000,     0.5498,     0.0000,     4.5000,     0.4564,    -0.0365,     0.0228,     0.0219,     0.0013,    -0.0009
   12.0000,     1.0000,     0.5498,     0.0000,     4.7500,     0.4194,    -0.0336,     0.0210,     0.0198,     0.0012,    -0.0008
   12.0000,     1.0000,     0.5498,     0.0000,     5.0000,     0.3818,    -0.0305,     0.0191,     0.0175,     0.0011,    -0.0007
   12.0000,     1.0000,     0.5498,     0.0000,     5.2500,     0.3436,    -0.0275,     0.0172,     0.0150,     0.0009,    -0.0006
   12.0000,     1.0000,     0.5498,     0.0000,     5.5000,     0.3049,    -0.0244,     0.0152,     0.0124,     0.0007,    -0.0005
   12.0000,     1.0000,     0.5498,     0.0000,     5.7500,     0.2657,    -0.0213,     0.0133,     0.0097,     0.0006,    -0.0004
   12.0000,     1.0000,     0.5498,     0.0000,     6.0000,     0.2261,    -0.0181,     0.0113,     0.0068,     0.0004,    -0.0003
   12.0000,     1.0000,     0.5498,     0.0000,     6.2500,     0.1862,    -0.0149,     0.0093,     0.0039,     0.0002,    -0.0002
   12.0000,     1.0000,     0.5498,     0.0000,     6.5000,     0.1460,    -0.0117,     0.0073,     0.0007,     0.0000,    -0.0000
   12.0000,     1.0000,     0.5498,     0.0000,     6.7500,     0.1055,    -0.0084,     0.0053,    -0.0025,    -0.0001,     0.0001
   12.0000,     1.0000,     0.5498,     0.0000,     7.0000,     0.0647,    -0.0052,     0.0032,    -0.0059,    -0.0004,     0.0002
   12.0000,     1.0000,     0.5498,     0.0000,     7.2500,     0.0237,    -0.0019,     0.0012,    -0.0093,    -0.0006,     0.0004
   12.0000,     1.0000,     0.5498,     0.0000,     7.5000,    -0.0176,     0.0014,    -0.0009,    -0.0129,    -0.0008,     0.0005
   12.0000,     1.0000,     0.5498,     0.0000,     7.7500,    -0.0592,     0.0047,    -0.0030,    -0.0166,    -0.0010,     0.0007
   12.0000,     1.0000,     0.5498,     0.0000,     8.0000,    -0.1011,     0.0081,    -0.0051,    -0.0204,    -0.0012,     0.0008
   12.0000,     1.0000,     0.5498,     0.0000,     8.2500,    -0.1433,     0.0115,    -0.0072,    -0.0243,    -0.0015,     0.0010
   12.0000,     1.0000,     0.5498,     0.0000,     8.5000,    -0.1856,     0.0148,    -0.0093,    -0.0282,    -0.0017,     0.0011
   12.0000,     1.0000,     0.5498,     0.0000,     8.7500,    -0.2282,     0.0183,    -0.0114,    -0.0323,    -0.0019,     0.0013
   12.0000,     1.0000,     0.5498,     0.0000,     9.0000,    -0.2711,     0.0217,    -0.0136,    -0.0365,    -0.0022,     0.0015
   12.0000,     1.0000,     0.5498,     0.0000,     9.2500,    -0.3141,     0.0251,    -0.0157,    -0.0408,    -0.0024,     0.0016
   12.0000,     1.0000,     0.5498,     0.0000,     9.5000,    -0.3573,     0.0286,    -0.0179,    -0.0451,    -0.0027,     0.0018
   12.0000,     1.0000,     0.5498,     0.0000,     9.7500,    -0.4007,     0.0321,    -0.0200,    -0.0496,    -0.0030,     0.0020
   12.0000,     1.0000,     0.5498,     0.0000,    10.0000,    -0.4443,     0.0355,    -0.0222,    -0.0541,    -0.0032,     0.0022
   12.0000,     1.0000,     0.5498,     0.0000,    10.2500,    -0.4880,     0.0390,    -0.0244,    -0.0588,    -0.0035,     0.0024
   12.0000,     1.0000,     0.5498,     0.0000,    10.5000,    -0.5318,     0.0425,    -0.0266,    -0.0635,    -0.0038,     0.0025
   12.0000,     1.0000,     0.5498,     0.0000,    10.7500,    -0.5756,     0.0460,    -0.0288,    -0.0684,    -0.0041,     0.0027
   12.0000,     1.0000,     0.5498,     0.0000,    11.0000,    -0.6195,     0.0496,    -0.0310,    -0.0733,    -0.0044,     0.0029
   12.0000,     1.0000,     0.5498,     0.0000,    11.2500,    -0.6634,     0.0531,    -0.0332,    -0.0783,    -0.0047,     0.0031
   12.0000,     1.0000,     0.5498,     0.0000,    11.5000,    -0.7072,     0.0566,    -0.0354,    -0.0835,    -0.0050,     0.0033
   12.0000,     1.0000,     0.5498,     0.0000,    11.7500,    -0.7508,     0.0601,    -0.0375,    -0.0886,    -0.0053,     0.0035
   12.0000,     1.0000,     0.5498,     0.0000,    12.0000,    -0.7943,     0.0635,    -0.0397,    -0.0939,    -0.0056,     0.0038
   12.0000,     1.0000,     0.5498,     0.0000,    12.2500,    -0.8376,     0.0670,    -0.0419,    -0.0992,    -0.0060,     0.0040
   12.0000,     1.0000,     0.5498,     0.0000,    12.5000,    -0.8806,     0.0704,    -0.0440,    -0.1046,    -0.0063,     0.0042
   12.0000,     1.0000,     0.5498,     0.0000,    12.7500,    -0.9233,     0.0739,    -0.0462,    -0.1101,    -0.0066,     0.0044
   12.0000,     1.0000,     0.5498,     0.0000,    13.0000,    -0.9655,     0.0772,    -0.0483,    -0.1156,    -0.0069,     0.0046
   12.0000,     1.0000,     0.5498,     0.0000,    13.2500,    -1.0074,     0.0806,    -0.0504,    -0.1212,    -0.0073,     0.0048
   12.0000,     1.0000,     0.5498,     0.0000,    13.5000,    -1.0487,     0.0839,    -0.0524,    -0.1268,    -0.0076,     0.0051
   12.0000,     1.0000,     0.5498,     0.0000,    13.7500,    -1.0895,     0.0872,    -0.0545,    -0.1325,    -0.0080,     0.0053
   12.0000,     1.0000,     0.5498,     0.0000,    14.0000,    -1.1298,     0.0904,    -0.0565,    -0.1382,    -0.0083,     0.0055
   12.0000,     1.0000,     0.5498,     0.0000,    14.2500,    -1.1696,     0.0936,    -0.0585,    -0.1439,    -0.0086,     0.0058
   12.0000,     1.0000,     0.5498,     0.0000,    14.5000,    -1.2087,     0.0967,    -0.0604,    -0.1497,    -0.0090,     0.0060
   12.0000,     1.0000,     0.5498,     0.0000,    14.7500,    -1.2473,     0.0998,    -0.0624,    -0.1554,    -0.0093,     0.0062
   12.0000,     1.0000,     0.5498,     0.0000,    15.0000,    -1.2852,     0.1028,    -0.0643,    -0.1611,    -0.0097,     0.0064
   12.0000,     1.0000,     0.5498,     0.0000,    15.2500,    -1.3225,     0.1058,    -0.0661,    -0.1667,    -0.0100,     0.0067
   12.0000,     1.0000,     0.5498,     0.0000,    15.5000,    -1.3592,     0.1087,    -0.0680,    -0.1723,    -0.0103,     0.0069
   12.0000,     1.0000,     0.5498,     0.0000,    15.7500,    -1.3952,     0.1116,    -0.0698,    -0.1777,    -0.0107,     0.0071
   12.0000,     1.0000,     0.5498,     0.0000,    16.0000,    -1.4307,     0.1145,    -0.0715,    -0.1830,    -0.0110,     0.0073
   12.0000,     1.0000,     0.5498,     0.0000,    16.2500,    -1.4654,     0.1172,    -0.0733,    -0.1882,    -0.0113,     0.0075
   12.0000,     1.0000,     0.5498,     0.0000,    16.5000,    -1.4995,     0.1200,    -0.0750,    -0.1932,    -0.0116,     0.0077
   12.0000,     1.0000,     0.5498,     0.0000,    16.7500,    -1.5328,     0.1226,    -0.0766,    -0.1981,    -0.0119,     0.0079
   12.0000,     1.0000,     0.5498,     0.0000,    17.0000,    -1.5655,     0.1252,    -0.0783,    -0.2029,    -0.0122,     0.0081
   12.0000,     1.0000,     0.5498,     0.0000,    17.2500,    -1.5973,     0.1278,    -0.0799,    -0.2077,    -0.0125,     0.0083
   12.0000,     1.0000,     0.5498,     0.0000,    17.5000,    -1.6282,     0.1303,    -0.0814,    -0.2124,    -0.0127,     0.0085
   12.0000,     1.0000,     0.5498,     0.0000,    17.7500,    -1.6582,     0.1327,    -0.0829,    -0.2171,    -0.0130,     0.0087
   12.0000,     1.0000,     0.5498,     0.0000,    18.0000,    -1.6873,     0.1350,    -0.0844,    -0.2219,    -0.0133,     0.0089
   12.0000,     1.0000,     0.5498,     0.0000,    18.2500,    -1.7153,     0.1372,    -0.0858,    -0.2269,    -0.0136,     0.0091
   12.0000,     1.0000,     0.5498,     0.0000,    18.5000,    -1.7422,     0.1394,    -0.0871,    -0.2320,    -0.0139,     0.0093
   12.0000,     1.0000,     0.5498,     0.0000,    18.7500,    -1.7678,     0.1414,    -0.0884,    -0.2374,    -0.0142,     0.0095
   12.0000,     1.0000,     0.5498,     0.0000,    19.0000,    -1.7922,     0.1434,    -0.0896,    -0.2430,    -0.0146,     0.0097
   12.0000,     1.0000,     0.5498,     0.0000,    19.2500,    -1.8152,     0.1452,    -0.0908,    -0.2490,    -0.0149,     0.0100
   12.0000,     1.0000,     0.5498,     0.0000,    19.5000,    -1.8367,     0.1469,    -0.0918,    -0.2552,    -0.0153,     0.0102
   12.0000,     1.0000,     0.5498,     0.0000,    19.7500,    -1.8566,     0.1485,    -0.0928,    -0.2618,    -0.0157,     0.0105
   12.0000,     1.0000,     0.5498,     0.0000,    20.0000,    -1.8747,     0.1500,    -0.0937,    -0.2687,    -0.0161,     0.0107
   12.0000,     1.0000,     0.5498,     0.0000,    20.2500,    -1.8909,     0.1513,    -0.0945,    -0.2761,    -0.0166,     0.0110
   12.0000,     1.0000,     0.5498,     0.0000,    20.5000,    -1.9051,     0.1524,    -0.0953,    -0.2837,    -0.0170,     0.0113
   12.0000,     1.0000,     0.5498,     0.0000,    20.7500,    -1.9171,     0.1534,    -0.0959,    -0.2917,    -0.0175,     0.0117
   12.0000,     1.0000,     0.5498,     0.0000,    21.0000,    -1.9269,     0.1542,    -0.0963,    -0.2999,    -0.0180,     0.0120
   12.0000,     1.0000,     0.5498,     0.0000,    21.2500,    -1.9342,     0.1547,    -0.0967,    -0.3083,    -0.0185,     0.0123
   12.0000,     1.0000,     0.5498,     0.0000,    21.5000,    -1.9390,     0.1551,    -0.0970,    -0.3167,    -0.0190,     0.0127
   12.0000,     1.0000,     0.5498,     0.0000,    21.7500,    -1.9411,     0.1553,    -0.0971,    -0.3251,    -0.0195,     0.0130
   12.0000,     1.0000,     0.5498,     0.0000,    22.0000,    -1.9406,     0.1552,    -0.0970,    -0.3335,    -0.0200,     0.0133
   12.0000,     1.0000,     0.5498,     0.0000,    22.2500,    -1.9374,     0.1550,    -0.0969,    -0.3416,    -0.0205,     0.0137
   12.0000,     1.0000,     0.5498,     0.0000,    22.5000,    -1.9316,     0.1545,    -0.0966,    -0.3495,    -0.0210,     0.0140
   12.0000,     1.0000,     0.5498,     0.0000,    22.7500,    -1.9233,     0.1539,    -0.0962,    -0.3572,    -0.0214,     0.0143
   12.0000,     1.0000,     0.5498,     0.0000,    23.0000,    -1.9126,     0.1530,    -0.0956,    -0.3647,    -0.0219,     0.0146
   12.0000,     1.0000,     0.5498,     0.0000,    23.2500,    -1.8998,     0.1520,    -0.0950,    -0.3719,    -0.0223,     0.0149
   12.0000,     1.0000,     0.5498,     0.0000,    23.5000,    -1.8851,     0.1508,    -0.0943,    -0.3790,    -0.0227,     0.0152
   12.0000,     1.0000,     0.5498,     0.0000,    23.7500,    -1.8688,     0.1495,    -0.0934,    -0.3858,    -0.0231,     0.0154
   12.0000,     1.0000,     0.5498,     0.0000,    24.0000,    -1.8510,     0.1481,    -0.0926,    -0.3924,    -0.0235,     0.0157
   12.0000,     1.0000,     0.5498,     0.0000,    24.2500,    -1.8322,     0.1466,    -0.0916,    -0.3989,    -0.0239,     0.0160
   12.0000,     1.0000,     0.5498,     0.0000,    24.5000,    -1.8127,     0.1450,    -0.0906,    -0.4053,    -0.0243,     0.0162
   12.0000,     1.0000,     0.5498,     0.0000,    24.7500,    -1.7927,     0.1434,    -0.0896,    -0.4117,    -0.0247,     0.0165
   12.2500,     1.0000,     0.5386,     0.0000,    -1.0000,     1.1278,    -0.0902,     0.0564,     0.0262,     0.0016,    -0.0010
   12.2500,     1.0000,     0.5386,     0.0000,    -0.7500,     1.0985,    -0.0879,     0.0549,     0.0271,     0.0016,    -0.0011
   12.2500,     1.0000,     0.5386,     0.0000,    -0.5000,     1.0692,    -0.0855,     0.0535,     0.0279,     0.0017,    -0.0011
   12.2500,     1.0000,     0.5386,     0.0000,    -0.2500,     1.0400,    -0.0832,     0.0520,     0.0286,     0.0017,    -0.0011
   12.2500,     1.0000,     0.5386,     0.0000,     0.0000,     1.0108,    -0.0809,     0.0505,     0.0293,     0.0018,    -0.0012
   12.2500,     1.0000,     0.5386,     0.0000,     0.2500,     0.9819,    -0.0786,     0.0491,     0.0298,     0.0018,    -0.0012
   12.2500,     1.0000,     0.5386,     0.0000,     0.5000,     0.9531,    -0.0762,     0.0477,     0.0303,     0.0018,    -0.0012
   12.2500,     1.0000,     0.5386,     0.0000,     0.7500,     0.9245,    -0.0740,     0.0462,     0.0307,     0.0018,    -0.0012
   12.2500,     1.0000,     0.5386,     0.0000,     1.0000,     0.8959,    -0.0717,     0.0448,     0.0310,     0.0019,    -0.0012
   12.2500,     1.0000,     0.5386,     0.0000,     1.2500,     0.8675,    -0.0694,     0.0434,     0.0312,     0.0019,    -0.0012
   12.2500,     1.0000,     0.5386,     0.0000,     1.5000,     0.8390,    -0.0671,     0.0420,     0.0314,     0.0019,    -0.0013
   12.2500,     1.0000,     0.5386,     0.0000,     1.7500,     0.8103,    -0.0648,     0.0405,     0.0314,     0.0019,    -0.0013
   12.2500,     1.0000,     0.5386,     0.0000,     2.0000,     0.7812,    -0.0625,     0.0391,     0.0312,     0.0019,    -0.0012
   12.2500,     1.0000,     0.5386,     0.0000,     2.2500,     0.7517,    -0.0601,     0.0376,     0.0310,     0.0019,    -0.0012
   12.2500,     1.0000,     0.5386,     0.0000,     2.5000,     0.7214,    -0.0577,     0.0361,     0.0305,     0.0018,    -0.0012
   12.2500,     1.0000,     0.5386,     0.0000,     2.7500,     0.6905,    -0.0552,     0.0345,     0.0299,     0.0018,    -0.0012
   12.2500,     1.0000,     0.5386,     0.0000,     3.0000,     0.6588,    -0.0527,     0.0329,     0.0292,     0.0018,    -0.0012
   12.2500,     1.0000,     0.5386,     0.0000,     3.2500,     0.6261,    -0.0501,     0.0313,     0.0282,     0.0017,    -0.0011
   12.2500,     1.0000,     0.5386,     0.0000,     3.5000,     0.5925,    -0.0474,     0.0296,     0.0270,     0.0016,    -0.0011
   12.2500,     1.0000,     0.5386,     0.0000,     3.7500,     0.5578,    -0.0446,     0.0279,     0.0256,     0.0015,    -0.0010
   12.2500,     1.0000,     0.5386,     0.0000,     4.0000,     0.5221,    -0.0418,     0.0261,     0.0240,     0.0014,    -0.0010
   12.2500,     1.0000,     0.5386,     0.0000,     4.2500,     0.4854,    -0.0388,     0.0243,     0.0222,     0.0013,    -0.0009
   12.2500,     1.0000,     0.5386,     0.0000,     4.5000,     0.4478,    -0.0358,     0.0224,     0.0202,     0.0012,    -0.0008
   12.2500,     1.0000,     0.5386,     0.0000,     4.7500,     0.4095,    -0.0328,     0.0205,     0.0180,     0.0011,    -0.0007
   12.2500,     1.0000,     0.5386,     0.0000,     5.0000,     0.3705,    -0.0296,     0.0185,     0.0157,     0.0009,    -0.0006
   12.2500,     1.0000,     0.5386,     0.0000,     5.2500,     0.3309,    -0.0265,     0.0165,     0.0132,     0.0008,    -0.0005
   12.2500,     1.0000,     0.5386,     0.0000,     5.5000,     0.2907,    -0.0233,     0.0145,     0.0105,     0.0006,    -0.0004
   12.2500,     1.0000,     0.5386,     0.0000,     5.7500,     0.2501,    -0.0200,     0.0125,     0.0077,     0.0005,    -0.0003
   12.2500,     1.0000,     0.5386,     0.0000,     6.0000,     0.2090,    -0.0167,     0.0105,     0.0047,     0.0003,    -0.0002
   12.2500,     1.0000,     0.5386,     0.0000,     6.2500,     0.1676,    -0.0134,     0.0084,     0.0016,     0.0001,    -0.0001
   12.2500,     1.0000,     0.5386,     0.0000,     6.5000,     0.1259,    -0.0101,     0.0063,    -0.0016,    -0.0001,     0.0001
   12.2500,     1.0000,     0.5386,     0.0000,     6.7500,     0.0838,    -0.0067,     0.0042,    -0.0049,    -0.0003,     0.0002
   12.2500,     1.0000,     0.5386,     0.0000,     7.0000,     0.0415,    -0.0033,     0.0021,    -0.0084,    -0.0005,     0.0003
   12.2500,     1.0000,     0.5386,     0.0000,     7.2500,    -0.0011,     0.0001,    -0.0001,    -0.0120,    -0.0007,     0.0005
   12.2500,     1.0000,     0.5386,     0.0000,     7.5000,    -0.0440,     0.0035,    -0.0022,    -0.0156,    -0.0009,     0.0006
   12.2500,     1.0000,     0.5386,     0.0000,     7.7500,    -0.0872,     0.0070,    -0.0044,    -0.0194,    -0.0012,     0.0008
   12.2500,     1.0000,     0.5386,     0.0000,     8.0000,    -0.1307,     0.0105,    -0.0065,    -0.0233,    -0.0014,     0.0009
   12.2500,     1.0000,     0.5386,     0.0000,     8.2500,    -0.1745,     0.0140,    -0.0087,    -0.0274,    -0.0016,     0.0011
   12.2500,     1.0000,     0.5386,     0.0000,     8.5000,    -0.2186,     0.0175,    -0.0109,    -0.0315,    -0.0019,     0.0013
   12.2500,     1.0000,     0.5386,     0.0000,     8.7500,    -0.2628,     0.0210,    -0.0131,    -0.0357,    -0.0021,     0.0014
   12.2500,     1.0000,     0.5386,     0.0000,     9.0000,    -0.3073,     0.0246,    -0.0154,    -0.0400,    -0.0024,     0.0016
   12.2500,     1.0000,     0.5386,     0.0000,     9.2500,    -0.3521,     0.0282,    -0.0176,    -0.0444,    -0.0027,     0.0018
   12.2500,     1.0000,     0.5386,     0.0000,     9.5000,    -0.3970,     0.0318,    -0.0199,    -0.0489,    -0.0029,     0.0020
   12.2500,     1.0000,     0.5386,     0.0000,     9.7500,    -0.4421,     0.0354,    -0.0221,    -0.0535,    -0.0032,     0.0021
   12.2500,     1.0000,     0.5386,     0.0000,    10.0000,    -0.4873,     0.0390,    -0.0244,    -0.0583,    -0.0035,     0.0023
   12.2500,     1.0000,     0.5386,     0.0000,    10.2500,    -0.5327,     0.0426,    -0.0266,    -0.0631,    -0.0038,     0.0025
   12.2500,     1.0000,     0.5386,     0.0000,    10.5000,    -0.5782,     0.0463,    -0.0289,    -0.0680,    -0.0041,     0.0027
   12.2500,     1.0000,     0.5386,     0.0000,    10.7500,    -0.6237,     0.0499,    -0.0312,    -0.0730,    -0.0044,     0.0029
   12.2500,     1.0000,     0.5386,     0.0000,    11.0000,    -0.6693,     0.0535,    -0.0335,    -0.0781,    -0.0047,     0.0031
   12.2500,     1.0000,     0.5386,     0.0000,    11.2500,    -0.7147,     0.0572,    -0.0357,    -0.0833,    -0.0050,     0.0033
   12.2500,     1.0000,     0.5386,     0.0000,    11.5000,    -0.7601,     0.0608,    -0.0380,    -0.0886,    -0.0053,     0.0035
   12.2500,     1.0000,     0.5386,     0.0000,    11.7500,    -0.8054,     0.0644,    -0.0403,    -0.0939,    -0.0056,     0.0038
   12.2500,     1.0000,     0.5386,     0.0000,    12.0000,    -0.8504,     0.0680,    -0.0425,    -0.0994,    -0.0060,     0.0040
   12.2500,     1.0000,     0.5386,     0.0000,    12.2500,    -0.8952,     0.0716,    -0.0448,    -0.1049,    -0.0063,     0.0042
   12.2500,     1.0000,     0.5386,     0.0000,    12.5000,    -0.9396,     0.0752,    -0.0470,    -0.1105,    -0.0066,     0.0044
   12.2500,     1.0000,     0.5386,     0.0000,    12.7500,    -0.9837,     0.0787,    -0.0492,    -0.1161,    -0.0070,     0.0046
   12.2500,     1.0000,     0.5386,     0.0000,    13.0000,    -1.0274,     0.0822,    -0.0514,    -0.1218,    -0.0073,     0.0049
   12.2500,     1.0000,     0.5386,     0.0000,    13.2500,    -1.0705,     0.0856,    -0.0535,    -0.1276,    -0.0077,     0.0051
   12.2500,     1.0000,     0.5386,     0.0000,    13.5000,    -1.1132,     0.0891,    -0.0557,    -0.1334,    -0.0080,     0.0053
   12.2500,     1.0000,     0.5386,     0.0000,    13.7500,    -1.1553,     0.0924,    -0.0578,    -0.1392,    -0.0084,     0.0056
   12.2500,     1.0000,     0.5386,     0.0000,    14.0000,    -1.1969,     0.0958,    -0.0598,    -0.1451,    -0.0087,     0.0058
   12.2500,     1.0000,     0.5386,     0.0000,    14.2500,    -1.2379,     0.0990,    -0.0619,    -0.1510,    -0.0091,     0.0060
   12.2500,     1.0000,     0.5386,     0.0000,    14.5000,    -1.2782,     0.1023,    -0.0639,    -0.1570,    -0.0094,     0.0063
   12.2500,     1.0000,     0.5386,     0.0000,    14.7500,    -1.3179,     0.1054,    -0.0659,    -0.1629,    -0.0098,     0.0065
   12.2500,     1.0000,     0.5386,     0.0000,    15.0000,    -1.3570,     0.1086,    -0.0679,    -0.1687,    -0.0101,     0.0067
   12.2500,     1.0000,     0.5386,     0.0000,    15.2500,    -1.3955,     0.1116,    -0.0698,    -0.1745,    -0.0105,     0.0070
   12.2500,     1.0000,     0.5386,     0.0000,    15.5000,    -1.4333,     0.1147,    -0.0717,    -0.1802,    -0.0108,     0.0072
   12.2500,     1.0000,     0.5386,     0.0000,    15.7500,    -1.4705,     0.1176,    -0.0735,    -0.1857,    -0.0111,     0.0074
   12.2500,     1.0000,     0.5386,     0.0000,    16.0000,    -1.5070,     0.1206,    -0.0754,    -0.1912,    -0.0115,     0.0076
   12.2500,     1.0000,     0.5386,     0.0000,    16.2500,    -1.5428,     0.1234,    -0.0771,    -0.1964,    -0.0118,     0.0079
   12.2500,     1.0000,     0.5386,     0.0000,    16.5000,    -1.5780,     0.1262,    -0.0789,    -0.2015,    -0.0121,     0.0081
   12.2500,     1.0000,     0.5386,     0.0000,    16.7500,    -1.6123,     0.1290,    -0.0806,    -0.2065,    -0.0124,     0.0083
   12.2500,     1.0000,     0.5386,     0.0000,    17.0000,    -1.6458,     0.1317,    -0.0823,    -0.2114,    -0.0127,     0.0085
   12.2500,     1.0000,     0.5386,     0.0000,    17.2500,    -1.6785,     0.1343,    -0.0839,    -0.2163,    -0.0130,     0.0087
   12.2500,     1.0000,     0.5386,     0.0000,    17.5000,    -1.7103,     0.1368,    -0.0855,    -0.2212,    -0.0133,     0.0088
   12.2500,     1.0000,     0.5386,     0.0000,    17.7500,    -1.7411,     0.1393,    -0.0871,    -0.2261,    -0.0136,     0.0090
   12.2500,     1.0000,     0.5386,     0.0000,    18.0000,    -1.7708,     0.1417,    -0.0885,    -0.2311,    -0.0139,     0.0092
   12.2500,     1.0000,     0.5386,     0.0000,    18.2500,    -1.7994,     0.1440,    -0.0900,    -0.2363,    -0.0142,     0.0095
   12.2500,     1.0000,     0.5386,     0.0000,    18.5000,    -1.8268,     0.1461,    -0.0913,    -0.2417,    -0.0145,     0.0097
   12.2500,     1.0000,     0.5386,     0.0000,    18.7500,    -1.8529,     0.1482,    -0.0926,    -0.2474,    -0.0148,     0.0099
   12.2500,     1.0000,     0.5386,     0.0000,    19.0000,    -1.8777,     0.1502,    -0.0939,    -0.2533,    -0.0152,     0.0101
   12.2500,     1.0000,     0.5386,     0.0000,    19.2500,    -1.9009,     0.1521,    -0.0950,    -0.2596,    -0.0156,     0.0104
   12.2500,     1.0000,     0.5386,     0.0000,    19.5000,    -1.9226,     0.1538,    -0.0961,    -0.2662,    -0.0160,     0.0106
   12.2500,     1.0000,     0.5386,     0.0000,    19.7500,    -1.9425,     0.1554,    -0.0971,    -0.2732,    -0.0164,     0.0109
   12.2500,     1.0000,     0.5386,     0.0000,    20.0000,    -1.9605,     0.1568,    -0.0980,    -0.2805,    -0.0168,     0.0112
   12.2500,     1.0000,     0.5386,     0.0000,    20.2500,    -1.9765,     0.1581,    -0.0988,    -0.2882,    -0.0173,     0.0115
   12.2500,     1.0000,     0.5386,     0.0000,    20.5000,    -1.9904,     0.1592,    -0.0995,    -0.2963,    -0.0178,     0.0119
   12.2500,     1.0000,     0.5386,     0.0000,    20.7500,    -2.0020,     0.1602,    -0.1001,    -0.3047,    -0.0183,     0.0122
   12.2500,     1.0000,     0.5386,     0.0000,    21.0000,    -2.0111,     0.1609,    -0.1006,    -0.3133,    -0.0188,     0.0125
   12.2500,     1.0000,     0.5386,     0.0000,    21.2500,    -2.0177,     0.1614,    -0.1009,    -0.3220,    -0.0193,     0.0129
   12.2500,     1.0000,     0.5386,     0.0000,    21.5000,    -2.0215,     0.1617,    -0.1011,    -0.3308,    -0.0198,     0.0132
   12.2500,     1.0000,     0.5386,     0.0000,    21.7500,    -2.0226,     0.1618,    -0.1011,    -0.3396,    -0.0204,     0.0136
   12.2500,     1.0000,     0.5386,     0.0000,    22.0000,    -2.0210,     0.1617,    -0.1011,    -0.3482,    -0.0209,     0.0139
   12.2500,     1.0000,     0.5386,     0.0000,    22.2500,    -2.0165,     0.1613,    -0.1008,    -0.3566,    -0.0214,     0.0143
   12.2500,     1.0000,     0.5386,     0.0000,    22.5000,    -2.0094,     0.1608,    -0.1005,    -0.3647,    -0.0219,     0.0146
   12.2500,     1.0000,     0.5386,     0.0000,    22.7500,    -1.9997,     0.1600,    -0.1000,    -0.3727,    -0.0224,     0.0149
   12.2500,     1.0000,     0.5386,     0.0000,    23.0000,    -1.9877,     0.1590,    -0.0994,    -0.3803,    -0.0228,     0.0152
   12.2500,     1.0000,     0.5386,     0.0000,    23.2500,    -1.9735,     0.1579,    -0.0987,    -0.3878,    -0.0233,     0.0155
   12.2500,     1.0000,     0.5386,     0.0000,    23.5000,    -1.9574,     0.1566,    -0.0979,    -0.3950,    -0.0237,     0.0158
   12.2500,     1.0000,     0.5386,     0.0000,    23.7500,    -1.9397,     0.1552,    -0.0970,    -0.4021,    -0.0241,     0.0161
   12.2500,     1.0000,     0.5386,     0.0000,    24.0000,    -1.9207,     0.1537,    -0.0960,    -0.4090,    -0.0245,     0.0164
   12.2500,     1.0000,     0.5386,     0.0000,    24.2500,    -1.9007,     0.1521,    -0.0950,    -0.4157,    -0.0249,     0.0166
   12.2500,     1.0000,     0.5386,     0.0000,    24.5000,    -1.8800,     0.1504,    -0.0940,    -0.4223,    -0.0253,     0.0169
   12.2500,     1.0000,     0.5386,     0.0000,    24.7500,    -1.8591,     0.1487,    -0.0930,    -0.4289,    -0.0257,     0.0172
   12.5000,     1.0000,     0.5278,     0.0000,    -1.0000,     1.1423,    -0.0914,     0.0571,     0.0247,     0.0015,    -0.0010
   12.5000,     1.0000,     0.5278,     0.0000,    -0.7500,     1.1120,    -0.0890,     0.0556,     0.0256,     0.0015,    -0.0010
   12.5000,     1.0000,     0.5278,     0.0000,    -0.5000,     1.0816,    -0.0865,     0.0541,     0.0265,     0.0016,    -0.0011
   12.5000,     1.0000,     0.5278,     0.0000,    -0.2500,     1.0512,    -0.0841,     0.0526,     0.0272,     0.0016,    -0.0011
   12.5000,     1.0000,     0.5278,     0.0000,     0.0000,     1.0209,    -0.0817,     0.0510,     0.0278,     0.0017,    -0.0011
   12.5000,     1.0000,     0.5278,     0.0000,     0.2500,     0.9908,    -0.0793,     0.0495,     0.0284,     0.0017,    -0.0011
   12.5000,     1.0000,     0.5278,     0.0000,     0.5000,     0.9610,    -0.0769,     0.0481,     0.0289,     0.0017,    -0.0012
   12.5000,     1.0000,     0.5278,     0.0000,     0.7500,     0.9312,    -0.0745,     0.0466,     0.0293,     0.0018,    -0.0012
   12.5000,     1.0000,     0.5278,     0.0000,     1.0000,     0.9016,    -0.0721,     0.0451,     0.0296,     0.0018,    -0.0012
   12.5000,     1.0000,     0.5278,     0.0000,     1.2500,     0.8721,    -0.0698,     0.0436,     0.0298,     0.0018,    -0.0012
   12.5000,     1.0000,     0.5278,     0.0000,     1.5000,     0.8426,    -0.0674,     0.0421,     0.0299,     0.0018,    -0.0012
   12.5000,     1.0000,     0.5278,     0.0000,     1.7500,     0.8129,    -0.0650,     0.0406,     0.0300,     0.0018,    -0.0012
   12.5000,     1.0000,     0.5278,     0.0000,     2.0000,     0.7829,    -0.0626,     0.0391,     0.0298,     0.0018,    -0.0012
   12.5000,     1.0000,     0.5278,     0.0000,     2.2500,     0.7523,    -0.0602,     0.0376,     0.0295,     0.0018,    -0.0012
   12.5000,     1.0000,     0.5278,     0.0000,     2.5000,     0.7212,    -0.0577,     0.0361,     0.0291,     0.0017,    -0.0012
   12.5000,     1.0000,     0.5278,     0.0000,     2.7500,     0.6893,    -0.0551,     0.0345,     0.0285,     0.0017,    -0.0011
   12.5000,     1.0000,     0.5278,     0.0000,     3.0000,     0.6565,    -0.0525,     0.0328,     0.0277,     0.0017,    -0.0011
   12.5000,     1.0000,     0.5278,     0.0000,     3.2500,     0.6229,    -0.0498,     0.0311,     0.0267,     0.0016,    -0.0011
   12.5000,     1.0000,     0.5278,     0.0000,     3.5000,     0.5882,    -0.0471,     0.0294,     0.0255,     0.0015,    -0.0010
   12.5000,     1.0000,     0.5278,     0.0000,     3.7500,     0.5525,    -0.0442,     0.0276,     0.0241,     0.0014,    -0.0010
   12.5000,     1.0000,     0.5278,     0.0000,     4.0000,     0.5156,    -0.0412,     0.0258,     0.0224,     0.0013,    -0.0009
   12.5000,     1.0000,     0.5278,     0.0000,     4.2500,     0.4776,    -0.0382,     0.0239,     0.0206,     0.0012,    -0.0008
   12.5000,     1.0000,     0.5278,     0.0000,     4.5000,     0.4387,    -0.0351,     0.0219,     0.0185,     0.0011,    -0.0007
   12.5000,     1.0000,     0.5278,     0.0000,     4.7500,     0.3991,    -0.0319,     0.0200,     0.0163,     0.0010,    -0.0007
   12.5000,     1.0000,     0.5278,     0.0000,     5.0000,     0.3587,    -0.0287,     0.0179,     0.0139,     0.0008,    -0.0006
   12.5000,     1.0000,     0.5278,     0.0000,     5.2500,     0.3176,    -0.0254,     0.0159,     0.0113,     0.0007,    -0.0005
   12.5000,     1.0000,     0.5278,     0.0000,     5.5000,     0.2760,    -0.0221,     0.0138,     0.0086,     0.0005,    -0.0003
   12.5000,     1.0000,     0.5278,     0.0000,     5.7500,     0.2339,    -0.0187,     0.0117,     0.0057,     0.0003,    -0.0002
   12.5000,     1.0000,     0.5278,     0.0000,     6.0000,     0.1913,    -0.0153,     0.0096,     0.0026,     0.0002,    -0.0001
   12.5000,     1.0000,     0.5278,     0.0000,     6.2500,     0.1483,    -0.0119,     0.0074,    -0.0006,    -0.0000,     0.0000
   12.5000,     1.0000,     0.5278,     0.0000,     6.5000,     0.1051,    -0.0084,     0.0053,    -0.0039,    -0.0002,     0.0002
   12.5000,     1.0000,     0.5278,     0.0000,     6.7500,     0.0615,    -0.0049,     0.0031,    -0.0073,    -0.0004,     0.0003
   12.5000,     1.0000,     0.5278,     0.0000,     7.0000,     0.0176,    -0.0014,     0.0009,    -0.0109,    -0.0007,     0.0004
   12.5000,     1.0000,     0.5278,     0.0000,     7.2500,    -0.0266,     0.0021,    -0.0013,    -0.0146,    -0.0009,     0.0006
   12.5000,     1.0000,     0.5278,     0.0000,     7.5000,    -0.0712,     0.0057,    -0.0036,    -0.0184,    -0.0011,     0.0007
   12.5000,     1.0000,     0.5278,     0.0000,     7.7500,    -0.1160,     0.0093,    -0.0058,    -0.0223,    -0.0013,     0.0009
   12.5000,     1.0000,     0.5278,     0.0000,     8.0000,    -0.1612,     0.0129,    -0.0081,    -0.0264,    -0.0016,     0.0011
   12.5000,     1.0000,     0.5278,     0.0000,     8.2500,    -0.2067,     0.0165,    -0.0103,    -0.0305,    -0.0018,     0.0012
   12.5000,     1.0000,     0.5278,     0.0000,     8.5000,    -0.2524,     0.0202,    -0.0126,    -0.0347,    -0.0021,     0.0014
   12.5000,     1.0000,     0.5278,     0.0000,     8.7500,    -0.2984,     0.0239,    -0.0149,    -0.0391,    -0.0023,     0.0016
   12.5000,     1.0000,     0.5278,     0.0000,     9.0000,    -0.3446,     0.0276,    -0.0172,    -0.0436,    -0.0026,     0.0017
   12.5000,     1.0000,     0.5278,     0.0000,     9.2500,    -0.3910,     0.0313,    -0.0196,    -0.0481,    -0.0029,     0.0019
   12.5000,     1.0000,     0.5278,     0.0000,     9.5000,    -0.4377,     0.0350,    -0.0219,    -0.0528,    -0.0032,     0.0021
   12.5000,     1.0000,     0.5278,     0.0000,     9.7500,    -0.4845,     0.0388,    -0.0242,    -0.0576,    -0.0035,     0.0023
   12.5000,     1.0000,     0.5278,     0.0000,    10.0000,    -0.5315,     0.0425,    -0.0266,    -0.0624,    -0.0037,     0.0025
   12.5000,     1.0000,     0.5278,     0.0000,    10.2500,    -0.5786,     0.0463,    -0.0289,    -0.0674,    -0.0040,     0.0027
   12.5000,     1.0000,     0.5278,     0.0000,    10.5000,    -0.6258,     0.0501,    -0.0313,    -0.0725,    -0.0043,     0.0029
   12.5000,     1.0000,     0.5278,     0.0000,    10.7500,    -0.6730,     0.0538,    -0.0337,    -0.0777,    -0.0047,     0.0031
   12.5000,     1.0000,     0.5278,     0.0000,    11.0000,    -0.7202,     0.0576,    -0.0360,    -0.0830,    -0.0050,     0.0033
   12.5000,     1.0000,     0.5278,     0.0000,    11.2500,    -0.7673,     0.0614,    -0.0384,    -0.0883,    -0.0053,     0.0035
   12.5000,     1.0000,     0.5278,     0.0000,    11.5000,    -0.8143,     0.0651,    -0.0407,    -0.0938,    -0.0056,     0.0038
   12.5000,     1.0000,     0.5278,     0.0000,    11.7500,    -0.8611,     0.0689,    -0.0431,    -0.0993,    -0.0060,     0.0040
   12.5000,     1.0000,     0.5278,     0.0000,    12.0000,    -0.9077,     0.0726,    -0.0454,    -0.1050,    -0.0063,     0.0042
   12.5000,     1.0000,     0.5278,     0.0000,    12.2500,    -0.9540,     0.0763,    -0.0477,    -0.1106,    -0.0066,     0.0044
   12.5000,     1.0000,     0.5278,     0.0000,    12.5000,    -0.9999,     0.0800,    -0.0500,    -0.1164,    -0.0070,     0.0047
   12.5000,     1.0000,     0.5278,     0.0000,    12.7500,    -1.0455,     0.0836,    -0.0523,    -0.1222,    -0.0073,     0.0049
   12.5000,     1.0000,     0.5278,     0.0000,    13.0000,    -1.0905,     0.0872,    -0.0545,    -0.1281,    -0.0077,     0.0051
   12.5000,     1.0000,     0.5278,     0.0000,    13.2500,    -1.1351,     0.0908,    -0.0568,    -0.1341,    -0.0080,     0.0054
   12.5000,     1.0000,     0.5278,     0.0000,    13.5000,    -1.1791,     0.0943,    -0.0590,    -0.1401,    -0.0084,     0.0056
   12.5000,     1.0000,     0.5278,     0.0000,    13.7500,    -1.2225,     0.0978,    -0.0611,    -0.1461,    -0.0088,     0.0058
   12.5000,     1.0000,     0.5278,     0.0000,    14.0000,    -1.2653,     0.1012,    -0.0633,    -0.1522,    -0.0091,     0.0061
   12.5000,     1.0000,     0.5278,     0.0000,    14.2500,    -1.3076,     0.1046,    -0.0654,    -0.1583,    -0.0095,     0.0063
   12.5000,     1.0000,     0.5278,     0.0000,    14.5000,    -1.3492,     0.1079,    -0.0675,    -0.1644,    -0.0099,     0.0066
   12.5000,     1.0000,     0.5278,     0.0000,    14.7500,    -1.3901,     0.1112,    -0.0695,    -0.1705,    -0.0102,     0.0068
   12.5000,     1.0000,     0.5278,     0.0000,    15.0000,    -1.4304,     0.1144,    -0.0715,    -0.1765,    -0.0106,     0.0071
   12.5000,     1.0000,     0.5278,     0.0000,    15.2500,    -1.4701,     0.1176,    -0.0735,    -0.1824,    -0.0109,     0.0073
   12.5000,     1.0000,     0.5278,     0.0000,    15.5000,    -1.5091,     0.1207,    -0.0755,    -0.1882,    -0.0113,     0.0075
   12.5000,     1.0000,     0.5278,     0.0000,    15.7500,    -1.5474,     0.1238,    -0.0774,    -0.1938,    -0.0116,     0.0078
   12.5000,     1.0000,     0.5278,     0.0000,    16.0000,    -1.5850,     0.1268,    -0.0793,    -0.1993,    -0.0120,     0.0080
   12.5000,     1.0000,     0.5278,     0.0000,    16.2500,    -1.6219,     0.1298,    -0.0811,    -0.2047,    -0.0123,     0.0082
   12.5000,     1.0000,     0.5278,     0.0000,    16.5000,    -1.6581,     0.1326,    -0.0829,    -0.2099,    -0.0126,     0.0084
   12.5000,     1.0000,     0.5278,     0.0000,    16.7500,    -1.6934,     0.1355,    -0.0847,    -0.2150,    -0.0129,     0.0086
   12.5000,     1.0000,     0.5278,     0.0000,    17.0000,    -1.7279,     0.1382,    -0.0864,    -0.2200,    -0.0132,     0.0088
   12.5000,     1.0000,     0.5278,     0.0000,    17.2500,    -1.7614,     0.1409,    -0.0881,    -0.2251,    -0.0135,     0.0090
   12.5000,     1.0000,     0.5278,     0.0000,    17.5000,    -1.7940,     0.1435,    -0.0897,    -0.2301,    -0.0138,     0.0092
   12.5000,     1.0000,     0.5278,     0.0000,    17.7500,    -1.8255,     0.1460,    -0.0913,    -0.2352,    -0.0141,     0.0094
   12.5000,     1.0000,     0.5278,     0.0000,    18.0000,    -1.8559,     0.1485,    -0.0928,    -0.2405,    -0.0144,     0.0096
   12.5000,     1.0000,     0.5278,     0.0000,    18.2500,    -1.8852,     0.1508,    -0.0943,    -0.2459,    -0.0148,     0.0098
   12.5000,     1.0000,     0.5278,     0.0000,    18.5000,    -1.9131,     0.1530,    -0.0957,    -0.2516,    -0.0151,     0.0101
   12.5000,     1.0000,     0.5278,     0.0000,    18.7500,    -1.9397,     0.1552,    -0.0970,    -0.2576,    -0.0155,     0.0103
   12.5000,     1.0000,     0.5278,     0.0000,    19.0000,    -1.9647,     0.1572,    -0.0982,    -0.2639,    -0.0158,     0.0106
   12.5000,     1.0000,     0.5278,     0.0000,    19.2500,    -1.9882,     0.1591,    -0.0994,    -0.2705,    -0.0162,     0.0108
   12.5000,     1.0000,     0.5278,     0.0000,    19.5000,    -2.0100,     0.1608,    -0.1005,    -0.2774,    -0.0166,     0.0111
   12.5000,     1.0000,     0.5278,     0.0000,    19.7500,    -2.0299,     0.1624,    -0.1015,    -0.2848,    -0.0171,     0.0114
   12.5000,     1.0000,     0.5278,     0.0000,    20.0000,    -2.0479,     0.1638,    -0.1024,    -0.2926,    -0.0176,     0.0117
   12.5000,     1.0000,     0.5278,     0.0000,    20.2500,    -2.0637,     0.1651,    -0.1032,    -0.3007,    -0.0180,     0.0120
   12.5000,     1.0000,     0.5278,     0.0000,    20.5000,    -2.0772,     0.1662,    -0.1039,    -0.3092,    -0.0186,     0.0124
   12.5000,     1.0000,     0.5278,     0.0000,    20.7500,    -2.0882,     0.1671,    -0.1044,    -0.3180,    -0.0191,     0.0127
   12.5000,     1.0000,     0.5278,     0.0000,    21.0000,    -2.0967,     0.1677,    -0.1048,    -0.3270,    -0.0196,     0.0131
   12.5000,     1.0000,     0.5278,     0.0000,    21.2500,    -2.1024,     0.1682,    -0.1051,    -0.3361,    -0.0202,     0.0134
   12.5000,     1.0000,     0.5278,     0.0000,    21.5000,    -2.1053,     0.1684,    -0.1053,    -0.3452,    -0.0207,     0.0138
   12.5000,     1.0000,     0.5278,     0.0000,    21.7500,    -2.1054,     0.1684,    -0.1053,    -0.3543,    -0.0213,     0.0142
   12.5000,     1.0000,     0.5278,     0.0000,    22.0000,    -2.1025,     0.1682,    -0.1051,    -0.3631,    -0.0218,     0.0145
   12.5000,     1.0000,     0.5278,     0.0000,    22.2500,    -2.0968,     0.1677,    -0.1048,    -0.3718,    -0.0223,     0.0149
   12.5000,     1.0000,     0.5278,     0.0000,    22.5000,    -2.0883,     0.1671,    -0.1044,    -0.3802,    -0.0228,     0.0152
   12.5000,     1.0000,     0.5278,     0.0000,    22.7500,    -2.0772,     0.1662,    -0.1039,    -0.3884,    -0.0233,     0.0155
   12.5000,     1.0000,     0.5278,     0.0000,    23.0000,    -2.0638,     0.1651,    -0.1032,    -0.3963,    -0.0238,     0.0159
   12.5000,     1.0000,     0.5278,     0.0000,    23.2500,    -2.0482,     0.1639,    -0.1024,    -0.4040,    -0.0242,     0.0162
   12.5000,     1.0000,     0.5278,     0.0000,    23.5000,    -2.0307,     0.1625,    -0.1015,    -0.4114,    -0.0247,     0.0165
   12.5000,     1.0000,     0.5278,     0.0000,    23.7500,    -2.0117,     0.1609,    -0.1006,    -0.4187,    -0.0251,     0.0167
   12.5000,     1.0000,     0.5278,     0.0000,    24.0000,    -1.9914,     0.1593,    -0.0996,    -0.4258,    -0.0255,     0.0170
   12.5000,     1.0000,     0.5278,     0.0000,    24.2500,    -1.9702,     0.1576,    -0.0985,    -0.4328,    -0.0260,     0.0173
   12.5000,     1.0000,     0.5278,     0.0000,    24.5000,    -1.9485,     0.1559,    -0.0974,    -0.4397,    -0.0264,     0.0176
   12.5000,     1.0000,     0.5278,     0.0000,    24.7500,    -1.9266,     0.1541,    -0.0963,    -0.4465,    -0.0268,     0.0179
   12.7500,     1.0000,     0.5174,     0.0000,    -1.0000,     1.1566,    -0.0925,     0.0578,     0.0233,     0.0014,    -0.0009
   12.7500,     1.0000,     0.5174,     0.0000,    -0.7500,     1.1253,    -0.0900,     0.0563,     0.0242,     0.0015,    -0.0010
   12.7500,     1.0000,     0.5174,     0.0000,    -0.5000,     1.0938,    -0.0875,     0.0547,     0.0250,     0.0015,    -0.0010
   12.7500,     1.0000,     0.5174,     0.0000,    -0.2500,     1.0623,    -0.0850,     0.0531,     0.0258,     0.0015,    -0.0010
   12.7500,     1.0000,     0.5174,     0.0000,     0.0000,     1.0308,    -0.0825,     0.0515,     0.0264,     0.0016,    -0.0011
   12.7500,     1.0000,     0.5174,     0.0000,     0.2500,     0.9996,    -0.0800,     0.0500,     0.0270,     0.0016,    -0.0011
   12.7500,     1.0000,     0.5174,     0.0000,     0.5000,     0.9686,    -0.0775,     0.0484,     0.0275,     0.0016,    -0.0011
   12.7500,     1.0000,     0.5174,     0.0000,     0.7500,     0.9378,    -0.0750,     0.0469,     0.0279,     0.0017,    -0.0011
   12.7500,     1.0000,     0.5174,     0.0000,     1.0000,     0.9070,    -0.0726,     0.0454,     0.0282,     0.0017,    -0.0011
   12.7500,     1.0000,     0.5174,     0.0000,     1.2500,     0.8765,    -0.0701,     0.0438,     0.0284,     0.0017,    -0.0011
   12.7500,     1.0000,     0.5174,     0.0000,     1.5000,     0.8460,    -0.0677,     0.0423,     0.0285,     0.0017,    -0.0011
   12.7500,     1.0000,     0.5174,     0.0000,     1.7500,     0.8153,    -0.0652,     0.0408,     0.0286,     0.0017,    -0.0011
   12.7500,     1.0000,     0.5174,     0.0000,     2.0000,     0.7842,    -0.0627,     0.0392,     0.0284,     0.0017,    -0.0011
   12.7500,     1.0000,     0.5174,     0.0000,     2.2500,     0.7527,    -0.0602,     0.0376,     0.0281,     0.0017,    -0.0011
   12.7500,     1.0000,     0.5174,     0.0000,     2.5000,     0.7206,    -0.0576,     0.0360,     0.0277,     0.0017,    -0.0011
   12.7500,     1.0000,     0.5174,     0.0000,     2.7500,     0.6877,    -0.0550,     0.0344,     0.0271,     0.0016,    -0.0011
   12.7500,     1.0000,     0.5174,     0.0000,     3.0000,     0.6540,    -0.0523,     0.0327,     0.0262,     0.0016,    -0.0010
   12.7500,     1.0000,     0.5174,     0.0000,     3.2500,     0.6193,    -0.0495,     0.0310,     0.0252,     0.0015,    -0.0010
   12.7500,     1.0000,     0.5174,     0.0000,     3.5000,     0.5836,    -0.0467,     0.0292,     0.0240,     0.0014,    -0.0010
   12.7500,     1.0000,     0.5174,     0.0000,     3.7500,     0.5467,    -0.0437,     0.0273,     0.0226,     0.0014,    -0.0009
   12.7500,     1.0000,     0.5174,     0.0000,     4.0000,     0.5086,    -0.0407,     0.0254,     0.0209,     0.0013,    -0.0008
   12.7500,     1.0000,     0.5174,     0.0000,     4.2500,     0.4694,    -0.0376,     0.0235,     0.0190,     0.0011,    -0.0008
   12.7500,     1.0000,     0.5174,     0.0000,     4.5000,     0.4292,    -0.0343,     0.0215,     0.0169,     0.0010,    -0.0007
   12.7500,     1.0000,     0.5174,     0.0000,     4.7500,     0.3882,    -0.0311,     0.0194,     0.0146,     0.0009,    -0.0006
   12.7500,     1.0000,     0.5174,     0.0000,     5.0000,     0.3463,    -0.0277,     0.0173,     0.0121,     0.0007,    -0.0005
   12.7500,     1.0000,     0.5174,     0.0000,     5.2500,     0.3038,    -0.0243,     0.0152,     0.0094,     0.0006,    -0.0004
   12.7500,     1.0000,     0.5174,     0.0000,     5.5000,     0.2607,    -0.0209,     0.0130,     0.0066,     0.0004,    -0.0003
   12.7500,     1.0000,     0.5174,     0.0000,     5.7500,     0.2171,    -0.0174,     0.0109,     0.0036,     0.0002,    -0.0001
   12.7500,     1.0000,     0.5174,     0.0000,     6.0000,     0.1730,    -0.0138,     0.0086,     0.0005,     0.0000,    -0.0000
   12.7500,     1.0000,     0.5174,     0.0000,     6.2500,     0.1285,    -0.0103,     0.0064,    -0.0028,    -0.0002,     0.0001
   12.7500,     1.0000,     0.5174,     0.0000,     6.5000,     0.0836,    -0.0067,     0.0042,    -0.0062,    -0.0004,     0.0002
   12.7500,     1.0000,     0.5174,     0.0000,     6.7500,     0.0385,    -0.0031,     0.0019,    -0.0098,    -0.0006,     0.0004
   12.7500,     1.0000,     0.5174,     0.0000,     7.0000,    -0.0070,     0.0006,    -0.0004,    -0.0135,    -0.0008,     0.0005
   12.7500,     1.0000,     0.5174,     0.0000,     7.2500,    -0.0529,     0.0042,    -0.0026,    -0.0173,    -0.0010,     0.0007
   12.7500,     1.0000,     0.5174,     0.0000,     7.5000,    -0.0991,     0.0079,    -0.0050,    -0.0212,    -0.0013,     0.0008
   12.7500,     1.0000,     0.5174,     0.0000,     7.7500,    -0.1457,     0.0117,    -0.0073,    -0.0252,    -0.0015,     0.0010
   12.7500,     1.0000,     0.5174,     0.0000,     8.0000,    -0.1925,     0.0154,    -0.0096,    -0.0294,    -0.0018,     0.0012
   12.7500,     1.0000,     0.5174,     0.0000,     8.2500,    -0.2397,     0.0192,    -0.0120,    -0.0337,    -0.0020,     0.0013
   12.7500,     1.0000,     0.5174,     0.0000,     8.5000,    -0.2872,     0.0230,    -0.0144,    -0.0381,    -0.0023,     0.0015
   12.7500,     1.0000,     0.5174,     0.0000,     8.7500,    -0.3349,     0.0268,    -0.0167,    -0.0425,    -0.0026,     0.0017
   12.7500,     1.0000,     0.5174,     0.0000,     9.0000,    -0.3828,     0.0306,    -0.0191,    -0.0471,    -0.0028,     0.0019
   12.7500,     1.0000,     0.5174,     0.0000,     9.2500,    -0.4310,     0.0345,    -0.0215,    -0.0519,    -0.0031,     0.0021
   12.7500,     1.0000,     0.5174,     0.0000,     9.5000,    -0.4794,     0.0384,    -0.0240,    -0.0567,    -0.0034,     0.0023
   12.7500,     1.0000,     0.5174,     0.0000,     9.7500,    -0.5280,     0.0422,    -0.0264,    -0.0616,    -0.0037,     0.0025
   12.7500,     1.0000,     0.5174,     0.0000,    10.0000,    -0.5767,     0.0461,    -0.0288,    -0.0667,    -0.0040,     0.0027
   12.7500,     1.0000,     0.5174,     0.0000,    10.2500,    -0.6256,     0.0500,    -0.0313,    -0.0718,    -0.0043,     0.0029
   12.7500,     1.0000,     0.5174,     0.0000,    10.5000,    -0.6745,     0.0540,    -0.0337,    -0.0771,    -0.0046,     0.0031
   12.7500,     1.0000,     0.5174,     0.0000,    10.7500,    -0.7234,     0.0579,    -0.0362,    -0.0824,    -0.0049,     0.0033
   12.7500,     1.0000,     0.5174,     0.0000,    11.0000,    -0.7723,     0.0618,    -0.0386,    -0.0879,    -0.0053,     0.0035
   12.7500,     1.0000,     0.5174,     0.0000,    11.2500,    -0.8211,     0.0657,    -0.0411,    -0.0934,    -0.0056,     0.0037
   12.7500,     1.0000,     0.5174,     0.0000,    11.5000,    -0.8697,     0.0696,    -0.0435,    -0.0991,    -0.0059,     0.0040
   12.7500,     1.0000,     0.5174,     0.0000,    11.7500,    -0.9181,     0.0734,    -0.0459,    -0.1048,    -0.0063,     0.0042
   12.7500,     1.0000,     0.5174,     0.0000,    12.0000,    -0.9663,     0.0773,    -0.0483,    -0.1106,    -0.0066,     0.0044
   12.7500,     1.0000,     0.5174,     0.0000,    12.2500,    -1.0141,     0.0811,    -0.0507,    -0.1165,    -0.0070,     0.0047
   12.7500,     1.0000,     0.5174,     0.0000,    12.5000,    -1.0615,     0.0849,    -0.0531,    -0.1224,    -0.0073,     0.0049
   12.7500,     1.0000,     0.5174,     0.0000,    12.7500,    -1.1085,     0.0887,    -0.0554,    -0.1284,    -0.0077,     0.0051
   12.7500,     1.0000,     0.5174,     0.0000,    13.0000,    -1.1550,     0.0924,    -0.0578,    -0.1345,    -0.0081,     0.0054
   12.7500,     1.0000,     0.5174,     0.0000,    13.2500,    -1.2009,     0.0961,    -0.0600,    -0.1406,    -0.0084,     0.0056
   12.7500,     1.0000,     0.5174,     0.0000,    13.5000,    -1.2463,     0.0997,    -0.0623,    -0.1468,    -0.0088,     0.0059
   12.7500,     1.0000,     0.5174,     0.0000,    13.7500,    -1.2910,     0.1033,    -0.0645,    -0.1531,    -0.0092,     0.0061
   12.7500,     1.0000,     0.5174,     0.0000,    14.0000,    -1.3352,     0.1068,    -0.0668,    -0.1594,    -0.0096,     0.0064
   12.7500,     1.0000,     0.5174,     0.0000,    14.2500,    -1.3787,     0.1103,    -0.0689,    -0.1656,    -0.0099,     0.0066
   12.7500,     1.0000,     0.5174,     0.0000,    14.5000,    -1.4216,     0.1137,    -0.0711,    -0.1719,    -0.0103,     0.0069
   12.7500,     1.0000,     0.5174,     0.0000,    14.7500,    -1.4638,     0.1171,    -0.0732,    -0.1782,    -0.0107,     0.0071
   12.7500,     1.0000,     0.5174,     0.0000,    15.0000,    -1.5053,     0.1204,    -0.0753,    -0.1843,    -0.0111,     0.0074
   12.7500,     1.0000,     0.5174,     0.0000,    15.2500,    -1.5462,     0.1237,    -0.0773,    -0.1904,    -0.0114,     0.0076
   12.7500,     1.0000,     0.5174,     0.0000,    15.5000,    -1.5864,     0.1269,    -0.0793,    -0.1963,    -0.0118,     0.0079
   12.7500,     1.0000,     0.5174,     0.0000,    15.7500,    -1.6258,     0.1301,    -0.0813,    -0.2020,    -0.0121,     0.0081
   12.7500,     1.0000,     0.5174,     0.0000,    16.0000,    -1.6646,     0.1332,    -0.0832,    -0.2076,    -0.0125,     0.0083
   12.7500,     1.0000,     0.5174,     0.0000,    16.2500,    -1.7026,     0.1362,    -0.0851,    -0.2131,    -0.0128,     0.0085
   12.7500,     1.0000,     0.5174,     0.0000,    16.5000,    -1.7398,     0.1392,    -0.0870,    -0.2184,    -0.0131,     0.0087
   12.7500,     1.0000,     0.5174,     0.0000,    16.7500,    -1.7762,     0.1421,    -0.0888,    -0.2236,    -0.0134,     0.0089
   12.7500,     1.0000,     0.5174,     0.0000,    17.0000,    -1.8116,     0.1449,    -0.0906,    -0.2288,    -0.0137,     0.0092
   12.7500,     1.0000,     0.5174,     0.0000,    17.2500,    -1.8460,     0.1477,    -0.0923,    -0.2340,    -0.0140,     0.0094
   12.7500,     1.0000,     0.5174,     0.0000,    17.5000,    -1.8794,     0.1504,    -0.0940,    -0.2392,    -0.0144,     0.0096
   12.7500,     1.0000,     0.5174,     0.0000,    17.7500,    -1.9117,     0.1529,    -0.0956,    -0.2445,    -0.0147,     0.0098
   12.7500,     1.0000,     0.5174,     0.0000,    18.0000,    -1.9427,     0.1554,    -0.0971,    -0.2500,    -0.0150,     0.0100
   12.7500,     1.0000,     0.5174,     0.0000,    18.2500,    -1.9725,     0.1578,    -0.0986,    -0.2558,    -0.0153,     0.0102
   12.7500,     1.0000,     0.5174,     0.0000,    18.5000,    -2.0010,     0.1601,    -0.1001,    -0.2617,    -0.0157,     0.0105
   12.7500,     1.0000,     0.5174,     0.0000,    18.7500,    -2.0280,     0.1622,    -0.1014,    -0.2680,    -0.0161,     0.0107
   12.7500,     1.0000,     0.5174,     0.0000,    19.0000,    -2.0534,     0.1643,    -0.1027,    -0.2746,    -0.0165,     0.0110
   12.7500,     1.0000,     0.5174,     0.0000,    19.2500,    -2.0771,     0.1662,    -0.1039,    -0.2816,    -0.0169,     0.0113
   12.7500,     1.0000,     0.5174,     0.0000,    19.5000,    -2.0990,     0.1679,    -0.1050,    -0.2889,    -0.0173,     0.0116
   12.7500,     1.0000,     0.5174,     0.0000,    19.7500,    -2.1189,     0.1695,    -0.1059,    -0.2967,    -0.0178,     0.0119
   12.7500,     1.0000,     0.5174,     0.0000,    20.0000,    -2.1367,     0.1709,    -0.1068,    -0.3049,    -0.0183,     0.0122
   12.7500,     1.0000,     0.5174,     0.0000,    20.2500,    -2.1523,     0.1722,    -0.1076,    -0.3134,    -0.0188,     0.0125
   12.7500,     1.0000,     0.5174,     0.0000,    20.5000,    -2.1653,     0.1732,    -0.1083,    -0.3224,    -0.0193,     0.0129
   12.7500,     1.0000,     0.5174,     0.0000,    20.7500,    -2.1758,     0.1741,    -0.1088,    -0.3316,    -0.0199,     0.0133
   12.7500,     1.0000,     0.5174,     0.0000,    21.0000,    -2.1836,     0.1747,    -0.1092,    -0.3410,    -0.0205,     0.0136
   12.7500,     1.0000,     0.5174,     0.0000,    21.2500,    -2.1885,     0.1751,    -0.1094,    -0.3504,    -0.0210,     0.0140
   12.7500,     1.0000,     0.5174,     0.0000,    21.5000,    -2.1904,     0.1752,    -0.1095,    -0.3599,    -0.0216,     0.0144
   12.7500,     1.0000,     0.5174,     0.0000,    21.7500,    -2.1893,     0.1751,    -0.1095,    -0.3692,    -0.0222,     0.0148
   12.7500,     1.0000,     0.5174,     0.0000,    22.0000,    -2.1852,     0.1748,    -0.1093,    -0.3784,    -0.0227,     0.0151
   12.7500,     1.0000,     0.5174,     0.0000,    22.2500,    -2.1782,     0.1743,    -0.1089,    -0.3873,    -0.0232,     0.0155
   12.7500,     1.0000,     0.5174,     0.0000,    22.5000,    -2.1683,     0.1735,    -0.1084,    -0.3960,    -0.0238,     0.0158
   12.7500,     1.0000,     0.5174,     0.0000,    22.7500,    -2.1559,     0.1725,    -0.1078,    -0.4044,    -0.0243,     0.0162
   12.7500,     1.0000,     0.5174,     0.0000,    23.0000,    -2.1410,     0.1713,    -0.1071,    -0.4125,    -0.0247,     0.0165
   12.7500,     1.0000,     0.5174,     0.0000,    23.2500,    -2.1240,     0.1699,    -0.1062,    -0.4204,    -0.0252,     0.0168
   12.7500,     1.0000,     0.5174,     0.0000,    23.5000,    -2.1051,     0.1684,    -0.1053,    -0.4281,    -0.0257,     0.0171
   12.7500,     1.0000,     0.5174,     0.0000,    23.7500,    -2.0848,     0.1668,    -0.1042,    -0.4356,    -0.0261,     0.0174
   12.7500,     1.0000,     0.5174,     0.0000,    24.0000,    -2.0632,     0.1651,    -0.1032,    -0.4430,    -0.0266,     0.0177
   12.7500,     1.0000,     0.5174,     0.0000,    24.2500,    -2.0408,     0.1633,    -0.1020,    -0.4502,    -0.0270,     0.0180
   12.7500,     1.0000,     0.5174,     0.0000,    24.5000,    -2.0181,     0.1614,    -0.1009,    -0.4574,    -0.0274,     0.0183
   12.7500,     1.0000,     0.5174,     0.0000,    24.7500,    -1.9953,     0.1596,    -0.0998,    -0.4645,    -0.0279,     0.0186
   13.0000,     1.0000,     0.5075,     0.0000,    -1.0000,     1.1708,    -0.0937,     0.0585,     0.0218,     0.0013,    -0.0009
   13.0000,     1.0000,     0.5075,     0.0000,    -0.7500,     1.1385,    -0.0911,     0.0569,     0.0228,     0.0014,    -0.0009
   13.0000,     1.0000,     0.5075,     0.0000,    -0.5000,     1.1060,    -0.0885,     0.0553,     0.0236,     0.0014,    -0.0009
   13.0000,     1.0000,     0.5075,     0.0000,    -0.2500,     1.0733,    -0.0859,     0.0537,     0.0244,     0.0015,    -0.0010
   13.0000,     1.0000,     0.5075,     0.0000,     0.0000,     1.0407,    -0.0833,     0.0520,     0.0250,     0.0015,    -0.0010
   13.0000,     1.0000,     0.5075,     0.0000,     0.2500,     1.0083,    -0.0807,     0.0504,     0.0256,     0.0015,    -0.0010
   13.0000,     1.0000,     0.5075,     0.0000,     0.5000,     0.9762,    -0.0781,     0.0488,     0.0261,     0.0016,    -0.0010
   13.0000,     1.0000,     0.5075,     0.0000,     0.7500,     0.9442,    -0.0755,     0.0472,     0.0265,     0.0016,    -0.0011
   13.0000,     1.0000,     0.5075,     0.0000,     1.0000,     0.9123,    -0.0730,     0.0456,     0.0268,     0.0016,    -0.0011
   13.0000,     1.0000,     0.5075,     0.0000,     1.2500,     0.8806,    -0.0704,     0.0440,     0.0271,     0.0016,    -0.0011
   13.0000,     1.0000,     0.5075,     0.0000,     1.5000,     0.8491,    -0.0679,     0.0425,     0.0272,     0.0016,    -0.0011
   13.0000,     1.0000,     0.5075,     0.0000,     1.7500,     0.8174,    -0.0654,     0.0409,     0.0272,     0.0016,    -0.0011
   13.0000,     1.0000,     0.5075,     0.0000,     2.0000,     0.7853,    -0.0628,     0.0393,     0.0270,     0.0016,    -0.0011
   13.0000,     1.0000,     0.5075,     0.0000,     2.2500,     0.7528,    -0.0602,     0.0376,     0.0267,     0.0016,    -0.0011
   13.0000,     1.0000,     0.5075,     0.0000,     2.5000,     0.7197,    -0.0576,     0.0360,     0.0263,     0.0016,    -0.0011
   13.0000,     1.0000,     0.5075,     0.0000,     2.7500,     0.6857,    -0.0549,     0.0343,     0.0256,     0.0015,    -0.0010
   13.0000,     1.0000,     0.5075,     0.0000,     3.0000,     0.6510,    -0.0521,     0.0326,     0.0248,     0.0015,    -0.0010
   13.0000,     1.0000,     0.5075,     0.0000,     3.2500,     0.6153,    -0.0492,     0.0308,     0.0238,     0.0014,    -0.0010
   13.0000,     1.0000,     0.5075,     0.0000,     3.5000,     0.5785,    -0.0463,     0.0289,     0.0225,     0.0013,    -0.0009
   13.0000,     1.0000,     0.5075,     0.0000,     3.7500,     0.5405,    -0.0432,     0.0270,     0.0210,     0.0013,    -0.0008
   13.0000,     1.0000,     0.5075,     0.0000,     4.0000,     0.5012,    -0.0401,     0.0251,     0.0193,     0.0012,    -0.0008
   13.0000,     1.0000,     0.5075,     0.0000,     4.2500,     0.4608,    -0.0369,     0.0230,     0.0174,     0.0010,    -0.0007
   13.0000,     1.0000,     0.5075,     0.0000,     4.5000,     0.4192,    -0.0335,     0.0210,     0.0152,     0.0009,    -0.0006
   13.0000,     1.0000,     0.5075,     0.0000,     4.7500,     0.3768,    -0.0301,     0.0188,     0.0128,     0.0008,    -0.0005
   13.0000,     1.0000,     0.5075,     0.0000,     5.0000,     0.3335,    -0.0267,     0.0167,     0.0103,     0.0006,    -0.0004
   13.0000,     1.0000,     0.5075,     0.0000,     5.2500,     0.2895,    -0.0232,     0.0145,     0.0075,     0.0004,    -0.0003
   13.0000,     1.0000,     0.5075,     0.0000,     5.5000,     0.2449,    -0.0196,     0.0122,     0.0046,     0.0003,    -0.0002
   13.0000,     1.0000,     0.5075,     0.0000,     5.7500,     0.1997,    -0.0160,     0.0100,     0.0015,     0.0001,    -0.0001
   13.0000,     1.0000,     0.5075,     0.0000,     6.0000,     0.1540,    -0.0123,     0.0077,    -0.0017,    -0.0001,     0.0001
   13.0000,     1.0000,     0.5075,     0.0000,     6.2500,     0.1080,    -0.0086,     0.0054,    -0.0051,    -0.0003,     0.0002
   13.0000,     1.0000,     0.5075,     0.0000,     6.5000,     0.0615,    -0.0049,     0.0031,    -0.0086,    -0.0005,     0.0003
   13.0000,     1.0000,     0.5075,     0.0000,     6.7500,     0.0147,    -0.0012,     0.0007,    -0.0123,    -0.0007,     0.0005
   13.0000,     1.0000,     0.5075,     0.0000,     7.0000,    -0.0324,     0.0026,    -0.0016,    -0.0161,    -0.0010,     0.0006
   13.0000,     1.0000,     0.5075,     0.0000,     7.2500,    -0.0800,     0.0064,    -0.0040,    -0.0200,    -0.0012,     0.0008
   13.0000,     1.0000,     0.5075,     0.0000,     7.5000,    -0.1279,     0.0102,    -0.0064,    -0.0240,    -0.0014,     0.0010
   13.0000,     1.0000,     0.5075,     0.0000,     7.7500,    -0.1761,     0.0141,    -0.0088,    -0.0282,    -0.0017,     0.0011
   13.0000,     1.0000,     0.5075,     0.0000,     8.0000,    -0.2247,     0.0180,    -0.0112,    -0.0325,    -0.0019,     0.0013
   13.0000,     1.0000,     0.5075,     0.0000,     8.2500,    -0.2736,     0.0219,    -0.0137,    -0.0369,    -0.0022,     0.0015
   13.0000,     1.0000,     0.5075,     0.0000,     8.5000,    -0.3228,     0.0258,    -0.0161,    -0.0414,    -0.0025,     0.0017
   13.0000,     1.0000,     0.5075,     0.0000,     8.7500,    -0.3723,     0.0298,    -0.0186,    -0.0460,    -0.0028,     0.0018
   13.0000,     1.0000,     0.5075,     0.0000,     9.0000,    -0.4220,     0.0338,    -0.0211,    -0.0508,    -0.0030,     0.0020
   13.0000,     1.0000,     0.5075,     0.0000,     9.2500,    -0.4720,     0.0378,    -0.0236,    -0.0557,    -0.0033,     0.0022
   13.0000,     1.0000,     0.5075,     0.0000,     9.5000,    -0.5222,     0.0418,    -0.0261,    -0.0606,    -0.0036,     0.0024
   13.0000,     1.0000,     0.5075,     0.0000,     9.7500,    -0.5726,     0.0458,    -0.0286,    -0.0657,    -0.0039,     0.0026
   13.0000,     1.0000,     0.5075,     0.0000,    10.0000,    -0.6231,     0.0498,    -0.0312,    -0.0709,    -0.0043,     0.0028
   13.0000,     1.0000,     0.5075,     0.0000,    10.2500,    -0.6737,     0.0539,    -0.0337,    -0.0763,    -0.0046,     0.0031
   13.0000,     1.0000,     0.5075,     0.0000,    10.5000,    -0.7243,     0.0579,    -0.0362,    -0.0817,    -0.0049,     0.0033
   13.0000,     1.0000,     0.5075,     0.0000,    10.7500,    -0.7750,     0.0620,    -0.0388,    -0.0872,    -0.0052,     0.0035
   13.0000,     1.0000,     0.5075,     0.0000,    11.0000,    -0.8256,     0.0660,    -0.0413,    -0.0929,    -0.0056,     0.0037
   13.0000,     1.0000,     0.5075,     0.0000,    11.2500,    -0.8761,     0.0701,    -0.0438,    -0.0986,    -0.0059,     0.0039
   13.0000,     1.0000,     0.5075,     0.0000,    11.5000,    -0.9263,     0.0741,    -0.0463,    -0.1044,    -0.0063,     0.0042
   13.0000,     1.0000,     0.5075,     0.0000,    11.7500,    -0.9764,     0.0781,    -0.0488,    -0.1103,    -0.0066,     0.0044
   13.0000,     1.0000,     0.5075,     0.0000,    12.0000,    -1.0261,     0.0821,    -0.0513,    -0.1163,    -0.0070,     0.0047
   13.0000,     1.0000,     0.5075,     0.0000,    12.2500,    -1.0755,     0.0860,    -0.0538,    -0.1224,    -0.0073,     0.0049
   13.0000,     1.0000,     0.5075,     0.0000,    12.5000,    -1.1244,     0.0900,    -0.0562,    -0.1285,    -0.0077,     0.0051
   13.0000,     1.0000,     0.5075,     0.0000,    12.7500,    -1.1728,     0.0938,    -0.0586,    -0.1347,    -0.0081,     0.0054
   13.0000,     1.0000,     0.5075,     0.0000,    13.0000,    -1.2207,     0.0977,    -0.0610,    -0.1410,    -0.0085,     0.0056
   13.0000,     1.0000,     0.5075,     0.0000,    13.2500,    -1.2681,     0.1014,    -0.0634,    -0.1473,    -0.0088,     0.0059
   13.0000,     1.0000,     0.5075,     0.0000,    13.5000,    -1.3149,     0.1052,    -0.0657,    -0.1537,    -0.0092,     0.0061
   13.0000,     1.0000,     0.5075,     0.0000,    13.7500,    -1.3610,     0.1089,    -0.0680,    -0.1602,    -0.0096,     0.0064
   13.0000,     1.0000,     0.5075,     0.0000,    14.0000,    -1.4065,     0.1125,    -0.0703,    -0.1666,    -0.0100,     0.0067
   13.0000,     1.0000,     0.5075,     0.0000,    14.2500,    -1.4513,     0.1161,    -0.0726,    -0.1731,    -0.0104,     0.0069
   13.0000,     1.0000,     0.5075,     0.0000,    14.5000,    -1.4954,     0.1196,    -0.0748,    -0.1796,    -0.0108,     0.0072
   13.0000,     1.0000,     0.5075,     0.0000,    14.7500,    -1.5389,     0.1231,    -0.0769,    -0.1860,    -0.0112,     0.0074
   13.0000,     1.0000,     0.5075,     0.0000,    15.0000,    -1.5817,     0.1265,    -0.0791,    -0.1923,    -0.0115,     0.0077
   13.0000,     1.0000,     0.5075,     0.0000,    15.2500,    -1.6238,     0.1299,    -0.0812,    -0.1984,    -0.0119,     0.0079
   13.0000,     1.0000,     0.5075,     0.0000,    15.5000,    -1.6652,     0.1332,    -0.0833,    -0.2045,    -0.0123,     0.0082
   13.0000,     1.0000,     0.5075,     0.0000,    15.7500,    -1.7059,     0.1365,    -0.0853,    -0.2103,    -0.0126,     0.0084
   13.0000,     1.0000,     0.5075,     0.0000,    16.0000,    -1.7458,     0.1397,    -0.0873,    -0.2160,    -0.0130,     0.0086
   13.0000,     1.0000,     0.5075,     0.0000,    16.2500,    -1.7850,     0.1428,    -0.0892,    -0.2216,    -0.0133,     0.0089
   13.0000,     1.0000,     0.5075,     0.0000,    16.5000,    -1.8232,     0.1459,    -0.0912,    -0.2270,    -0.0136,     0.0091
   13.0000,     1.0000,     0.5075,     0.0000,    16.7500,    -1.8606,     0.1488,    -0.0930,    -0.2323,    -0.0139,     0.0093
   13.0000,     1.0000,     0.5075,     0.0000,    17.0000,    -1.8969,     0.1518,    -0.0948,    -0.2377,    -0.0143,     0.0095
   13.0000,     1.0000,     0.5075,     0.0000,    17.2500,    -1.9322,     0.1546,    -0.0966,    -0.2430,    -0.0146,     0.0097
   13.0000,     1.0000,     0.5075,     0.0000,    17.5000,    -1.9664,     0.1573,    -0.0983,    -0.2484,    -0.0149,     0.0099
   13.0000,     1.0000,     0.5075,     0.0000,    17.7500,    -1.9994,     0.1600,    -0.1000,    -0.2540,    -0.0152,     0.0102
   13.0000,     1.0000,     0.5075,     0.0000,    18.0000,    -2.0312,     0.1625,    -0.1016,    -0.2598,    -0.0156,     0.0104
   13.0000,     1.0000,     0.5075,     0.0000,    18.2500,    -2.0616,     0.1649,    -0.1031,    -0.2658,    -0.0159,     0.0106
   13.0000,     1.0000,     0.5075,     0.0000,    18.5000,    -2.0905,     0.1672,    -0.1045,    -0.2721,    -0.0163,     0.0109
   13.0000,     1.0000,     0.5075,     0.0000,    18.7500,    -2.1179,     0.1694,    -0.1059,    -0.2787,    -0.0167,     0.0111
   13.0000,     1.0000,     0.5075,     0.0000,    19.0000,    -2.1436,     0.1715,    -0.1072,    -0.2856,    -0.0171,     0.0114
   13.0000,     1.0000,     0.5075,     0.0000,    19.2500,    -2.1676,     0.1734,    -0.1084,    -0.2930,    -0.0176,     0.0117
   13.0000,     1.0000,     0.5075,     0.0000,    19.5000,    -2.1896,     0.1752,    -0.1095,    -0.3007,    -0.0180,     0.0120
   13.0000,     1.0000,     0.5075,     0.0000,    19.7500,    -2.2095,     0.1768,    -0.1105,    -0.3089,    -0.0185,     0.0124
   13.0000,     1.0000,     0.5075,     0.0000,    20.0000,    -2.2271,     0.1782,    -0.1114,    -0.3175,    -0.0191,     0.0127
   13.0000,     1.0000,     0.5075,     0.0000,    20.2500,    -2.2423,     0.1794,    -0.1121,    -0.3265,    -0.0196,     0.0131
   13.0000,     1.0000,     0.5075,     0.0000,    20.5000,    -2.2549,     0.1804,    -0.1127,    -0.3358,    -0.0201,     0.0134
   13.0000,     1.0000,     0.5075,     0.0000,    20.7500,    -2.2648,     0.1812,    -0.1132,    -0.3454,    -0.0207,     0.0138
   13.0000,     1.0000,     0.5075,     0.0000,    21.0000,    -2.2718,     0.1817,    -0.1136,    -0.3552,    -0.0213,     0.0142
   13.0000,     1.0000,     0.5075,     0.0000,    21.2500,    -2.2758,     0.1821,    -0.1138,    -0.3651,    -0.0219,     0.0146
   13.0000,     1.0000,     0.5075,     0.0000,    21.5000,    -2.2767,     0.1821,    -0.1138,    -0.3748,    -0.0225,     0.0150
   13.0000,     1.0000,     0.5075,     0.0000,    21.7500,    -2.2745,     0.1820,    -0.1137,    -0.3845,    -0.0231,     0.0154
   13.0000,     1.0000,     0.5075,     0.0000,    22.0000,    -2.2691,     0.1815,    -0.1135,    -0.3939,    -0.0236,     0.0158
   13.0000,     1.0000,     0.5075,     0.0000,    22.2500,    -2.2607,     0.1809,    -0.1130,    -0.4031,    -0.0242,     0.0161
   13.0000,     1.0000,     0.5075,     0.0000,    22.5000,    -2.2495,     0.1800,    -0.1125,    -0.4120,    -0.0247,     0.0165
   13.0000,     1.0000,     0.5075,     0.0000,    22.7500,    -2.2356,     0.1788,    -0.1118,    -0.4207,    -0.0252,     0.0168
   13.0000,     1.0000,     0.5075,     0.0000,    23.0000,    -2.2193,     0.1775,    -0.1110,    -0.4291,    -0.0257,     0.0172
   13.0000,     1.0000,     0.5075,     0.0000,    23.2500,    -2.2009,     0.1761,    -0.1100,    -0.4372,    -0.0262,     0.0175
   13.0000,     1.0000,     0.5075,     0.0000,    23.5000,    -2.1806,     0.1744,    -0.1090,    -0.4452,    -0.0267,     0.0178
   13.0000,     1.0000,     0.5075,     0.0000,    23.7500,    -2.1589,     0.1727,    -0.1079,    -0.4529,    -0.0272,     0.0181
   13.0000,     1.0000,     0.5075,     0.0000,    24.0000,    -2.1361,     0.1709,    -0.1068,    -0.4605,    -0.0276,     0.0184
   13.0000,     1.0000,     0.5075,     0.0000,    24.2500,    -2.1126,     0.1690,    -0.1056,    -0.4680,    -0.0281,     0.0187
   13.0000,     1.0000,     0.5075,     0.0000,    24.5000,    -2.0888,     0.1671,    -0.1044,    -0.4754,    -0.0285,     0.0190
   13.0000,     1.0000,     0.5075,     0.0000,    24.7500,    -2.0652,     0.1652,    -0.1033,    -0.4828,    -0.0290,     0.0193
   13.2500,     1.0000,     0.4979,     0.0000,    -1.0000,     1.1848,    -0.0948,     0.0592,     0.0204,     0.0012,    -0.0008
   13.2500,     1.0000,     0.4979,     0.0000,    -0.7500,     1.1515,    -0.0921,     0.0576,     0.0213,     0.0013,    -0.0009
   13.2500,     1.0000,     0.4979,     0.0000,    -0.5000,     1.1180,    -0.0894,     0.0559,     0.0222,     0.0013,    -0.0009
   13.2500,     1.0000,     0.4979,     0.0000,    -0.2500,     1.0842,    -0.0867,     0.0542,     0.0230,     0.0014,    -0.0009
   13.2500,     1.0000,     0.4979,     0.0000,     0.0000,     1.0504,    -0.0840,     0.0525,     0.0237,     0.0014,    -0.0009
   13.2500,     1.0000,     0.4979,     0.0000,     0.2500,     1.0168,    -0.0813,     0.0508,     0.0243,     0.0015,    -0.0010
   13.2500,     1.0000,     0.4979,     0.0000,     0.5000,     0.9835,    -0.0787,     0.0492,     0.0248,     0.0015,    -0.0010
   13.2500,     1.0000,     0.4979,     0.0000,     0.7500,     0.9504,    -0.0760,     0.0475,     0.0252,     0.0015,    -0.0010
   13.2500,     1.0000,     0.4979,     0.0000,     1.0000,     0.9174,    -0.0734,     0.0459,     0.0255,     0.0015,    -0.0010
   13.2500,     1.0000,     0.4979,     0.0000,     1.2500,     0.8846,    -0.0708,     0.0442,     0.0257,     0.0015,    -0.0010
   13.2500,     1.0000,     0.4979,     0.0000,     1.5000,     0.8520,    -0.0682,     0.0426,     0.0258,     0.0015,    -0.0010
   13.2500,     1.0000,     0.4979,     0.0000,     1.7500,     0.8192,    -0.0655,     0.0410,     0.0258,     0.0015,    -0.0010
   13.2500,     1.0000,     0.4979,     0.0000,     2.0000,     0.7861,    -0.0629,     0.0393,     0.0256,     0.0015,    -0.0010
   13.2500,     1.0000,     0.4979,     0.0000,     2.2500,     0.7526,    -0.0602,     0.0376,     0.0253,     0.0015,    -0.0010
   13.2500,     1.0000,     0.4979,     0.0000,     2.5000,     0.7184,    -0.0575,     0.0359,     0.0248,     0.0015,    -0.0010
   13.2500,     1.0000,     0.4979,     0.0000,     2.7500,     0.6835,    -0.0547,     0.0342,     0.0242,     0.0015,    -0.0010
   13.2500,     1.0000,     0.4979,     0.0000,     3.0000,     0.6477,    -0.0518,     0.0324,     0.0233,     0.0014,    -0.0009
   13.2500,     1.0000,     0.4979,     0.0000,     3.2500,     0.6109,    -0.0489,     0.0305,     0.0223,     0.0013,    -0.0009
   13.2500,     1.0000,     0.4979,     0.0000,     3.5000,     0.5731,    -0.0458,     0.0287,     0.0210,     0.0013,    -0.0008
   13.2500,     1.0000,     0.4979,     0.0000,     3.7500,     0.5339,    -0.0427,     0.0267,     0.0195,     0.0012,    -0.0008
   13.2500,     1.0000,     0.4979,     0.0000,     4.0000,     0.4935,    -0.0395,     0.0247,     0.0177,     0.0011,    -0.0007
   13.2500,     1.0000,     0.4979,     0.0000,     4.2500,     0.4517,    -0.0361,     0.0226,     0.0157,     0.0009,    -0.0006
   13.2500,     1.0000,     0.4979,     0.0000,     4.5000,     0.4088,    -0.0327,     0.0204,     0.0135,     0.0008,    -0.0005
   13.2500,     1.0000,     0.4979,     0.0000,     4.7500,     0.3649,    -0.0292,     0.0182,     0.0111,     0.0007,    -0.0004
   13.2500,     1.0000,     0.4979,     0.0000,     5.0000,     0.3202,    -0.0256,     0.0160,     0.0084,     0.0005,    -0.0003
   13.2500,     1.0000,     0.4979,     0.0000,     5.2500,     0.2747,    -0.0220,     0.0137,     0.0056,     0.0003,    -0.0002
   13.2500,     1.0000,     0.4979,     0.0000,     5.5000,     0.2285,    -0.0183,     0.0114,     0.0026,     0.0002,    -0.0001
   13.2500,     1.0000,     0.4979,     0.0000,     5.7500,     0.1817,    -0.0145,     0.0091,    -0.0005,    -0.0000,     0.0000
   13.2500,     1.0000,     0.4979,     0.0000,     6.0000,     0.1345,    -0.0108,     0.0067,    -0.0039,    -0.0002,     0.0002
   13.2500,     1.0000,     0.4979,     0.0000,     6.2500,     0.0868,    -0.0069,     0.0043,    -0.0074,    -0.0004,     0.0003
   13.2500,     1.0000,     0.4979,     0.0000,     6.5000,     0.0388,    -0.0031,     0.0019,    -0.0110,    -0.0007,     0.0004
   13.2500,     1.0000,     0.4979,     0.0000,     6.7500,    -0.0097,     0.0008,    -0.0005,    -0.0148,    -0.0009,     0.0006
   13.2500,     1.0000,     0.4979,     0.0000,     7.0000,    -0.0585,     0.0047,    -0.0029,    -0.0187,    -0.0011,     0.0007
   13.2500,     1.0000,     0.4979,     0.0000,     7.2500,    -0.1077,     0.0086,    -0.0054,    -0.0227,    -0.0014,     0.0009
   13.2500,     1.0000,     0.4979,     0.0000,     7.5000,    -0.1574,     0.0126,    -0.0079,    -0.0269,    -0.0016,     0.0011
   13.2500,     1.0000,     0.4979,     0.0000,     7.7500,    -0.2074,     0.0166,    -0.0104,    -0.0312,    -0.0019,     0.0012
   13.2500,     1.0000,     0.4979,     0.0000,     8.0000,    -0.2577,     0.0206,    -0.0129,    -0.0356,    -0.0021,     0.0014
   13.2500,     1.0000,     0.4979,     0.0000,     8.2500,    -0.3084,     0.0247,    -0.0154,    -0.0401,    -0.0024,     0.0016
   13.2500,     1.0000,     0.4979,     0.0000,     8.5000,    -0.3594,     0.0288,    -0.0180,    -0.0448,    -0.0027,     0.0018
   13.2500,     1.0000,     0.4979,     0.0000,     8.7500,    -0.4107,     0.0329,    -0.0205,    -0.0496,    -0.0030,     0.0020
   13.2500,     1.0000,     0.4979,     0.0000,     9.0000,    -0.4622,     0.0370,    -0.0231,    -0.0545,    -0.0033,     0.0022
   13.2500,     1.0000,     0.4979,     0.0000,     9.2500,    -0.5140,     0.0411,    -0.0257,    -0.0595,    -0.0036,     0.0024
   13.2500,     1.0000,     0.4979,     0.0000,     9.5000,    -0.5660,     0.0453,    -0.0283,    -0.0647,    -0.0039,     0.0026
   13.2500,     1.0000,     0.4979,     0.0000,     9.7500,    -0.6182,     0.0495,    -0.0309,    -0.0699,    -0.0042,     0.0028
   13.2500,     1.0000,     0.4979,     0.0000,    10.0000,    -0.6705,     0.0536,    -0.0335,    -0.0753,    -0.0045,     0.0030
   13.2500,     1.0000,     0.4979,     0.0000,    10.2500,    -0.7229,     0.0578,    -0.0361,    -0.0808,    -0.0048,     0.0032
   13.2500,     1.0000,     0.4979,     0.0000,    10.5000,    -0.7753,     0.0620,    -0.0388,    -0.0864,    -0.0052,     0.0035
   13.2500,     1.0000,     0.4979,     0.0000,    10.7500,    -0.8277,     0.0662,    -0.0414,    -0.0921,    -0.0055,     0.0037
   13.2500,     1.0000,     0.4979,     0.0000,    11.0000,    -0.8800,     0.0704,    -0.0440,    -0.0979,    -0.0059,     0.0039
   13.2500,     1.0000,     0.4979,     0.0000,    11.2500,    -0.9322,     0.0746,    -0.0466,    -0.1038,    -0.0062,     0.0042
   13.2500,     1.0000,     0.4979,     0.0000,    11.5000,    -0.9842,     0.0787,    -0.0492,    -0.1098,    -0.0066,     0.0044
   13.2500,     1.0000,     0.4979,     0.0000,    11.7500,    -1.0358,     0.0829,    -0.0518,    -0.1159,    -0.0070,     0.0046
   13.2500,     1.0000,     0.4979,     0.0000,    12.0000,    -1.0871,     0.0870,    -0.0544,    -0.1221,    -0.0073,     0.0049
   13.2500,     1.0000,     0.4979,     0.0000,    12.2500,    -1.1381,     0.0910,    -0.0569,    -0.1283,    -0.0077,     0.0051
   13.2500,     1.0000,     0.4979,     0.0000,    12.5000,    -1.1885,     0.0951,    -0.0594,    -0.1347,    -0.0081,     0.0054
   13.2500,     1.0000,     0.4979,     0.0000,    12.7500,    -1.2385,     0.0991,    -0.0619,    -0.1411,    -0.0085,     0.0056
   13.2500,     1.0000,     0.4979,     0.0000,    13.0000,    -1.2878,     0.1030,    -0.0644,    -0.1476,    -0.0089,     0.0059
   13.2500,     1.0000,     0.4979,     0.0000,    13.2500,    -1.3366,     0.1069,    -0.0668,    -0.1541,    -0.0092,     0.0062
   13.2500,     1.0000,     0.4979,     0.0000,    13.5000,    -1.3848,     0.1108,    -0.0692,    -0.1607,    -0.0096,     0.0064
   13.2500,     1.0000,     0.4979,     0.0000,    13.7500,    -1.4323,     0.1146,    -0.0716,    -0.1673,    -0.0100,     0.0067
   13.2500,     1.0000,     0.4979,     0.0000,    14.0000,    -1.4791,     0.1183,    -0.0740,    -0.1740,    -0.0104,     0.0070
   13.2500,     1.0000,     0.4979,     0.0000,    14.2500,    -1.5253,     0.1220,    -0.0763,    -0.1807,    -0.0108,     0.0072
   13.2500,     1.0000,     0.4979,     0.0000,    14.5000,    -1.5708,     0.1257,    -0.0785,    -0.1873,    -0.0112,     0.0075
   13.2500,     1.0000,     0.4979,     0.0000,    14.7500,    -1.6156,     0.1292,    -0.0808,    -0.1939,    -0.0116,     0.0078
   13.2500,     1.0000,     0.4979,     0.0000,    15.0000,    -1.6597,     0.1328,    -0.0830,    -0.2003,    -0.0120,     0.0080
   13.2500,     1.0000,     0.4979,     0.0000,    15.2500,    -1.7030,     0.1362,    -0.0852,    -0.2066,    -0.0124,     0.0083
   13.2500,     1.0000,     0.4979,     0.0000,    15.5000,    -1.7457,     0.1397,    -0.0873,    -0.2127,    -0.0128,     0.0085
   13.2500,     1.0000,     0.4979,     0.0000,    15.7500,    -1.7876,     0.1430,    -0.0894,    -0.2187,    -0.0131,     0.0087
   13.2500,     1.0000,     0.4979,     0.0000,    16.0000,    -1.8287,     0.1463,    -0.0914,    -0.2245,    -0.0135,     0.0090
   13.2500,     1.0000,     0.4979,     0.0000,    16.2500,    -1.8689,     0.1495,    -0.0934,    -0.2302,    -0.0138,     0.0092
   13.2500,     1.0000,     0.4979,     0.0000,    16.5000,    -1.9082,     0.1527,    -0.0954,    -0.2357,    -0.0141,     0.0094
   13.2500,     1.0000,     0.4979,     0.0000,    16.7500,    -1.9466,     0.1557,    -0.0973,    -0.2412,    -0.0145,     0.0096
   13.2500,     1.0000,     0.4979,     0.0000,    17.0000,    -1.9839,     0.1587,    -0.0992,    -0.2467,    -0.0148,     0.0099
   13.2500,     1.0000,     0.4979,     0.0000,    17.2500,    -2.0201,     0.1616,    -0.1010,    -0.2522,    -0.0151,     0.0101
   13.2500,     1.0000,     0.4979,     0.0000,    17.5000,    -2.0551,     0.1644,    -0.1028,    -0.2579,    -0.0155,     0.0103
   13.2500,     1.0000,     0.4979,     0.0000,    17.7500,    -2.0888,     0.1671,    -0.1044,    -0.2637,    -0.0158,     0.0105
   13.2500,     1.0000,     0.4979,     0.0000,    18.0000,    -2.1212,     0.1697,    -0.1061,    -0.2697,    -0.0162,     0.0108
   13.2500,     1.0000,     0.4979,     0.0000,    18.2500,    -2.1522,     0.1722,    -0.1076,    -0.2760,    -0.0166,     0.0110
   13.2500,     1.0000,     0.4979,     0.0000,    18.5000,    -2.1817,     0.1745,    -0.1091,    -0.2826,    -0.0170,     0.0113
   13.2500,     1.0000,     0.4979,     0.0000,    18.7500,    -2.2095,     0.1768,    -0.1105,    -0.2895,    -0.0174,     0.0116
   13.2500,     1.0000,     0.4979,     0.0000,    19.0000,    -2.2355,     0.1788,    -0.1118,    -0.2969,    -0.0178,     0.0119
   13.2500,     1.0000,     0.4979,     0.0000,    19.2500,    -2.2596,     0.1808,    -0.1130,    -0.3046,    -0.0183,     0.0122
   13.2500,     1.0000,     0.4979,     0.0000,    19.5000,    -2.2817,     0.1825,    -0.1141,    -0.3127,    -0.0188,     0.0125
   13.2500,     1.0000,     0.4979,     0.0000,    19.7500,    -2.3015,     0.1841,    -0.1151,    -0.3213,    -0.0193,     0.0129
   13.2500,     1.0000,     0.4979,     0.0000,    20.0000,    -2.3189,     0.1855,    -0.1159,    -0.3303,    -0.0198,     0.0132
   13.2500,     1.0000,     0.4979,     0.0000,    20.2500,    -2.3338,     0.1867,    -0.1167,    -0.3398,    -0.0204,     0.0136
   13.2500,     1.0000,     0.4979,     0.0000,    20.5000,    -2.3460,     0.1877,    -0.1173,    -0.3496,    -0.0210,     0.0140
   13.2500,     1.0000,     0.4979,     0.0000,    20.7500,    -2.3552,     0.1884,    -0.1178,    -0.3596,    -0.0216,     0.0144
   13.2500,     1.0000,     0.4979,     0.0000,    21.0000,    -2.3614,     0.1889,    -0.1181,    -0.3698,    -0.0222,     0.0148
   13.2500,     1.0000,     0.4979,     0.0000,    21.2500,    -2.3645,     0.1892,    -0.1182,    -0.3800,    -0.0228,     0.0152
   13.2500,     1.0000,     0.4979,     0.0000,    21.5000,    -2.3643,     0.1891,    -0.1182,    -0.3901,    -0.0234,     0.0156
   13.2500,     1.0000,     0.4979,     0.0000,    21.7500,    -2.3608,     0.1889,    -0.1180,    -0.4000,    -0.0240,     0.0160
   13.2500,     1.0000,     0.4979,     0.0000,    22.0000,    -2.3542,     0.1883,    -0.1177,    -0.4097,    -0.0246,     0.0164
   13.2500,     1.0000,     0.4979,     0.0000,    22.2500,    -2.3445,     0.1876,    -0.1172,    -0.4192,    -0.0252,     0.0168
   13.2500,     1.0000,     0.4979,     0.0000,    22.5000,    -2.3318,     0.1865,    -0.1166,    -0.4284,    -0.0257,     0.0171
   13.2500,     1.0000,     0.4979,     0.0000,    22.7500,    -2.3165,     0.1853,    -0.1158,    -0.4373,    -0.0262,     0.0175
   13.2500,     1.0000,     0.4979,     0.0000,    23.0000,    -2.2987,     0.1839,    -0.1149,    -0.4459,    -0.0268,     0.0178
   13.2500,     1.0000,     0.4979,     0.0000,    23.2500,    -2.2789,     0.1823,    -0.1139,    -0.4543,    -0.0273,     0.0182
   13.2500,     1.0000,     0.4979,     0.0000,    23.5000,    -2.2572,     0.1806,    -0.1129,    -0.4625,    -0.0278,     0.0185
   13.2500,     1.0000,     0.4979,     0.0000,    23.7500,    -2.2342,     0.1787,    -0.1117,    -0.4705,    -0.0282,     0.0188
   13.2500,     1.0000,     0.4979,     0.0000,    24.0000,    -2.2101,     0.1768,    -0.1105,    -0.4784,    -0.0287,     0.0191
   13.2500,     1.0000,     0.4979,     0.0000,    24.2500,    -2.1855,     0.1748,    -0.1093,    -0.4861,    -0.0292,     0.0194
   13.2500,     1.0000,     0.4979,     0.0000,    24.5000,    -2.1608,     0.1729,    -0.1080,    -0.4938,    -0.0296,     0.0198
   13.2500,     1.0000,     0.4979,     0.0000,    24.7500,    -2.1364,     0.1709,    -0.1068,    -0.5015,    -0.0301,     0.0201
   13.5000,     1.0000,     0.4887,     0.0000,    -1.0000,     1.1986,    -0.0959,     0.0599,     0.0190,     0.0011,    -0.0008
   13.5000,     1.0000,     0.4887,     0.0000,    -0.7500,     1.1644,    -0.0932,     0.0582,     0.0199,     0.0012,    -0.0008
   13.5000,     1.0000,     0.4887,     0.0000,    -0.5000,     1.1298,    -0.0904,     0.0565,     0.0208,     0.0012,    -0.0008
   13.5000,     1.0000,     0.4887,     0.0000,    -0.2500,     1.0950,    -0.0876,     0.0548,     0.0216,     0.0013,    -0.0009
   13.5000,     1.0000,     0.4887,     0.0000,     0.0000,     1.0600,    -0.0848,     0.0530,     0.0223,     0.0013,    -0.0009
   13.5000,     1.0000,     0.4887,     0.0000,     0.2500,     1.0253,    -0.0820,     0.0513,     0.0229,     0.0014,    -0.0009
   13.5000,     1.0000,     0.4887,     0.0000,     0.5000,     0.9908,    -0.0793,     0.0495,     0.0234,     0.0014,    -0.0009
   13.5000,     1.0000,     0.4887,     0.0000,     0.7500,     0.9565,    -0.0765,     0.0478,     0.0238,     0.0014,    -0.0010
   13.5000,     1.0000,     0.4887,     0.0000,     1.0000,     0.9224,    -0.0738,     0.0461,     0.0241,     0.0014,    -0.0010
   13.5000,     1.0000,     0.4887,     0.0000,     1.2500,     0.8884,    -0.0711,     0.0444,     0.0243,     0.0015,    -0.0010
   13.5000,     1.0000,     0.4887,     0.0000,     1.5000,     0.8547,    -0.0684,     0.0427,     0.0244,     0.0015,    -0.0010
   13.5000,     1.0000,     0.4887,     0.0000,     1.7500,     0.8209,    -0.0657,     0.0410,     0.0244,     0.0015,    -0.0010
   13.5000,     1.0000,     0.4887,     0.0000,     2.0000,     0.7867,    -0.0629,     0.0393,     0.0242,     0.0015,    -0.0010
   13.5000,     1.0000,     0.4887,     0.0000,     2.2500,     0.7521,    -0.0602,     0.0376,     0.0239,     0.0014,    -0.0010
   13.5000,     1.0000,     0.4887,     0.0000,     2.5000,     0.7169,    -0.0574,     0.0358,     0.0234,     0.0014,    -0.0009
   13.5000,     1.0000,     0.4887,     0.0000,     2.7500,     0.6809,    -0.0545,     0.0340,     0.0228,     0.0014,    -0.0009
   13.5000,     1.0000,     0.4887,     0.0000,     3.0000,     0.6441,    -0.0515,     0.0322,     0.0219,     0.0013,    -0.0009
   13.5000,     1.0000,     0.4887,     0.0000,     3.2500,     0.6062,    -0.0485,     0.0303,     0.0208,     0.0012,    -0.0008
   13.5000,     1.0000,     0.4887,     0.0000,     3.5000,     0.5673,    -0.0454,     0.0284,     0.0195,     0.0012,    -0.0008
   13.5000,     1.0000,     0.4887,     0.0000,     3.7500,     0.5270,    -0.0422,     0.0264,     0.0180,     0.0011,    -0.0007
   13.5000,     1.0000,     0.4887,     0.0000,     4.0000,     0.4853,    -0.0388,     0.0243,     0.0162,     0.0010,    -0.0006
   13.5000,     1.0000,     0.4887,     0.0000,     4.2500,     0.4422,    -0.0354,     0.0221,     0.0141,     0.0008,    -0.0006
   13.5000,     1.0000,     0.4887,     0.0000,     4.5000,     0.3979,    -0.0318,     0.0199,     0.0118,     0.0007,    -0.0005
   13.5000,     1.0000,     0.4887,     0.0000,     4.7500,     0.3526,    -0.0282,     0.0176,     0.0093,     0.0006,    -0.0004
   13.5000,     1.0000,     0.4887,     0.0000,     5.0000,     0.3064,    -0.0245,     0.0153,     0.0066,     0.0004,    -0.0003
   13.5000,     1.0000,     0.4887,     0.0000,     5.2500,     0.2593,    -0.0207,     0.0130,     0.0037,     0.0002,    -0.0001
   13.5000,     1.0000,     0.4887,     0.0000,     5.5000,     0.2116,    -0.0169,     0.0106,     0.0006,     0.0000,    -0.0000
   13.5000,     1.0000,     0.4887,     0.0000,     5.7500,     0.1632,    -0.0131,     0.0082,    -0.0026,    -0.0002,     0.0001
   13.5000,     1.0000,     0.4887,     0.0000,     6.0000,     0.1144,    -0.0092,     0.0057,    -0.0061,    -0.0004,     0.0002
   13.5000,     1.0000,     0.4887,     0.0000,     6.2500,     0.0651,    -0.0052,     0.0033,    -0.0097,    -0.0006,     0.0004
   13.5000,     1.0000,     0.4887,     0.0000,     6.5000,     0.0154,    -0.0012,     0.0008,    -0.0134,    -0.0008,     0.0005
   13.5000,     1.0000,     0.4887,     0.0000,     6.7500,    -0.0347,     0.0028,    -0.0017,    -0.0173,    -0.0010,     0.0007
   13.5000,     1.0000,     0.4887,     0.0000,     7.0000,    -0.0853,     0.0068,    -0.0043,    -0.0213,    -0.0013,     0.0009
   13.5000,     1.0000,     0.4887,     0.0000,     7.2500,    -0.1363,     0.0109,    -0.0068,    -0.0255,    -0.0015,     0.0010
   13.5000,     1.0000,     0.4887,     0.0000,     7.5000,    -0.1877,     0.0150,    -0.0094,    -0.0297,    -0.0018,     0.0012
   13.5000,     1.0000,     0.4887,     0.0000,     7.7500,    -0.2395,     0.0192,    -0.0120,    -0.0342,    -0.0021,     0.0014
   13.5000,     1.0000,     0.4887,     0.0000,     8.0000,    -0.2916,     0.0233,    -0.0146,    -0.0387,    -0.0023,     0.0015
   13.5000,     1.0000,     0.4887,     0.0000,     8.2500,    -0.3441,     0.0275,    -0.0172,    -0.0434,    -0.0026,     0.0017
   13.5000,     1.0000,     0.4887,     0.0000,     8.5000,    -0.3969,     0.0318,    -0.0198,    -0.0482,    -0.0029,     0.0019
   13.5000,     1.0000,     0.4887,     0.0000,     8.7500,    -0.4500,     0.0360,    -0.0225,    -0.0532,    -0.0032,     0.0021
   13.5000,     1.0000,     0.4887,     0.0000,     9.0000,    -0.5034,     0.0403,    -0.0252,    -0.0582,    -0.0035,     0.0023
   13.5000,     1.0000,     0.4887,     0.0000,     9.2500,    -0.5570,     0.0446,    -0.0279,    -0.0634,    -0.0038,     0.0025
   13.5000,     1.0000,     0.4887,     0.0000,     9.5000,    -0.6109,     0.0489,    -0.0305,    -0.0687,    -0.0041,     0.0027
   13.5000,     1.0000,     0.4887,     0.0000,     9.7500,    -0.6649,     0.0532,    -0.0332,    -0.0741,    -0.0044,     0.0030
   13.5000,     1.0000,     0.4887,     0.0000,    10.0000,    -0.7190,     0.0575,    -0.0360,    -0.0797,    -0.0048,     0.0032
   13.5000,     1.0000,     0.4887,     0.0000,    10.2500,    -0.7732,     0.0619,    -0.0387,    -0.0854,    -0.0051,     0.0034
   13.5000,     1.0000,     0.4887,     0.0000,    10.5000,    -0.8274,     0.0662,    -0.0414,    -0.0912,    -0.0055,     0.0036
   13.5000,     1.0000,     0.4887,     0.0000,    10.7500,    -0.8816,     0.0705,    -0.0441,    -0.0970,    -0.0058,     0.0039
   13.5000,     1.0000,     0.4887,     0.0000,    11.0000,    -0.9357,     0.0749,    -0.0468,    -0.1030,    -0.0062,     0.0041
   13.5000,     1.0000,     0.4887,     0.0000,    11.2500,    -0.9895,     0.0792,    -0.0495,    -0.1091,    -0.0065,     0.0044
   13.5000,     1.0000,     0.4887,     0.0000,    11.5000,    -1.0432,     0.0835,    -0.0522,    -0.1153,    -0.0069,     0.0046
   13.5000,     1.0000,     0.4887,     0.0000,    11.7500,    -1.0965,     0.0877,    -0.0548,    -0.1216,    -0.0073,     0.0049
   13.5000,     1.0000,     0.4887,     0.0000,    12.0000,    -1.1494,     0.0920,    -0.0575,    -0.1280,    -0.0077,     0.0051
   13.5000,     1.0000,     0.4887,     0.0000,    12.2500,    -1.2019,     0.0962,    -0.0601,    -0.1344,    -0.0081,     0.0054
   13.5000,     1.0000,     0.4887,     0.0000,    12.5000,    -1.2539,     0.1003,    -0.0627,    -0.1409,    -0.0085,     0.0056
   13.5000,     1.0000,     0.4887,     0.0000,    12.7500,    -1.3054,     0.1044,    -0.0653,    -0.1475,    -0.0088,     0.0059
   13.5000,     1.0000,     0.4887,     0.0000,    13.0000,    -1.3563,     0.1085,    -0.0678,    -0.1542,    -0.0093,     0.0062
   13.5000,     1.0000,     0.4887,     0.0000,    13.2500,    -1.4065,     0.1125,    -0.0703,    -0.1610,    -0.0097,     0.0064
   13.5000,     1.0000,     0.4887,     0.0000,    13.5000,    -1.4561,     0.1165,    -0.0728,    -0.1678,    -0.0101,     0.0067
   13.5000,     1.0000,     0.4887,     0.0000,    13.7500,    -1.5050,     0.1204,    -0.0752,    -0.1746,    -0.0105,     0.0070
   13.5000,     1.0000,     0.4887,     0.0000,    14.0000,    -1.5533,     0.1243,    -0.0777,    -0.1815,    -0.0109,     0.0073
   13.5000,     1.0000,     0.4887,     0.0000,    14.2500,    -1.6008,     0.1281,    -0.0800,    -0.1884,    -0.0113,     0.0075
   13.5000,     1.0000,     0.4887,     0.0000,    14.5000,    -1.6476,     0.1318,    -0.0824,    -0.1952,    -0.0117,     0.0078
   13.5000,     1.0000,     0.4887,     0.0000,    14.7500,    -1.6938,     0.1355,    -0.0847,    -0.2019,    -0.0121,     0.0081
   13.5000,     1.0000,     0.4887,     0.0000,    15.0000,    -1.7392,     0.1391,    -0.0870,    -0.2084,    -0.0125,     0.0083
   13.5000,     1.0000,     0.4887,     0.0000,    15.2500,    -1.7839,     0.1427,    -0.0892,    -0.2148,    -0.0129,     0.0086
   13.5000,     1.0000,     0.4887,     0.0000,    15.5000,    -1.8278,     0.1462,    -0.0914,    -0.2211,    -0.0133,     0.0088
   13.5000,     1.0000,     0.4887,     0.0000,    15.7500,    -1.8709,     0.1497,    -0.0935,    -0.2272,    -0.0136,     0.0091
   13.5000,     1.0000,     0.4887,     0.0000,    16.0000,    -1.9132,     0.1531,    -0.0957,    -0.2331,    -0.0140,     0.0093
   13.5000,     1.0000,     0.4887,     0.0000,    16.2500,    -1.9545,     0.1564,    -0.0977,    -0.2389,    -0.0143,     0.0096
   13.5000,     1.0000,     0.4887,     0.0000,    16.5000,    -1.9949,     0.1596,    -0.0997,    -0.2446,    -0.0147,     0.0098
   13.5000,     1.0000,     0.4887,     0.0000,    16.7500,    -2.0343,     0.1627,    -0.1017,    -0.2502,    -0.0150,     0.0100
   13.5000,     1.0000,     0.4887,     0.0000,    17.0000,    -2.0725,     0.1658,    -0.1036,    -0.2559,    -0.0154,     0.0102
   13.5000,     1.0000,     0.4887,     0.0000,    17.2500,    -2.1096,     0.1688,    -0.1055,    -0.2616,    -0.0157,     0.0105
   13.5000,     1.0000,     0.4887,     0.0000,    17.5000,    -2.1454,     0.1716,    -0.1073,    -0.2675,    -0.0161,     0.0107
   13.5000,     1.0000,     0.4887,     0.0000,    17.7500,    -2.1799,     0.1744,    -0.1090,    -0.2735,    -0.0164,     0.0109
   13.5000,     1.0000,     0.4887,     0.0000,    18.0000,    -2.2130,     0.1770,    -0.1107,    -0.2798,    -0.0168,     0.0112
   13.5000,     1.0000,     0.4887,     0.0000,    18.2500,    -2.2445,     0.1796,    -0.1122,    -0.2864,    -0.0172,     0.0115
   13.5000,     1.0000,     0.4887,     0.0000,    18.5000,    -2.2744,     0.1820,    -0.1137,    -0.2934,    -0.0176,     0.0117
   13.5000,     1.0000,     0.4887,     0.0000,    18.7500,    -2.3026,     0.1842,    -0.1151,    -0.3006,    -0.0180,     0.0120
   13.5000,     1.0000,     0.4887,     0.0000,    19.0000,    -2.3289,     0.1863,    -0.1164,    -0.3083,    -0.0185,     0.0123
   13.5000,     1.0000,     0.4887,     0.0000,    19.2500,    -2.3532,     0.1883,    -0.1177,    -0.3164,    -0.0190,     0.0127
   13.5000,     1.0000,     0.4887,     0.0000,    19.5000,    -2.3753,     0.1900,    -0.1188,    -0.3250,    -0.0195,     0.0130
   13.5000,     1.0000,     0.4887,     0.0000,    19.7500,    -2.3951,     0.1916,    -0.1198,    -0.3340,    -0.0200,     0.0134
   13.5000,     1.0000,     0.4887,     0.0000,    20.0000,    -2.4123,     0.1930,    -0.1206,    -0.3435,    -0.0206,     0.0137
   13.5000,     1.0000,     0.4887,     0.0000,    20.2500,    -2.4268,     0.1941,    -0.1213,    -0.3534,    -0.0212,     0.0141
   13.5000,     1.0000,     0.4887,     0.0000,    20.5000,    -2.4384,     0.1951,    -0.1219,    -0.3636,    -0.0218,     0.0145
   13.5000,     1.0000,     0.4887,     0.0000,    20.7500,    -2.4470,     0.1958,    -0.1224,    -0.3740,    -0.0224,     0.0150
   13.5000,     1.0000,     0.4887,     0.0000,    21.0000,    -2.4524,     0.1962,    -0.1226,    -0.3846,    -0.0231,     0.0154
   13.5000,     1.0000,     0.4887,     0.0000,    21.2500,    -2.4544,     0.1964,    -0.1227,    -0.3951,    -0.0237,     0.0158
   13.5000,     1.0000,     0.4887,     0.0000,    21.5000,    -2.4531,     0.1962,    -0.1227,    -0.4056,    -0.0243,     0.0162
   13.5000,     1.0000,     0.4887,     0.0000,    21.7500,    -2.4485,     0.1959,    -0.1224,    -0.4158,    -0.0249,     0.0166
   13.5000,     1.0000,     0.4887,     0.0000,    22.0000,    -2.4405,     0.1952,    -0.1220,    -0.4258,    -0.0255,     0.0170
   13.5000,     1.0000,     0.4887,     0.0000,    22.2500,    -2.4294,     0.1944,    -0.1215,    -0.4356,    -0.0261,     0.0174
   13.5000,     1.0000,     0.4887,     0.0000,    22.5000,    -2.4153,     0.1932,    -0.1208,    -0.4450,    -0.0267,     0.0178
   13.5000,     1.0000,     0.4887,     0.0000,    22.7500,    -2.3985,     0.1919,    -0.1199,    -0.4541,    -0.0272,     0.0182
   13.5000,     1.0000,     0.4887,     0.0000,    23.0000,    -2.3793,     0.1903,    -0.1190,    -0.4630,    -0.0278,     0.0185
   13.5000,     1.0000,     0.4887,     0.0000,    23.2500,    -2.3580,     0.1886,    -0.1179,    -0.4717,    -0.0283,     0.0189
   13.5000,     1.0000,     0.4887,     0.0000,    23.5000,    -2.3349,     0.1868,    -0.1167,    -0.4801,    -0.0288,     0.0192
   13.5000,     1.0000,     0.4887,     0.0000,    23.7500,    -2.3106,     0.1848,    -0.1155,    -0.4884,    -0.0293,     0.0195
   13.5000,     1.0000,     0.4887,     0.0000,    24.0000,    -2.2853,     0.1828,    -0.1143,    -0.4965,    -0.0298,     0.0199
   13.5000,     1.0000,     0.4887,     0.0000,    24.2500,    -2.2596,     0.1808,    -0.1130,    -0.5046,    -0.0303,     0.0202
   13.5000,     1.0000,     0.4887,     0.0000,    24.5000,    -2.2340,     0.1787,    -0.1117,    -0.5126,    -0.0308,     0.0205
   13.5000,     1.0000,     0.4887,     0.0000,    24.7500,    -2.2089,     0.1767,    -0.1104,    -0.5206,    -0.0312,     0.0208
   13.7500,     1.0000,     0.4798,     0.0000,    -1.0000,     1.2122,    -0.0970,     0.0606,     0.0176,     0.0011,    -0.0007
   13.7500,     1.0000,     0.4798,     0.0000,    -0.7500,     1.1771,    -0.0942,     0.0589,     0.0186,     0.0011,    -0.0007
   13.7500,     1.0000,     0.4798,     0.0000,    -0.5000,     1.1415,    -0.0913,     0.0571,     0.0194,     0.0012,    -0.0008
   13.7500,     1.0000,     0.4798,     0.0000,    -0.2500,     1.1056,    -0.0884,     0.0553,     0.0202,     0.0012,    -0.0008
   13.7500,     1.0000,     0.4798,     0.0000,     0.0000,     1.0696,    -0.0856,     0.0535,     0.0209,     0.0013,    -0.0008
   13.7500,     1.0000,     0.4798,     0.0000,     0.2500,     1.0336,    -0.0827,     0.0517,     0.0215,     0.0013,    -0.0009
   13.7500,     1.0000,     0.4798,     0.0000,     0.5000,     0.9979,    -0.0798,     0.0499,     0.0221,     0.0013,    -0.0009
   13.7500,     1.0000,     0.4798,     0.0000,     0.7500,     0.9625,    -0.0770,     0.0481,     0.0225,     0.0013,    -0.0009
   13.7500,     1.0000,     0.4798,     0.0000,     1.0000,     0.9272,    -0.0742,     0.0464,     0.0228,     0.0014,    -0.0009
   13.7500,     1.0000,     0.4798,     0.0000,     1.2500,     0.8921,    -0.0714,     0.0446,     0.0230,     0.0014,    -0.0009
   13.7500,     1.0000,     0.4798,     0.0000,     1.5000,     0.8572,    -0.0686,     0.0429,     0.0231,     0.0014,    -0.0009
   13.7500,     1.0000,     0.4798,     0.0000,     1.7500,     0.8223,    -0.0658,     0.0411,     0.0230,     0.0014,    -0.0009
   13.7500,     1.0000,     0.4798,     0.0000,     2.0000,     0.7871,    -0.0630,     0.0394,     0.0229,     0.0014,    -0.0009
   13.7500,     1.0000,     0.4798,     0.0000,     2.2500,     0.7514,    -0.0601,     0.0376,     0.0225,     0.0013,    -0.0009
   13.7500,     1.0000,     0.4798,     0.0000,     2.5000,     0.7151,    -0.0572,     0.0358,     0.0220,     0.0013,    -0.0009
   13.7500,     1.0000,     0.4798,     0.0000,     2.7500,     0.6781,    -0.0542,     0.0339,     0.0213,     0.0013,    -0.0009
   13.7500,     1.0000,     0.4798,     0.0000,     3.0000,     0.6402,    -0.0512,     0.0320,     0.0204,     0.0012,    -0.0008
   13.7500,     1.0000,     0.4798,     0.0000,     3.2500,     0.6012,    -0.0481,     0.0301,     0.0193,     0.0012,    -0.0008
   13.7500,     1.0000,     0.4798,     0.0000,     3.5000,     0.5611,    -0.0449,     0.0281,     0.0180,     0.0011,    -0.0007
   13.7500,     1.0000,     0.4798,     0.0000,     3.7500,     0.5196,    -0.0416,     0.0260,     0.0164,     0.0010,    -0.0007
   13.7500,     1.0000,     0.4798,     0.0000,     4.0000,     0.4767,    -0.0381,     0.0238,     0.0146,     0.0009,    -0.0006
   13.7500,     1.0000,     0.4798,     0.0000,     4.2500,     0.4323,    -0.0346,     0.0216,     0.0125,     0.0008,    -0.0005
   13.7500,     1.0000,     0.4798,     0.0000,     4.5000,     0.3866,    -0.0309,     0.0193,     0.0101,     0.0006,    -0.0004
   13.7500,     1.0000,     0.4798,     0.0000,     4.7500,     0.3398,    -0.0272,     0.0170,     0.0076,     0.0005,    -0.0003
   13.7500,     1.0000,     0.4798,     0.0000,     5.0000,     0.2921,    -0.0234,     0.0146,     0.0048,     0.0003,    -0.0002
   13.7500,     1.0000,     0.4798,     0.0000,     5.2500,     0.2435,    -0.0195,     0.0122,     0.0018,     0.0001,    -0.0001
   13.7500,     1.0000,     0.4798,     0.0000,     5.5000,     0.1941,    -0.0155,     0.0097,    -0.0014,    -0.0001,     0.0001
   13.7500,     1.0000,     0.4798,     0.0000,     5.7500,     0.1442,    -0.0115,     0.0072,    -0.0047,    -0.0003,     0.0002
   13.7500,     1.0000,     0.4798,     0.0000,     6.0000,     0.0937,    -0.0075,     0.0047,    -0.0083,    -0.0005,     0.0003
   13.7500,     1.0000,     0.4798,     0.0000,     6.2500,     0.0427,    -0.0034,     0.0021,    -0.0120,    -0.0007,     0.0005
   13.7500,     1.0000,     0.4798,     0.0000,     6.5000,    -0.0087,     0.0007,    -0.0004,    -0.0158,    -0.0009,     0.0006
   13.7500,     1.0000,     0.4798,     0.0000,     6.7500,    -0.0605,     0.0048,    -0.0030,    -0.0198,    -0.0012,     0.0008
   13.7500,     1.0000,     0.4798,     0.0000,     7.0000,    -0.1128,     0.0090,    -0.0056,    -0.0239,    -0.0014,     0.0010
   13.7500,     1.0000,     0.4798,     0.0000,     7.2500,    -0.1656,     0.0132,    -0.0083,    -0.0282,    -0.0017,     0.0011
   13.7500,     1.0000,     0.4798,     0.0000,     7.5000,    -0.2188,     0.0175,    -0.0109,    -0.0327,    -0.0020,     0.0013
   13.7500,     1.0000,     0.4798,     0.0000,     7.7500,    -0.2723,     0.0218,    -0.0136,    -0.0372,    -0.0022,     0.0015
   13.7500,     1.0000,     0.4798,     0.0000,     8.0000,    -0.3263,     0.0261,    -0.0163,    -0.0419,    -0.0025,     0.0017
   13.7500,     1.0000,     0.4798,     0.0000,     8.2500,    -0.3806,     0.0304,    -0.0190,    -0.0467,    -0.0028,     0.0019
   13.7500,     1.0000,     0.4798,     0.0000,     8.5000,    -0.4353,     0.0348,    -0.0218,    -0.0517,    -0.0031,     0.0021
   13.7500,     1.0000,     0.4798,     0.0000,     8.7500,    -0.4903,     0.0392,    -0.0245,    -0.0568,    -0.0034,     0.0023
   13.7500,     1.0000,     0.4798,     0.0000,     9.0000,    -0.5455,     0.0436,    -0.0273,    -0.0620,    -0.0037,     0.0025
   13.7500,     1.0000,     0.4798,     0.0000,     9.2500,    -0.6010,     0.0481,    -0.0301,    -0.0674,    -0.0040,     0.0027
   13.7500,     1.0000,     0.4798,     0.0000,     9.5000,    -0.6567,     0.0525,    -0.0328,    -0.0728,    -0.0044,     0.0029
   13.7500,     1.0000,     0.4798,     0.0000,     9.7500,    -0.7126,     0.0570,    -0.0356,    -0.0784,    -0.0047,     0.0031
   13.7500,     1.0000,     0.4798,     0.0000,    10.0000,    -0.7686,     0.0615,    -0.0384,    -0.0842,    -0.0051,     0.0034
   13.7500,     1.0000,     0.4798,     0.0000,    10.2500,    -0.8246,     0.0660,    -0.0412,    -0.0900,    -0.0054,     0.0036
   13.7500,     1.0000,     0.4798,     0.0000,    10.5000,    -0.8807,     0.0705,    -0.0440,    -0.0960,    -0.0058,     0.0038
   13.7500,     1.0000,     0.4798,     0.0000,    10.7500,    -0.9366,     0.0749,    -0.0468,    -0.1021,    -0.0061,     0.0041
   13.7500,     1.0000,     0.4798,     0.0000,    11.0000,    -0.9925,     0.0794,    -0.0496,    -0.1082,    -0.0065,     0.0043
   13.7500,     1.0000,     0.4798,     0.0000,    11.2500,    -1.0481,     0.0838,    -0.0524,    -0.1145,    -0.0069,     0.0046
   13.7500,     1.0000,     0.4798,     0.0000,    11.5000,    -1.1034,     0.0883,    -0.0552,    -0.1209,    -0.0073,     0.0048
   13.7500,     1.0000,     0.4798,     0.0000,    11.7500,    -1.1584,     0.0927,    -0.0579,    -0.1274,    -0.0076,     0.0051
   13.7500,     1.0000,     0.4798,     0.0000,    12.0000,    -1.2130,     0.0970,    -0.0607,    -0.1339,    -0.0080,     0.0054
   13.7500,     1.0000,     0.4798,     0.0000,    12.2500,    -1.2671,     0.1014,    -0.0634,    -0.1406,    -0.0084,     0.0056
   13.7500,     1.0000,     0.4798,     0.0000,    12.5000,    -1.3206,     0.1056,    -0.0660,    -0.1473,    -0.0088,     0.0059
   13.7500,     1.0000,     0.4798,     0.0000,    12.7500,    -1.3736,     0.1099,    -0.0687,    -0.1541,    -0.0092,     0.0062
   13.7500,     1.0000,     0.4798,     0.0000,    13.0000,    -1.4260,     0.1141,    -0.0713,    -0.1610,    -0.0097,     0.0064
   13.7500,     1.0000,     0.4798,     0.0000,    13.2500,    -1.4777,     0.1182,    -0.0739,    -0.1680,    -0.0101,     0.0067
   13.7500,     1.0000,     0.4798,     0.0000,    13.5000,    -1.5288,     0.1223,    -0.0764,    -0.1750,    -0.0105,     0.0070
   13.7500,     1.0000,     0.4798,     0.0000,    13.7500,    -1.5791,     0.1263,    -0.0790,    -0.1821,    -0.0109,     0.0073
   13.7500,     1.0000,     0.4798,     0.0000,    14.0000,    -1.6288,     0.1303,    -0.0814,    -0.1891,    -0.0113,     0.0076
   13.7500,     1.0000,     0.4798,     0.0000,    14.2500,    -1.6777,     0.1342,    -0.0839,    -0.1961,    -0.0118,     0.0078
   13.7500,     1.0000,     0.4798,     0.0000,    14.5000,    -1.7260,     0.1381,    -0.0863,    -0.2031,    -0.0122,     0.0081
   13.7500,     1.0000,     0.4798,     0.0000,    14.7500,    -1.7735,     0.1419,    -0.0887,    -0.2099,    -0.0126,     0.0084
   13.7500,     1.0000,     0.4798,     0.0000,    15.0000,    -1.8202,     0.1456,    -0.0910,    -0.2166,    -0.0130,     0.0087
   13.7500,     1.0000,     0.4798,     0.0000,    15.2500,    -1.8662,     0.1493,    -0.0933,    -0.2232,    -0.0134,     0.0089
   13.7500,     1.0000,     0.4798,     0.0000,    15.5000,    -1.9114,     0.1529,    -0.0956,    -0.2295,    -0.0138,     0.0092
   13.7500,     1.0000,     0.4798,     0.0000,    15.7500,    -1.9558,     0.1565,    -0.0978,    -0.2357,    -0.0141,     0.0094
   13.7500,     1.0000,     0.4798,     0.0000,    16.0000,    -1.9993,     0.1599,    -0.1000,    -0.2418,    -0.0145,     0.0097
   13.7500,     1.0000,     0.4798,     0.0000,    16.2500,    -2.0418,     0.1633,    -0.1021,    -0.2477,    -0.0149,     0.0099
   13.7500,     1.0000,     0.4798,     0.0000,    16.5000,    -2.0832,     0.1667,    -0.1042,    -0.2535,    -0.0152,     0.0101
   13.7500,     1.0000,     0.4798,     0.0000,    16.7500,    -2.1236,     0.1699,    -0.1062,    -0.2593,    -0.0156,     0.0104
   13.7500,     1.0000,     0.4798,     0.0000,    17.0000,    -2.1628,     0.1730,    -0.1081,    -0.2652,    -0.0159,     0.0106
   13.7500,     1.0000,     0.4798,     0.0000,    17.2500,    -2.2008,     0.1761,    -0.1100,    -0.2711,    -0.0163,     0.0108
   13.7500,     1.0000,     0.4798,     0.0000,    17.5000,    -2.2374,     0.1790,    -0.1119,    -0.2772,    -0.0166,     0.0111
   13.7500,     1.0000,     0.4798,     0.0000,    17.7500,    -2.2726,     0.1818,    -0.1136,    -0.2836,    -0.0170,     0.0113
   13.7500,     1.0000,     0.4798,     0.0000,    18.0000,    -2.3063,     0.1845,    -0.1153,    -0.2902,    -0.0174,     0.0116
   13.7500,     1.0000,     0.4798,     0.0000,    18.2500,    -2.3384,     0.1871,    -0.1169,    -0.2971,    -0.0178,     0.0119
   13.7500,     1.0000,     0.4798,     0.0000,    18.5000,    -2.3688,     0.1895,    -0.1184,    -0.3043,    -0.0183,     0.0122
   13.7500,     1.0000,     0.4798,     0.0000,    18.7500,    -2.3974,     0.1918,    -0.1199,    -0.3120,    -0.0187,     0.0125
   13.7500,     1.0000,     0.4798,     0.0000,    19.0000,    -2.4240,     0.1939,    -0.1212,    -0.3200,    -0.0192,     0.0128
   13.7500,     1.0000,     0.4798,     0.0000,    19.2500,    -2.4484,     0.1959,    -0.1224,    -0.3285,    -0.0197,     0.0131
   13.7500,     1.0000,     0.4798,     0.0000,    19.5000,    -2.4706,     0.1976,    -0.1235,    -0.3375,    -0.0203,     0.0135
   13.7500,     1.0000,     0.4798,     0.0000,    19.7500,    -2.4902,     0.1992,    -0.1245,    -0.3470,    -0.0208,     0.0139
   13.7500,     1.0000,     0.4798,     0.0000,    20.0000,    -2.5071,     0.2006,    -0.1254,    -0.3569,    -0.0214,     0.0143
   13.7500,     1.0000,     0.4798,     0.0000,    20.2500,    -2.5212,     0.2017,    -0.1261,    -0.3672,    -0.0220,     0.0147
   13.7500,     1.0000,     0.4798,     0.0000,    20.5000,    -2.5323,     0.2026,    -0.1266,    -0.3779,    -0.0227,     0.0151
   13.7500,     1.0000,     0.4798,     0.0000,    20.7500,    -2.5401,     0.2032,    -0.1270,    -0.3887,    -0.0233,     0.0155
   13.7500,     1.0000,     0.4798,     0.0000,    21.0000,    -2.5446,     0.2036,    -0.1272,    -0.3997,    -0.0240,     0.0160
   13.7500,     1.0000,     0.4798,     0.0000,    21.2500,    -2.5457,     0.2037,    -0.1273,    -0.4106,    -0.0246,     0.0164
   13.7500,     1.0000,     0.4798,     0.0000,    21.5000,    -2.5432,     0.2035,    -0.1272,    -0.4214,    -0.0253,     0.0169
   13.7500,     1.0000,     0.4798,     0.0000,    21.7500,    -2.5373,     0.2030,    -0.1269,    -0.4319,    -0.0259,     0.0173
   13.7500,     1.0000,     0.4798,     0.0000,    22.0000,    -2.5280,     0.2022,    -0.1264,    -0.4422,    -0.0265,     0.0177
   13.7500,     1.0000,     0.4798,     0.0000,    22.2500,    -2.5154,     0.2012,    -0.1258,    -0.4522,    -0.0271,     0.0181
   13.7500,     1.0000,     0.4798,     0.0000,    22.5000,    -2.4999,     0.2000,    -0.1250,    -0.4619,    -0.0277,     0.0185
   13.7500,     1.0000,     0.4798,     0.0000,    22.7500,    -2.4816,     0.1985,    -0.1241,    -0.4713,    -0.0283,     0.0189
   13.7500,     1.0000,     0.4798,     0.0000,    23.0000,    -2.4609,     0.1969,    -0.1230,    -0.4805,    -0.0288,     0.0192
   13.7500,     1.0000,     0.4798,     0.0000,    23.2500,    -2.4382,     0.1951,    -0.1219,    -0.4894,    -0.0294,     0.0196
   13.7500,     1.0000,     0.4798,     0.0000,    23.5000,    -2.4138,     0.1931,    -0.1207,    -0.4981,    -0.0299,     0.0199
   13.7500,     1.0000,     0.4798,     0.0000,    23.7500,    -2.3881,     0.1910,    -0.1194,    -0.5067,    -0.0304,     0.0203
   13.7500,     1.0000,     0.4798,     0.0000,    24.0000,    -2.3616,     0.1889,    -0.1181,    -0.5151,    -0.0309,     0.0206
   13.7500,     1.0000,     0.4798,     0.0000,    24.2500,    -2.3349,     0.1868,    -0.1167,    -0.5234,    -0.0314,     0.0209
   13.7500,     1.0000,     0.4798,     0.0000,    24.5000,    -2.3084,     0.1847,    -0.1154,    -0.5317,    -0.0319,     0.0213
   13.7500,     1.0000,     0.4798,     0.0000,    24.7500,    -2.2826,     0.1826,    -0.1141,    -0.5400,    -0.0324,     0.0216
   14.0000,     1.0000,     0.4712,     0.0000,    -1.0000,     1.2254,    -0.0980,     0.0613,     0.0163,     0.0010,    -0.0007
   14.0000,     1.0000,     0.4712,     0.0000,    -0.7500,     1.1896,    -0.0952,     0.0595,     0.0172,     0.0010,    -0.0007
   14.0000,     1.0000,     0.4712,     0.0000,    -0.5000,     1.1530,    -0.0922,     0.0577,     0.0181,     0.0011,    -0.0007
   14.0000,     1.0000,     0.4712,     0.0000,    -0.2500,     1.1161,    -0.0893,     0.0558,     0.0189,     0.0011,    -0.0008
   14.0000,     1.0000,     0.4712,     0.0000,     0.0000,     1.0789,    -0.0863,     0.0539,     0.0196,     0.0012,    -0.0008
   14.0000,     1.0000,     0.4712,     0.0000,     0.2500,     1.0418,    -0.0833,     0.0521,     0.0202,     0.0012,    -0.0008
   14.0000,     1.0000,     0.4712,     0.0000,     0.5000,     1.0049,    -0.0804,     0.0502,     0.0207,     0.0012,    -0.0008
   14.0000,     1.0000,     0.4712,     0.0000,     0.7500,     0.9683,    -0.0775,     0.0484,     0.0211,     0.0013,    -0.0008
   14.0000,     1.0000,     0.4712,     0.0000,     1.0000,     0.9318,    -0.0745,     0.0466,     0.0214,     0.0013,    -0.0009
   14.0000,     1.0000,     0.4712,     0.0000,     1.2500,     0.8955,    -0.0716,     0.0448,     0.0216,     0.0013,    -0.0009
   14.0000,     1.0000,     0.4712,     0.0000,     1.5000,     0.8595,    -0.0688,     0.0430,     0.0217,     0.0013,    -0.0009
   14.0000,     1.0000,     0.4712,     0.0000,     1.7500,     0.8235,    -0.0659,     0.0412,     0.0217,     0.0013,    -0.0009
   14.0000,     1.0000,     0.4712,     0.0000,     2.0000,     0.7872,    -0.0630,     0.0394,     0.0215,     0.0013,    -0.0009
   14.0000,     1.0000,     0.4712,     0.0000,     2.2500,     0.7504,    -0.0600,     0.0375,     0.0211,     0.0013,    -0.0008
   14.0000,     1.0000,     0.4712,     0.0000,     2.5000,     0.7130,    -0.0570,     0.0357,     0.0206,     0.0012,    -0.0008
   14.0000,     1.0000,     0.4712,     0.0000,     2.7500,     0.6749,    -0.0540,     0.0337,     0.0199,     0.0012,    -0.0008
   14.0000,     1.0000,     0.4712,     0.0000,     3.0000,     0.6359,    -0.0509,     0.0318,     0.0190,     0.0011,    -0.0008
   14.0000,     1.0000,     0.4712,     0.0000,     3.2500,     0.5958,    -0.0477,     0.0298,     0.0179,     0.0011,    -0.0007
   14.0000,     1.0000,     0.4712,     0.0000,     3.5000,     0.5545,    -0.0444,     0.0277,     0.0165,     0.0010,    -0.0007
   14.0000,     1.0000,     0.4712,     0.0000,     3.7500,     0.5119,    -0.0410,     0.0256,     0.0149,     0.0009,    -0.0006
   14.0000,     1.0000,     0.4712,     0.0000,     4.0000,     0.4677,    -0.0374,     0.0234,     0.0130,     0.0008,    -0.0005
   14.0000,     1.0000,     0.4712,     0.0000,     4.2500,     0.4219,    -0.0338,     0.0211,     0.0108,     0.0006,    -0.0004
   14.0000,     1.0000,     0.4712,     0.0000,     4.5000,     0.3748,    -0.0300,     0.0187,     0.0084,     0.0005,    -0.0003
   14.0000,     1.0000,     0.4712,     0.0000,     4.7500,     0.3266,    -0.0261,     0.0163,     0.0058,     0.0003,    -0.0002
   14.0000,     1.0000,     0.4712,     0.0000,     5.0000,     0.2773,    -0.0222,     0.0139,     0.0029,     0.0002,    -0.0001
   14.0000,     1.0000,     0.4712,     0.0000,     5.2500,     0.2271,    -0.0182,     0.0114,    -0.0002,    -0.0000,     0.0000
   14.0000,     1.0000,     0.4712,     0.0000,     5.5000,     0.1762,    -0.0141,     0.0088,    -0.0034,    -0.0002,     0.0001
   14.0000,     1.0000,     0.4712,     0.0000,     5.7500,     0.1245,    -0.0100,     0.0062,    -0.0069,    -0.0004,     0.0003
   14.0000,     1.0000,     0.4712,     0.0000,     6.0000,     0.0724,    -0.0058,     0.0036,    -0.0105,    -0.0006,     0.0004
   14.0000,     1.0000,     0.4712,     0.0000,     6.2500,     0.0197,    -0.0016,     0.0010,    -0.0143,    -0.0009,     0.0006
   14.0000,     1.0000,     0.4712,     0.0000,     6.5000,    -0.0334,     0.0027,    -0.0017,    -0.0182,    -0.0011,     0.0007
   14.0000,     1.0000,     0.4712,     0.0000,     6.7500,    -0.0869,     0.0070,    -0.0043,    -0.0224,    -0.0013,     0.0009
   14.0000,     1.0000,     0.4712,     0.0000,     7.0000,    -0.1410,     0.0113,    -0.0070,    -0.0266,    -0.0016,     0.0011
   14.0000,     1.0000,     0.4712,     0.0000,     7.2500,    -0.1956,     0.0156,    -0.0098,    -0.0310,    -0.0019,     0.0012
   14.0000,     1.0000,     0.4712,     0.0000,     7.5000,    -0.2506,     0.0200,    -0.0125,    -0.0356,    -0.0021,     0.0014
   14.0000,     1.0000,     0.4712,     0.0000,     7.7500,    -0.3060,     0.0245,    -0.0153,    -0.0403,    -0.0024,     0.0016
   14.0000,     1.0000,     0.4712,     0.0000,     8.0000,    -0.3618,     0.0289,    -0.0181,    -0.0451,    -0.0027,     0.0018
   14.0000,     1.0000,     0.4712,     0.0000,     8.2500,    -0.4180,     0.0334,    -0.0209,    -0.0501,    -0.0030,     0.0020
   14.0000,     1.0000,     0.4712,     0.0000,     8.5000,    -0.4746,     0.0380,    -0.0237,    -0.0552,    -0.0033,     0.0022
   14.0000,     1.0000,     0.4712,     0.0000,     8.7500,    -0.5314,     0.0425,    -0.0266,    -0.0605,    -0.0036,     0.0024
   14.0000,     1.0000,     0.4712,     0.0000,     9.0000,    -0.5886,     0.0471,    -0.0294,    -0.0658,    -0.0039,     0.0026
   14.0000,     1.0000,     0.4712,     0.0000,     9.2500,    -0.6460,     0.0517,    -0.0323,    -0.0714,    -0.0043,     0.0029
   14.0000,     1.0000,     0.4712,     0.0000,     9.5000,    -0.7036,     0.0563,    -0.0352,    -0.0770,    -0.0046,     0.0031
   14.0000,     1.0000,     0.4712,     0.0000,     9.7500,    -0.7614,     0.0609,    -0.0381,    -0.0828,    -0.0050,     0.0033
   14.0000,     1.0000,     0.4712,     0.0000,    10.0000,    -0.8193,     0.0655,    -0.0410,    -0.0887,    -0.0053,     0.0035
   14.0000,     1.0000,     0.4712,     0.0000,    10.2500,    -0.8772,     0.0702,    -0.0439,    -0.0947,    -0.0057,     0.0038
   14.0000,     1.0000,     0.4712,     0.0000,    10.5000,    -0.9350,     0.0748,    -0.0468,    -0.1009,    -0.0061,     0.0040
   14.0000,     1.0000,     0.4712,     0.0000,    10.7500,    -0.9928,     0.0794,    -0.0496,    -0.1071,    -0.0064,     0.0043
   14.0000,     1.0000,     0.4712,     0.0000,    11.0000,    -1.0504,     0.0840,    -0.0525,    -0.1135,    -0.0068,     0.0045
   14.0000,     1.0000,     0.4712,     0.0000,    11.2500,    -1.1078,     0.0886,    -0.0554,    -0.1200,    -0.0072,     0.0048
   14.0000,     1.0000,     0.4712,     0.0000,    11.5000,    -1.1648,     0.0932,    -0.0582,    -0.1265,    -0.0076,     0.0051
   14.0000,     1.0000,     0.4712,     0.0000,    11.7500,    -1.2215,     0.0977,    -0.0611,    -0.1332,    -0.0080,     0.0053
   14.0000,     1.0000,     0.4712,     0.0000,    12.0000,    -1.2777,     0.1022,    -0.0639,    -0.1400,    -0.0084,     0.0056
   14.0000,     1.0000,     0.4712,     0.0000,    12.2500,    -1.3335,     0.1067,    -0.0667,    -0.1468,    -0.0088,     0.0059
   14.0000,     1.0000,     0.4712,     0.0000,    12.5000,    -1.3886,     0.1111,    -0.0694,    -0.1538,    -0.0092,     0.0062
   14.0000,     1.0000,     0.4712,     0.0000,    12.7500,    -1.4432,     0.1155,    -0.0722,    -0.1608,    -0.0096,     0.0064
   14.0000,     1.0000,     0.4712,     0.0000,    13.0000,    -1.4971,     0.1198,    -0.0749,    -0.1679,    -0.0101,     0.0067
   14.0000,     1.0000,     0.4712,     0.0000,    13.2500,    -1.5503,     0.1240,    -0.0775,    -0.1751,    -0.0105,     0.0070
   14.0000,     1.0000,     0.4712,     0.0000,    13.5000,    -1.6029,     0.1282,    -0.0801,    -0.1823,    -0.0109,     0.0073
   14.0000,     1.0000,     0.4712,     0.0000,    13.7500,    -1.6547,     0.1324,    -0.0827,    -0.1896,    -0.0114,     0.0076
   14.0000,     1.0000,     0.4712,     0.0000,    14.0000,    -1.7058,     0.1365,    -0.0853,    -0.1968,    -0.0118,     0.0079
   14.0000,     1.0000,     0.4712,     0.0000,    14.2500,    -1.7562,     0.1405,    -0.0878,    -0.2040,    -0.0122,     0.0082
   14.0000,     1.0000,     0.4712,     0.0000,    14.5000,    -1.8058,     0.1445,    -0.0903,    -0.2111,    -0.0127,     0.0084
   14.0000,     1.0000,     0.4712,     0.0000,    14.7500,    -1.8547,     0.1484,    -0.0927,    -0.2181,    -0.0131,     0.0087
   14.0000,     1.0000,     0.4712,     0.0000,    15.0000,    -1.9029,     0.1522,    -0.0951,    -0.2250,    -0.0135,     0.0090
   14.0000,     1.0000,     0.4712,     0.0000,    15.2500,    -1.9502,     0.1560,    -0.0975,    -0.2316,    -0.0139,     0.0093
   14.0000,     1.0000,     0.4712,     0.0000,    15.5000,    -1.9967,     0.1597,    -0.0998,    -0.2381,    -0.0143,     0.0095
   14.0000,     1.0000,     0.4712,     0.0000,    15.7500,    -2.0423,     0.1634,    -0.1021,    -0.2444,    -0.0147,     0.0098
   14.0000,     1.0000,     0.4712,     0.0000,    16.0000,    -2.0870,     0.1670,    -0.1044,    -0.2506,    -0.0150,     0.0100
   14.0000,     1.0000,     0.4712,     0.0000,    16.2500,    -2.1306,     0.1704,    -0.1065,    -0.2566,    -0.0154,     0.0103
   14.0000,     1.0000,     0.4712,     0.0000,    16.5000,    -2.1732,     0.1739,    -0.1087,    -0.2626,    -0.0158,     0.0105
   14.0000,     1.0000,     0.4712,     0.0000,    16.7500,    -2.2146,     0.1772,    -0.1107,    -0.2686,    -0.0161,     0.0107
   14.0000,     1.0000,     0.4712,     0.0000,    17.0000,    -2.2547,     0.1804,    -0.1127,    -0.2747,    -0.0165,     0.0110
   14.0000,     1.0000,     0.4712,     0.0000,    17.2500,    -2.2936,     0.1835,    -0.1147,    -0.2808,    -0.0168,     0.0112
   14.0000,     1.0000,     0.4712,     0.0000,    17.5000,    -2.3310,     0.1865,    -0.1166,    -0.2872,    -0.0172,     0.0115
   14.0000,     1.0000,     0.4712,     0.0000,    17.7500,    -2.3669,     0.1894,    -0.1183,    -0.2938,    -0.0176,     0.0118
   14.0000,     1.0000,     0.4712,     0.0000,    18.0000,    -2.4013,     0.1921,    -0.1201,    -0.3007,    -0.0180,     0.0120
   14.0000,     1.0000,     0.4712,     0.0000,    18.2500,    -2.4340,     0.1947,    -0.1217,    -0.3079,    -0.0185,     0.0123
   14.0000,     1.0000,     0.4712,     0.0000,    18.5000,    -2.4648,     0.1972,    -0.1232,    -0.3155,    -0.0189,     0.0126
   14.0000,     1.0000,     0.4712,     0.0000,    18.7500,    -2.4938,     0.1995,    -0.1247,    -0.3235,    -0.0194,     0.0129
   14.0000,     1.0000,     0.4712,     0.0000,    19.0000,    -2.5206,     0.2016,    -0.1260,    -0.3320,    -0.0199,     0.0133
   14.0000,     1.0000,     0.4712,     0.0000,    19.2500,    -2.5452,     0.2036,    -0.1273,    -0.3409,    -0.0205,     0.0136
   14.0000,     1.0000,     0.4712,     0.0000,    19.5000,    -2.5673,     0.2054,    -0.1284,    -0.3503,    -0.0210,     0.0140
   14.0000,     1.0000,     0.4712,     0.0000,    19.7500,    -2.5868,     0.2069,    -0.1293,    -0.3602,    -0.0216,     0.0144
   14.0000,     1.0000,     0.4712,     0.0000,    20.0000,    -2.6035,     0.2083,    -0.1302,    -0.3706,    -0.0222,     0.0148
   14.0000,     1.0000,     0.4712,     0.0000,    20.2500,    -2.6171,     0.2094,    -0.1309,    -0.3813,    -0.0229,     0.0153
   14.0000,     1.0000,     0.4712,     0.0000,    20.5000,    -2.6276,     0.2102,    -0.1314,    -0.3924,    -0.0235,     0.0157
   14.0000,     1.0000,     0.4712,     0.0000,    20.7500,    -2.6347,     0.2108,    -0.1317,    -0.4037,    -0.0242,     0.0161
   14.0000,     1.0000,     0.4712,     0.0000,    21.0000,    -2.6383,     0.2111,    -0.1319,    -0.4151,    -0.0249,     0.0166
   14.0000,     1.0000,     0.4712,     0.0000,    21.2500,    -2.6382,     0.2111,    -0.1319,    -0.4263,    -0.0256,     0.0171
   14.0000,     1.0000,     0.4712,     0.0000,    21.5000,    -2.6346,     0.2108,    -0.1317,    -0.4374,    -0.0262,     0.0175
   14.0000,     1.0000,     0.4712,     0.0000,    21.7500,    -2.6274,     0.2102,    -0.1314,    -0.4483,    -0.0269,     0.0179
   14.0000,     1.0000,     0.4712,     0.0000,    22.0000,    -2.6167,     0.2093,    -0.1308,    -0.4589,    -0.0275,     0.0184
   14.0000,     1.0000,     0.4712,     0.0000,    22.2500,    -2.6027,     0.2082,    -0.1301,    -0.4692,    -0.0282,     0.0188
   14.0000,     1.0000,     0.4712,     0.0000,    22.5000,    -2.5857,     0.2069,    -0.1293,    -0.4791,    -0.0287,     0.0192
   14.0000,     1.0000,     0.4712,     0.0000,    22.7500,    -2.5659,     0.2053,    -0.1283,    -0.4888,    -0.0293,     0.0196
   14.0000,     1.0000,     0.4712,     0.0000,    23.0000,    -2.5438,     0.2035,    -0.1272,    -0.4982,    -0.0299,     0.0199
   14.0000,     1.0000,     0.4712,     0.0000,    23.2500,    -2.5196,     0.2016,    -0.1260,    -0.5074,    -0.0304,     0.0203
   14.0000,     1.0000,     0.4712,     0.0000,    23.5000,    -2.4937,     0.1995,    -0.1247,    -0.5164,    -0.0310,     0.0207
   14.0000,     1.0000,     0.4712,     0.0000,    23.7500,    -2.4668,     0.1973,    -0.1233,    -0.5252,    -0.0315,     0.0210
   14.0000,     1.0000,     0.4712,     0.0000,    24.0000,    -2.4392,     0.1951,    -0.1220,    -0.5339,    -0.0320,     0.0214
   14.0000,     1.0000,     0.4712,     0.0000,    24.2500,    -2.4115,     0.1929,    -0.1206,    -0.5426,    -0.0326,     0.0217
   14.0000,     1.0000,     0.4712,     0.0000,    24.5000,    -2.3842,     0.1907,    -0.1192,    -0.5512,    -0.0331,     0.0220
   14.0000,     1.0000,     0.4712,     0.0000,    24.7500,    -2.3578,     0.1886,    -0.1179,    -0.5598,    -0.0336,     0.0224
   14.2500,     1.0000,     0.4630,     0.0000,    -1.0000,     1.2382,    -0.0991,     0.0619,     0.0149,     0.0009,    -0.0006
   14.2500,     1.0000,     0.4630,     0.0000,    -0.7500,     1.2017,    -0.0961,     0.0601,     0.0159,     0.0010,    -0.0006
   14.2500,     1.0000,     0.4630,     0.0000,    -0.5000,     1.1644,    -0.0932,     0.0582,     0.0168,     0.0010,    -0.0007
   14.2500,     1.0000,     0.4630,     0.0000,    -0.2500,     1.1264,    -0.0901,     0.0563,     0.0176,     0.0011,    -0.0007
   14.2500,     1.0000,     0.4630,     0.0000,     0.0000,     1.0882,    -0.0871,     0.0544,     0.0183,     0.0011,    -0.0007
   14.2500,     1.0000,     0.4630,     0.0000,     0.2500,     1.0499,    -0.0840,     0.0525,     0.0189,     0.0011,    -0.0008
   14.2500,     1.0000,     0.4630,     0.0000,     0.5000,     1.0118,    -0.0809,     0.0506,     0.0194,     0.0012,    -0.0008
   14.2500,     1.0000,     0.4630,     0.0000,     0.7500,     0.9740,    -0.0779,     0.0487,     0.0198,     0.0012,    -0.0008
   14.2500,     1.0000,     0.4630,     0.0000,     1.0000,     0.9363,    -0.0749,     0.0468,     0.0201,     0.0012,    -0.0008
   14.2500,     1.0000,     0.4630,     0.0000,     1.2500,     0.8988,    -0.0719,     0.0449,     0.0203,     0.0012,    -0.0008
   14.2500,     1.0000,     0.4630,     0.0000,     1.5000,     0.8617,    -0.0689,     0.0431,     0.0204,     0.0012,    -0.0008
   14.2500,     1.0000,     0.4630,     0.0000,     1.7500,     0.8245,    -0.0660,     0.0412,     0.0203,     0.0012,    -0.0008
   14.2500,     1.0000,     0.4630,     0.0000,     2.0000,     0.7870,    -0.0630,     0.0394,     0.0201,     0.0012,    -0.0008
   14.2500,     1.0000,     0.4630,     0.0000,     2.2500,     0.7492,    -0.0599,     0.0375,     0.0198,     0.0012,    -0.0008
   14.2500,     1.0000,     0.4630,     0.0000,     2.5000,     0.7107,    -0.0569,     0.0355,     0.0192,     0.0012,    -0.0008
   14.2500,     1.0000,     0.4630,     0.0000,     2.7500,     0.6714,    -0.0537,     0.0336,     0.0185,     0.0011,    -0.0007
   14.2500,     1.0000,     0.4630,     0.0000,     3.0000,     0.6313,    -0.0505,     0.0316,     0.0175,     0.0011,    -0.0007
   14.2500,     1.0000,     0.4630,     0.0000,     3.2500,     0.5901,    -0.0472,     0.0295,     0.0164,     0.0010,    -0.0007
   14.2500,     1.0000,     0.4630,     0.0000,     3.5000,     0.5476,    -0.0438,     0.0274,     0.0150,     0.0009,    -0.0006
   14.2500,     1.0000,     0.4630,     0.0000,     3.7500,     0.5038,    -0.0403,     0.0252,     0.0133,     0.0008,    -0.0005
   14.2500,     1.0000,     0.4630,     0.0000,     4.0000,     0.4583,    -0.0367,     0.0229,     0.0114,     0.0007,    -0.0005
   14.2500,     1.0000,     0.4630,     0.0000,     4.2500,     0.4112,    -0.0329,     0.0206,     0.0092,     0.0006,    -0.0004
   14.2500,     1.0000,     0.4630,     0.0000,     4.5000,     0.3627,    -0.0290,     0.0181,     0.0067,     0.0004,    -0.0003
   14.2500,     1.0000,     0.4630,     0.0000,     4.7500,     0.3129,    -0.0250,     0.0156,     0.0040,     0.0002,    -0.0002
   14.2500,     1.0000,     0.4630,     0.0000,     5.0000,     0.2620,    -0.0210,     0.0131,     0.0010,     0.0001,    -0.0000
   14.2500,     1.0000,     0.4630,     0.0000,     5.2500,     0.2102,    -0.0168,     0.0105,    -0.0021,    -0.0001,     0.0001
   14.2500,     1.0000,     0.4630,     0.0000,     5.5000,     0.1576,    -0.0126,     0.0079,    -0.0055,    -0.0003,     0.0002
   14.2500,     1.0000,     0.4630,     0.0000,     5.7500,     0.1044,    -0.0084,     0.0052,    -0.0090,    -0.0005,     0.0004
   14.2500,     1.0000,     0.4630,     0.0000,     6.0000,     0.0505,    -0.0040,     0.0025,    -0.0127,    -0.0008,     0.0005
   14.2500,     1.0000,     0.4630,     0.0000,     6.2500,    -0.0039,     0.0003,    -0.0002,    -0.0166,    -0.0010,     0.0007
   14.2500,     1.0000,     0.4630,     0.0000,     6.5000,    -0.0587,     0.0047,    -0.0029,    -0.0207,    -0.0012,     0.0008
   14.2500,     1.0000,     0.4630,     0.0000,     6.7500,    -0.1141,     0.0091,    -0.0057,    -0.0249,    -0.0015,     0.0010
   14.2500,     1.0000,     0.4630,     0.0000,     7.0000,    -0.1700,     0.0136,    -0.0085,    -0.0293,    -0.0018,     0.0012
   14.2500,     1.0000,     0.4630,     0.0000,     7.2500,    -0.2264,     0.0181,    -0.0113,    -0.0339,    -0.0020,     0.0014
   14.2500,     1.0000,     0.4630,     0.0000,     7.5000,    -0.2832,     0.0227,    -0.0142,    -0.0386,    -0.0023,     0.0015
   14.2500,     1.0000,     0.4630,     0.0000,     7.7500,    -0.3405,     0.0272,    -0.0170,    -0.0434,    -0.0026,     0.0017
   14.2500,     1.0000,     0.4630,     0.0000,     8.0000,    -0.3982,     0.0319,    -0.0199,    -0.0484,    -0.0029,     0.0019
   14.2500,     1.0000,     0.4630,     0.0000,     8.2500,    -0.4563,     0.0365,    -0.0228,    -0.0535,    -0.0032,     0.0021
   14.2500,     1.0000,     0.4630,     0.0000,     8.5000,    -0.5148,     0.0412,    -0.0257,    -0.0588,    -0.0035,     0.0024
   14.2500,     1.0000,     0.4630,     0.0000,     8.7500,    -0.5736,     0.0459,    -0.0287,    -0.0642,    -0.0039,     0.0026
   14.2500,     1.0000,     0.4630,     0.0000,     9.0000,    -0.6327,     0.0506,    -0.0316,    -0.0697,    -0.0042,     0.0028
   14.2500,     1.0000,     0.4630,     0.0000,     9.2500,    -0.6920,     0.0554,    -0.0346,    -0.0754,    -0.0045,     0.0030
   14.2500,     1.0000,     0.4630,     0.0000,     9.5000,    -0.7515,     0.0601,    -0.0376,    -0.0812,    -0.0049,     0.0032
   14.2500,     1.0000,     0.4630,     0.0000,     9.7500,    -0.8112,     0.0649,    -0.0406,    -0.0872,    -0.0052,     0.0035
   14.2500,     1.0000,     0.4630,     0.0000,    10.0000,    -0.8710,     0.0697,    -0.0436,    -0.0933,    -0.0056,     0.0037
   14.2500,     1.0000,     0.4630,     0.0000,    10.2500,    -0.9308,     0.0745,    -0.0465,    -0.0995,    -0.0060,     0.0040
   14.2500,     1.0000,     0.4630,     0.0000,    10.5000,    -0.9905,     0.0792,    -0.0495,    -0.1058,    -0.0063,     0.0042
   14.2500,     1.0000,     0.4630,     0.0000,    10.7500,    -1.0501,     0.0840,    -0.0525,    -0.1123,    -0.0067,     0.0045
   14.2500,     1.0000,     0.4630,     0.0000,    11.0000,    -1.1095,     0.0888,    -0.0555,    -0.1188,    -0.0071,     0.0048
   14.2500,     1.0000,     0.4630,     0.0000,    11.2500,    -1.1687,     0.0935,    -0.0584,    -0.1255,    -0.0075,     0.0050
   14.2500,     1.0000,     0.4630,     0.0000,    11.5000,    -1.2275,     0.0982,    -0.0614,    -0.1323,    -0.0079,     0.0053
   14.2500,     1.0000,     0.4630,     0.0000,    11.7500,    -1.2859,     0.1029,    -0.0643,    -0.1391,    -0.0083,     0.0056
   14.2500,     1.0000,     0.4630,     0.0000,    12.0000,    -1.3438,     0.1075,    -0.0672,    -0.1461,    -0.0088,     0.0058
   14.2500,     1.0000,     0.4630,     0.0000,    12.2500,    -1.4011,     0.1121,    -0.0701,    -0.1532,    -0.0092,     0.0061
   14.2500,     1.0000,     0.4630,     0.0000,    12.5000,    -1.4579,     0.1166,    -0.0729,    -0.1603,    -0.0096,     0.0064
   14.2500,     1.0000,     0.4630,     0.0000,    12.7500,    -1.5141,     0.1211,    -0.0757,    -0.1676,    -0.0101,     0.0067
   14.2500,     1.0000,     0.4630,     0.0000,    13.0000,    -1.5695,     0.1256,    -0.0785,    -0.1749,    -0.0105,     0.0070
   14.2500,     1.0000,     0.4630,     0.0000,    13.2500,    -1.6243,     0.1299,    -0.0812,    -0.1823,    -0.0109,     0.0073
   14.2500,     1.0000,     0.4630,     0.0000,    13.5000,    -1.6783,     0.1343,    -0.0839,    -0.1897,    -0.0114,     0.0076
   14.2500,     1.0000,     0.4630,     0.0000,    13.7500,    -1.7317,     0.1385,    -0.0866,    -0.1972,    -0.0118,     0.0079
   14.2500,     1.0000,     0.4630,     0.0000,    14.0000,    -1.7842,     0.1427,    -0.0892,    -0.2046,    -0.0123,     0.0082
   14.2500,     1.0000,     0.4630,     0.0000,    14.2500,    -1.8361,     0.1469,    -0.0918,    -0.2120,    -0.0127,     0.0085
   14.2500,     1.0000,     0.4630,     0.0000,    14.5000,    -1.8872,     0.1510,    -0.0944,    -0.2193,    -0.0132,     0.0088
   14.2500,     1.0000,     0.4630,     0.0000,    14.7500,    -1.9375,     0.1550,    -0.0969,    -0.2264,    -0.0136,     0.0091
   14.2500,     1.0000,     0.4630,     0.0000,    15.0000,    -1.9870,     0.1590,    -0.0994,    -0.2334,    -0.0140,     0.0093
   14.2500,     1.0000,     0.4630,     0.0000,    15.2500,    -2.0357,     0.1629,    -0.1018,    -0.2402,    -0.0144,     0.0096
   14.2500,     1.0000,     0.4630,     0.0000,    15.5000,    -2.0836,     0.1667,    -0.1042,    -0.2468,    -0.0148,     0.0099
   14.2500,     1.0000,     0.4630,     0.0000,    15.7500,    -2.1304,     0.1704,    -0.1065,    -0.2532,    -0.0152,     0.0101
   14.2500,     1.0000,     0.4630,     0.0000,    16.0000,    -2.1763,     0.1741,    -0.1088,    -0.2595,    -0.0156,     0.0104
   14.2500,     1.0000,     0.4630,     0.0000,    16.2500,    -2.2211,     0.1777,    -0.1111,    -0.2657,    -0.0159,     0.0106
   14.2500,     1.0000,     0.4630,     0.0000,    16.5000,    -2.2648,     0.1812,    -0.1132,    -0.2718,    -0.0163,     0.0109
   14.2500,     1.0000,     0.4630,     0.0000,    16.7500,    -2.3072,     0.1846,    -0.1154,    -0.2780,    -0.0167,     0.0111
   14.2500,     1.0000,     0.4630,     0.0000,    17.0000,    -2.3483,     0.1879,    -0.1174,    -0.2843,    -0.0171,     0.0114
   14.2500,     1.0000,     0.4630,     0.0000,    17.2500,    -2.3880,     0.1910,    -0.1194,    -0.2907,    -0.0174,     0.0116
   14.2500,     1.0000,     0.4630,     0.0000,    17.5000,    -2.4262,     0.1941,    -0.1213,    -0.2973,    -0.0178,     0.0119
   14.2500,     1.0000,     0.4630,     0.0000,    17.7500,    -2.4629,     0.1970,    -0.1231,    -0.3042,    -0.0183,     0.0122
   14.2500,     1.0000,     0.4630,     0.0000,    18.0000,    -2.4979,     0.1998,    -0.1249,    -0.3114,    -0.0187,     0.0125
   14.2500,     1.0000,     0.4630,     0.0000,    18.2500,    -2.5311,     0.2025,    -0.1266,    -0.3190,    -0.0191,     0.0128
   14.2500,     1.0000,     0.4630,     0.0000,    18.5000,    -2.5625,     0.2050,    -0.1281,    -0.3269,    -0.0196,     0.0131
   14.2500,     1.0000,     0.4630,     0.0000,    18.7500,    -2.5918,     0.2073,    -0.1296,    -0.3353,    -0.0201,     0.0134
   14.2500,     1.0000,     0.4630,     0.0000,    19.0000,    -2.6189,     0.2095,    -0.1309,    -0.3441,    -0.0206,     0.0138
   14.2500,     1.0000,     0.4630,     0.0000,    19.2500,    -2.6436,     0.2115,    -0.1322,    -0.3535,    -0.0212,     0.0141
   14.2500,     1.0000,     0.4630,     0.0000,    19.5000,    -2.6657,     0.2133,    -0.1333,    -0.3633,    -0.0218,     0.0145
   14.2500,     1.0000,     0.4630,     0.0000,    19.7500,    -2.6850,     0.2148,    -0.1343,    -0.3737,    -0.0224,     0.0149
   14.2500,     1.0000,     0.4630,     0.0000,    20.0000,    -2.7013,     0.2161,    -0.1351,    -0.3845,    -0.0231,     0.0154
   14.2500,     1.0000,     0.4630,     0.0000,    20.2500,    -2.7145,     0.2172,    -0.1357,    -0.3958,    -0.0237,     0.0158
   14.2500,     1.0000,     0.4630,     0.0000,    20.5000,    -2.7243,     0.2179,    -0.1362,    -0.4073,    -0.0244,     0.0163
   14.2500,     1.0000,     0.4630,     0.0000,    20.7500,    -2.7306,     0.2184,    -0.1365,    -0.4190,    -0.0251,     0.0168
   14.2500,     1.0000,     0.4630,     0.0000,    21.0000,    -2.7332,     0.2187,    -0.1367,    -0.4307,    -0.0258,     0.0172
   14.2500,     1.0000,     0.4630,     0.0000,    21.2500,    -2.7321,     0.2186,    -0.1366,    -0.4423,    -0.0265,     0.0177
   14.2500,     1.0000,     0.4630,     0.0000,    21.5000,    -2.7272,     0.2182,    -0.1364,    -0.4538,    -0.0272,     0.0182
   14.2500,     1.0000,     0.4630,     0.0000,    21.7500,    -2.7187,     0.2175,    -0.1359,    -0.4649,    -0.0279,     0.0186
   14.2500,     1.0000,     0.4630,     0.0000,    22.0000,    -2.7066,     0.2165,    -0.1353,    -0.4758,    -0.0285,     0.0190
   14.2500,     1.0000,     0.4630,     0.0000,    22.2500,    -2.6912,     0.2153,    -0.1346,    -0.4864,    -0.0292,     0.0195
   14.2500,     1.0000,     0.4630,     0.0000,    22.5000,    -2.6727,     0.2138,    -0.1336,    -0.4966,    -0.0298,     0.0199
   14.2500,     1.0000,     0.4630,     0.0000,    22.7500,    -2.6514,     0.2121,    -0.1326,    -0.5066,    -0.0304,     0.0203
   14.2500,     1.0000,     0.4630,     0.0000,    23.0000,    -2.6277,     0.2102,    -0.1314,    -0.5163,    -0.0310,     0.0207
   14.2500,     1.0000,     0.4630,     0.0000,    23.2500,    -2.6021,     0.2082,    -0.1301,    -0.5258,    -0.0315,     0.0210
   14.2500,     1.0000,     0.4630,     0.0000,    23.5000,    -2.5749,     0.2060,    -0.1287,    -0.5350,    -0.0321,     0.0214
   14.2500,     1.0000,     0.4630,     0.0000,    23.7500,    -2.5467,     0.2037,    -0.1273,    -0.5441,    -0.0326,     0.0218
   14.2500,     1.0000,     0.4630,     0.0000,    24.0000,    -2.5180,     0.2014,    -0.1259,    -0.5531,    -0.0332,     0.0221
   14.2500,     1.0000,     0.4630,     0.0000,    24.2500,    -2.4893,     0.1991,    -0.1245,    -0.5621,    -0.0337,     0.0225
   14.2500,     1.0000,     0.4630,     0.0000,    24.5000,    -2.4613,     0.1969,    -0.1231,    -0.5710,    -0.0343,     0.0228
   14.2500,     1.0000,     0.4630,     0.0000,    24.7500,    -2.4343,     0.1947,    -0.1217,    -0.5800,    -0.0348,     0.0232
   14.5000,     1.0000,     0.4550,     0.0000,    -1.0000,     1.2506,    -0.1000,     0.0625,     0.0136,     0.0008,    -0.0005
   14.5000,     1.0000,     0.4550,     0.0000,    -0.7500,     1.2136,    -0.0971,     0.0607,     0.0146,     0.0009,    -0.0006
   14.5000,     1.0000,     0.4550,     0.0000,    -0.5000,     1.1755,    -0.0940,     0.0588,     0.0154,     0.0009,    -0.0006
   14.5000,     1.0000,     0.4550,     0.0000,    -0.2500,     1.1366,    -0.0909,     0.0568,     0.0162,     0.0010,    -0.0006
   14.5000,     1.0000,     0.4550,     0.0000,     0.0000,     1.0973,    -0.0878,     0.0549,     0.0169,     0.0010,    -0.0007
   14.5000,     1.0000,     0.4550,     0.0000,     0.2500,     1.0579,    -0.0846,     0.0529,     0.0176,     0.0011,    -0.0007
   14.5000,     1.0000,     0.4550,     0.0000,     0.5000,     1.0186,    -0.0815,     0.0509,     0.0181,     0.0011,    -0.0007
   14.5000,     1.0000,     0.4550,     0.0000,     0.7500,     0.9795,    -0.0784,     0.0490,     0.0185,     0.0011,    -0.0007
   14.5000,     1.0000,     0.4550,     0.0000,     1.0000,     0.9406,    -0.0752,     0.0470,     0.0188,     0.0011,    -0.0008
   14.5000,     1.0000,     0.4550,     0.0000,     1.2500,     0.9019,    -0.0722,     0.0451,     0.0190,     0.0011,    -0.0008
   14.5000,     1.0000,     0.4550,     0.0000,     1.5000,     0.8636,    -0.0691,     0.0432,     0.0190,     0.0011,    -0.0008
   14.5000,     1.0000,     0.4550,     0.0000,     1.7500,     0.8253,    -0.0660,     0.0413,     0.0190,     0.0011,    -0.0008
   14.5000,     1.0000,     0.4550,     0.0000,     2.0000,     0.7867,    -0.0629,     0.0393,     0.0188,     0.0011,    -0.0008
   14.5000,     1.0000,     0.4550,     0.0000,     2.2500,     0.7477,    -0.0598,     0.0374,     0.0184,     0.0011,    -0.0007
   14.5000,     1.0000,     0.4550,     0.0000,     2.5000,     0.7081,    -0.0566,     0.0354,     0.0178,     0.0011,    -0.0007
   14.5000,     1.0000,     0.4550,     0.0000,     2.7500,     0.6677,    -0.0534,     0.0334,     0.0170,     0.0010,    -0.0007
   14.5000,     1.0000,     0.4550,     0.0000,     3.0000,     0.6264,    -0.0501,     0.0313,     0.0161,     0.0010,    -0.0006
   14.5000,     1.0000,     0.4550,     0.0000,     3.2500,     0.5840,    -0.0467,     0.0292,     0.0149,     0.0009,    -0.0006
   14.5000,     1.0000,     0.4550,     0.0000,     3.5000,     0.5404,    -0.0432,     0.0270,     0.0134,     0.0008,    -0.0005
   14.5000,     1.0000,     0.4550,     0.0000,     3.7500,     0.4953,    -0.0396,     0.0248,     0.0117,     0.0007,    -0.0005
   14.5000,     1.0000,     0.4550,     0.0000,     4.0000,     0.4485,    -0.0359,     0.0224,     0.0098,     0.0006,    -0.0004
   14.5000,     1.0000,     0.4550,     0.0000,     4.2500,     0.4001,    -0.0320,     0.0200,     0.0075,     0.0004,    -0.0003
   14.5000,     1.0000,     0.4550,     0.0000,     4.5000,     0.3500,    -0.0280,     0.0175,     0.0050,     0.0003,    -0.0002
   14.5000,     1.0000,     0.4550,     0.0000,     4.7500,     0.2987,    -0.0239,     0.0149,     0.0022,     0.0001,    -0.0001
   14.5000,     1.0000,     0.4550,     0.0000,     5.0000,     0.2463,    -0.0197,     0.0123,    -0.0008,    -0.0000,     0.0000
   14.5000,     1.0000,     0.4550,     0.0000,     5.2500,     0.1929,    -0.0154,     0.0096,    -0.0041,    -0.0002,     0.0002
   14.5000,     1.0000,     0.4550,     0.0000,     5.5000,     0.1386,    -0.0111,     0.0069,    -0.0075,    -0.0004,     0.0003
   14.5000,     1.0000,     0.4550,     0.0000,     5.7500,     0.0836,    -0.0067,     0.0042,    -0.0112,    -0.0007,     0.0004
   14.5000,     1.0000,     0.4550,     0.0000,     6.0000,     0.0281,    -0.0022,     0.0014,    -0.0150,    -0.0009,     0.0006
   14.5000,     1.0000,     0.4550,     0.0000,     6.2500,    -0.0281,     0.0022,    -0.0014,    -0.0190,    -0.0011,     0.0008
   14.5000,     1.0000,     0.4550,     0.0000,     6.5000,    -0.0847,     0.0068,    -0.0042,    -0.0232,    -0.0014,     0.0009
   14.5000,     1.0000,     0.4550,     0.0000,     6.7500,    -0.1419,     0.0114,    -0.0071,    -0.0276,    -0.0017,     0.0011
   14.5000,     1.0000,     0.4550,     0.0000,     7.0000,    -0.1996,     0.0160,    -0.0100,    -0.0321,    -0.0019,     0.0013
   14.5000,     1.0000,     0.4550,     0.0000,     7.2500,    -0.2578,     0.0206,    -0.0129,    -0.0367,    -0.0022,     0.0015
   14.5000,     1.0000,     0.4550,     0.0000,     7.5000,    -0.3166,     0.0253,    -0.0158,    -0.0416,    -0.0025,     0.0017
   14.5000,     1.0000,     0.4550,     0.0000,     7.7500,    -0.3758,     0.0301,    -0.0188,    -0.0465,    -0.0028,     0.0019
   14.5000,     1.0000,     0.4550,     0.0000,     8.0000,    -0.4354,     0.0348,    -0.0218,    -0.0517,    -0.0031,     0.0021
   14.5000,     1.0000,     0.4550,     0.0000,     8.2500,    -0.4955,     0.0396,    -0.0248,    -0.0570,    -0.0034,     0.0023
   14.5000,     1.0000,     0.4550,     0.0000,     8.5000,    -0.5559,     0.0445,    -0.0278,    -0.0624,    -0.0037,     0.0025
   14.5000,     1.0000,     0.4550,     0.0000,     8.7500,    -0.6166,     0.0493,    -0.0308,    -0.0679,    -0.0041,     0.0027
   14.5000,     1.0000,     0.4550,     0.0000,     9.0000,    -0.6777,     0.0542,    -0.0339,    -0.0737,    -0.0044,     0.0029
   14.5000,     1.0000,     0.4550,     0.0000,     9.2500,    -0.7390,     0.0591,    -0.0370,    -0.0795,    -0.0048,     0.0032
   14.5000,     1.0000,     0.4550,     0.0000,     9.5000,    -0.8005,     0.0640,    -0.0400,    -0.0855,    -0.0051,     0.0034
   14.5000,     1.0000,     0.4550,     0.0000,     9.7500,    -0.8621,     0.0690,    -0.0431,    -0.0917,    -0.0055,     0.0037
   14.5000,     1.0000,     0.4550,     0.0000,    10.0000,    -0.9238,     0.0739,    -0.0462,    -0.0979,    -0.0059,     0.0039
   14.5000,     1.0000,     0.4550,     0.0000,    10.2500,    -0.9855,     0.0788,    -0.0493,    -0.1043,    -0.0063,     0.0042
   14.5000,     1.0000,     0.4550,     0.0000,    10.5000,    -1.0471,     0.0838,    -0.0524,    -0.1109,    -0.0067,     0.0044
   14.5000,     1.0000,     0.4550,     0.0000,    10.7500,    -1.1085,     0.0887,    -0.0554,    -0.1175,    -0.0070,     0.0047
   14.5000,     1.0000,     0.4550,     0.0000,    11.0000,    -1.1698,     0.0936,    -0.0585,    -0.1242,    -0.0075,     0.0050
   14.5000,     1.0000,     0.4550,     0.0000,    11.2500,    -1.2307,     0.0985,    -0.0615,    -0.1311,    -0.0079,     0.0052
   14.5000,     1.0000,     0.4550,     0.0000,    11.5000,    -1.2913,     0.1033,    -0.0646,    -0.1381,    -0.0083,     0.0055
   14.5000,     1.0000,     0.4550,     0.0000,    11.7500,    -1.3514,     0.1081,    -0.0676,    -0.1451,    -0.0087,     0.0058
   14.5000,     1.0000,     0.4550,     0.0000,    12.0000,    -1.4110,     0.1129,    -0.0706,    -0.1523,    -0.0091,     0.0061
   14.5000,     1.0000,     0.4550,     0.0000,    12.2500,    -1.4701,     0.1176,    -0.0735,    -0.1596,    -0.0096,     0.0064
   14.5000,     1.0000,     0.4550,     0.0000,    12.5000,    -1.5285,     0.1223,    -0.0764,    -0.1670,    -0.0100,     0.0067
   14.5000,     1.0000,     0.4550,     0.0000,    12.7500,    -1.5862,     0.1269,    -0.0793,    -0.1744,    -0.0105,     0.0070
   14.5000,     1.0000,     0.4550,     0.0000,    13.0000,    -1.6433,     0.1315,    -0.0822,    -0.1820,    -0.0109,     0.0073
   14.5000,     1.0000,     0.4550,     0.0000,    13.2500,    -1.6996,     0.1360,    -0.0850,    -0.1896,    -0.0114,     0.0076
   14.5000,     1.0000,     0.4550,     0.0000,    13.5000,    -1.7552,     0.1404,    -0.0878,    -0.1973,    -0.0118,     0.0079
   14.5000,     1.0000,     0.4550,     0.0000,    13.7500,    -1.8101,     0.1448,    -0.0905,    -0.2049,    -0.0123,     0.0082
   14.5000,     1.0000,     0.4550,     0.0000,    14.0000,    -1.8642,     0.1491,    -0.0932,    -0.2126,    -0.0128,     0.0085
   14.5000,     1.0000,     0.4550,     0.0000,    14.2500,    -1.9175,     0.1534,    -0.0959,    -0.2201,    -0.0132,     0.0088
   14.5000,     1.0000,     0.4550,     0.0000,    14.5000,    -1.9701,     0.1576,    -0.0985,    -0.2275,    -0.0137,     0.0091
   14.5000,     1.0000,     0.4550,     0.0000,    14.7500,    -2.0218,     0.1617,    -0.1011,    -0.2348,    -0.0141,     0.0094
   14.5000,     1.0000,     0.4550,     0.0000,    15.0000,    -2.0728,     0.1658,    -0.1036,    -0.2419,    -0.0145,     0.0097
   14.5000,     1.0000,     0.4550,     0.0000,    15.2500,    -2.1229,     0.1698,    -0.1061,    -0.2488,    -0.0149,     0.0100
   14.5000,     1.0000,     0.4550,     0.0000,    15.5000,    -2.1720,     0.1738,    -0.1086,    -0.2555,    -0.0153,     0.0102
   14.5000,     1.0000,     0.4550,     0.0000,    15.7500,    -2.2202,     0.1776,    -0.1110,    -0.2621,    -0.0157,     0.0105
   14.5000,     1.0000,     0.4550,     0.0000,    16.0000,    -2.2673,     0.1814,    -0.1134,    -0.2685,    -0.0161,     0.0107
   14.5000,     1.0000,     0.4550,     0.0000,    16.2500,    -2.3132,     0.1851,    -0.1157,    -0.2749,    -0.0165,     0.0110
   14.5000,     1.0000,     0.4550,     0.0000,    16.5000,    -2.3580,     0.1886,    -0.1179,    -0.2812,    -0.0169,     0.0112
   14.5000,     1.0000,     0.4550,     0.0000,    16.7500,    -2.4014,     0.1921,    -0.1201,    -0.2876,    -0.0173,     0.0115
   14.5000,     1.0000,     0.4550,     0.0000,    17.0000,    -2.4435,     0.1955,    -0.1222,    -0.2941,    -0.0176,     0.0118
   14.5000,     1.0000,     0.4550,     0.0000,    17.2500,    -2.4841,     0.1987,    -0.1242,    -0.3008,    -0.0180,     0.0120
   14.5000,     1.0000,     0.4550,     0.0000,    17.5000,    -2.5231,     0.2018,    -0.1262,    -0.3077,    -0.0185,     0.0123
   14.5000,     1.0000,     0.4550,     0.0000,    17.7500,    -2.5605,     0.2048,    -0.1280,    -0.3149,    -0.0189,     0.0126
   14.5000,     1.0000,     0.4550,     0.0000,    18.0000,    -2.5962,     0.2077,    -0.1298,    -0.3224,    -0.0193,     0.0129
   14.5000,     1.0000,     0.4550,     0.0000,    18.2500,    -2.6300,     0.2104,    -0.1315,    -0.3303,    -0.0198,     0.0132
   14.5000,     1.0000,     0.4550,     0.0000,    18.5000,    -2.6618,     0.2129,    -0.1331,    -0.3386,    -0.0203,     0.0135
   14.5000,     1.0000,     0.4550,     0.0000,    18.7500,    -2.6914,     0.2153,    -0.1346,    -0.3473,    -0.0208,     0.0139
   14.5000,     1.0000,     0.4550,     0.0000,    19.0000,    -2.7187,     0.2175,    -0.1359,    -0.3565,    -0.0214,     0.0143
   14.5000,     1.0000,     0.4550,     0.0000,    19.2500,    -2.7435,     0.2195,    -0.1372,    -0.3663,    -0.0220,     0.0147
   14.5000,     1.0000,     0.4550,     0.0000,    19.5000,    -2.7655,     0.2212,    -0.1383,    -0.3766,    -0.0226,     0.0151
   14.5000,     1.0000,     0.4550,     0.0000,    19.7500,    -2.7847,     0.2228,    -0.1392,    -0.3874,    -0.0232,     0.0155
   14.5000,     1.0000,     0.4550,     0.0000,    20.0000,    -2.8007,     0.2241,    -0.1400,    -0.3987,    -0.0239,     0.0159
   14.5000,     1.0000,     0.4550,     0.0000,    20.2500,    -2.8133,     0.2251,    -0.1407,    -0.4104,    -0.0246,     0.0164
   14.5000,     1.0000,     0.4550,     0.0000,    20.5000,    -2.8225,     0.2258,    -0.1411,    -0.4224,    -0.0253,     0.0169
   14.5000,     1.0000,     0.4550,     0.0000,    20.7500,    -2.8279,     0.2262,    -0.1414,    -0.4345,    -0.0261,     0.0174
   14.5000,     1.0000,     0.4550,     0.0000,    21.0000,    -2.8295,     0.2264,    -0.1415,    -0.4466,    -0.0268,     0.0179
   14.5000,     1.0000,     0.4550,     0.0000,    21.2500,    -2.8273,     0.2262,    -0.1414,    -0.4586,    -0.0275,     0.0183
   14.5000,     1.0000,     0.4550,     0.0000,    21.5000,    -2.8212,     0.2257,    -0.1411,    -0.4704,    -0.0282,     0.0188
   14.5000,     1.0000,     0.4550,     0.0000,    21.7500,    -2.8112,     0.2249,    -0.1406,    -0.4819,    -0.0289,     0.0193
   14.5000,     1.0000,     0.4550,     0.0000,    22.0000,    -2.7977,     0.2238,    -0.1399,    -0.4930,    -0.0296,     0.0197
   14.5000,     1.0000,     0.4550,     0.0000,    22.2500,    -2.7808,     0.2225,    -0.1390,    -0.5039,    -0.0302,     0.0202
   14.5000,     1.0000,     0.4550,     0.0000,    22.5000,    -2.7608,     0.2209,    -0.1380,    -0.5144,    -0.0309,     0.0206
   14.5000,     1.0000,     0.4550,     0.0000,    22.7500,    -2.7380,     0.2190,    -0.1369,    -0.5247,    -0.0315,     0.0210
   14.5000,     1.0000,     0.4550,     0.0000,    23.0000,    -2.7128,     0.2170,    -0.1356,    -0.5347,    -0.0321,     0.0214
   14.5000,     1.0000,     0.4550,     0.0000,    23.2500,    -2.6857,     0.2149,    -0.1343,    -0.5444,    -0.0327,     0.0218
   14.5000,     1.0000,     0.4550,     0.0000,    23.5000,    -2.6572,     0.2126,    -0.1329,    -0.5539,    -0.0332,     0.0222
   14.5000,     1.0000,     0.4550,     0.0000,    23.7500,    -2.6278,     0.2102,    -0.1314,    -0.5634,    -0.0338,     0.0225
   14.5000,     1.0000,     0.4550,     0.0000,    24.0000,    -2.5980,     0.2078,    -0.1299,    -0.5727,    -0.0344,     0.0229
   14.5000,     1.0000,     0.4550,     0.0000,    24.2500,    -2.5685,     0.2055,    -0.1284,    -0.5820,    -0.0349,     0.0233
   14.5000,     1.0000,     0.4550,     0.0000,    24.5000,    -2.5397,     0.2032,    -0.1270,    -0.5913,    -0.0355,     0.0237
   14.5000,     1.0000,     0.4550,     0.0000,    24.7500,    -2.5122,     0.2010,    -0.1256,    -0.6006,    -0.0360,     0.0240
   14.7500,     1.0000,     0.4473,     0.0000,    -1.0000,     1.2627,    -0.1010,     0.0631,     0.0124,     0.0007,    -0.0005
   14.7500,     1.0000,     0.4473,     0.0000,    -0.7500,     1.2250,    -0.0980,     0.0613,     0.0133,     0.0008,    -0.0005
   14.7500,     1.0000,     0.4473,     0.0000,    -0.5000,     1.1862,    -0.0949,     0.0593,     0.0141,     0.0008,    -0.0006
   14.7500,     1.0000,     0.4473,     0.0000,    -0.2500,     1.1465,    -0.0917,     0.0573,     0.0149,     0.0009,    -0.0006
   14.7500,     1.0000,     0.4473,     0.0000,     0.0000,     1.1062,    -0.0885,     0.0553,     0.0156,     0.0009,    -0.0006
   14.7500,     1.0000,     0.4473,     0.0000,     0.2500,     1.0657,    -0.0853,     0.0533,     0.0162,     0.0010,    -0.0006
   14.7500,     1.0000,     0.4473,     0.0000,     0.5000,     1.0252,    -0.0820,     0.0513,     0.0168,     0.0010,    -0.0007
   14.7500,     1.0000,     0.4473,     0.0000,     0.7500,     0.9850,    -0.0788,     0.0493,     0.0172,     0.0010,    -0.0007
   14.7500,     1.0000,     0.4473,     0.0000,     1.0000,     0.9448,    -0.0756,     0.0472,     0.0175,     0.0011,    -0.0007
   14.7500,     1.0000,     0.4473,     0.0000,     1.2500,     0.9049,    -0.0724,     0.0452,     0.0176,     0.0011,    -0.0007
   14.7500,     1.0000,     0.4473,     0.0000,     1.5000,     0.8654,    -0.0692,     0.0433,     0.0177,     0.0011,    -0.0007
   14.7500,     1.0000,     0.4473,     0.0000,     1.7500,     0.8259,    -0.0661,     0.0413,     0.0176,     0.0011,    -0.0007
   14.7500,     1.0000,     0.4473,     0.0000,     2.0000,     0.7862,    -0.0629,     0.0393,     0.0174,     0.0010,    -0.0007
   14.7500,     1.0000,     0.4473,     0.0000,     2.2500,     0.7460,    -0.0597,     0.0373,     0.0170,     0.0010,    -0.0007
   14.7500,     1.0000,     0.4473,     0.0000,     2.5000,     0.7052,    -0.0564,     0.0353,     0.0164,     0.0010,    -0.0007
   14.7500,     1.0000,     0.4473,     0.0000,     2.7500,     0.6637,    -0.0531,     0.0332,     0.0156,     0.0009,    -0.0006
   14.7500,     1.0000,     0.4473,     0.0000,     3.0000,     0.6212,    -0.0497,     0.0311,     0.0146,     0.0009,    -0.0006
   14.7500,     1.0000,     0.4473,     0.0000,     3.2500,     0.5776,    -0.0462,     0.0289,     0.0134,     0.0008,    -0.0005
   14.7500,     1.0000,     0.4473,     0.0000,     3.5000,     0.5327,    -0.0426,     0.0266,     0.0119,     0.0007,    -0.0005
   14.7500,     1.0000,     0.4473,     0.0000,     3.7500,     0.4864,    -0.0389,     0.0243,     0.0102,     0.0006,    -0.0004
   14.7500,     1.0000,     0.4473,     0.0000,     4.0000,     0.4384,    -0.0351,     0.0219,     0.0082,     0.0005,    -0.0003
   14.7500,     1.0000,     0.4473,     0.0000,     4.2500,     0.3885,    -0.0311,     0.0194,     0.0058,     0.0003,    -0.0002
   14.7500,     1.0000,     0.4473,     0.0000,     4.5000,     0.3370,    -0.0270,     0.0169,     0.0032,     0.0002,    -0.0001
   14.7500,     1.0000,     0.4473,     0.0000,     4.7500,     0.2841,    -0.0227,     0.0142,     0.0004,     0.0000,    -0.0000
   14.7500,     1.0000,     0.4473,     0.0000,     5.0000,     0.2301,    -0.0184,     0.0115,    -0.0027,    -0.0002,     0.0001
   14.7500,     1.0000,     0.4473,     0.0000,     5.2500,     0.1750,    -0.0140,     0.0087,    -0.0060,    -0.0004,     0.0002
   14.7500,     1.0000,     0.4473,     0.0000,     5.5000,     0.1190,    -0.0095,     0.0060,    -0.0096,    -0.0006,     0.0004
   14.7500,     1.0000,     0.4473,     0.0000,     5.7500,     0.0624,    -0.0050,     0.0031,    -0.0133,    -0.0008,     0.0005
   14.7500,     1.0000,     0.4473,     0.0000,     6.0000,     0.0050,    -0.0004,     0.0003,    -0.0173,    -0.0010,     0.0007
   14.7500,     1.0000,     0.4473,     0.0000,     6.2500,    -0.0529,     0.0042,    -0.0026,    -0.0214,    -0.0013,     0.0009
   14.7500,     1.0000,     0.4473,     0.0000,     6.5000,    -0.1113,     0.0089,    -0.0056,    -0.0257,    -0.0015,     0.0010
   14.7500,     1.0000,     0.4473,     0.0000,     6.7500,    -0.1703,     0.0136,    -0.0085,    -0.0302,    -0.0018,     0.0012
   14.7500,     1.0000,     0.4473,     0.0000,     7.0000,    -0.2299,     0.0184,    -0.0115,    -0.0348,    -0.0021,     0.0014
   14.7500,     1.0000,     0.4473,     0.0000,     7.2500,    -0.2901,     0.0232,    -0.0145,    -0.0396,    -0.0024,     0.0016
   14.7500,     1.0000,     0.4473,     0.0000,     7.5000,    -0.3507,     0.0281,    -0.0175,    -0.0446,    -0.0027,     0.0018
   14.7500,     1.0000,     0.4473,     0.0000,     7.7500,    -0.4119,     0.0330,    -0.0206,    -0.0497,    -0.0030,     0.0020
   14.7500,     1.0000,     0.4473,     0.0000,     8.0000,    -0.4735,     0.0379,    -0.0237,    -0.0550,    -0.0033,     0.0022
   14.7500,     1.0000,     0.4473,     0.0000,     8.2500,    -0.5355,     0.0428,    -0.0268,    -0.0604,    -0.0036,     0.0024
   14.7500,     1.0000,     0.4473,     0.0000,     8.5000,    -0.5979,     0.0478,    -0.0299,    -0.0660,    -0.0040,     0.0026
   14.7500,     1.0000,     0.4473,     0.0000,     8.7500,    -0.6606,     0.0528,    -0.0330,    -0.0718,    -0.0043,     0.0029
   14.7500,     1.0000,     0.4473,     0.0000,     9.0000,    -0.7236,     0.0579,    -0.0362,    -0.0776,    -0.0047,     0.0031
   14.7500,     1.0000,     0.4473,     0.0000,     9.2500,    -0.7869,     0.0630,    -0.0393,    -0.0837,    -0.0050,     0.0033
   14.7500,     1.0000,     0.4473,     0.0000,     9.5000,    -0.8504,     0.0680,    -0.0425,    -0.0899,    -0.0054,     0.0036
   14.7500,     1.0000,     0.4473,     0.0000,     9.7500,    -0.9140,     0.0731,    -0.0457,    -0.0962,    -0.0058,     0.0038
   14.7500,     1.0000,     0.4473,     0.0000,    10.0000,    -0.9776,     0.0782,    -0.0489,    -0.1026,    -0.0062,     0.0041
   14.7500,     1.0000,     0.4473,     0.0000,    10.2500,    -1.0413,     0.0833,    -0.0521,    -0.1092,    -0.0066,     0.0044
   14.7500,     1.0000,     0.4473,     0.0000,    10.5000,    -1.1048,     0.0884,    -0.0552,    -0.1159,    -0.0070,     0.0046
   14.7500,     1.0000,     0.4473,     0.0000,    10.7500,    -1.1681,     0.0934,    -0.0584,    -0.1228,    -0.0074,     0.0049
   14.7500,     1.0000,     0.4473,     0.0000,    11.0000,    -1.2312,     0.0985,    -0.0616,    -0.1297,    -0.0078,     0.0052
   14.7500,     1.0000,     0.4473,     0.0000,    11.2500,    -1.2940,     0.1035,    -0.0647,    -0.1368,    -0.0082,     0.0055
   14.7500,     1.0000,     0.4473,     0.0000,    11.5000,    -1.3563,     0.1085,    -0.0678,    -0.1440,    -0.0086,     0.0058
   14.7500,     1.0000,     0.4473,     0.0000,    11.7500,    -1.4182,     0.1135,    -0.0709,    -0.1512,    -0.0091,     0.0060
   14.7500,     1.0000,     0.4473,     0.0000,    12.0000,    -1.4795,     0.1184,    -0.0740,    -0.1586,    -0.0095,     0.0063
   14.7500,     1.0000,     0.4473,     0.0000,    12.2500,    -1.5403,     0.1232,    -0.0770,    -0.1661,    -0.0100,     0.0066
   14.7500,     1.0000,     0.4473,     0.0000,    12.5000,    -1.6003,     0.1280,    -0.0800,    -0.1737,    -0.0104,     0.0069
   14.7500,     1.0000,     0.4473,     0.0000,    12.7500,    -1.6597,     0.1328,    -0.0830,    -0.1814,    -0.0109,     0.0073
   14.7500,     1.0000,     0.4473,     0.0000,    13.0000,    -1.7184,     0.1375,    -0.0859,    -0.1892,    -0.0114,     0.0076
   14.7500,     1.0000,     0.4473,     0.0000,    13.2500,    -1.7763,     0.1421,    -0.0888,    -0.1970,    -0.0118,     0.0079
   14.7500,     1.0000,     0.4473,     0.0000,    13.5000,    -1.8335,     0.1467,    -0.0917,    -0.2049,    -0.0123,     0.0082
   14.7500,     1.0000,     0.4473,     0.0000,    13.7500,    -1.8899,     0.1512,    -0.0945,    -0.2128,    -0.0128,     0.0085
   14.7500,     1.0000,     0.4473,     0.0000,    14.0000,    -1.9455,     0.1556,    -0.0973,    -0.2206,    -0.0132,     0.0088
   14.7500,     1.0000,     0.4473,     0.0000,    14.2500,    -2.0004,     0.1600,    -0.1000,    -0.2283,    -0.0137,     0.0091
   14.7500,     1.0000,     0.4473,     0.0000,    14.5000,    -2.0545,     0.1644,    -0.1027,    -0.2358,    -0.0141,     0.0094
   14.7500,     1.0000,     0.4473,     0.0000,    14.7500,    -2.1077,     0.1686,    -0.1054,    -0.2433,    -0.0146,     0.0097
   14.7500,     1.0000,     0.4473,     0.0000,    15.0000,    -2.1601,     0.1728,    -0.1080,    -0.2505,    -0.0150,     0.0100
   14.7500,     1.0000,     0.4473,     0.0000,    15.2500,    -2.2116,     0.1769,    -0.1106,    -0.2575,    -0.0155,     0.0103
   14.7500,     1.0000,     0.4473,     0.0000,    15.5000,    -2.2621,     0.1810,    -0.1131,    -0.2644,    -0.0159,     0.0106
   14.7500,     1.0000,     0.4473,     0.0000,    15.7500,    -2.3115,     0.1849,    -0.1156,    -0.2711,    -0.0163,     0.0108
   14.7500,     1.0000,     0.4473,     0.0000,    16.0000,    -2.3599,     0.1888,    -0.1180,    -0.2777,    -0.0167,     0.0111
   14.7500,     1.0000,     0.4473,     0.0000,    16.2500,    -2.4070,     0.1926,    -0.1204,    -0.2842,    -0.0171,     0.0114
   14.7500,     1.0000,     0.4473,     0.0000,    16.5000,    -2.4528,     0.1962,    -0.1226,    -0.2907,    -0.0174,     0.0116
   14.7500,     1.0000,     0.4473,     0.0000,    16.7500,    -2.4973,     0.1998,    -0.1249,    -0.2973,    -0.0178,     0.0119
   14.7500,     1.0000,     0.4473,     0.0000,    17.0000,    -2.5403,     0.2032,    -0.1270,    -0.3040,    -0.0182,     0.0122
   14.7500,     1.0000,     0.4473,     0.0000,    17.2500,    -2.5818,     0.2065,    -0.1291,    -0.3110,    -0.0187,     0.0124
   14.7500,     1.0000,     0.4473,     0.0000,    17.5000,    -2.6216,     0.2097,    -0.1311,    -0.3182,    -0.0191,     0.0127
   14.7500,     1.0000,     0.4473,     0.0000,    17.7500,    -2.6598,     0.2128,    -0.1330,    -0.3257,    -0.0195,     0.0130
   14.7500,     1.0000,     0.4473,     0.0000,    18.0000,    -2.6961,     0.2157,    -0.1348,    -0.3335,    -0.0200,     0.0133
   14.7500,     1.0000,     0.4473,     0.0000,    18.2500,    -2.7304,     0.2184,    -0.1365,    -0.3417,    -0.0205,     0.0137
   14.7500,     1.0000,     0.4473,     0.0000,    18.5000,    -2.7627,     0.2210,    -0.1381,    -0.3504,    -0.0210,     0.0140
   14.7500,     1.0000,     0.4473,     0.0000,    18.7500,    -2.7926,     0.2234,    -0.1396,    -0.3595,    -0.0216,     0.0144
   14.7500,     1.0000,     0.4473,     0.0000,    19.0000,    -2.8201,     0.2256,    -0.1410,    -0.3692,    -0.0222,     0.0148
   14.7500,     1.0000,     0.4473,     0.0000,    19.2500,    -2.8450,     0.2276,    -0.1423,    -0.3794,    -0.0228,     0.0152
   14.7500,     1.0000,     0.4473,     0.0000,    19.5000,    -2.8670,     0.2294,    -0.1434,    -0.3901,    -0.0234,     0.0156
   14.7500,     1.0000,     0.4473,     0.0000,    19.7500,    -2.8859,     0.2309,    -0.1443,    -0.4014,    -0.0241,     0.0161
   14.7500,     1.0000,     0.4473,     0.0000,    20.0000,    -2.9015,     0.2321,    -0.1451,    -0.4132,    -0.0248,     0.0165
   14.7500,     1.0000,     0.4473,     0.0000,    20.2500,    -2.9136,     0.2331,    -0.1457,    -0.4254,    -0.0255,     0.0170
   14.7500,     1.0000,     0.4473,     0.0000,    20.5000,    -2.9220,     0.2338,    -0.1461,    -0.4378,    -0.0263,     0.0175
   14.7500,     1.0000,     0.4473,     0.0000,    20.7500,    -2.9266,     0.2341,    -0.1463,    -0.4503,    -0.0270,     0.0180
   14.7500,     1.0000,     0.4473,     0.0000,    21.0000,    -2.9272,     0.2342,    -0.1464,    -0.4628,    -0.0278,     0.0185
   14.7500,     1.0000,     0.4473,     0.0000,    21.2500,    -2.9238,     0.2339,    -0.1462,    -0.4752,    -0.0285,     0.0190
   14.7500,     1.0000,     0.4473,     0.0000,    21.5000,    -2.9164,     0.2333,    -0.1458,    -0.4873,    -0.0292,     0.0195
   14.7500,     1.0000,     0.4473,     0.0000,    21.7500,    -2.9051,     0.2324,    -0.1453,    -0.4991,    -0.0299,     0.0200
   14.7500,     1.0000,     0.4473,     0.0000,    22.0000,    -2.8901,     0.2312,    -0.1445,    -0.5106,    -0.0306,     0.0204
   14.7500,     1.0000,     0.4473,     0.0000,    22.2500,    -2.8717,     0.2297,    -0.1436,    -0.5217,    -0.0313,     0.0209
   14.7500,     1.0000,     0.4473,     0.0000,    22.5000,    -2.8501,     0.2280,    -0.1425,    -0.5325,    -0.0319,     0.0213
   14.7500,     1.0000,     0.4473,     0.0000,    22.7500,    -2.8258,     0.2261,    -0.1413,    -0.5431,    -0.0326,     0.0217
   14.7500,     1.0000,     0.4473,     0.0000,    23.0000,    -2.7991,     0.2239,    -0.1400,    -0.5533,    -0.0332,     0.0221
   14.7500,     1.0000,     0.4473,     0.0000,    23.2500,    -2.7706,     0.2216,    -0.1385,    -0.5634,    -0.0338,     0.0225
   14.7500,     1.0000,     0.4473,     0.0000,    23.5000,    -2.7407,     0.2193,    -0.1370,    -0.5732,    -0.0344,     0.0229
   14.7500,     1.0000,     0.4473,     0.0000,    23.7500,    -2.7101,     0.2168,    -0.1355,    -0.5829,    -0.0350,     0.0233
   14.7500,     1.0000,     0.4473,     0.0000,    24.0000,    -2.6793,     0.2143,    -0.1340,    -0.5926,    -0.0356,     0.0237
   14.7500,     1.0000,     0.4473,     0.0000,    24.2500,    -2.6489,     0.2119,    -0.1324,    -0.6022,    -0.0361,     0.0241
   14.7500,     1.0000,     0.4473,     0.0000,    24.5000,    -2.6195,     0.2096,    -0.1310,    -0.6118,    -0.0367,     0.0245
   14.7500,     1.0000,     0.4473,     0.0000,    24.7500,    -2.5916,     0.2073,    -0.1296,    -0.6216,    -0.0373,     0.0249
